split,policy,pool_idx,n_samples,reward_mean,reward_max,reward_p50,reward_p90,reward_p95,positive_rate,high_reward_rate,near_miss_rate,collision_rate,init_invalid_rate,goal_offlane_rate,controlled_parking_rate,small_vehicle_rate,ego_adv_min_dist_mean,ego_adv_min_dist_min,r_approach_mean,r_ttc_mean,constraint_mean,adv_length_mean,adv_width_mean
train,conditioning_real_adv,4,1,1.0,1.0,1.0,1.0,1.0,1.0,1.0,1.0,1.0,0.0,0.0,0.0,0.0,6.839805603027344,6.839805603027344,0.3965400159358978,0.9333333373069763,0.0,5.283744812011719,2.3618199825286865
train,conditioning_real_adv,15,1,-1.0,-1.0,-1.0,-1.0,-1.0,0.0,0.0,0.0,0.0,0.0,1.0,1.0,1.0,29.00752067565918,29.00752067565918,1.0086059774039313e-05,0.0,1.5,1.305576205253601,0.9761096835136414
train,conditioning_real_adv,16,1,6.556510925292969e-07,6.556510925292969e-07,6.556510925292969e-07,6.556510925292969e-07,6.556510925292969e-07,1.0,0.0,0.0,0.0,0.0,0.0,0.0,0.0,27.58165740966797,27.58165740966797,6.299323445091431e-07,0.0,0.0,4.488212585449219,2.0976107120513916
train,conditioning_real_adv,74,1,-1.0,-1.0,-1.0,-1.0,-1.0,0.0,0.0,0.0,0.0,0.0,1.0,1.0,0.0,30.106290817260742,30.106290817260742,2.6939093800137925e-07,0.0,1.5,4.574871063232422,2.0520670413970947
train,conditioning_real_adv,99,1,5.364418029785156e-07,5.364418029785156e-07,5.364418029785156e-07,5.364418029785156e-07,5.364418029785156e-07,1.0,0.0,0.0,0.0,0.0,0.0,0.0,0.0,31.052532196044922,31.052532196044922,5.164817480363126e-07,0.0,0.0,5.281981468200684,2.3576788902282715
train,conditioning_real_adv,120,1,7.748603820800781e-07,7.748603820800781e-07,7.748603820800781e-07,7.748603820800781e-07,7.748603820800781e-07,1.0,0.0,0.0,0.0,0.0,0.0,0.0,0.0,28.51642417907715,28.51642417907715,7.760608013995807e-07,0.0,0.0,4.835012435913086,2.230640172958374
train,conditioning_real_adv,154,1,-1.0,-1.0,-1.0,-1.0,-1.0,0.0,0.0,0.0,0.0,0.0,1.0,1.0,1.0,36.34645462036133,36.34645462036133,1.3979928326079971e-08,0.0,1.5,0.815333366394043,0.8292739391326904
train,conditioning_real_adv,211,1,-0.5,-0.5,-0.5,-0.5,-0.5,0.0,0.0,0.0,0.0,0.0,0.0,1.0,0.0,32.04859924316406,32.04859924316406,0.0,0.0,0.5,5.688191890716553,2.4182615280151367
train,conditioning_real_adv,222,1,0.0,0.0,0.0,0.0,0.0,0.0,0.0,0.0,0.0,0.0,0.0,0.0,0.0,32.931732177734375,32.931732177734375,2.7649785239169944e-10,0.0,0.0,5.278801918029785,2.359084367752075
train,conditioning_real_adv,245,1,0.008535921573638916,0.008535921573638916,0.008535921573638916,0.008535921573638916,0.008535921573638916,1.0,0.0,0.0,0.0,0.0,0.0,0.0,0.0,11.345030784606934,11.345030784606934,0.008535925298929214,0.0,0.0,4.274850845336914,2.0182652473449707
train,conditioning_real_adv,253,1,0.00017410516738891602,0.00017410516738891602,0.00017410516738891602,0.00017410516738891602,0.00017410516738891602,1.0,0.0,0.0,0.0,0.0,0.0,0.0,0.0,21.241891860961914,21.241891860961914,0.00017410291184205562,0.0,0.0,6.279002666473389,2.620292901992798
train,conditioning_real_adv,420,1,7.748603820800781e-07,7.748603820800781e-07,7.748603820800781e-07,7.748603820800781e-07,7.748603820800781e-07,1.0,0.0,0.0,0.0,0.0,0.0,0.0,1.0,27.35482406616211,27.35482406616211,7.910275598987937e-07,0.0,0.0,1.8559503555297852,0.8177344799041748
train,conditioning_real_adv,422,1,-0.1139535903930664,-0.1139535903930664,-0.1139535903930664,-0.1139535903930664,-0.1139535903930664,0.0,0.0,1.0,0.0,0.0,1.0,0.0,0.0,6.561810493469238,6.561810493469238,0.43023189902305603,0.800000011920929,1.0,4.43723201751709,2.004808187484741
train,conditioning_real_adv,467,1,7.808208465576172e-06,7.808208465576172e-06,7.808208465576172e-06,7.808208465576172e-06,7.808208465576172e-06,1.0,0.0,0.0,0.0,0.0,0.0,0.0,1.0,23.402353286743164,23.402353286743164,7.82318147685146e-06,0.0,0.0,0.9913598895072937,0.9047785401344299
train,conditioning_real_adv,470,1,2.1398067474365234e-05,2.1398067474365234e-05,2.1398067474365234e-05,2.1398067474365234e-05,2.1398067474365234e-05,1.0,0.0,0.0,0.0,0.0,0.0,0.0,0.0,23.82940101623535,23.82940101623535,2.140907417924609e-05,0.0,0.0,4.635446548461914,2.0663111209869385
train,conditioning_real_adv,509,1,0.0008451342582702637,0.0008451342582702637,0.0008451342582702637,0.0008451342582702637,0.0008451342582702637,1.0,0.0,0.0,0.0,0.0,0.0,0.0,0.0,20.034807205200195,20.034807205200195,0.0008451279136352241,0.0,0.0,4.523557186126709,2.089733839035034
train,conditioning_real_adv,514,1,-0.5,-0.5,-0.5,-0.5,-0.5,0.0,0.0,0.0,0.0,0.0,0.0,1.0,0.0,32.26616668701172,32.26616668701172,7.282269405550768e-13,0.0,0.5,5.275729656219482,2.3573102951049805
train,conditioning_real_adv,552,1,-1.0,-1.0,-1.0,-1.0,-1.0,0.0,0.0,0.0,0.0,0.0,1.0,1.0,0.0,31.000083923339844,31.000083923339844,7.263213364083754e-10,0.0,1.5,4.464531898498535,2.0910849571228027
train,conditioning_real_adv,583,1,-0.2372470498085022,-0.2372470498085022,-0.2372470498085022,-0.2372470498085022,-0.2372470498085022,0.0,0.0,0.0,0.0,0.0,0.0,0.0,0.0,18.780540466308594,18.780540466308594,0.0016433231066912413,0.0,0.23889034986495972,4.820675373077393,2.1178977489471436
train,conditioning_real_adv,603,1,-1.0,-1.0,-1.0,-1.0,-1.0,0.0,0.0,0.0,0.0,0.0,1.0,1.0,0.0,39.91307830810547,39.91307830810547,6.417504028188858e-11,0.0,1.5,4.898435592651367,2.200563669204712
train,conditioning_real_adv,636,1,2.980232238769531e-07,2.980232238769531e-07,2.980232238769531e-07,2.980232238769531e-07,2.980232238769531e-07,1.0,0.0,0.0,0.0,0.0,0.0,0.0,0.0,28.78840446472168,28.78840446472168,3.0217964308576484e-07,0.0,0.0,5.0316948890686035,2.2640256881713867
train,conditioning_real_adv,653,1,-1.0,-1.0,-1.0,-1.0,-1.0,0.0,0.0,0.0,0.0,0.0,1.0,1.0,0.0,35.35673141479492,35.35673141479492,2.3359321588145576e-08,0.0,1.5,5.509212970733643,2.479449510574341
train,conditioning_real_adv,662,1,-1.0,-1.0,-1.0,-1.0,-1.0,0.0,0.0,0.0,0.0,0.0,1.0,1.0,0.0,33.40427017211914,33.40427017211914,9.173918158467131e-08,0.0,1.5,4.7309250831604,2.157533884048462
train,conditioning_real_adv,815,1,0.00032514333724975586,0.00032514333724975586,0.00032514333724975586,0.00032514333724975586,0.00032514333724975586,1.0,0.0,0.0,0.0,0.0,0.0,0.0,0.0,17.925100326538086,17.925100326538086,0.0003251510497648269,0.0,0.0,4.608375072479248,2.1566877365112305
train,conditioning_real_adv,865,1,-1.0,-1.0,-1.0,-1.0,-1.0,0.0,0.0,0.0,0.0,0.0,1.0,1.0,0.0,16.819469451904297,16.819469451904297,0.0015740323578938842,0.0,1.5,5.282850742340088,2.356877565383911
train,conditioning_real_adv,920,1,4.4345855712890625e-05,4.4345855712890625e-05,4.4345855712890625e-05,4.4345855712890625e-05,4.4345855712890625e-05,1.0,0.0,0.0,0.0,0.0,0.0,0.0,0.0,15.262323379516602,15.262323379516602,4.436366361915134e-05,0.0,0.0,9.60117244720459,2.8394081592559814
train,conditioning_real_adv,936,1,-0.5,-0.5,-0.5,-0.5,-0.5,0.0,0.0,0.0,0.0,0.0,0.0,1.0,0.0,34.71711349487305,34.71711349487305,7.294707372873521e-12,0.0,0.5,4.836647987365723,2.237072706222534
train,conditioning_real_adv,965,1,-1.0,-1.0,-1.0,-1.0,-1.0,0.0,0.0,0.0,0.0,0.0,1.0,1.0,0.0,33.108821868896484,33.108821868896484,4.098422989873285e-10,0.0,1.5,5.298969745635986,2.320371627807617
train,conditioning_real_adv,1001,1,-1.0,-1.0,-1.0,-1.0,-1.0,0.0,0.0,0.0,0.0,0.0,1.0,1.0,0.0,40.49681854248047,40.49681854248047,1.4722779202377967e-12,0.0,1.5,5.040426731109619,2.3135828971862793
train,conditioning_real_adv,1015,1,-0.5,-0.5,-0.5,-0.5,-0.5,0.0,0.0,0.0,0.0,0.0,0.0,1.0,0.0,40.649261474609375,40.649261474609375,3.122649708253711e-11,0.0,0.5,4.648180961608887,2.112492561340332
train,conditioning_real_adv,1062,1,-1.0,-1.0,-1.0,-1.0,-1.0,0.0,0.0,0.0,0.0,0.0,1.0,1.0,0.0,42.103214263916016,42.103214263916016,8.235811477241839e-10,0.0,1.5,8.138422966003418,2.8123929500579834
train,conditioning_real_adv,1085,1,-0.4999998211860657,-0.4999998211860657,-0.4999998211860657,-0.4999998211860657,-0.4999998211860657,0.0,0.0,0.0,0.0,0.0,0.0,1.0,0.0,31.03560447692871,31.03560447692871,1.6121708767968812e-07,0.0,0.5,5.533223628997803,2.3300845623016357
train,conditioning_real_adv,1217,1,-0.5,-0.5,-0.5,-0.5,-0.5,0.0,0.0,0.0,0.0,0.0,0.0,1.0,0.0,32.796234130859375,32.796234130859375,1.338053334798417e-09,0.0,0.5,5.293454170227051,2.3574869632720947
train,conditioning_real_adv,1325,1,-1.0,-1.0,-1.0,-1.0,-1.0,0.0,0.0,0.0,0.0,0.0,1.0,1.0,0.0,31.70095443725586,31.70095443725586,2.098481388657092e-10,0.0,1.5,4.780819416046143,2.1423795223236084
train,conditioning_real_adv,1342,1,-0.13343846797943115,-0.13343846797943115,-0.13343846797943115,-0.13343846797943115,-0.13343846797943115,0.0,0.0,1.0,0.0,0.0,1.0,0.0,0.0,8.7785062789917,8.7785062789917,0.1993691623210907,0.8333333134651184,1.0,4.334692001342773,2.049560546875
train,conditioning_real_adv,1346,1,-0.4999839663505554,-0.4999839663505554,-0.4999839663505554,-0.4999839663505554,-0.4999839663505554,0.0,0.0,0.0,0.0,0.0,0.0,1.0,0.0,27.951839447021484,27.951839447021484,1.6040523405536078e-05,0.0,0.5,4.726278305053711,2.145212173461914
train,conditioning_real_adv,1416,1,-0.4999999403953552,-0.4999999403953552,-0.4999999403953552,-0.4999999403953552,-0.4999999403953552,0.0,0.0,0.0,0.0,0.0,0.0,1.0,0.0,31.868019104003906,31.868019104003906,3.374467993921826e-08,0.0,0.5,4.573984622955322,2.110454797744751
train,conditioning_real_adv,1417,1,0.0022748708724975586,0.0022748708724975586,0.0022748708724975586,0.0022748708724975586,0.0022748708724975586,1.0,0.0,0.0,0.0,0.0,0.0,0.0,0.0,11.952435493469238,11.952435493469238,0.0022748836781829596,0.0,0.0,4.48692512512207,2.0794143676757812
train,conditioning_real_adv,1431,1,1.6689300537109375e-06,1.6689300537109375e-06,1.6689300537109375e-06,1.6689300537109375e-06,1.6689300537109375e-06,1.0,0.0,0.0,0.0,0.0,0.0,0.0,0.0,26.278657913208008,26.278657913208008,1.6932882545006578e-06,0.0,0.0,4.457085609436035,2.0130741596221924
train,conditioning_real_adv,1493,1,-1.0,-1.0,-1.0,-1.0,-1.0,0.0,0.0,0.0,0.0,0.0,1.0,1.0,1.0,38.682525634765625,38.682525634765625,2.50222886855056e-09,0.0,1.5,0.8578724265098572,0.8477790951728821
train,conditioning_real_adv,1615,1,-1.0,-1.0,-1.0,-1.0,-1.0,0.0,0.0,0.0,0.0,0.0,1.0,1.0,0.0,34.25580978393555,34.25580978393555,6.655439654251749e-12,0.0,1.5,5.276387691497803,2.356874942779541
train,conditioning_real_adv,1674,1,-0.5,-0.5,-0.5,-0.5,-0.5,0.0,0.0,0.0,0.0,0.0,0.0,1.0,0.0,36.00100326538086,36.00100326538086,2.536642597361638e-11,0.0,0.5,7.397497653961182,2.899808645248413
train,conditioning_real_adv,1746,1,5.364418029785156e-07,5.364418029785156e-07,5.364418029785156e-07,5.364418029785156e-07,5.364418029785156e-07,1.0,0.0,0.0,0.0,0.0,0.0,0.0,0.0,30.099973678588867,30.099973678588867,5.193003858039447e-07,0.0,0.0,4.8243231773376465,2.1335103511810303
train,conditioning_real_adv,1749,1,-0.5,-0.5,-0.5,-0.5,-0.5,0.0,0.0,0.0,0.0,0.0,0.0,1.0,0.0,28.130107879638672,28.130107879638672,3.5305010026576156e-09,0.0,0.5,4.64488410949707,2.103285312652588
train,conditioning_real_adv,1810,1,-1.0,-1.0,-1.0,-1.0,-1.0,0.0,0.0,0.0,0.0,0.0,1.0,1.0,1.0,39.26358413696289,39.26358413696289,5.6338225751240145e-11,0.0,1.5,0.8870198726654053,0.8575365543365479
train,conditioning_real_adv,1830,1,0.0005794763565063477,0.0005794763565063477,0.0005794763565063477,0.0005794763565063477,0.0005794763565063477,1.0,0.0,0.0,0.0,0.0,0.0,0.0,0.0,10.975394248962402,10.975394248962402,0.0005794523749500513,0.0,0.0,4.465121269226074,2.088740348815918
train,conditioning_real_adv,1889,1,0.0005587935447692871,0.0005587935447692871,0.0005587935447692871,0.0005587935447692871,0.0005587935447692871,1.0,0.0,0.0,0.0,0.0,0.0,0.0,0.0,20.96793556213379,20.96793556213379,0.0005587696214206517,0.0,0.0,4.518266201019287,2.0313844680786133
train,conditioning_real_adv,1925,1,-0.9999931454658508,-0.9999931454658508,-0.9999931454658508,-0.9999931454658508,-0.9999931454658508,0.0,0.0,0.0,0.0,0.0,1.0,0.0,0.0,22.63060188293457,22.63060188293457,6.843968549219426e-06,0.0,1.0,4.46796989440918,2.0179226398468018
train,conditioning_real_adv,1974,1,0.0778302550315857,0.0778302550315857,0.0778302550315857,0.0778302550315857,0.0778302550315857,1.0,0.0,0.0,0.0,0.0,0.0,0.0,0.0,10.936737060546875,10.936737060546875,0.07783026248216629,0.0,0.0,5.282597541809082,2.358726978302002
train,conditioning_real_adv,2012,1,0.0,0.0,0.0,0.0,0.0,0.0,0.0,0.0,0.0,0.0,0.0,0.0,0.0,30.26611328125,30.26611328125,0.0,0.0,0.0,5.462835788726807,2.3229899406433105
train,conditioning_real_adv,2067,1,-1.0,-1.0,-1.0,-1.0,-1.0,0.0,0.0,0.0,0.0,0.0,0.0,1.0,1.0,18.18998908996582,18.18998908996582,0.0001053327287081629,0.0,1.3798062801361084,0.8732329607009888,0.9316400289535522
train,conditioning_real_adv,2127,1,-0.5,-0.5,-0.5,-0.5,-0.5,0.0,0.0,0.0,0.0,0.0,0.0,1.0,0.0,38.136329650878906,38.136329650878906,6.458048072005562e-12,0.0,0.5,4.337251663208008,2.0298380851745605
train,conditioning_real_adv,2160,1,0.0,0.0,0.0,0.0,0.0,0.0,0.0,0.0,0.0,0.0,0.0,0.0,0.0,15.021928787231445,15.021928787231445,2.0861296631119464e-13,0.0,0.0,4.699782371520996,2.15942120552063
train,conditioning_real_adv,2180,1,-1.0,-1.0,-1.0,-1.0,-1.0,0.0,0.0,0.0,0.0,0.0,1.0,1.0,0.0,35.519309997558594,35.519309997558594,6.507979571912514e-11,0.0,1.5,4.832741737365723,2.208648204803467
train,conditioning_real_adv,2203,1,-1.0,-1.0,-1.0,-1.0,-1.0,0.0,0.0,0.0,0.0,0.0,1.0,1.0,0.0,36.14409255981445,36.14409255981445,1.5622495297407113e-08,0.0,1.5,4.8483781814575195,2.1854076385498047
train,conditioning_real_adv,2305,1,0.010446906089782715,0.010446906089782715,0.010446906089782715,0.010446906089782715,0.010446906089782715,1.0,0.0,0.0,0.0,0.0,0.0,0.0,0.0,7.368016242980957,7.368016242980957,0.010446932166814804,0.0,0.0,4.656193733215332,2.066652297973633
train,conditioning_real_adv,2323,1,-1.0,-1.0,-1.0,-1.0,-1.0,0.0,0.0,0.0,0.0,0.0,1.0,1.0,0.0,20.0041446685791,20.0041446685791,5.254866846371442e-05,0.0,1.5,5.279031753540039,2.3606820106506348
train,conditioning_real_adv,2324,1,0.00012511014938354492,0.00012511014938354492,0.00012511014938354492,0.00012511014938354492,0.00012511014938354492,1.0,0.0,0.0,0.0,0.0,0.0,0.0,0.0,23.290916442871094,23.290916442871094,0.00012509575753938407,0.0,0.0,5.21708345413208,2.297649621963501
train,conditioning_real_adv,2337,1,7.95125961303711e-05,7.95125961303711e-05,7.95125961303711e-05,7.95125961303711e-05,7.95125961303711e-05,1.0,0.0,0.0,0.0,0.0,0.0,0.0,0.0,24.810474395751953,24.810474395751953,7.951469160616398e-05,0.0,0.0,5.0186614990234375,2.2477951049804688
train,conditioning_real_adv,2354,1,-0.5,-0.5,-0.5,-0.5,-0.5,0.0,0.0,0.0,0.0,0.0,0.0,1.0,0.0,30.507339477539062,30.507339477539062,1.4127675918018667e-08,0.0,0.5,4.516440391540527,2.064537286758423
train,conditioning_real_adv,2384,1,-0.5,-0.5,-0.5,-0.5,-0.5,0.0,0.0,0.0,0.0,0.0,0.0,1.0,0.0,33.50423049926758,33.50423049926758,1.3182482883067337e-10,0.0,0.5,5.776828765869141,2.4081990718841553
train,conditioning_real_adv,2478,1,-1.0,-1.0,-1.0,-1.0,-1.0,0.0,0.0,0.0,0.0,0.0,1.0,1.0,0.0,36.338531494140625,36.338531494140625,5.065080577182357e-10,0.0,1.5,4.498310089111328,2.0674307346343994
train,conditioning_real_adv,2502,1,-1.0,-1.0,-1.0,-1.0,-1.0,0.0,0.0,0.0,0.0,0.0,1.0,1.0,0.0,19.477859497070312,19.477859497070312,6.923568918182355e-08,0.0,1.5,4.5641560554504395,2.0750815868377686
train,conditioning_real_adv,2532,1,-1.0,-1.0,-1.0,-1.0,-1.0,0.0,0.0,0.0,0.0,0.0,1.0,1.0,0.0,38.032466888427734,38.032466888427734,9.22897758215413e-10,0.0,1.5,4.402350902557373,2.032349109649658
train,conditioning_real_adv,2550,1,4.172325134277344e-07,4.172325134277344e-07,4.172325134277344e-07,4.172325134277344e-07,4.172325134277344e-07,1.0,0.0,0.0,0.0,0.0,0.0,0.0,0.0,27.72951889038086,27.72951889038086,4.184850581623323e-07,0.0,0.0,5.278066158294678,2.3568427562713623
train,conditioning_real_adv,2578,1,0.00023436546325683594,0.00023436546325683594,0.00023436546325683594,0.00023436546325683594,0.00023436546325683594,1.0,0.0,0.0,0.0,0.0,0.0,0.0,0.0,18.719520568847656,18.719520568847656,0.00023438326024916023,0.0,0.0,4.6327056884765625,2.093822479248047
train,conditioning_real_adv,2580,1,0.0,0.0,0.0,0.0,0.0,0.0,0.0,0.0,0.0,0.0,0.0,0.0,0.0,28.982696533203125,28.982696533203125,2.3240186164397159e-10,0.0,0.0,4.391595840454102,1.972401738166809
train,conditioning_real_adv,2583,1,-1.0,-1.0,-1.0,-1.0,-1.0,0.0,0.0,0.0,0.0,0.0,1.0,1.0,0.0,38.328887939453125,38.328887939453125,1.3068729258491896e-11,0.0,1.5,5.935243606567383,2.4942409992218018
train,conditioning_real_adv,2620,1,0.0667080283164978,0.0667080283164978,0.0667080283164978,0.0667080283164978,0.0667080283164978,1.0,0.0,0.0,0.0,0.0,0.0,0.0,0.0,10.25963020324707,10.25963020324707,0.0667080506682396,0.0,0.0,4.456018924713135,2.0291075706481934
train,conditioning_real_adv,2653,1,0.0,0.0,0.0,0.0,0.0,0.0,0.0,0.0,0.0,0.0,0.0,0.0,0.0,33.51255798339844,33.51255798339844,0.0,0.0,0.0,4.875049591064453,2.107309341430664
train,conditioning_real_adv,2657,1,1.7881393432617188e-06,1.7881393432617188e-06,1.7881393432617188e-06,1.7881393432617188e-06,1.7881393432617188e-06,1.0,0.0,0.0,0.0,0.0,0.0,0.0,0.0,23.39653205871582,23.39653205871582,1.8118158777724602e-06,0.0,0.0,4.609385967254639,2.0962369441986084
train,conditioning_real_adv,2662,1,-0.4999999403953552,-0.4999999403953552,-0.4999999403953552,-0.4999999403953552,-0.4999999403953552,0.0,0.0,0.0,0.0,0.0,0.0,1.0,0.0,28.921236038208008,28.921236038208008,3.1173438941323184e-08,0.0,0.5,4.6385345458984375,2.1049067974090576
train,conditioning_real_adv,2664,1,-1.0,-1.0,-1.0,-1.0,-1.0,0.0,0.0,0.0,0.0,0.0,1.0,1.0,0.0,39.44208526611328,39.44208526611328,4.04185409100255e-12,0.0,1.5,5.275493621826172,2.3578314781188965
train,conditioning_real_adv,2698,1,7.152557373046875e-07,7.152557373046875e-07,7.152557373046875e-07,7.152557373046875e-07,7.152557373046875e-07,1.0,0.0,0.0,0.0,0.0,0.0,0.0,0.0,29.06472396850586,29.06472396850586,7.101967867129133e-07,0.0,0.0,5.538695335388184,2.3512015342712402
train,conditioning_real_adv,2700,1,0.026212334632873535,0.026212334632873535,0.026212334632873535,0.026212334632873535,0.026212334632873535,1.0,0.0,0.0,0.0,0.0,0.0,0.0,0.0,11.204374313354492,11.204374313354492,0.026212362572550774,0.0,0.0,5.27608585357666,2.3528544902801514
train,conditioning_real_adv,2752,1,-0.7023774981498718,-0.7023774981498718,-0.7023774981498718,-0.7023774981498718,-0.7023774981498718,0.0,0.0,0.0,0.0,0.0,0.0,1.0,0.0,26.938617706298828,26.938617706298828,1.2387883998599136e-06,0.0,0.7023787498474121,5.369661808013916,2.2939774990081787
train,conditioning_real_adv,2759,1,0.0002315044403076172,0.0002315044403076172,0.0002315044403076172,0.0002315044403076172,0.0002315044403076172,1.0,0.0,0.0,0.0,0.0,0.0,0.0,0.0,22.51152801513672,22.51152801513672,0.00023151285131461918,0.0,0.0,4.760861873626709,2.1093177795410156
train,conditioning_real_adv,2767,1,-1.0,-1.0,-1.0,-1.0,-1.0,0.0,0.0,0.0,0.0,0.0,1.0,1.0,0.0,32.005306243896484,32.005306243896484,2.918558950071315e-09,0.0,1.5,5.052199363708496,2.243563652038574
train,conditioning_real_adv,2772,1,2.562999725341797e-05,2.562999725341797e-05,2.562999725341797e-05,2.562999725341797e-05,2.562999725341797e-05,1.0,0.0,0.0,0.0,0.0,0.0,0.0,0.0,26.652400970458984,26.652400970458984,2.5610672309994698e-05,0.0,0.0,4.5887675285339355,2.119993209838867
train,conditioning_real_adv,2870,1,1.1920928955078125e-07,1.1920928955078125e-07,1.1920928955078125e-07,1.1920928955078125e-07,1.1920928955078125e-07,1.0,0.0,0.0,0.0,0.0,0.0,0.0,0.0,26.486209869384766,26.486209869384766,1.2242242064530728e-07,0.0,0.0,4.562285423278809,2.080458402633667
train,conditioning_real_adv,2906,1,0.17026996612548828,0.17026996612548828,0.17026996612548828,0.17026996612548828,0.17026996612548828,1.0,0.0,0.0,0.0,0.0,0.0,0.0,0.0,4.463114261627197,4.463114261627197,0.17026999592781067,0.0,0.0,5.275852203369141,2.354095697402954
train,conditioning_real_adv,2916,1,0.005395829677581787,0.005395829677581787,0.005395829677581787,0.005395829677581787,0.005395829677581787,1.0,0.0,0.0,0.0,0.0,0.0,0.0,0.0,8.468058586120605,8.468058586120605,0.005395839922130108,0.0,0.0,4.501718044281006,1.997967004776001
train,conditioning_real_adv,2925,1,-0.5,-0.5,-0.5,-0.5,-0.5,0.0,0.0,0.0,0.0,0.0,0.0,1.0,0.0,31.406885147094727,31.406885147094727,1.1064773097757552e-08,0.0,0.5,4.351905345916748,1.9597949981689453
train,conditioning_real_adv,2964,1,0.27867937088012695,0.27867937088012695,0.27867937088012695,0.27867937088012695,0.27867937088012695,1.0,0.0,0.0,0.0,0.0,0.0,0.0,0.0,7.898728370666504,7.898728370666504,0.27867934107780457,0.0,0.0,4.480185508728027,2.0404212474823
train,conditioning_real_adv,2994,1,-1.0,-1.0,-1.0,-1.0,-1.0,0.0,0.0,0.0,0.0,0.0,1.0,1.0,1.0,30.661245346069336,30.661245346069336,1.8291103742740233e-08,0.0,1.5,0.8804373145103455,0.8431726098060608
train,conditioning_real_adv,3031,1,-1.0,-1.0,-1.0,-1.0,-1.0,0.0,0.0,0.0,0.0,0.0,1.0,1.0,0.0,33.075870513916016,33.075870513916016,5.0418971220267395e-09,0.0,1.5,4.634180545806885,2.0600523948669434
train,conditioning_real_adv,3065,1,-1.0,-1.0,-1.0,-1.0,-1.0,0.0,0.0,0.0,0.0,0.0,1.0,1.0,0.0,15.75716781616211,15.75716781616211,1.7439302610000595e-05,0.0,1.5,4.9073166847229,2.2212352752685547
train,conditioning_real_adv,3082,1,5.960464477539063e-08,5.960464477539063e-08,5.960464477539063e-08,5.960464477539063e-08,5.960464477539063e-08,1.0,0.0,0.0,0.0,0.0,0.0,0.0,0.0,31.890390396118164,31.890390396118164,4.2631690178041026e-08,0.0,0.0,4.543669700622559,2.0694053173065186
train,conditioning_real_adv,3110,1,0.0,0.0,0.0,0.0,0.0,0.0,0.0,0.0,0.0,0.0,0.0,0.0,0.0,14.491260528564453,14.491260528564453,1.2169747154455735e-10,0.0,0.0,5.277259349822998,2.356024980545044
train,conditioning_real_adv,3162,1,8.940696716308594e-06,8.940696716308594e-06,8.940696716308594e-06,8.940696716308594e-06,8.940696716308594e-06,1.0,0.0,0.0,0.0,0.0,0.0,0.0,0.0,24.967792510986328,24.967792510986328,8.923831956053618e-06,0.0,0.0,4.7400383949279785,2.1433520317077637
train,conditioning_real_adv,3261,1,-1.0,-1.0,-1.0,-1.0,-1.0,0.0,0.0,0.0,0.0,0.0,1.0,1.0,0.0,28.174842834472656,28.174842834472656,5.4692841331416275e-06,0.0,1.5,5.278892993927002,2.35673189163208
train,conditioning_real_adv,3263,1,-0.5,-0.5,-0.5,-0.5,-0.5,0.0,0.0,0.0,0.0,0.0,0.0,1.0,0.0,41.06761169433594,41.06761169433594,5.673544316645018e-13,0.0,0.5,7.195324420928955,2.8427557945251465
train,conditioning_real_adv,3267,1,-1.0,-1.0,-1.0,-1.0,-1.0,0.0,0.0,0.0,0.0,0.0,1.0,1.0,0.0,34.59113311767578,34.59113311767578,5.4508324937030395e-12,0.0,1.5,4.570468425750732,2.116834878921509
train,conditioning_real_adv,3434,1,0.7089680433273315,0.7089680433273315,0.7089680433273315,0.7089680433273315,0.7089680433273315,1.0,1.0,1.0,0.0,0.0,0.0,0.0,0.0,4.218075752258301,4.218075752258301,0.7089680433273315,0.0,0.0,5.276363849639893,2.356738328933716
train,conditioning_real_adv,3444,1,0.40531492233276367,0.40531492233276367,0.40531492233276367,0.40531492233276367,0.40531492233276367,1.0,1.0,0.0,0.0,0.0,0.0,0.0,0.0,6.766735553741455,6.766735553741455,0.4053148925304413,0.0,0.0,4.732749938964844,2.1288187503814697
train,conditioning_real_adv,3535,1,3.7610530853271484e-05,3.7610530853271484e-05,3.7610530853271484e-05,3.7610530853271484e-05,3.7610530853271484e-05,1.0,0.0,0.0,0.0,0.0,0.0,0.0,0.0,21.276500701904297,21.276500701904297,3.76102325390093e-05,0.0,0.0,4.151870250701904,1.9032578468322754
train,conditioning_real_adv,3639,1,-1.0,-1.0,-1.0,-1.0,-1.0,0.0,0.0,0.0,0.0,1.0,1.0,1.0,0.0,36.92766189575195,36.92766189575195,4.315686474853919e-09,0.0,1.5,5.279539585113525,2.357703447341919
train,conditioning_real_adv,3734,1,-0.49674054980278015,-0.49674054980278015,-0.49674054980278015,-0.49674054980278015,-0.49674054980278015,0.0,0.0,0.0,0.0,0.0,0.0,0.0,0.0,29.143383026123047,29.143383026123047,7.574038249913428e-07,0.0,0.49674132466316223,4.60617208480835,2.1053307056427
train,conditioning_real_adv,3791,1,0.0,0.0,0.0,0.0,0.0,0.0,0.0,0.0,0.0,0.0,0.0,0.0,0.0,28.427335739135742,28.427335739135742,4.332816716305837e-17,0.0,0.0,4.702678680419922,2.187873363494873
train,conditioning_real_adv,3804,1,0.003956794738769531,0.003956794738769531,0.003956794738769531,0.003956794738769531,0.003956794738769531,1.0,0.0,0.0,0.0,0.0,0.0,0.0,0.0,15.070436477661133,15.070436477661133,0.003956807777285576,0.0,0.0,4.580928325653076,2.116699695587158
train,conditioning_real_adv,3942,1,0.0,0.0,0.0,0.0,0.0,0.0,0.0,0.0,0.0,0.0,0.0,0.0,0.0,21.973773956298828,21.973773956298828,5.126762295942777e-12,0.0,0.0,4.604058742523193,2.0681841373443604
train,conditioning_real_adv,3946,1,7.212162017822266e-06,7.212162017822266e-06,7.212162017822266e-06,7.212162017822266e-06,7.212162017822266e-06,1.0,0.0,0.0,0.0,0.0,0.0,0.0,0.0,20.946802139282227,20.946802139282227,7.182789886428509e-06,0.0,0.0,4.595738410949707,2.0613629817962646
train,conditioning_real_adv,4000,1,1.4424324035644531e-05,1.4424324035644531e-05,1.4424324035644531e-05,1.4424324035644531e-05,1.4424324035644531e-05,1.0,0.0,0.0,0.0,0.0,0.0,0.0,0.0,27.845294952392578,27.845294952392578,1.4411752999876626e-05,0.0,0.0,4.508405685424805,2.038001298904419
train,conditioning_real_adv,4003,1,-0.5,-0.5,-0.5,-0.5,-0.5,0.0,0.0,0.0,0.0,0.0,0.0,1.0,0.0,32.30807876586914,32.30807876586914,4.528713792861794e-10,0.0,0.5,5.602086544036865,2.4195432662963867
train,conditioning_real_adv,4007,1,0.006787240505218506,0.006787240505218506,0.006787240505218506,0.006787240505218506,0.006787240505218506,1.0,0.0,0.0,0.0,0.0,0.0,0.0,0.0,6.938830375671387,6.938830375671387,0.0067872642539441586,0.0,0.0,5.281633377075195,2.362912893295288
train,conditioning_real_adv,4075,1,7.152557373046875e-07,7.152557373046875e-07,7.152557373046875e-07,7.152557373046875e-07,7.152557373046875e-07,1.0,0.0,0.0,0.0,0.0,0.0,0.0,0.0,24.627838134765625,24.627838134765625,6.90053070684371e-07,0.0,0.0,5.009372711181641,2.29746675491333
train,conditioning_real_adv,4080,1,0.08597409725189209,0.08597409725189209,0.08597409725189209,0.08597409725189209,0.08597409725189209,1.0,0.0,0.0,0.0,0.0,0.0,0.0,1.0,5.101373195648193,5.101373195648193,0.0859740749001503,0.0,0.0,0.9769368767738342,0.8591110706329346
train,conditioning_real_adv,4081,1,0.0001526474952697754,0.0001526474952697754,0.0001526474952697754,0.0001526474952697754,0.0001526474952697754,1.0,0.0,0.0,0.0,0.0,0.0,0.0,0.0,23.315637588500977,23.315637588500977,0.00015266009722836316,0.0,0.0,4.32798433303833,1.9860881567001343
train,conditioning_real_adv,4123,1,0.0,0.0,0.0,0.0,0.0,0.0,0.0,0.0,0.0,0.0,0.0,0.0,0.0,24.18505859375,24.18505859375,1.4947774573670358e-08,0.0,0.0,5.978102207183838,2.5201497077941895
train,conditioning_real_adv,4127,1,0.019278228282928467,0.019278228282928467,0.019278228282928467,0.019278228282928467,0.019278228282928467,1.0,0.0,0.0,0.0,0.0,0.0,0.0,0.0,4.19120454788208,4.19120454788208,0.019278202205896378,0.0,0.0,4.404268741607666,2.0289807319641113
train,conditioning_real_adv,4173,1,0.0,0.0,0.0,0.0,0.0,0.0,0.0,0.0,0.0,0.0,0.0,0.0,0.0,31.63554573059082,31.63554573059082,0.0,0.0,0.0,5.237467288970947,2.2894158363342285
train,conditioning_real_adv,4184,1,3.981590270996094e-05,3.981590270996094e-05,3.981590270996094e-05,3.981590270996094e-05,3.981590270996094e-05,1.0,0.0,0.0,0.0,0.0,0.0,0.0,0.0,25.946624755859375,25.946624755859375,3.984443173976615e-05,0.0,0.0,4.408337116241455,2.063310146331787
train,conditioning_real_adv,4186,1,-1.0,-1.0,-1.0,-1.0,-1.0,0.0,0.0,0.0,0.0,0.0,1.0,1.0,0.0,33.11005401611328,33.11005401611328,1.509106173358532e-09,0.0,1.5,5.290524482727051,2.360084056854248
train,conditioning_real_adv,4245,1,-1.0,-1.0,-1.0,-1.0,-1.0,0.0,0.0,0.0,0.0,0.0,1.0,1.0,0.0,31.73031997680664,31.73031997680664,1.5868869551738385e-09,0.0,1.5,4.971431732177734,2.2238872051239014
train,conditioning_real_adv,4300,1,-0.9994139075279236,-0.9994139075279236,-0.9994139075279236,-0.9994139075279236,-0.9994139075279236,0.0,0.0,0.0,0.0,0.0,1.0,0.0,0.0,19.657514572143555,19.657514572143555,0.0005860749515704811,0.0,1.0,5.276343822479248,2.356605291366577
train,conditioning_real_adv,4314,1,0.09270310401916504,0.09270310401916504,0.09270310401916504,0.09270310401916504,0.09270310401916504,1.0,0.0,0.0,0.0,0.0,0.0,0.0,0.0,4.2295122146606445,4.2295122146606445,0.09270313382148743,0.0,0.0,5.920114040374756,2.501185894012451
train,conditioning_real_adv,4348,1,0.3375733494758606,0.3375733494758606,0.3375733494758606,0.3375733494758606,0.3375733494758606,1.0,1.0,0.0,0.0,0.0,0.0,0.0,0.0,5.87123441696167,5.87123441696167,0.3375733494758606,0.0,0.0,4.994105815887451,2.3361377716064453
train,conditioning_real_adv,4355,1,-0.5,-0.5,-0.5,-0.5,-0.5,0.0,0.0,0.0,0.0,0.0,0.0,1.0,0.0,37.17028045654297,37.17028045654297,2.1287861751151382e-10,0.0,0.5,5.279716491699219,2.3572239875793457
train,conditioning_real_adv,4462,1,2.980232238769531e-07,2.980232238769531e-07,2.980232238769531e-07,2.980232238769531e-07,2.980232238769531e-07,1.0,0.0,0.0,0.0,0.0,0.0,0.0,0.0,26.485305786132812,26.485305786132812,2.88281142957203e-07,0.0,0.0,4.2910871505737305,2.0427746772766113
train,conditioning_real_adv,4527,1,0.0,0.0,0.0,0.0,0.0,0.0,0.0,0.0,0.0,0.0,0.0,0.0,0.0,25.174928665161133,25.174928665161133,2.3089776618467894e-12,0.0,0.0,4.697734832763672,2.0948996543884277
train,conditioning_real_adv,4587,1,1.7881393432617188e-07,1.7881393432617188e-07,1.7881393432617188e-07,1.7881393432617188e-07,1.7881393432617188e-07,1.0,0.0,0.0,0.0,0.0,0.0,0.0,0.0,31.456130981445312,31.456130981445312,1.6708953864963405e-07,0.0,0.0,5.288808345794678,2.361499309539795
train,conditioning_real_adv,4609,1,2.384185791015625e-07,2.384185791015625e-07,2.384185791015625e-07,2.384185791015625e-07,2.384185791015625e-07,1.0,0.0,0.0,0.0,0.0,0.0,0.0,0.0,25.22533416748047,25.22533416748047,2.3543239535683824e-07,0.0,0.0,4.877620220184326,2.1912248134613037
train,conditioning_real_adv,4617,1,0.0012531876564025879,0.0012531876564025879,0.0012531876564025879,0.0012531876564025879,0.0012531876564025879,1.0,0.0,0.0,0.0,0.0,0.0,0.0,0.0,14.267315864562988,14.267315864562988,0.0012531870743259788,0.0,0.0,4.500275135040283,2.0512185096740723
train,conditioning_real_adv,4621,1,-0.4999999403953552,-0.4999999403953552,-0.4999999403953552,-0.4999999403953552,-0.4999999403953552,0.0,0.0,0.0,0.0,0.0,0.0,1.0,0.0,27.9296817779541,27.9296817779541,6.54124008292456e-08,0.0,0.5,4.647798538208008,2.1454062461853027
train,conditioning_real_adv,4644,1,-1.0,-1.0,-1.0,-1.0,-1.0,0.0,0.0,0.0,0.0,0.0,1.0,1.0,1.0,32.53322219848633,32.53322219848633,1.0820534572519858e-11,0.0,1.5,0.86835777759552,0.8964250683784485
train,conditioning_real_adv,4716,1,8.344650268554688e-07,8.344650268554688e-07,8.344650268554688e-07,8.344650268554688e-07,8.344650268554688e-07,1.0,0.0,0.0,0.0,0.0,0.0,0.0,0.0,30.700302124023438,30.700302124023438,8.580681196690421e-07,0.0,0.0,5.282157897949219,2.3560757637023926
train,conditioning_real_adv,4740,1,-0.49999773502349854,-0.49999773502349854,-0.49999773502349854,-0.49999773502349854,-0.49999773502349854,0.0,0.0,0.0,0.0,0.0,0.0,1.0,0.0,25.164379119873047,25.164379119873047,2.275889983138768e-06,0.0,0.5,4.944743633270264,2.183182954788208
train,conditioning_real_adv,4797,1,0.019449710845947266,0.019449710845947266,0.019449710845947266,0.019449710845947266,0.019449710845947266,1.0,0.0,0.0,0.0,0.0,0.0,0.0,0.0,8.526213645935059,8.526213645935059,0.019449694082140923,0.0,0.0,4.910537242889404,2.241054058074951
train,conditioning_real_adv,4832,1,0.0,0.0,0.0,0.0,0.0,0.0,0.0,0.0,0.0,0.0,0.0,0.0,0.0,30.0593204498291,30.0593204498291,2.1841422892521223e-08,0.0,0.0,5.286149024963379,2.35982608795166
train,conditioning_real_adv,4849,1,-1.0,-1.0,-1.0,-1.0,-1.0,0.0,0.0,0.0,0.0,0.0,1.0,1.0,0.0,32.25693893432617,32.25693893432617,2.942853252752009e-11,0.0,1.5,4.5243682861328125,2.056305408477783
train,conditioning_real_adv,4937,1,0.01214522123336792,0.01214522123336792,0.01214522123336792,0.01214522123336792,0.01214522123336792,1.0,0.0,0.0,0.0,0.0,0.0,0.0,0.0,14.067955017089844,14.067955017089844,0.012145204469561577,0.0,0.0,4.715543270111084,2.214191198348999
train,conditioning_real_adv,5004,1,0.0,0.0,0.0,0.0,0.0,0.0,0.0,0.0,0.0,0.0,0.0,0.0,0.0,24.393491744995117,24.393491744995117,2.7170370398010846e-09,0.0,0.0,4.558575630187988,2.064100503921509
train,conditioning_real_adv,5055,1,-0.5,-0.5,-0.5,-0.5,-0.5,0.0,0.0,0.0,0.0,0.0,0.0,1.0,0.0,34.41048049926758,34.41048049926758,5.3716733283692975e-09,0.0,0.5,4.64175271987915,2.114304304122925
train,conditioning_real_adv,5106,1,-1.0,-1.0,-1.0,-1.0,-1.0,0.0,0.0,0.0,0.0,0.0,1.0,1.0,0.0,20.27775764465332,20.27775764465332,1.2080173519279924e-06,0.0,1.5,5.282320499420166,2.3579506874084473
train,conditioning_real_adv,5147,1,0.0,0.0,0.0,0.0,0.0,0.0,0.0,0.0,0.0,0.0,0.0,0.0,0.0,33.61712646484375,33.61712646484375,1.0851828768920768e-08,0.0,0.0,4.518601417541504,2.082120180130005
train,conditioning_real_adv,5182,1,-0.9999973177909851,-0.9999973177909851,-0.9999973177909851,-0.9999973177909851,-0.9999973177909851,0.0,0.0,0.0,0.0,0.0,1.0,0.0,0.0,20.44184684753418,20.44184684753418,2.6569352939986857e-06,0.0,1.0,4.575994491577148,2.106882333755493
train,conditioning_real_adv,5250,1,4.172325134277344e-07,4.172325134277344e-07,4.172325134277344e-07,4.172325134277344e-07,4.172325134277344e-07,1.0,0.0,0.0,0.0,0.0,0.0,0.0,0.0,28.446535110473633,28.446535110473633,3.9284500985559134e-07,0.0,0.0,5.276705265045166,2.3587396144866943
train,conditioning_real_adv,5259,1,7.569789886474609e-06,7.569789886474609e-06,7.569789886474609e-06,7.569789886474609e-06,7.569789886474609e-06,1.0,0.0,0.0,0.0,0.0,0.0,0.0,0.0,22.689464569091797,22.689464569091797,7.554583135060966e-06,0.0,0.0,5.130651950836182,2.2444210052490234
train,conditioning_real_adv,5272,1,1.043081283569336e-05,1.043081283569336e-05,1.043081283569336e-05,1.043081283569336e-05,1.043081283569336e-05,1.0,0.0,0.0,0.0,0.0,0.0,0.0,0.0,24.83382225036621,24.83382225036621,1.0459812983754091e-05,0.0,0.0,4.652019500732422,2.112811326980591
train,conditioning_real_adv,5290,1,-1.0,-1.0,-1.0,-1.0,-1.0,0.0,0.0,0.0,0.0,0.0,1.0,1.0,0.0,25.62395477294922,25.62395477294922,4.3041108455099675e-08,0.0,1.5,4.507852554321289,2.02773380279541
train,conditioning_real_adv,5295,1,0.0,0.0,0.0,0.0,0.0,0.0,0.0,0.0,0.0,0.0,0.0,0.0,1.0,16.99786376953125,16.99786376953125,1.8817698514580317e-16,0.0,0.0,0.8963268995285034,0.876253604888916
train,conditioning_real_adv,5331,1,-1.0,-1.0,-1.0,-1.0,-1.0,0.0,0.0,0.0,0.0,0.0,1.0,1.0,0.0,27.638017654418945,27.638017654418945,2.3830261852708645e-07,0.0,1.5,4.633896350860596,2.1215744018554688
train,conditioning_real_adv,5332,1,0.0,0.0,0.0,0.0,0.0,0.0,0.0,0.0,0.0,0.0,0.0,0.0,0.0,30.678466796875,30.678466796875,1.7805326990583126e-08,0.0,0.0,5.364994049072266,2.3468496799468994
train,conditioning_real_adv,5339,1,3.7550926208496094e-06,3.7550926208496094e-06,3.7550926208496094e-06,3.7550926208496094e-06,3.7550926208496094e-06,1.0,0.0,0.0,0.0,0.0,0.0,0.0,0.0,26.74310874938965,26.74310874938965,3.743710749404272e-06,0.0,0.0,4.5793070793151855,2.064551591873169
train,conditioning_real_adv,5349,1,-1.0,-1.0,-1.0,-1.0,-1.0,0.0,0.0,0.0,0.0,0.0,1.0,1.0,0.0,26.348182678222656,26.348182678222656,1.7246266281745193e-07,0.0,1.5,5.276931285858154,2.3594541549682617
train,conditioning_real_adv,5398,1,-0.5,-0.5,-0.5,-0.5,-0.5,0.0,0.0,0.0,0.0,0.0,0.0,1.0,0.0,24.171283721923828,24.171283721923828,1.6844635908341843e-08,0.0,0.5,4.758054256439209,2.1102488040924072
train,conditioning_real_adv,5470,1,-0.5,-0.5,-0.5,-0.5,-0.5,0.0,0.0,0.0,0.0,0.0,0.0,1.0,1.0,34.47073745727539,34.47073745727539,1.5788702567576252e-09,0.0,0.5,0.9183592200279236,0.8735902905464172
train,conditioning_real_adv,5482,1,-1.0,-1.0,-1.0,-1.0,-1.0,0.0,0.0,0.0,0.0,0.0,1.0,1.0,0.0,22.283798217773438,22.283798217773438,1.8788532543112524e-06,0.0,1.5,4.648322105407715,2.154660701751709
train,conditioning_real_adv,5507,1,2.384185791015625e-07,2.384185791015625e-07,2.384185791015625e-07,2.384185791015625e-07,2.384185791015625e-07,1.0,0.0,0.0,0.0,0.0,0.0,0.0,0.0,18.993961334228516,18.993961334228516,2.365105444823712e-07,0.0,0.0,4.710434913635254,2.1457226276397705
train,conditioning_real_adv,5541,1,5.841255187988281e-06,5.841255187988281e-06,5.841255187988281e-06,5.841255187988281e-06,5.841255187988281e-06,1.0,0.0,0.0,0.0,0.0,0.0,0.0,0.0,27.526123046875,27.526123046875,5.823299034091178e-06,0.0,0.0,4.548394203186035,2.1163582801818848
train,conditioning_real_adv,5547,1,-1.0,-1.0,-1.0,-1.0,-1.0,0.0,0.0,0.0,0.0,0.0,1.0,1.0,0.0,25.37440299987793,25.37440299987793,5.06516698806081e-07,0.0,1.5,5.541976451873779,2.376152515411377
train,conditioning_real_adv,5548,1,-1.0,-1.0,-1.0,-1.0,-1.0,0.0,0.0,0.0,0.0,0.0,1.0,1.0,0.0,29.77979850769043,29.77979850769043,1.0406913109051175e-09,0.0,1.5,4.537687301635742,2.035283327102661
train,conditioning_real_adv,5587,1,0.04294610023498535,0.04294610023498535,0.04294610023498535,0.04294610023498535,0.04294610023498535,1.0,0.0,0.0,0.0,0.0,0.0,0.0,0.0,7.366021633148193,7.366021633148193,0.04294612631201744,0.0,0.0,5.282271385192871,2.358067512512207
train,conditioning_real_adv,5610,1,8.463859558105469e-06,8.463859558105469e-06,8.463859558105469e-06,8.463859558105469e-06,8.463859558105469e-06,1.0,0.0,0.0,0.0,0.0,0.0,0.0,0.0,25.139745712280273,25.139745712280273,8.4375587903196e-06,0.0,0.0,4.242999076843262,2.0180606842041016
train,conditioning_real_adv,5611,1,0.0,0.0,0.0,0.0,0.0,0.0,0.0,0.0,0.0,0.0,0.0,0.0,1.0,24.553319931030273,24.553319931030273,6.400385083038529e-11,0.0,0.0,1.0176222324371338,0.8918930888175964
train,conditioning_real_adv,5668,1,-0.5,-0.5,-0.5,-0.5,-0.5,0.0,0.0,0.0,0.0,0.0,0.0,1.0,0.0,33.406246185302734,33.406246185302734,2.004628130158892e-10,0.0,0.5,4.943045139312744,2.1701321601867676
train,conditioning_real_adv,5677,1,-1.0,-1.0,-1.0,-1.0,-1.0,0.0,0.0,0.0,0.0,0.0,1.0,1.0,0.0,36.52311706542969,36.52311706542969,4.297242561790426e-09,0.0,1.5,4.69711446762085,2.117835521697998
train,conditioning_real_adv,5696,1,0.0,0.0,0.0,0.0,0.0,0.0,0.0,0.0,0.0,0.0,0.0,0.0,0.0,27.01970863342285,27.01970863342285,7.500758651089588e-17,0.0,0.0,4.58257532119751,2.0489532947540283
train,conditioning_real_adv,5886,1,8.594989776611328e-05,8.594989776611328e-05,8.594989776611328e-05,8.594989776611328e-05,8.594989776611328e-05,1.0,0.0,0.0,0.0,0.0,0.0,0.0,0.0,24.456989288330078,24.456989288330078,8.592490485170856e-05,0.0,0.0,4.729388236999512,2.1568033695220947
train,conditioning_real_adv,5940,1,0.00012874603271484375,0.00012874603271484375,0.00012874603271484375,0.00012874603271484375,0.00012874603271484375,1.0,0.0,0.0,0.0,0.0,0.0,0.0,0.0,23.775693893432617,23.775693893432617,0.00012874955427832901,0.0,0.0,4.507009983062744,2.108574628829956
train,conditioning_real_adv,5967,1,0.0,0.0,0.0,0.0,0.0,0.0,0.0,0.0,0.0,0.0,0.0,0.0,0.0,26.233287811279297,26.233287811279297,3.436227524744595e-09,0.0,0.0,5.285468101501465,2.3596720695495605
train,conditioning_real_adv,5977,1,2.384185791015625e-07,2.384185791015625e-07,2.384185791015625e-07,2.384185791015625e-07,2.384185791015625e-07,1.0,0.0,0.0,0.0,0.0,0.0,0.0,0.0,31.306859970092773,31.306859970092773,2.2815319766777975e-07,0.0,0.0,4.865516185760498,2.160865306854248
train,conditioning_real_adv,5998,1,-1.0,-1.0,-1.0,-1.0,-1.0,0.0,0.0,0.0,0.0,0.0,1.0,1.0,0.0,39.282615661621094,39.282615661621094,3.5104381623796144e-09,0.0,1.5,4.559913635253906,2.0807714462280273
train,conditioning_real_adv,6005,1,-1.0,-1.0,-1.0,-1.0,-1.0,0.0,0.0,0.0,0.0,0.0,1.0,1.0,0.0,29.26697540283203,29.26697540283203,1.1570843172492573e-09,0.0,1.5,4.462553024291992,2.059213638305664
train,conditioning_real_adv,6065,1,0.06743353605270386,0.06743353605270386,0.06743353605270386,0.06743353605270386,0.06743353605270386,1.0,0.0,0.0,0.0,0.0,0.0,0.0,0.0,8.87200927734375,8.87200927734375,0.06743351370096207,0.0,0.0,4.694475173950195,2.0887787342071533
train,conditioning_real_adv,6112,1,-1.0,-1.0,-1.0,-1.0,-1.0,0.0,0.0,0.0,0.0,0.0,1.0,1.0,0.0,35.17918014526367,35.17918014526367,2.252646957856541e-08,0.0,1.5,4.826210021972656,2.172483205795288
train,conditioning_real_adv,6126,1,-0.49999988079071045,-0.49999988079071045,-0.49999988079071045,-0.49999988079071045,-0.49999988079071045,0.0,0.0,0.0,0.0,0.0,0.0,1.0,0.0,31.891679763793945,31.891679763793945,1.0603558564525883e-07,0.0,0.5,4.403995037078857,2.0175046920776367
train,conditioning_real_adv,6141,1,1.3887882232666016e-05,1.3887882232666016e-05,1.3887882232666016e-05,1.3887882232666016e-05,1.3887882232666016e-05,1.0,0.0,0.0,0.0,0.0,0.0,0.0,0.0,27.92539405822754,27.92539405822754,1.387679913023021e-05,0.0,0.0,4.886495113372803,2.2822394371032715
train,conditioning_real_adv,6214,1,-0.5,-0.5,-0.5,-0.5,-0.5,0.0,0.0,0.0,0.0,0.0,0.0,1.0,0.0,32.238670349121094,32.238670349121094,2.3261652326578286e-10,0.0,0.5,5.283867835998535,2.3577466011047363
train,conditioning_real_adv,6408,1,1.1920928955078125e-07,1.1920928955078125e-07,1.1920928955078125e-07,1.1920928955078125e-07,1.1920928955078125e-07,1.0,0.0,0.0,0.0,0.0,0.0,0.0,0.0,25.673940658569336,25.673940658569336,1.3983979840759275e-07,0.0,0.0,4.811598777770996,2.2237730026245117
train,conditioning_real_adv,6427,1,5.185604095458984e-06,5.185604095458984e-06,5.185604095458984e-06,5.185604095458984e-06,5.185604095458984e-06,1.0,0.0,0.0,0.0,0.0,0.0,0.0,0.0,29.003223419189453,29.003223419189453,5.195453013584483e-06,0.0,0.0,4.632020950317383,2.0846335887908936
train,conditioning_real_adv,6470,1,-1.0,-1.0,-1.0,-1.0,-1.0,0.0,0.0,0.0,0.0,0.0,1.0,1.0,0.0,31.39098358154297,31.39098358154297,1.3589878733455407e-07,0.0,1.5,4.179364204406738,1.9245755672454834
train,conditioning_real_adv,6472,1,-1.0,-1.0,-1.0,-1.0,-1.0,0.0,0.0,0.0,0.0,0.0,1.0,1.0,0.0,22.535409927368164,22.535409927368164,1.7147503967862576e-06,0.0,1.5,4.703683376312256,2.115910530090332
train,conditioning_real_adv,6481,1,-0.4999920725822449,-0.4999920725822449,-0.4999920725822449,-0.4999920725822449,-0.4999920725822449,0.0,0.0,0.0,0.0,0.0,0.0,1.0,0.0,23.294355392456055,23.294355392456055,7.937684131320566e-06,0.0,0.5,4.654195308685303,2.075028419494629
train,conditioning_real_adv,6501,1,-0.4999999403953552,-0.4999999403953552,-0.4999999403953552,-0.4999999403953552,-0.4999999403953552,0.0,0.0,0.0,0.0,0.0,0.0,1.0,0.0,32.934051513671875,32.934051513671875,5.8764907606700945e-08,0.0,0.5,4.769701957702637,2.1292383670806885
train,conditioning_real_adv,6514,1,1.7881393432617188e-07,1.7881393432617188e-07,1.7881393432617188e-07,1.7881393432617188e-07,1.7881393432617188e-07,1.0,0.0,0.0,0.0,0.0,0.0,0.0,0.0,31.713407516479492,31.713407516479492,1.782512129011593e-07,0.0,0.0,5.8850297927856445,2.465186357498169
train,conditioning_real_adv,6565,1,0.0,0.0,0.0,0.0,0.0,0.0,0.0,0.0,0.0,0.0,0.0,0.0,0.0,25.49393081665039,25.49393081665039,4.609324600062144e-16,0.0,0.0,5.280251979827881,2.3572990894317627
train,conditioning_real_adv,6593,1,2.2649765014648438e-06,2.2649765014648438e-06,2.2649765014648438e-06,2.2649765014648438e-06,2.2649765014648438e-06,1.0,0.0,0.0,0.0,0.0,0.0,0.0,0.0,23.678245544433594,23.678245544433594,2.2458366402133834e-06,0.0,0.0,5.2810187339782715,2.3588716983795166
train,conditioning_real_adv,6599,1,0.0,0.0,0.0,0.0,0.0,0.0,0.0,0.0,0.0,0.0,0.0,0.0,0.0,30.702560424804688,30.702560424804688,2.854565828158684e-08,0.0,0.0,4.709627628326416,2.122230052947998
train,conditioning_real_adv,6613,1,-0.7228036522865295,-0.7228036522865295,-0.7228036522865295,-0.7228036522865295,-0.7228036522865295,0.0,0.0,0.0,0.0,0.0,0.0,1.0,0.0,30.66627311706543,30.66627311706543,9.404774736765376e-09,0.0,0.7228036522865295,4.397074222564697,2.0352468490600586
train,conditioning_real_adv,6650,1,-1.0,-1.0,-1.0,-1.0,-1.0,0.0,0.0,0.0,0.0,0.0,1.0,1.0,0.0,31.798826217651367,31.798826217651367,5.869072339237391e-09,0.0,1.5,4.787774562835693,2.169400930404663
train,conditioning_real_adv,6651,1,-1.0,-1.0,-1.0,-1.0,-1.0,0.0,0.0,0.0,0.0,0.0,1.0,1.0,0.0,26.464170455932617,26.464170455932617,5.27355405210983e-06,0.0,1.5,4.467489242553711,2.042426824569702
train,conditioning_real_adv,6686,1,-1.0,-1.0,-1.0,-1.0,-1.0,0.0,0.0,0.0,0.0,1.0,0.0,0.0,0.0,16.38717269897461,16.38717269897461,0.00019075894670095295,0.0,0.0,4.647706031799316,2.071873664855957
train,conditioning_real_adv,6706,1,0.00010520219802856445,0.00010520219802856445,0.00010520219802856445,0.00010520219802856445,0.00010520219802856445,1.0,0.0,0.0,0.0,0.0,0.0,0.0,0.0,24.285551071166992,24.285551071166992,0.00010519753413973376,0.0,0.0,4.772675037384033,2.1642844676971436
train,conditioning_real_adv,6722,1,-1.0,-1.0,-1.0,-1.0,-1.0,0.0,0.0,0.0,0.0,0.0,1.0,1.0,0.0,43.742977142333984,43.742977142333984,1.2643941449397289e-11,0.0,1.5,5.277667045593262,2.3592052459716797
train,conditioning_real_adv,6857,1,0.029439210891723633,0.029439210891723633,0.029439210891723633,0.029439210891723633,0.029439210891723633,1.0,0.0,0.0,0.0,0.0,0.0,0.0,0.0,12.986181259155273,12.986181259155273,0.029439207166433334,0.0,0.0,4.7568888664245605,2.1341540813446045
train,conditioning_real_adv,6864,1,5.960464477539063e-08,5.960464477539063e-08,5.960464477539063e-08,5.960464477539063e-08,5.960464477539063e-08,1.0,0.0,0.0,0.0,0.0,0.0,0.0,0.0,30.7564640045166,30.7564640045166,5.5455359415645944e-08,0.0,0.0,4.660109519958496,2.0837647914886475
train,conditioning_real_adv,6865,1,0.00015467405319213867,0.00015467405319213867,0.00015467405319213867,0.00015467405319213867,0.00015467405319213867,1.0,0.0,0.0,0.0,0.0,0.0,0.0,0.0,23.31011199951172,23.31011199951172,0.0001546464627608657,0.0,0.0,4.657869338989258,2.0911638736724854
train,conditioning_real_adv,6900,1,0.0026507973670959473,0.0026507973670959473,0.0026507973670959473,0.0026507973670959473,0.0026507973670959473,1.0,0.0,0.0,0.0,0.0,0.0,0.0,0.0,17.860218048095703,17.860218048095703,0.00265078735537827,0.0,0.0,4.431955337524414,2.0111324787139893
train,conditioning_real_adv,6901,1,-1.0,-1.0,-1.0,-1.0,-1.0,0.0,0.0,0.0,0.0,0.0,1.0,1.0,0.0,31.052478790283203,31.052478790283203,9.398069522603691e-08,0.0,1.5,4.458642482757568,2.023590326309204
train,conditioning_real_adv,6911,1,0.0,0.0,0.0,0.0,0.0,0.0,0.0,0.0,0.0,0.0,0.0,0.0,0.0,33.064781188964844,33.064781188964844,2.7899986140833555e-11,0.0,0.0,4.6185221672058105,2.0627803802490234
train,conditioning_real_adv,7031,1,-0.7940869331359863,-0.7940869331359863,-0.7940869331359863,-0.7940869331359863,-0.7940869331359863,0.0,0.0,0.0,0.0,0.0,0.0,0.0,0.0,25.270477294921875,25.270477294921875,2.690224789603235e-07,0.0,0.7940872311592102,4.488114356994629,2.0216712951660156
train,conditioning_real_adv,7118,1,-1.0,-1.0,-1.0,-1.0,-1.0,0.0,0.0,0.0,0.0,0.0,1.0,1.0,0.0,36.72264099121094,36.72264099121094,4.822078066707425e-12,0.0,1.5,5.283298969268799,2.3586058616638184
train,conditioning_real_adv,7120,1,1.1920928955078125e-07,1.1920928955078125e-07,1.1920928955078125e-07,1.1920928955078125e-07,1.1920928955078125e-07,1.0,0.0,0.0,0.0,0.0,0.0,0.0,0.0,30.477373123168945,30.477373123168945,1.3532536513594096e-07,0.0,0.0,4.744869709014893,2.1471567153930664
train,conditioning_real_adv,7147,1,1.043081283569336e-05,1.043081283569336e-05,1.043081283569336e-05,1.043081283569336e-05,1.043081283569336e-05,1.0,0.0,0.0,0.0,0.0,0.0,0.0,0.0,27.852981567382812,27.852981567382812,1.0455514711793512e-05,0.0,0.0,5.279694557189941,2.358613967895508
train,conditioning_real_adv,7274,1,0.0004730820655822754,0.0004730820655822754,0.0004730820655822754,0.0004730820655822754,0.0004730820655822754,1.0,0.0,0.0,0.0,0.0,0.0,0.0,0.0,21.265592575073242,21.265592575073242,0.00047305464977398515,0.0,0.0,4.812966346740723,2.1345906257629395
train,conditioning_real_adv,7350,1,-1.0,-1.0,-1.0,-1.0,-1.0,0.0,0.0,0.0,0.0,0.0,1.0,1.0,0.0,42.95356750488281,42.95356750488281,1.5474515766000785e-11,0.0,1.5,4.517552375793457,2.0518040657043457
train,conditioning_real_adv,7365,1,-0.5,-0.5,-0.5,-0.5,-0.5,0.0,0.0,0.0,0.0,0.0,0.0,1.0,0.0,30.9138126373291,30.9138126373291,7.47841433224039e-09,0.0,0.5,4.904404640197754,2.1659603118896484
train,conditioning_real_adv,7434,1,1.2516975402832031e-06,1.2516975402832031e-06,1.2516975402832031e-06,1.2516975402832031e-06,1.2516975402832031e-06,1.0,0.0,0.0,0.0,0.0,0.0,0.0,0.0,29.123502731323242,29.123502731323242,1.2516550214058952e-06,0.0,0.0,4.79288911819458,2.211707353591919
train,conditioning_real_adv,7501,1,0.0,0.0,0.0,0.0,0.0,0.0,0.0,0.0,0.0,0.0,0.0,0.0,0.0,28.39020538330078,28.39020538330078,1.2887734499381076e-12,0.0,0.0,4.772975921630859,2.148247241973877
train,conditioning_real_adv,7529,1,0.0,0.0,0.0,0.0,0.0,0.0,0.0,0.0,0.0,0.0,0.0,0.0,0.0,20.130712509155273,20.130712509155273,7.650088562627388e-09,0.0,0.0,5.272416114807129,2.3601973056793213
train,conditioning_real_adv,7537,1,0.0,0.0,0.0,0.0,0.0,0.0,0.0,0.0,0.0,0.0,0.0,0.0,0.0,27.459087371826172,27.459087371826172,6.72736182489057e-15,0.0,0.0,4.636674880981445,2.1054232120513916
train,conditioning_real_adv,7543,1,-0.4919811487197876,-0.4919811487197876,-0.4919811487197876,-0.4919811487197876,-0.4919811487197876,0.0,0.0,0.0,0.0,0.0,0.0,1.0,0.0,14.83106517791748,14.83106517791748,0.008018840104341507,0.0,0.5,5.277656555175781,2.3597793579101562
train,conditioning_real_adv,7559,1,1.1920928955078125e-07,1.1920928955078125e-07,1.1920928955078125e-07,1.1920928955078125e-07,1.1920928955078125e-07,1.0,0.0,0.0,0.0,0.0,0.0,0.0,0.0,33.13052749633789,33.13052749633789,1.0896987845399053e-07,0.0,0.0,4.600629806518555,2.0920543670654297
train,conditioning_real_adv,7587,1,0.0,0.0,0.0,0.0,0.0,0.0,0.0,0.0,0.0,0.0,0.0,0.0,0.0,22.519845962524414,22.519845962524414,0.0,0.0,0.0,4.61331844329834,2.094841241836548
train,conditioning_real_adv,7602,1,4.3451786041259766e-05,4.3451786041259766e-05,4.3451786041259766e-05,4.3451786041259766e-05,4.3451786041259766e-05,1.0,0.0,0.0,0.0,0.0,0.0,0.0,0.0,24.46230697631836,24.46230697631836,4.3450447265058756e-05,0.0,0.0,5.6160807609558105,2.4193766117095947
train,conditioning_real_adv,7605,1,-1.0,-1.0,-1.0,-1.0,-1.0,0.0,0.0,0.0,0.0,0.0,1.0,1.0,0.0,29.137081146240234,29.137081146240234,6.750911635267087e-11,0.0,1.5,4.5226359367370605,2.119096279144287
train,conditioning_real_adv,7612,1,-1.0,-1.0,-1.0,-1.0,-1.0,0.0,0.0,0.0,0.0,0.0,1.0,1.0,0.0,35.39548110961914,35.39548110961914,2.576941104948105e-09,0.0,1.5,5.441726207733154,2.354440212249756
train,conditioning_real_adv,7676,1,-0.5,-0.5,-0.5,-0.5,-0.5,0.0,0.0,0.0,0.0,0.0,0.0,1.0,0.0,39.18560791015625,39.18560791015625,7.812137221840931e-12,0.0,0.5,5.280918121337891,2.3591325283050537
train,conditioning_real_adv,7681,1,-1.0,-1.0,-1.0,-1.0,-1.0,0.0,0.0,0.0,0.0,0.0,1.0,1.0,0.0,21.99603271484375,21.99603271484375,1.5448106296389597e-06,0.0,1.5,5.567501544952393,2.3418562412261963
train,conditioning_real_adv,7741,1,-1.0,-1.0,-1.0,-1.0,-1.0,0.0,0.0,0.0,0.0,0.0,1.0,1.0,0.0,42.29379653930664,42.29379653930664,9.41512818229684e-13,0.0,1.5,4.923381805419922,2.172490358352661
train,conditioning_real_adv,7745,1,2.980232238769531e-07,2.980232238769531e-07,2.980232238769531e-07,2.980232238769531e-07,2.980232238769531e-07,1.0,0.0,0.0,0.0,0.0,0.0,0.0,0.0,30.447093963623047,30.447093963623047,3.167964450767613e-07,0.0,0.0,4.496945858001709,2.034398078918457
train,conditioning_real_adv,7749,1,2.4437904357910156e-06,2.4437904357910156e-06,2.4437904357910156e-06,2.4437904357910156e-06,2.4437904357910156e-06,1.0,0.0,0.0,0.0,0.0,0.0,0.0,0.0,29.047988891601562,29.047988891601562,2.440193611619179e-06,0.0,0.0,4.626119613647461,2.0913572311401367
train,conditioning_real_adv,7781,1,0.0,0.0,0.0,0.0,0.0,0.0,0.0,0.0,0.0,0.0,0.0,0.0,0.0,34.83723831176758,34.83723831176758,6.866992651594073e-12,0.0,0.0,4.332068920135498,2.003354549407959
train,conditioning_real_adv,7792,1,-0.49999988079071045,-0.49999988079071045,-0.49999988079071045,-0.49999988079071045,-0.49999988079071045,0.0,0.0,0.0,0.0,0.0,0.0,1.0,0.0,31.39595603942871,31.39595603942871,1.0337880951283296e-07,0.0,0.5,5.212757587432861,2.2963812351226807
train,conditioning_real_adv,7844,1,3.5762786865234375e-07,3.5762786865234375e-07,3.5762786865234375e-07,3.5762786865234375e-07,3.5762786865234375e-07,1.0,0.0,0.0,0.0,0.0,0.0,0.0,0.0,30.81222915649414,30.81222915649414,3.317879588848882e-07,0.0,0.0,4.544783592224121,2.0165722370147705
train,conditioning_real_adv,7898,1,-1.0,-1.0,-1.0,-1.0,-1.0,0.0,0.0,0.0,0.0,0.0,1.0,1.0,0.0,15.432244300842285,15.432244300842285,0.00033884565345942974,0.0,1.5,5.278977394104004,2.3571839332580566
train,conditioning_real_adv,7918,1,-0.5,-0.5,-0.5,-0.5,-0.5,0.0,0.0,0.0,0.0,0.0,0.0,1.0,0.0,34.47860336303711,34.47860336303711,1.2485854364308047e-11,0.0,0.5,4.6352949142456055,2.140509605407715
train,conditioning_real_adv,7954,1,-1.0,-1.0,-1.0,-1.0,-1.0,0.0,0.0,0.0,0.0,1.0,1.0,1.0,0.0,37.99652862548828,37.99652862548828,3.3729736781396014e-09,0.0,1.5,4.6067795753479,2.1137077808380127
train,conditioning_real_adv,7966,1,0.0,0.0,0.0,0.0,0.0,0.0,0.0,0.0,0.0,0.0,0.0,0.0,0.0,32.86286163330078,32.86286163330078,2.642599951797192e-13,0.0,0.0,4.692583084106445,2.0547738075256348
train,conditioning_real_adv,7981,1,0.0,0.0,0.0,0.0,0.0,0.0,0.0,0.0,0.0,0.0,0.0,0.0,0.0,19.144189834594727,19.144189834594727,4.140855658363307e-09,0.0,0.0,4.6661057472229,2.1391541957855225
train,conditioning_real_adv,8073,1,0.0008555054664611816,0.0008555054664611816,0.0008555054664611816,0.0008555054664611816,0.0008555054664611816,1.0,0.0,0.0,0.0,0.0,0.0,0.0,0.0,19.626901626586914,19.626901626586914,0.0008554936503060162,0.0,0.0,5.283848762512207,2.3550832271575928
train,conditioning_real_adv,8080,1,1.7881393432617188e-07,1.7881393432617188e-07,1.7881393432617188e-07,1.7881393432617188e-07,1.7881393432617188e-07,1.0,0.0,0.0,0.0,0.0,0.0,0.0,0.0,31.690876007080078,31.690876007080078,1.8472466933872056e-07,0.0,0.0,4.6515984535217285,2.064718008041382
train,conditioning_real_adv,8119,1,0.4142392873764038,0.4142392873764038,0.4142392873764038,0.4142392873764038,0.4142392873764038,1.0,1.0,0.0,0.0,0.0,0.0,0.0,0.0,6.689004898071289,6.689004898071289,0.4142393171787262,0.0,0.0,4.754218101501465,2.0765645503997803
train,conditioning_real_adv,8147,1,3.5762786865234375e-07,3.5762786865234375e-07,3.5762786865234375e-07,3.5762786865234375e-07,3.5762786865234375e-07,1.0,0.0,0.0,0.0,0.0,0.0,0.0,0.0,31.898075103759766,31.898075103759766,3.561015660125122e-07,0.0,0.0,5.2813005447387695,2.357605218887329
train,conditioning_real_adv,8155,1,-1.0,-1.0,-1.0,-1.0,-1.0,0.0,0.0,0.0,0.0,0.0,1.0,0.0,0.0,40.77916717529297,40.77916717529297,8.307703136534172e-11,0.0,1.0,4.41143274307251,1.9939020872116089
train,conditioning_real_adv,8179,1,-1.0,-1.0,-1.0,-1.0,-1.0,0.0,0.0,0.0,0.0,0.0,1.0,1.0,0.0,43.280052185058594,43.280052185058594,1.511815304021391e-13,0.0,1.5,4.646145820617676,2.1429269313812256
train,conditioning_real_adv,8207,1,7.390975952148438e-05,7.390975952148438e-05,7.390975952148438e-05,7.390975952148438e-05,7.390975952148438e-05,1.0,0.0,0.0,0.0,0.0,0.0,0.0,0.0,9.770055770874023,9.770055770874023,7.391160761471838e-05,0.0,0.0,4.61422061920166,2.0735342502593994
train,conditioning_real_adv,8330,1,0.00043636560440063477,0.00043636560440063477,0.00043636560440063477,0.00043636560440063477,0.00043636560440063477,1.0,0.0,0.0,0.0,0.0,0.0,0.0,0.0,21.443647384643555,21.443647384643555,0.00043633877066895366,0.0,0.0,5.282781600952148,2.2949378490448
train,conditioning_real_adv,8344,1,4.380941390991211e-05,4.380941390991211e-05,4.380941390991211e-05,4.380941390991211e-05,4.380941390991211e-05,1.0,0.0,0.0,0.0,0.0,0.0,0.0,0.0,21.248119354248047,21.248119354248047,4.380273458082229e-05,0.0,0.0,5.081849098205566,2.238476276397705
train,conditioning_real_adv,8394,1,0.025585412979125977,0.025585412979125977,0.025585412979125977,0.025585412979125977,0.025585412979125977,1.0,0.0,0.0,0.0,0.0,0.0,0.0,0.0,13.225074768066406,13.225074768066406,0.025585412979125977,0.0,0.0,4.720035552978516,2.0788679122924805
train,conditioning_real_adv,8468,1,0.00020623207092285156,0.00020623207092285156,0.00020623207092285156,0.00020623207092285156,0.00020623207092285156,1.0,0.0,0.0,0.0,0.0,0.0,0.0,0.0,22.924570083618164,22.924570083618164,0.00020623895397875458,0.0,0.0,5.346374988555908,2.298236846923828
train,conditioning_real_adv,8496,1,-1.0,-1.0,-1.0,-1.0,-1.0,0.0,0.0,0.0,0.0,0.0,1.0,1.0,0.0,31.109617233276367,31.109617233276367,3.1551781631833364e-08,0.0,1.5,5.2776079177856445,2.3583197593688965
train,conditioning_real_adv,8530,1,-0.49999934434890747,-0.49999934434890747,-0.49999934434890747,-0.49999934434890747,-0.49999934434890747,0.0,0.0,0.0,0.0,0.0,0.0,1.0,0.0,28.140697479248047,28.140697479248047,6.831860446254723e-07,0.0,0.5,4.766382694244385,2.2206687927246094
train,conditioning_real_adv,8534,1,-0.4998452663421631,-0.4998452663421631,-0.4998452663421631,-0.4998452663421631,-0.4998452663421631,0.0,0.0,0.0,0.0,0.0,0.0,1.0,0.0,23.38745880126953,23.38745880126953,0.0001547462452435866,0.0,0.5,4.763715744018555,2.148338556289673
train,conditioning_real_adv,8552,1,0.02441120147705078,0.02441120147705078,0.02441120147705078,0.02441120147705078,0.02441120147705078,1.0,0.0,0.0,0.0,0.0,0.0,0.0,0.0,13.370560646057129,13.370560646057129,0.02441117912530899,0.0,0.0,4.765036106109619,2.101820468902588
train,conditioning_real_adv,8553,1,-0.5,-0.5,-0.5,-0.5,-0.5,0.0,0.0,0.0,0.0,0.0,0.0,1.0,0.0,31.971837997436523,31.971837997436523,6.590484158408572e-09,0.0,0.5,4.3857550621032715,2.0361428260803223
train,conditioning_real_adv,8652,1,-1.0,-1.0,-1.0,-1.0,-1.0,0.0,0.0,0.0,0.0,0.0,1.0,0.0,0.0,39.67217254638672,39.67217254638672,1.003697281266435e-14,0.0,1.0,4.316280364990234,1.9737491607666016
train,conditioning_real_adv,8666,1,0.004322171211242676,0.004322171211242676,0.004322171211242676,0.004322171211242676,0.004322171211242676,1.0,0.0,0.0,0.0,0.0,0.0,0.0,0.0,16.877660751342773,16.877660751342773,0.004322158172726631,0.0,0.0,4.85304594039917,2.144801616668701
train,conditioning_real_adv,8673,1,-0.7807333469390869,-0.7807333469390869,-0.7807333469390869,-0.7807333469390869,-0.7807333469390869,0.0,0.0,0.0,0.0,0.0,0.0,1.0,0.0,29.717632293701172,29.717632293701172,2.7335026686614583e-08,0.0,0.7807333469390869,4.4408698081970215,2.0263655185699463
train,conditioning_real_adv,8696,1,0.0,0.0,0.0,0.0,0.0,0.0,0.0,0.0,0.0,0.0,0.0,0.0,0.0,30.034648895263672,30.034648895263672,2.5686706095484624e-08,0.0,0.0,5.282992839813232,2.3593268394470215
train,conditioning_real_adv,8743,1,1.7404556274414062e-05,1.7404556274414062e-05,1.7404556274414062e-05,1.7404556274414062e-05,1.7404556274414062e-05,1.0,0.0,0.0,0.0,0.0,0.0,0.0,0.0,26.99396324157715,26.99396324157715,1.74304823303828e-05,0.0,0.0,4.548018455505371,2.0371615886688232
train,conditioning_real_adv,8809,1,1.7285346984863281e-06,1.7285346984863281e-06,1.7285346984863281e-06,1.7285346984863281e-06,1.7285346984863281e-06,1.0,0.0,0.0,0.0,0.0,0.0,0.0,0.0,28.087081909179688,28.087081909179688,1.7179797850985778e-06,0.0,0.0,7.894337177276611,2.9720096588134766
train,conditioning_real_adv,8836,1,7.331371307373047e-06,7.331371307373047e-06,7.331371307373047e-06,7.331371307373047e-06,7.331371307373047e-06,1.0,0.0,0.0,0.0,0.0,0.0,0.0,0.0,25.776594161987305,25.776594161987305,7.3466453613946214e-06,0.0,0.0,5.106443881988525,2.180021047592163
train,conditioning_real_adv,8997,1,1.4960765838623047e-05,1.4960765838623047e-05,1.4960765838623047e-05,1.4960765838623047e-05,1.4960765838623047e-05,1.0,0.0,0.0,0.0,0.0,0.0,0.0,0.0,26.714614868164062,26.714614868164062,1.4973808902141172e-05,0.0,0.0,5.280534744262695,2.3612112998962402
train,conditioning_real_adv,9031,1,0.19706827402114868,0.19706827402114868,0.19706827402114868,0.19706827402114868,0.19706827402114868,1.0,0.0,0.0,0.0,0.0,0.0,0.0,0.0,8.808552742004395,8.808552742004395,0.1970682591199875,0.0,0.0,5.279670715332031,2.35895037651062
train,conditioning_real_adv,9073,1,0.0,0.0,0.0,0.0,0.0,0.0,0.0,0.0,0.0,0.0,0.0,0.0,0.0,29.452592849731445,29.452592849731445,2.745406115986504e-12,0.0,0.0,4.843760013580322,2.129312753677368
train,conditioning_real_adv,9127,1,-0.5,-0.5,-0.5,-0.5,-0.5,0.0,0.0,0.0,0.0,0.0,0.0,1.0,1.0,30.445987701416016,30.445987701416016,7.990442085770155e-09,0.0,0.5,1.0325195789337158,0.8880842924118042
train,conditioning_real_adv,9144,1,0.00013887882232666016,0.00013887882232666016,0.00013887882232666016,0.00013887882232666016,0.00013887882232666016,1.0,0.0,0.0,0.0,0.0,0.0,0.0,0.0,17.872514724731445,17.872514724731445,0.0001388869568472728,0.0,0.0,5.284334659576416,2.35990309715271
train,conditioning_real_adv,9158,1,4.0531158447265625e-06,4.0531158447265625e-06,4.0531158447265625e-06,4.0531158447265625e-06,4.0531158447265625e-06,1.0,0.0,0.0,0.0,0.0,0.0,0.0,0.0,26.131895065307617,26.131895065307617,4.04211596105597e-06,0.0,0.0,4.274160385131836,1.9798827171325684
train,conditioning_real_adv,9201,1,-0.5,-0.5,-0.5,-0.5,-0.5,0.0,0.0,0.0,0.0,0.0,0.0,1.0,1.0,25.80729103088379,25.80729103088379,3.1693618840478166e-09,0.0,0.5,0.9780554175376892,0.8912918567657471
train,conditioning_real_adv,9219,1,-0.5,-0.5,-0.5,-0.5,-0.5,0.0,0.0,0.0,0.0,0.0,0.0,1.0,0.0,31.74205207824707,31.74205207824707,4.592408744952259e-11,0.0,0.5,5.771915435791016,2.415440797805786
train,conditioning_real_adv,9234,1,-0.9999997615814209,-0.9999997615814209,-0.9999997615814209,-0.9999997615814209,-0.9999997615814209,0.0,0.0,0.0,0.0,0.0,1.0,0.0,0.0,24.357942581176758,24.357942581176758,2.2107487041012064e-07,0.0,1.0,5.340269565582275,2.2723782062530518
train,conditioning_real_adv,9298,1,-1.0,-1.0,-1.0,-1.0,-1.0,0.0,0.0,0.0,0.0,0.0,0.0,1.0,0.0,19.944597244262695,19.944597244262695,2.5399143851245753e-05,0.0,1.4248332977294922,5.655812740325928,2.4004039764404297
train,conditioning_real_adv,9324,1,5.960464477539063e-08,5.960464477539063e-08,5.960464477539063e-08,5.960464477539063e-08,5.960464477539063e-08,1.0,0.0,0.0,0.0,0.0,0.0,0.0,0.0,4.475681304931641,4.475681304931641,8.605954349150124e-08,0.0,0.0,4.61663818359375,2.101184368133545
train,conditioning_real_adv,9338,1,2.574920654296875e-05,2.574920654296875e-05,2.574920654296875e-05,2.574920654296875e-05,2.574920654296875e-05,1.0,0.0,0.0,0.0,0.0,0.0,0.0,0.0,21.873498916625977,21.873498916625977,2.5749839551281184e-05,0.0,0.0,4.59153413772583,2.0793704986572266
train,conditioning_real_adv,9343,1,-0.5,-0.5,-0.5,-0.5,-0.5,0.0,0.0,0.0,0.0,0.0,0.0,1.0,0.0,30.979612350463867,30.979612350463867,3.6819403081977953e-09,0.0,0.5,5.276793003082275,2.356687545776367
train,conditioning_real_adv,9359,1,0.008177995681762695,0.008177995681762695,0.008177995681762695,0.008177995681762695,0.008177995681762695,1.0,0.0,0.0,0.0,0.0,0.0,0.0,0.0,15.15255069732666,15.15255069732666,0.008177991025149822,0.0,0.0,5.914504528045654,2.4916746616363525
train,conditioning_real_adv,9390,1,2.104043960571289e-05,2.104043960571289e-05,2.104043960571289e-05,2.104043960571289e-05,2.104043960571289e-05,1.0,0.0,0.0,0.0,0.0,0.0,0.0,0.0,27.382266998291016,27.382266998291016,2.1056866899016313e-05,0.0,0.0,6.04581356048584,2.522005796432495
train,conditioning_real_adv,9547,1,-0.4999998211860657,-0.4999998211860657,-0.4999998211860657,-0.4999998211860657,-0.4999998211860657,0.0,0.0,0.0,0.0,0.0,0.0,1.0,0.0,31.000085830688477,31.000085830688477,1.5579712453472894e-07,0.0,0.5,4.668300628662109,2.055164337158203
train,conditioning_real_adv,9591,1,-0.5,-0.5,-0.5,-0.5,-0.5,0.0,0.0,0.0,0.0,0.0,0.0,1.0,0.0,30.13910675048828,30.13910675048828,5.916340334310988e-11,0.0,0.5,4.705938339233398,2.0779662132263184
train,conditioning_real_adv,9628,1,-1.0,-1.0,-1.0,-1.0,-1.0,0.0,0.0,0.0,0.0,0.0,0.0,1.0,0.0,33.2136116027832,33.2136116027832,4.351450311190774e-09,0.0,1.3154144287109375,5.939569473266602,2.5219693183898926
train,conditioning_real_adv,9631,1,0.00012195110321044922,0.00012195110321044922,0.00012195110321044922,0.00012195110321044922,0.00012195110321044922,1.0,0.0,0.0,0.0,0.0,0.0,0.0,0.0,23.57565689086914,23.57565689086914,0.00012194423470646143,0.0,0.0,7.571653842926025,2.9753305912017822
train,conditioning_real_adv,9666,1,-1.0,-1.0,-1.0,-1.0,-1.0,0.0,0.0,0.0,0.0,0.0,1.0,1.0,0.0,31.665102005004883,31.665102005004883,4.4077796701458283e-07,0.0,1.5,4.721529960632324,2.113452196121216
train,conditioning_real_adv,9700,1,2.384185791015625e-07,2.384185791015625e-07,2.384185791015625e-07,2.384185791015625e-07,2.384185791015625e-07,1.0,0.0,0.0,0.0,0.0,0.0,0.0,0.0,30.503446578979492,30.503446578979492,2.1797796989631024e-07,0.0,0.0,5.2789788246154785,2.3577699661254883
train,conditioning_real_adv,9723,1,0.0,0.0,0.0,0.0,0.0,0.0,0.0,0.0,0.0,0.0,0.0,0.0,0.0,32.29080581665039,32.29080581665039,5.500165656258105e-09,0.0,0.0,5.583959579467773,2.447208881378174
train,conditioning_real_adv,9725,1,1.6689300537109375e-06,1.6689300537109375e-06,1.6689300537109375e-06,1.6689300537109375e-06,1.6689300537109375e-06,1.0,0.0,0.0,0.0,0.0,0.0,0.0,0.0,29.056543350219727,29.056543350219727,1.6945394918366219e-06,0.0,0.0,4.3988823890686035,2.047091007232666
train,conditioning_real_adv,9753,1,-1.0,-1.0,-1.0,-1.0,-1.0,0.0,0.0,0.0,0.0,0.0,1.0,1.0,0.0,37.71592712402344,37.71592712402344,3.005651727505665e-09,0.0,1.5,4.533929347991943,2.066009998321533
train,conditioning_real_adv,9792,1,-0.4999987483024597,-0.4999987483024597,-0.4999987483024597,-0.4999987483024597,-0.4999987483024597,0.0,0.0,0.0,0.0,0.0,0.0,1.0,0.0,27.042203903198242,27.042203903198242,1.2584355317812879e-06,0.0,0.5,4.521894931793213,2.079835891723633
train,conditioning_real_adv,9800,1,-0.49999964237213135,-0.49999964237213135,-0.49999964237213135,-0.49999964237213135,-0.49999964237213135,0.0,0.0,0.0,0.0,0.0,0.0,1.0,0.0,28.364046096801758,28.364046096801758,3.6060990282749117e-07,0.0,0.5,5.226405620574951,2.2454004287719727
train,conditioning_real_adv,9897,1,0.0003641843795776367,0.0003641843795776367,0.0003641843795776367,0.0003641843795776367,0.0003641843795776367,1.0,0.0,0.0,0.0,0.0,0.0,0.0,0.0,16.804553985595703,16.804553985595703,0.00036418033414520323,0.0,0.0,4.328798294067383,2.0483741760253906
train,conditioning_real_adv,9917,1,4.172325134277344e-07,4.172325134277344e-07,4.172325134277344e-07,4.172325134277344e-07,4.172325134277344e-07,1.0,0.0,0.0,0.0,0.0,0.0,0.0,0.0,30.322233200073242,30.322233200073242,4.4643502405961044e-07,0.0,0.0,4.686712741851807,2.1544508934020996
train,conditioning_real_adv,9920,1,-0.5,-0.5,-0.5,-0.5,-0.5,0.0,0.0,0.0,0.0,0.0,0.0,1.0,0.0,36.060604095458984,36.060604095458984,6.813319353149438e-11,0.0,0.5,5.282226085662842,2.3598341941833496
train,conditioning_real_adv,10054,1,0.0,0.0,0.0,0.0,0.0,0.0,0.0,0.0,0.0,0.0,0.0,0.0,1.0,24.21450424194336,24.21450424194336,1.7156420598421485e-13,0.0,0.0,0.93521648645401,0.8899062871932983
train,conditioning_real_adv,10079,1,0.33223527669906616,0.33223527669906616,0.33223527669906616,0.33223527669906616,0.33223527669906616,1.0,1.0,0.0,0.0,0.0,0.0,0.0,0.0,7.395265579223633,7.395265579223633,0.33223527669906616,0.0,0.0,4.278266906738281,1.976631760597229
train,conditioning_real_adv,10084,1,0.0008985996246337891,0.0008985996246337891,0.0008985996246337891,0.0008985996246337891,0.0008985996246337891,1.0,0.0,0.0,0.0,0.0,0.0,0.0,0.0,15.027871131896973,15.027871131896973,0.0008985752356238663,0.0,0.0,4.620117664337158,2.159327745437622
train,conditioning_real_adv,10121,1,-0.5,-0.5,-0.5,-0.5,-0.5,0.0,0.0,0.0,0.0,0.0,0.0,1.0,0.0,35.064247131347656,35.064247131347656,4.0710110282837775e-10,0.0,0.5,4.72609806060791,2.0701699256896973
train,conditioning_real_adv,10201,1,-1.0,-1.0,-1.0,-1.0,-1.0,0.0,0.0,0.0,0.0,0.0,1.0,1.0,0.0,24.07356834411621,24.07356834411621,1.660534394432034e-07,0.0,1.5,4.942145824432373,2.1908931732177734
train,conditioning_real_adv,10217,1,-1.0,-1.0,-1.0,-1.0,-1.0,0.0,0.0,0.0,0.0,0.0,1.0,1.0,0.0,28.953819274902344,28.953819274902344,4.761899958793947e-07,0.0,1.5,4.380688190460205,2.0116326808929443
train,conditioning_real_adv,10233,1,0.0003038644790649414,0.0003038644790649414,0.0003038644790649414,0.0003038644790649414,0.0003038644790649414,1.0,0.0,0.0,0.0,0.0,0.0,0.0,0.0,22.195009231567383,22.195009231567383,0.000303890323266387,0.0,0.0,4.541125774383545,2.093780040740967
train,conditioning_real_adv,10238,1,0.06454169750213623,0.06454169750213623,0.06454169750213623,0.06454169750213623,0.06454169750213623,1.0,0.0,0.0,0.0,0.0,0.0,0.0,0.0,3.6795427799224854,3.6795427799224854,0.06454172730445862,0.0,0.0,5.2815680503845215,2.35872220993042
train,conditioning_real_adv,10250,1,0.0,0.0,0.0,0.0,0.0,0.0,0.0,0.0,0.0,0.0,0.0,0.0,0.0,34.041107177734375,34.041107177734375,1.9841614440533977e-18,0.0,0.0,5.074734687805176,2.1592581272125244
train,conditioning_real_adv,10293,1,-1.0,-1.0,-1.0,-1.0,-1.0,0.0,0.0,0.0,0.0,0.0,1.0,1.0,0.0,23.542505264282227,23.542505264282227,7.470092441508314e-06,0.0,1.5,4.422270774841309,1.9900388717651367
train,conditioning_real_adv,10334,1,4.267692565917969e-05,4.267692565917969e-05,4.267692565917969e-05,4.267692565917969e-05,4.267692565917969e-05,1.0,0.0,0.0,0.0,0.0,0.0,0.0,0.0,25.970808029174805,25.970808029174805,4.266536780050956e-05,0.0,0.0,4.510316848754883,2.0536556243896484
train,conditioning_real_adv,10368,1,-0.9999329447746277,-0.9999329447746277,-0.9999329447746277,-0.9999329447746277,-0.9999329447746277,0.0,0.0,0.0,0.0,0.0,1.0,0.0,0.0,23.569665908813477,23.569665908813477,6.708260480081663e-05,0.0,1.0,4.833110809326172,2.1520676612854004
train,conditioning_real_adv,10490,1,-0.9384393692016602,-0.9384393692016602,-0.9384393692016602,-0.9384393692016602,-0.9384393692016602,0.0,0.0,0.0,0.0,0.0,0.0,1.0,0.0,20.55655288696289,20.55655288696289,3.838536954958727e-08,0.0,0.9384394288063049,4.72795295715332,2.11395525932312
train,conditioning_real_adv,10530,1,-1.0,-1.0,-1.0,-1.0,-1.0,0.0,0.0,0.0,0.0,0.0,1.0,1.0,0.0,44.659610748291016,44.659610748291016,5.3753693390976715e-14,0.0,1.5,4.708266258239746,2.135918378829956
train,conditioning_real_adv,10613,1,0.002885103225708008,0.002885103225708008,0.002885103225708008,0.002885103225708008,0.002885103225708008,1.0,0.0,0.0,0.0,0.0,0.0,0.0,0.0,17.689130783081055,17.689130783081055,0.0028851237148046494,0.0,0.0,4.768859386444092,2.1119258403778076
train,conditioning_real_adv,10673,1,0.00039398670196533203,0.00039398670196533203,0.00039398670196533203,0.00039398670196533203,0.00039398670196533203,1.0,0.0,0.0,0.0,0.0,0.0,0.0,0.0,16.969785690307617,16.969785690307617,0.0003939666785299778,0.0,0.0,5.279837608337402,2.3590402603149414
train,conditioning_real_adv,10718,1,-1.0,-1.0,-1.0,-1.0,-1.0,0.0,0.0,0.0,0.0,0.0,1.0,1.0,0.0,18.30925750732422,18.30925750732422,4.773692853632383e-05,0.0,1.5,12.3598051071167,3.099135398864746
train,conditioning_real_adv,10734,1,-1.0,-1.0,-1.0,-1.0,-1.0,0.0,0.0,0.0,0.0,0.0,1.0,1.0,0.0,26.607192993164062,26.607192993164062,1.899114613479469e-05,0.0,1.5,4.7154669761657715,2.1326537132263184
train,conditioning_real_adv,10738,1,-0.4999997019767761,-0.4999997019767761,-0.4999997019767761,-0.4999997019767761,-0.4999997019767761,0.0,0.0,0.0,0.0,0.0,0.0,1.0,0.0,24.438505172729492,24.438505172729492,3.235888925701147e-07,0.0,0.5,5.292150497436523,2.3235836029052734
train,conditioning_real_adv,10857,1,-1.0,-1.0,-1.0,-1.0,-1.0,0.0,0.0,0.0,0.0,1.0,1.0,1.0,0.0,21.118818283081055,21.118818283081055,5.2892303870066826e-08,0.0,1.5,5.731537818908691,2.4145615100860596
train,conditioning_real_adv,10915,1,-0.5,-0.5,-0.5,-0.5,-0.5,0.0,0.0,0.0,0.0,0.0,0.0,1.0,0.0,33.42862319946289,33.42862319946289,1.1013053802244599e-09,0.0,0.5,4.900058746337891,2.148059606552124
train,conditioning_real_adv,10917,1,-1.0,-1.0,-1.0,-1.0,-1.0,0.0,0.0,0.0,0.0,0.0,1.0,1.0,1.0,30.9270076751709,30.9270076751709,5.3357311458057666e-08,0.0,1.5,1.0068755149841309,0.8965336680412292
train,conditioning_real_adv,11026,1,-0.5,-0.5,-0.5,-0.5,-0.5,0.0,0.0,0.0,0.0,0.0,0.0,1.0,0.0,37.759952545166016,37.759952545166016,6.390163509450986e-09,0.0,0.5,4.56215238571167,2.120526075363159
train,conditioning_real_adv,11103,1,0.00020170211791992188,0.00020170211791992188,0.00020170211791992188,0.00020170211791992188,0.00020170211791992188,1.0,0.0,0.0,0.0,0.0,0.0,0.0,0.0,19.577844619750977,19.577844619750977,0.00020170198695268482,0.0,0.0,5.283736228942871,2.3569705486297607
train,conditioning_real_adv,11172,1,-1.0,-1.0,-1.0,-1.0,-1.0,0.0,0.0,0.0,0.0,0.0,1.0,1.0,0.0,31.92011070251465,31.92011070251465,6.4242122732594e-09,0.0,1.5,4.410349369049072,2.0464909076690674
train,conditioning_real_adv,11231,1,0.0,0.0,0.0,0.0,0.0,0.0,0.0,0.0,0.0,0.0,0.0,0.0,0.0,14.018925666809082,14.018925666809082,5.105418865447575e-10,0.0,0.0,5.28278923034668,2.356142997741699
train,conditioning_real_adv,11309,1,-1.0,-1.0,-1.0,-1.0,-1.0,0.0,0.0,0.0,0.0,0.0,1.0,0.0,0.0,27.938339233398438,27.938339233398438,2.0501373043657622e-08,0.0,1.0,4.576117992401123,2.1317739486694336
train,conditioning_real_adv,11362,1,-0.09658306837081909,-0.09658306837081909,-0.09658306837081909,-0.09658306837081909,-0.09658306837081909,0.0,0.0,0.0,0.0,0.0,0.0,1.0,0.0,6.782494068145752,6.782494068145752,0.4034169316291809,0.0,0.5,4.700005054473877,2.11403226852417
train,conditioning_real_adv,11451,1,-1.0,-1.0,-1.0,-1.0,-1.0,0.0,0.0,0.0,0.0,0.0,1.0,1.0,0.0,28.18828773498535,28.18828773498535,7.53495754679534e-09,0.0,1.5,4.838804721832275,2.141167163848877
train,conditioning_real_adv,11456,1,0.0003827810287475586,0.0003827810287475586,0.0003827810287475586,0.0003827810287475586,0.0003827810287475586,1.0,0.0,0.0,0.0,0.0,0.0,0.0,0.0,21.716266632080078,21.716266632080078,0.0003827775362879038,0.0,0.0,4.598305702209473,2.0563361644744873
train,conditioning_real_adv,11659,1,0.0,0.0,0.0,0.0,0.0,0.0,0.0,0.0,0.0,0.0,0.0,0.0,0.0,27.598270416259766,27.598270416259766,2.0139267857544052e-12,0.0,0.0,4.768930435180664,2.150257110595703
train,conditioning_real_adv,11684,1,-0.6463334560394287,-0.6463334560394287,-0.6463334560394287,-0.6463334560394287,-0.6463334560394287,0.0,0.0,0.0,0.0,0.0,0.0,1.0,0.0,35.53807830810547,35.53807830810547,4.109556583919982e-10,0.0,0.6463334560394287,5.277622699737549,2.357053518295288
train,conditioning_real_adv,11769,1,0.0005789995193481445,0.0005789995193481445,0.0005789995193481445,0.0005789995193481445,0.0005789995193481445,1.0,0.0,0.0,0.0,0.0,0.0,0.0,0.0,20.72212028503418,20.72212028503418,0.0005790209979750216,0.0,0.0,4.504001617431641,2.0443949699401855
train,conditioning_real_adv,11817,1,0.06018519401550293,0.06018519401550293,0.06018519401550293,0.06018519401550293,0.06018519401550293,1.0,0.0,0.0,0.0,0.0,0.0,0.0,0.0,11.492918014526367,11.492918014526367,0.06018518656492233,0.0,0.0,5.722316741943359,2.434519052505493
train,conditioning_real_adv,11821,1,-1.0,-1.0,-1.0,-1.0,-1.0,0.0,0.0,0.0,0.0,0.0,1.0,1.0,0.0,32.392127990722656,32.392127990722656,8.202242773869273e-10,0.0,1.5,4.5983405113220215,2.0885250568389893
train,conditioning_real_adv,11925,1,-1.0,-1.0,-1.0,-1.0,-1.0,0.0,0.0,0.0,0.0,0.0,1.0,1.0,0.0,22.56293296813965,22.56293296813965,6.859963264105318e-08,0.0,1.5,4.075757026672363,1.9629580974578857
train,conditioning_real_adv,11942,1,1.33514404296875e-05,1.33514404296875e-05,1.33514404296875e-05,1.33514404296875e-05,1.33514404296875e-05,1.0,0.0,0.0,0.0,0.0,0.0,0.0,0.0,28.07284164428711,28.07284164428711,1.3347518688533455e-05,0.0,0.0,4.6329450607299805,2.100044012069702
train,conditioning_real_adv,12050,1,0.0,0.0,0.0,0.0,0.0,0.0,0.0,0.0,0.0,0.0,0.0,0.0,0.0,25.99205207824707,25.99205207824707,1.771950739444756e-18,0.0,0.0,4.719196796417236,2.0444653034210205
train,conditioning_real_adv,12054,1,0.0,0.0,0.0,0.0,0.0,0.0,0.0,0.0,0.0,0.0,0.0,0.0,0.0,30.51732063293457,30.51732063293457,6.382036565888427e-10,0.0,0.0,5.369718551635742,2.3200676441192627
train,conditioning_real_adv,12061,1,-0.4999983310699463,-0.4999983310699463,-0.4999983310699463,-0.4999983310699463,-0.4999983310699463,0.0,0.0,0.0,0.0,0.0,0.0,1.0,0.0,26.278099060058594,26.278099060058594,1.69443080721976e-06,0.0,0.5,5.2755327224731445,2.354630708694458
train,conditioning_real_adv,12122,1,0.0073119401931762695,0.0073119401931762695,0.0073119401931762695,0.0073119401931762695,0.0073119401931762695,1.0,0.0,0.0,0.0,0.0,0.0,0.0,0.0,12.444661140441895,12.444661140441895,0.007311937864869833,0.0,0.0,8.659045219421387,3.018951892852783
train,conditioning_real_adv,12149,1,-1.0,-1.0,-1.0,-1.0,-1.0,0.0,0.0,0.0,0.0,0.0,1.0,1.0,0.0,36.078243255615234,36.078243255615234,8.224759207031695e-10,0.0,1.5,4.584394454956055,2.109428882598877
train,conditioning_real_adv,12154,1,0.003959774971008301,0.003959774971008301,0.003959774971008301,0.003959774971008301,0.003959774971008301,1.0,0.0,0.0,0.0,0.0,0.0,0.0,0.0,16.941158294677734,16.941158294677734,0.003959803842008114,0.0,0.0,5.149948596954346,2.2451529502868652
train,conditioning_real_adv,12237,1,0.0005082488059997559,0.0005082488059997559,0.0005082488059997559,0.0005082488059997559,0.0005082488059997559,1.0,0.0,0.0,0.0,0.0,0.0,0.0,0.0,21.082754135131836,21.082754135131836,0.0005082639399915934,0.0,0.0,6.0098466873168945,2.4491567611694336
train,conditioning_real_adv,12239,1,0.0002334117889404297,0.0002334117889404297,0.0002334117889404297,0.0002334117889404297,0.0002334117889404297,1.0,0.0,0.0,0.0,0.0,0.0,0.0,0.0,22.72437858581543,22.72437858581543,0.00023339243489317596,0.0,0.0,4.648312568664551,2.09140682220459
train,conditioning_real_adv,12243,1,0.0,0.0,0.0,0.0,0.0,0.0,0.0,0.0,0.0,0.0,0.0,0.0,0.0,33.78022384643555,33.78022384643555,0.0,0.0,0.0,4.541751861572266,2.03676438331604
train,conditioning_real_adv,12254,1,0.0,0.0,0.0,0.0,0.0,0.0,0.0,0.0,0.0,0.0,0.0,0.0,0.0,25.789331436157227,25.789331436157227,1.6379406719835288e-09,0.0,0.0,4.416800022125244,2.052212715148926
train,conditioning_real_adv,12306,1,-0.5,-0.5,-0.5,-0.5,-0.5,0.0,0.0,0.0,0.0,0.0,0.0,1.0,0.0,33.264434814453125,33.264434814453125,2.319883618540075e-09,0.0,0.5,5.270251750946045,2.358924388885498
train,conditioning_real_adv,12320,1,-1.0,-1.0,-1.0,-1.0,-1.0,0.0,0.0,0.0,0.0,0.0,1.0,1.0,0.0,35.475643157958984,35.475643157958984,2.0642151099536932e-08,0.0,1.5,4.194325923919678,1.9512929916381836
train,conditioning_real_adv,12354,1,-1.0,-1.0,-1.0,-1.0,-1.0,0.0,0.0,0.0,0.0,0.0,1.0,1.0,0.0,39.14731979370117,39.14731979370117,1.0102969849601351e-10,0.0,1.5,4.436534881591797,2.0324432849884033
train,conditioning_real_adv,12394,1,0.0,0.0,0.0,0.0,0.0,0.0,0.0,0.0,0.0,0.0,0.0,0.0,0.0,29.633371353149414,29.633371353149414,5.220870393993216e-13,0.0,0.0,4.673949718475342,2.1094555854797363
train,conditioning_real_adv,12411,1,-0.5,-0.5,-0.5,-0.5,-0.5,0.0,0.0,0.0,0.0,0.0,0.0,1.0,0.0,28.94187355041504,28.94187355041504,2.977988078356475e-09,0.0,0.5,4.737506866455078,2.1782495975494385
train,conditioning_real_adv,12460,1,-1.0,-1.0,-1.0,-1.0,-1.0,0.0,0.0,0.0,0.0,0.0,1.0,1.0,0.0,39.90118408203125,39.90118408203125,1.5286609478248891e-10,0.0,1.5,4.564776420593262,2.080815076828003
train,conditioning_real_adv,12476,1,2.384185791015625e-07,2.384185791015625e-07,2.384185791015625e-07,2.384185791015625e-07,2.384185791015625e-07,1.0,0.0,0.0,0.0,0.0,0.0,0.0,0.0,31.523740768432617,31.523740768432617,2.3811838900655857e-07,0.0,0.0,4.943014621734619,2.1668343544006348
train,conditioning_real_adv,12481,1,-1.0,-1.0,-1.0,-1.0,-1.0,0.0,0.0,0.0,0.0,0.0,1.0,1.0,0.0,40.024620056152344,40.024620056152344,1.6656127865832815e-10,0.0,1.5,4.887081623077393,2.1385724544525146
train,conditioning_real_adv,12483,1,-1.0,-1.0,-1.0,-1.0,-1.0,0.0,0.0,0.0,0.0,0.0,1.0,1.0,0.0,25.157236099243164,25.157236099243164,1.8201411876361817e-05,0.0,1.5,5.276802062988281,2.3589324951171875
train,conditioning_real_adv,12521,1,0.0,0.0,0.0,0.0,0.0,0.0,0.0,0.0,0.0,0.0,0.0,0.0,0.0,25.972021102905273,25.972021102905273,0.0,0.0,0.0,4.937722682952881,2.218416690826416
train,conditioning_real_adv,12530,1,2.2351741790771484e-05,2.2351741790771484e-05,2.2351741790771484e-05,2.2351741790771484e-05,2.2351741790771484e-05,1.0,0.0,0.0,0.0,0.0,0.0,0.0,0.0,24.32895851135254,24.32895851135254,2.2330370484269224e-05,0.0,0.0,4.848555088043213,2.1479439735412598
train,conditioning_real_adv,12579,1,5.960464477539062e-07,5.960464477539062e-07,5.960464477539062e-07,5.960464477539062e-07,5.960464477539062e-07,1.0,0.0,0.0,0.0,0.0,0.0,0.0,0.0,31.42707633972168,31.42707633972168,6.009440198795346e-07,0.0,0.0,4.199990272521973,2.006655693054199
train,conditioning_real_adv,12603,1,0.0,0.0,0.0,0.0,0.0,0.0,0.0,0.0,0.0,0.0,0.0,0.0,1.0,31.62370491027832,31.62370491027832,8.731885436930042e-09,0.0,0.0,0.9256473183631897,0.8605136871337891
train,conditioning_real_adv,12638,1,0.0,0.0,0.0,0.0,0.0,0.0,0.0,0.0,0.0,0.0,0.0,0.0,0.0,37.611061096191406,37.611061096191406,0.0,0.0,0.0,4.7723188400268555,2.093492031097412
train,conditioning_real_adv,12752,1,-0.9999999403953552,-0.9999999403953552,-0.9999999403953552,-0.9999999403953552,-0.9999999403953552,0.0,0.0,0.0,0.0,0.0,1.0,0.0,0.0,34.643280029296875,34.643280029296875,3.438753282125617e-08,0.0,1.0,4.996211051940918,2.1893420219421387
train,conditioning_real_adv,12777,1,0.0002034306526184082,0.0002034306526184082,0.0002034306526184082,0.0002034306526184082,0.0002034306526184082,1.0,0.0,0.0,0.0,0.0,0.0,0.0,0.0,22.996723175048828,22.996723175048828,0.00020341237541288137,0.0,0.0,5.021985054016113,2.1615216732025146
train,conditioning_real_adv,12847,1,0.0,0.0,0.0,0.0,0.0,0.0,0.0,0.0,0.0,0.0,0.0,0.0,0.0,37.50153732299805,37.50153732299805,3.136527496061525e-11,0.0,0.0,5.27787971496582,2.3584108352661133
train,conditioning_real_adv,12857,1,1.3709068298339844e-06,1.3709068298339844e-06,1.3709068298339844e-06,1.3709068298339844e-06,1.3709068298339844e-06,1.0,0.0,0.0,0.0,0.0,0.0,0.0,0.0,27.47830581665039,27.47830581665039,1.3575495358963963e-06,0.0,0.0,4.624945640563965,2.1291847229003906
train,conditioning_real_adv,12974,1,0.0019808411598205566,0.0019808411598205566,0.0019808411598205566,0.0019808411598205566,0.0019808411598205566,1.0,0.0,0.0,0.0,0.0,0.0,0.0,0.0,18.44449806213379,18.44449806213379,0.001980818575248122,0.0,0.0,4.701536178588867,2.1485419273376465
train,conditioning_real_adv,12978,1,1.7881393432617188e-07,1.7881393432617188e-07,1.7881393432617188e-07,1.7881393432617188e-07,1.7881393432617188e-07,1.0,0.0,0.0,0.0,0.0,0.0,0.0,0.0,29.150209426879883,29.150209426879883,1.6407508951488126e-07,0.0,0.0,4.478987216949463,2.0661206245422363
train,conditioning_real_adv,13009,1,-1.0,-1.0,-1.0,-1.0,-1.0,0.0,0.0,0.0,0.0,0.0,1.0,0.0,1.0,38.363548278808594,38.363548278808594,3.435632681125789e-11,0.0,1.0,1.8027454614639282,0.8677201271057129
train,conditioning_real_adv,13064,1,-1.0,-1.0,-1.0,-1.0,-1.0,0.0,0.0,0.0,0.0,0.0,1.0,1.0,0.0,32.07791519165039,32.07791519165039,1.337221028352431e-10,0.0,1.5,4.839056015014648,2.1987857818603516
train,conditioning_real_adv,13184,1,-1.0,-1.0,-1.0,-1.0,-1.0,0.0,0.0,0.0,0.0,0.0,1.0,1.0,0.0,32.937625885009766,32.937625885009766,4.763736960455844e-09,0.0,1.5,4.552375793457031,2.0418014526367188
train,conditioning_real_adv,13213,1,1.0132789611816406e-06,1.0132789611816406e-06,1.0132789611816406e-06,1.0132789611816406e-06,1.0132789611816406e-06,1.0,0.0,0.0,0.0,0.0,0.0,0.0,0.0,20.459199905395508,20.459199905395508,1.000587985799939e-06,0.0,0.0,4.718579292297363,2.173582077026367
train,conditioning_real_adv,13217,1,6.9141387939453125e-06,6.9141387939453125e-06,6.9141387939453125e-06,6.9141387939453125e-06,6.9141387939453125e-06,1.0,0.0,0.0,0.0,0.0,0.0,0.0,0.0,24.558956146240234,24.558956146240234,6.900438165757805e-06,0.0,0.0,5.278848648071289,2.358585834503174
train,conditioning_real_adv,13237,1,0.06026250123977661,0.06026250123977661,0.06026250123977661,0.06026250123977661,0.06026250123977661,1.0,0.0,0.0,0.0,0.0,0.0,0.0,0.0,10.814550399780273,10.814550399780273,0.06026248261332512,0.0,0.0,5.867856979370117,2.472853183746338
train,conditioning_real_adv,13317,1,0.03020608425140381,0.03020608425140381,0.03020608425140381,0.03020608425140381,0.03020608425140381,1.0,0.0,0.0,0.0,0.0,0.0,0.0,0.0,8.026129722595215,8.026129722595215,0.03020607866346836,0.0,0.0,5.276782035827637,2.359386682510376
train,conditioning_real_adv,13330,1,-1.0,-1.0,-1.0,-1.0,-1.0,0.0,0.0,0.0,0.0,0.0,1.0,1.0,0.0,38.055419921875,38.055419921875,4.507352269200737e-09,0.0,1.5,4.659561634063721,2.079451084136963
train,conditioning_real_adv,13345,1,-1.0,-1.0,-1.0,-1.0,-1.0,0.0,0.0,0.0,0.0,0.0,1.0,1.0,0.0,36.738590240478516,36.738590240478516,2.20104767745255e-11,0.0,1.5,4.358671188354492,2.028379201889038
train,conditioning_real_adv,13368,1,0.0720488429069519,0.0720488429069519,0.0720488429069519,0.0720488429069519,0.0720488429069519,1.0,0.0,0.0,0.0,0.0,0.0,0.0,0.0,4.55640983581543,4.55640983581543,0.07204882055521011,0.0,0.0,4.760132312774658,2.143707513809204
train,conditioning_real_adv,13386,1,-1.0,-1.0,-1.0,-1.0,-1.0,0.0,0.0,0.0,0.0,0.0,1.0,1.0,0.0,32.38007354736328,32.38007354736328,7.593744300038452e-08,0.0,1.5,5.355130195617676,2.3162755966186523
train,conditioning_real_adv,13400,1,0.0,0.0,0.0,0.0,0.0,0.0,0.0,0.0,0.0,0.0,0.0,0.0,0.0,28.757522583007812,28.757522583007812,3.483344501731267e-09,0.0,0.0,5.853337287902832,2.4546289443969727
train,conditioning_real_adv,13421,1,-0.5019626617431641,-0.5019626617431641,-0.5019626617431641,-0.5019626617431641,-0.5019626617431641,0.0,0.0,0.0,0.0,0.0,0.0,0.0,0.0,25.37230682373047,25.37230682373047,3.9006772567518055e-05,0.0,0.5020016431808472,5.285100936889648,2.3614258766174316
train,conditioning_real_adv,13483,1,-1.0,-1.0,-1.0,-1.0,-1.0,0.0,0.0,0.0,0.0,0.0,1.0,1.0,0.0,30.757007598876953,30.757007598876953,1.2923379033580318e-10,0.0,1.5,4.581454753875732,2.0496256351470947
train,conditioning_real_adv,13507,1,-1.0,-1.0,-1.0,-1.0,-1.0,0.0,0.0,0.0,0.0,0.0,1.0,1.0,0.0,29.48288345336914,29.48288345336914,1.749316780319532e-08,0.0,1.5,4.596559047698975,2.0570802688598633
train,conditioning_real_adv,13581,1,-0.5,-0.5,-0.5,-0.5,-0.5,0.0,0.0,0.0,0.0,0.0,0.0,1.0,0.0,31.159042358398438,31.159042358398438,1.7724886447467725e-08,0.0,0.5,4.362841606140137,1.9631781578063965
train,conditioning_real_adv,13621,1,1.0609626770019531e-05,1.0609626770019531e-05,1.0609626770019531e-05,1.0609626770019531e-05,1.0609626770019531e-05,1.0,0.0,0.0,0.0,0.0,0.0,0.0,0.0,24.229520797729492,24.229520797729492,1.0604985618556384e-05,0.0,0.0,4.331540107727051,1.9893875122070312
train,conditioning_real_adv,13630,1,-1.0,-1.0,-1.0,-1.0,-1.0,0.0,0.0,0.0,0.0,0.0,1.0,1.0,0.0,37.371395111083984,37.371395111083984,1.3164084267103249e-09,0.0,1.5,4.78383207321167,2.1149637699127197
train,conditioning_real_adv,13639,1,0.027859270572662354,0.027859270572662354,0.027859270572662354,0.027859270572662354,0.027859270572662354,1.0,0.0,0.0,0.0,0.0,0.0,0.0,0.0,12.774393081665039,12.774393081665039,0.027859292924404144,0.0,0.0,5.14811372756958,2.2673232555389404
train,conditioning_real_adv,13688,1,-1.0,-1.0,-1.0,-1.0,-1.0,0.0,0.0,0.0,0.0,0.0,1.0,1.0,0.0,33.839115142822266,33.839115142822266,9.650560350848991e-10,0.0,1.5,9.146452903747559,3.10317063331604
train,conditioning_real_adv,13735,1,0.0005356669425964355,0.0005356669425964355,0.0005356669425964355,0.0005356669425964355,0.0005356669425964355,1.0,0.0,0.0,0.0,0.0,0.0,0.0,0.0,21.05193328857422,21.05193328857422,0.0005356596666388214,0.0,0.0,5.278323650360107,2.3559553623199463
train,conditioning_real_adv,13780,1,-1.0,-1.0,-1.0,-1.0,-1.0,0.0,0.0,0.0,0.0,1.0,0.0,0.0,0.0,11.709988594055176,11.709988594055176,0.054423730820417404,0.0,0.0,5.620734691619873,2.4145894050598145
train,conditioning_real_adv,13800,1,-1.0,-1.0,-1.0,-1.0,-1.0,0.0,0.0,0.0,0.0,0.0,1.0,1.0,0.0,28.076936721801758,28.076936721801758,1.9659208289057872e-11,0.0,1.5,4.964259147644043,2.1988208293914795
train,conditioning_real_adv,13989,1,0.00011426210403442383,0.00011426210403442383,0.00011426210403442383,0.00011426210403442383,0.00011426210403442383,1.0,0.0,0.0,0.0,0.0,0.0,0.0,1.0,23.620698928833008,23.620698928833008,0.00011427721619838849,0.0,0.0,0.9303097128868103,0.8646296262741089
train,conditioning_real_adv,13993,1,-1.0,-1.0,-1.0,-1.0,-1.0,0.0,0.0,0.0,0.0,0.0,1.0,1.0,0.0,31.81116485595703,31.81116485595703,4.526462260567854e-10,0.0,1.5,4.597253799438477,2.053183078765869
train,conditioning_real_adv,14103,1,-1.0,-1.0,-1.0,-1.0,-1.0,0.0,0.0,0.0,0.0,0.0,1.0,1.0,0.0,22.750316619873047,22.750316619873047,6.909772309882101e-08,0.0,1.5,4.705395698547363,2.16806960105896
train,conditioning_real_adv,14117,1,3.5762786865234375e-07,3.5762786865234375e-07,3.5762786865234375e-07,3.5762786865234375e-07,3.5762786865234375e-07,1.0,0.0,0.0,0.0,0.0,0.0,0.0,0.0,27.30603790283203,27.30603790283203,3.810210387200641e-07,0.0,0.0,4.446461200714111,2.060051679611206
train,conditioning_real_adv,14137,1,0.00031322240829467773,0.00031322240829467773,0.00031322240829467773,0.00031322240829467773,0.00031322240829467773,1.0,0.0,0.0,0.0,0.0,0.0,0.0,0.0,16.765716552734375,16.765716552734375,0.00031325125019066036,0.0,0.0,4.703795909881592,2.08935809135437
train,conditioning_real_adv,14148,1,-0.6257856488227844,-0.6257856488227844,-0.6257856488227844,-0.6257856488227844,-0.6257856488227844,0.0,0.0,0.0,0.0,0.0,0.0,1.0,0.0,21.74413299560547,21.74413299560547,2.647439067970936e-08,0.0,0.6257856488227844,5.288305282592773,2.3587629795074463
train,conditioning_real_adv,14154,1,-1.0,-1.0,-1.0,-1.0,-1.0,0.0,0.0,0.0,0.0,0.0,1.0,1.0,0.0,36.26802062988281,36.26802062988281,2.3607735232834826e-13,0.0,1.5,4.648303508758545,2.0890321731567383
train,conditioning_real_adv,14237,1,0.2650122046470642,0.2650122046470642,0.2650122046470642,0.2650122046470642,0.2650122046470642,1.0,0.0,0.0,0.0,0.0,0.0,0.0,0.0,6.735730171203613,6.735730171203613,0.2650122046470642,0.0,0.0,5.716921329498291,2.4360835552215576
train,conditioning_real_adv,14287,1,-0.5,-0.5,-0.5,-0.5,-0.5,0.0,0.0,0.0,0.0,0.0,0.0,1.0,0.0,31.00716781616211,31.00716781616211,8.146663205144122e-11,0.0,0.5,4.577256202697754,2.051401138305664
train,conditioning_real_adv,14291,1,-1.0,-1.0,-1.0,-1.0,-1.0,0.0,0.0,0.0,0.0,0.0,1.0,1.0,0.0,22.41173553466797,22.41173553466797,2.1311120690370444e-06,0.0,1.5,4.825463771820068,2.134122371673584
train,conditioning_real_adv,14315,1,-0.49991297721862793,-0.49991297721862793,-0.49991297721862793,-0.49991297721862793,-0.49991297721862793,0.0,0.0,0.0,0.0,0.0,0.0,1.0,0.0,17.632461547851562,17.632461547851562,8.702591003384441e-05,0.0,0.5,9.52178955078125,3.068934917449951
train,conditioning_real_adv,14334,1,0.0028878450393676758,0.0028878450393676758,0.0028878450393676758,0.0028878450393676758,0.0028878450393676758,1.0,0.0,0.0,0.0,0.0,0.0,0.0,1.0,17.685304641723633,17.685304641723633,0.002887820592150092,0.0,0.0,1.8538881540298462,0.8614632487297058
train,conditioning_real_adv,14337,1,8.940696716308594e-07,8.940696716308594e-07,8.940696716308594e-07,8.940696716308594e-07,8.940696716308594e-07,1.0,0.0,0.0,0.0,0.0,0.0,0.0,0.0,26.520463943481445,26.520463943481445,8.889181799531798e-07,0.0,0.0,4.647371768951416,2.129981279373169
train,conditioning_real_adv,14421,1,-1.0,-1.0,-1.0,-1.0,-1.0,0.0,0.0,0.0,0.0,0.0,1.0,1.0,0.0,30.110816955566406,30.110816955566406,2.8506965676911022e-08,0.0,1.5,5.275148868560791,2.3567283153533936
train,conditioning_real_adv,14426,1,1.3113021850585938e-06,1.3113021850585938e-06,1.3113021850585938e-06,1.3113021850585938e-06,1.3113021850585938e-06,1.0,0.0,0.0,0.0,0.0,0.0,0.0,0.0,30.020231246948242,30.020231246948242,1.31072954445699e-06,0.0,0.0,4.696859836578369,2.0836102962493896
train,conditioning_real_adv,14428,1,0.0008744597434997559,0.0008744597434997559,0.0008744597434997559,0.0008744597434997559,0.0008744597434997559,1.0,0.0,0.0,0.0,0.0,0.0,0.0,0.0,13.418608665466309,13.418608665466309,0.0008744878577999771,0.0,0.0,5.283959865570068,2.361663579940796
train,conditioning_real_adv,14448,1,-1.0,-1.0,-1.0,-1.0,-1.0,0.0,0.0,0.0,0.0,0.0,1.0,1.0,0.0,34.12060546875,34.12060546875,2.4850253410590994e-08,0.0,1.5,4.615069389343262,2.0833280086517334
train,conditioning_real_adv,14472,1,-1.0,-1.0,-1.0,-1.0,-1.0,0.0,0.0,0.0,0.0,0.0,1.0,1.0,0.0,34.023475646972656,34.023475646972656,1.7777017358167058e-10,0.0,1.5,4.889871120452881,2.1936187744140625
train,conditioning_real_adv,14481,1,-1.0,-1.0,-1.0,-1.0,-1.0,0.0,0.0,0.0,0.0,0.0,1.0,1.0,0.0,36.39539337158203,36.39539337158203,4.2545572620511507e-10,0.0,1.5,4.236394882202148,1.9746360778808594
train,conditioning_real_adv,14487,1,-0.5,-0.5,-0.5,-0.5,-0.5,0.0,0.0,0.0,0.0,0.0,0.0,1.0,0.0,37.12983322143555,37.12983322143555,8.222568459448354e-11,0.0,0.5,4.74058198928833,2.1770548820495605
train,conditioning_real_adv,14520,1,-1.0,-1.0,-1.0,-1.0,-1.0,0.0,0.0,0.0,0.0,0.0,1.0,1.0,0.0,23.616477966308594,23.616477966308594,2.07701322807452e-09,0.0,1.5,4.632993221282959,2.1189863681793213
train,conditioning_real_adv,14529,1,2.980232238769531e-07,2.980232238769531e-07,2.980232238769531e-07,2.980232238769531e-07,2.980232238769531e-07,1.0,0.0,0.0,0.0,0.0,0.0,0.0,0.0,31.443593978881836,31.443593978881836,3.0103646508905513e-07,0.0,0.0,5.276854515075684,2.3578314781188965
train,conditioning_real_adv,14559,1,0.021758198738098145,0.021758198738098145,0.021758198738098145,0.021758198738098145,0.021758198738098145,1.0,0.0,0.0,0.0,0.0,0.0,0.0,0.0,9.76899242401123,9.76899242401123,0.021758200600743294,0.0,0.0,5.522684097290039,2.36495304107666
train,conditioning_real_adv,14602,1,-1.0,-1.0,-1.0,-1.0,-1.0,0.0,0.0,0.0,0.0,0.0,1.0,1.0,0.0,37.59068298339844,37.59068298339844,2.1895183691285347e-13,0.0,1.5,4.776647567749023,2.168914794921875
train,conditioning_real_adv,14620,1,2.3245811462402344e-06,2.3245811462402344e-06,2.3245811462402344e-06,2.3245811462402344e-06,2.3245811462402344e-06,1.0,0.0,0.0,0.0,0.0,0.0,0.0,0.0,25.93780517578125,25.93780517578125,2.297402261319803e-06,0.0,0.0,4.540168762207031,2.0361127853393555
train,conditioning_real_adv,14751,1,0.004086613655090332,0.004086613655090332,0.004086613655090332,0.004086613655090332,0.004086613655090332,1.0,0.0,0.0,0.0,0.0,0.0,0.0,0.0,16.657344818115234,16.657344818115234,0.004086595494300127,0.0,0.0,4.733048439025879,2.0736796855926514
train,conditioning_real_adv,14856,1,-1.0,-1.0,-1.0,-1.0,-1.0,0.0,0.0,0.0,0.0,0.0,1.0,1.0,0.0,21.9758243560791,21.9758243560791,4.685920066549443e-05,0.0,1.5,4.524306297302246,2.091463327407837
train,conditioning_real_adv,15044,1,0.12772423028945923,0.12772423028945923,0.12772423028945923,0.12772423028945923,0.12772423028945923,1.0,0.0,0.0,0.0,0.0,0.0,0.0,0.0,3.64451003074646,3.64451003074646,0.12772423028945923,0.0,0.0,4.612917423248291,2.121340751647949
train,conditioning_real_adv,15050,1,0.0007752776145935059,0.0007752776145935059,0.0007752776145935059,0.0007752776145935059,0.0007752776145935059,1.0,0.0,0.0,0.0,0.0,0.0,0.0,0.0,17.8023624420166,17.8023624420166,0.0007753001991659403,0.0,0.0,4.566179275512695,2.068695545196533
train,conditioning_real_adv,15105,1,-0.5,-0.5,-0.5,-0.5,-0.5,0.0,0.0,0.0,0.0,0.0,0.0,1.0,0.0,29.227802276611328,29.227802276611328,6.73681666008008e-11,0.0,0.5,5.2790303230285645,2.3567733764648438
train,conditioning_real_adv,15190,1,-1.0,-1.0,-1.0,-1.0,-1.0,0.0,0.0,0.0,0.0,0.0,1.0,1.0,0.0,37.40088653564453,37.40088653564453,2.564387036052551e-10,0.0,1.5,5.0099945068359375,2.2140533924102783
train,conditioning_real_adv,15228,1,9.5367431640625e-07,9.5367431640625e-07,9.5367431640625e-07,9.5367431640625e-07,9.5367431640625e-07,1.0,0.0,0.0,0.0,0.0,0.0,0.0,0.0,30.611053466796875,30.611053466796875,9.35601008222875e-07,0.0,0.0,4.641482830047607,2.073333501815796
train,conditioning_real_adv,15260,1,0.003244161605834961,0.003244161605834961,0.003244161605834961,0.003244161605834961,0.003244161605834961,1.0,0.0,0.0,0.0,0.0,0.0,0.0,0.0,17.358686447143555,17.358686447143555,0.0032441525254398584,0.0,0.0,5.7016143798828125,2.4136929512023926
train,conditioning_real_adv,15274,1,5.960464477539063e-08,5.960464477539063e-08,5.960464477539063e-08,5.960464477539063e-08,5.960464477539063e-08,1.0,0.0,0.0,0.0,0.0,0.0,0.0,0.0,31.266185760498047,31.266185760498047,3.010639915146385e-08,0.0,0.0,4.866932392120361,2.1891279220581055
train,conditioning_real_adv,15307,1,-0.9999999403953552,-0.9999999403953552,-0.9999999403953552,-0.9999999403953552,-0.9999999403953552,0.0,0.0,0.0,0.0,0.0,1.0,0.0,0.0,28.885801315307617,28.885801315307617,3.332637277253525e-08,0.0,1.0,4.5468525886535645,2.0426185131073
train,conditioning_real_adv,15309,1,-0.08414895832538605,-0.08414895832538605,-0.08414895832538605,-0.08414895832538605,-0.08414895832538605,0.0,0.0,0.0,0.0,0.0,0.0,0.0,0.0,31.079326629638672,31.079326629638672,8.576393817349981e-09,0.0,0.08414895832538605,4.1275506019592285,1.9569215774536133
train,conditioning_real_adv,15337,1,5.364418029785156e-07,5.364418029785156e-07,5.364418029785156e-07,5.364418029785156e-07,5.364418029785156e-07,1.0,0.0,0.0,0.0,0.0,0.0,0.0,0.0,29.95871925354004,29.95871925354004,5.19163847911841e-07,0.0,0.0,4.656400680541992,2.0896501541137695
train,conditioning_real_adv,15433,1,0.03843635320663452,0.03843635320663452,0.03843635320663452,0.03843635320663452,0.03843635320663452,1.0,0.0,0.0,0.0,0.0,0.0,0.0,0.0,12.439114570617676,12.439114570617676,0.03843633830547333,0.0,0.0,5.281828880310059,2.3620030879974365
train,conditioning_real_adv,15509,1,-0.9453664422035217,-0.9453664422035217,-0.9453664422035217,-0.9453664422035217,-0.9453664422035217,0.0,0.0,0.0,0.0,0.0,0.0,0.0,0.0,25.12562370300293,25.12562370300293,5.5682236599352564e-11,0.0,0.9453664422035217,4.895608425140381,2.246767520904541
train,conditioning_real_adv,15637,1,-1.0,-1.0,-1.0,-1.0,-1.0,0.0,0.0,0.0,0.0,0.0,1.0,1.0,0.0,26.27630615234375,26.27630615234375,1.3391701259024558e-06,0.0,1.5,4.569908142089844,2.1246178150177
train,conditioning_real_adv,15659,1,-1.0,-1.0,-1.0,-1.0,-1.0,0.0,0.0,0.0,0.0,0.0,1.0,1.0,0.0,28.40850257873535,28.40850257873535,1.1820464607126269e-07,0.0,1.5,4.389580249786377,2.0383877754211426
train,conditioning_real_adv,15690,1,-1.0,-1.0,-1.0,-1.0,-1.0,0.0,0.0,0.0,0.0,1.0,1.0,1.0,0.0,38.365318298339844,38.365318298339844,2.7147393222293204e-09,0.0,1.5,5.685061931610107,2.392120122909546
train,conditioning_real_adv,15709,1,-0.5,-0.5,-0.5,-0.5,-0.5,0.0,0.0,0.0,0.0,0.0,0.0,1.0,0.0,31.492151260375977,31.492151260375977,4.683142437213184e-13,0.0,0.5,4.626978874206543,2.075108766555786
train,conditioning_real_adv,15726,1,5.960464477539063e-08,5.960464477539063e-08,5.960464477539063e-08,5.960464477539063e-08,5.960464477539063e-08,1.0,0.0,0.0,0.0,0.0,0.0,0.0,0.0,31.903549194335938,31.903549194335938,7.517668620948825e-08,0.0,0.0,4.879270076751709,2.2588605880737305
train,conditioning_real_adv,15737,1,-1.0,-1.0,-1.0,-1.0,-1.0,0.0,0.0,0.0,0.0,0.0,1.0,1.0,0.0,28.15269660949707,28.15269660949707,2.4698332268258127e-08,0.0,1.5,4.939181804656982,2.1769449710845947
train,conditioning_real_adv,15803,1,4.649162292480469e-05,4.649162292480469e-05,4.649162292480469e-05,4.649162292480469e-05,4.649162292480469e-05,1.0,0.0,0.0,0.0,0.0,0.0,0.0,0.0,25.001667022705078,25.001667022705078,4.651300696423277e-05,0.0,0.0,5.281814098358154,2.359243869781494
train,conditioning_real_adv,15866,1,1.1920928955078125e-07,1.1920928955078125e-07,1.1920928955078125e-07,1.1920928955078125e-07,1.1920928955078125e-07,1.0,0.0,0.0,0.0,0.0,0.0,0.0,0.0,28.473892211914062,28.473892211914062,1.1313645131849626e-07,0.0,0.0,4.794484615325928,2.1786301136016846
train,conditioning_real_adv,15914,1,9.238719940185547e-06,9.238719940185547e-06,9.238719940185547e-06,9.238719940185547e-06,9.238719940185547e-06,1.0,0.0,0.0,0.0,0.0,0.0,0.0,0.0,24.390594482421875,24.390594482421875,9.251622032024898e-06,0.0,0.0,4.423431873321533,2.082313299179077
train,conditioning_real_adv,15927,1,2.562999725341797e-06,2.562999725341797e-06,2.562999725341797e-06,2.562999725341797e-06,2.562999725341797e-06,1.0,0.0,0.0,0.0,0.0,0.0,0.0,0.0,26.870954513549805,26.870954513549805,2.548150860093301e-06,0.0,0.0,4.784449100494385,2.157430648803711
train,conditioning_real_adv,15984,1,-0.5,-0.5,-0.5,-0.5,-0.5,0.0,0.0,0.0,0.0,0.0,0.0,1.0,0.0,40.5108528137207,40.5108528137207,1.1751546784288802e-11,0.0,0.5,3.7729458808898926,1.865164041519165
train,conditioning_real_adv,16250,1,0.0016712546348571777,0.0016712546348571777,0.0016712546348571777,0.0016712546348571777,0.0016712546348571777,1.0,0.0,0.0,0.0,0.0,0.0,0.0,0.0,15.131869316101074,15.131869316101074,0.0016712680226191878,0.0,0.0,5.279208660125732,2.3576996326446533
train,conditioning_real_adv,16256,1,1.6093254089355469e-06,1.6093254089355469e-06,1.6093254089355469e-06,1.6093254089355469e-06,1.6093254089355469e-06,1.0,0.0,0.0,0.0,0.0,0.0,0.0,0.0,29.108680725097656,29.108680725097656,1.6166042087206733e-06,0.0,0.0,4.753296375274658,2.1855690479278564
train,conditioning_real_adv,16303,1,-1.0,-1.0,-1.0,-1.0,-1.0,0.0,0.0,0.0,0.0,0.0,1.0,1.0,0.0,35.99327087402344,35.99327087402344,8.804721396415971e-10,0.0,1.5,4.270744323730469,1.964534044265747
train,conditioning_real_adv,16321,1,0.014845013618469238,0.014845013618469238,0.014845013618469238,0.014845013618469238,0.014845013618469238,1.0,0.0,0.0,0.0,0.0,0.0,0.0,0.0,14.390267372131348,14.390267372131348,0.014845002442598343,0.0,0.0,5.289576053619385,2.361248731613159
train,conditioning_real_adv,16366,1,-1.0,-1.0,-1.0,-1.0,-1.0,0.0,0.0,0.0,0.0,0.0,1.0,0.0,0.0,29.82883071899414,29.82883071899414,7.913751431942728e-09,0.0,1.0,4.8685078620910645,2.1495368480682373
train,conditioning_real_adv,16417,1,-0.9996800422668457,-0.9996800422668457,-0.9996800422668457,-0.9996800422668457,-0.9996800422668457,0.0,0.0,0.0,0.0,0.0,1.0,0.0,1.0,20.6778564453125,20.6778564453125,0.0003199517377652228,0.0,1.0,1.0475260019302368,0.8957589864730835
train,conditioning_real_adv,16429,1,5.960464477539063e-08,5.960464477539063e-08,5.960464477539063e-08,5.960464477539063e-08,5.960464477539063e-08,1.0,0.0,0.0,0.0,0.0,0.0,0.0,0.0,27.862163543701172,27.862163543701172,7.258949352717536e-08,0.0,0.0,4.350950717926025,2.0425949096679688
train,conditioning_real_adv,16445,1,-1.0,-1.0,-1.0,-1.0,-1.0,0.0,0.0,0.0,0.0,0.0,1.0,1.0,0.0,31.089942932128906,31.089942932128906,5.224267685122186e-09,0.0,1.5,4.571531772613525,2.0910141468048096
train,conditioning_real_adv,16467,1,0.006577968597412109,0.006577968597412109,0.006577968597412109,0.006577968597412109,0.006577968597412109,1.0,0.0,0.0,0.0,0.0,0.0,0.0,0.0,11.467611312866211,11.467611312866211,0.006577940657734871,0.0,0.0,5.280269622802734,2.3572280406951904
train,conditioning_real_adv,16553,1,0.0,0.0,0.0,0.0,0.0,0.0,0.0,0.0,0.0,0.0,0.0,0.0,0.0,28.218551635742188,28.218551635742188,2.3984308983315827e-10,0.0,0.0,5.284337043762207,2.357996702194214
train,conditioning_real_adv,16554,1,0.0,0.0,0.0,0.0,0.0,0.0,0.0,0.0,0.0,0.0,0.0,0.0,1.0,29.85055160522461,29.85055160522461,4.3180936604159115e-10,0.0,0.0,0.9626860022544861,0.8650041818618774
train,conditioning_real_adv,16676,1,-1.0,-1.0,-1.0,-1.0,-1.0,0.0,0.0,0.0,0.0,0.0,1.0,1.0,0.0,36.303470611572266,36.303470611572266,1.4663844583040486e-09,0.0,1.5,5.284196376800537,2.35870623588562
train,conditioning_real_adv,16688,1,2.980232238769531e-07,2.980232238769531e-07,2.980232238769531e-07,2.980232238769531e-07,2.980232238769531e-07,1.0,0.0,0.0,0.0,0.0,0.0,0.0,0.0,29.195213317871094,29.195213317871094,3.2303742614203657e-07,0.0,0.0,4.637816429138184,2.1342689990997314
train,conditioning_real_adv,16695,1,1.9669532775878906e-06,1.9669532775878906e-06,1.9669532775878906e-06,1.9669532775878906e-06,1.9669532775878906e-06,1.0,0.0,0.0,0.0,0.0,0.0,0.0,0.0,28.7147274017334,28.7147274017334,1.9503509065543767e-06,0.0,0.0,5.230884075164795,2.271472930908203
train,conditioning_real_adv,16736,1,-1.0,-1.0,-1.0,-1.0,-1.0,0.0,0.0,0.0,0.0,0.0,1.0,1.0,0.0,23.145116806030273,23.145116806030273,1.271022398441346e-08,0.0,1.5,4.622318267822266,2.141256809234619
train,conditioning_real_adv,16744,1,-1.0,-1.0,-1.0,-1.0,-1.0,0.0,0.0,0.0,0.0,0.0,1.0,1.0,0.0,30.30341339111328,30.30341339111328,5.072598696642672e-08,0.0,1.5,5.742437839508057,2.431037187576294
train,conditioning_real_adv,16808,1,-1.0,-1.0,-1.0,-1.0,-1.0,0.0,0.0,0.0,0.0,0.0,1.0,1.0,0.0,36.14643859863281,36.14643859863281,1.6499648869405803e-10,0.0,1.5,4.535772323608398,2.0378611087799072
train,conditioning_real_adv,16809,1,-1.0,-1.0,-1.0,-1.0,-1.0,0.0,0.0,0.0,0.0,0.0,1.0,0.0,0.0,31.658384323120117,31.658384323120117,1.3793298447861702e-10,0.0,1.0,4.579165935516357,2.060077428817749
train,conditioning_real_adv,16814,1,4.5359134674072266e-05,4.5359134674072266e-05,4.5359134674072266e-05,4.5359134674072266e-05,4.5359134674072266e-05,1.0,0.0,0.0,0.0,0.0,0.0,0.0,0.0,25.922138214111328,25.922138214111328,4.534597974270582e-05,0.0,0.0,4.449931621551514,2.096680164337158
train,conditioning_real_adv,16835,1,0.0,0.0,0.0,0.0,0.0,0.0,0.0,0.0,0.0,0.0,0.0,0.0,0.0,28.571325302124023,28.571325302124023,5.600636734980416e-14,0.0,0.0,5.274871826171875,2.354445457458496
train,conditioning_real_adv,16922,1,5.364418029785156e-07,5.364418029785156e-07,5.364418029785156e-07,5.364418029785156e-07,5.364418029785156e-07,1.0,0.0,0.0,0.0,0.0,0.0,0.0,0.0,30.75802230834961,30.75802230834961,5.323220193531597e-07,0.0,0.0,5.838772773742676,2.4058165550231934
train,conditioning_real_adv,16968,1,4.571676254272461e-05,4.571676254272461e-05,4.571676254272461e-05,4.571676254272461e-05,4.571676254272461e-05,1.0,0.0,0.0,0.0,0.0,0.0,0.0,0.0,24.442350387573242,24.442350387573242,4.570571400108747e-05,0.0,0.0,5.283453464508057,2.355809450149536
train,conditioning_real_adv,16988,1,0.05570405721664429,0.05570405721664429,0.05570405721664429,0.05570405721664429,0.05570405721664429,1.0,0.0,0.0,0.0,0.0,0.0,0.0,0.0,5.038628101348877,5.038628101348877,0.05570406839251518,0.0,0.0,5.280872344970703,2.3580219745635986
train,conditioning_real_adv,17017,1,1.1920928955078125e-07,1.1920928955078125e-07,1.1920928955078125e-07,1.1920928955078125e-07,1.1920928955078125e-07,1.0,0.0,0.0,0.0,0.0,0.0,0.0,0.0,31.800479888916016,31.800479888916016,1.329836436525511e-07,0.0,0.0,4.916954517364502,2.2194955348968506
train,conditioning_real_adv,17034,1,5.781650543212891e-06,5.781650543212891e-06,5.781650543212891e-06,5.781650543212891e-06,5.781650543212891e-06,1.0,0.0,0.0,0.0,0.0,0.0,0.0,0.0,28.82308578491211,28.82308578491211,5.8035161600855645e-06,0.0,0.0,5.281031608581543,2.358424663543701
train,conditioning_real_adv,17043,1,-0.5,-0.5,-0.5,-0.5,-0.5,0.0,0.0,0.0,0.0,0.0,0.0,1.0,0.0,31.732566833496094,31.732566833496094,1.1157609280942893e-09,0.0,0.5,4.598718643188477,2.085874319076538
train,conditioning_real_adv,17048,1,0.0,0.0,0.0,0.0,0.0,0.0,0.0,0.0,0.0,0.0,0.0,0.0,0.0,24.59376335144043,24.59376335144043,1.690669115816945e-08,0.0,0.0,4.537134647369385,2.0279464721679688
train,conditioning_real_adv,17071,1,-1.0,-1.0,-1.0,-1.0,-1.0,0.0,0.0,0.0,0.0,0.0,0.0,1.0,0.0,19.740875244140625,19.740875244140625,5.72184080738225e-06,0.0,1.4865143299102783,5.281346321105957,2.3571653366088867
train,conditioning_real_adv,17099,1,-0.5,-0.5,-0.5,-0.5,-0.5,0.0,0.0,0.0,0.0,0.0,0.0,1.0,0.0,37.604225158691406,37.604225158691406,3.646354052033729e-12,0.0,0.5,4.473686695098877,1.9916104078292847
train,conditioning_real_adv,17104,1,0.0,0.0,0.0,0.0,0.0,0.0,0.0,0.0,0.0,0.0,0.0,0.0,0.0,22.41738510131836,22.41738510131836,2.783781191673107e-11,0.0,0.0,4.661806583404541,2.128976583480835
train,conditioning_real_adv,17170,1,0.0,0.0,0.0,0.0,0.0,0.0,0.0,0.0,0.0,0.0,0.0,0.0,0.0,29.246475219726562,29.246475219726562,5.340098480598188e-13,0.0,0.0,4.565361022949219,2.059910774230957
train,conditioning_real_adv,17202,1,0.6661214828491211,0.6661214828491211,0.6661214828491211,0.6661214828491211,0.6661214828491211,1.0,1.0,1.0,0.0,0.0,0.0,0.0,0.0,4.5334391593933105,4.5334391593933105,0.6661214828491211,0.0,0.0,5.277261257171631,2.35845685005188
train,conditioning_real_adv,17424,1,2.5451183319091797e-05,2.5451183319091797e-05,2.5451183319091797e-05,2.5451183319091797e-05,2.5451183319091797e-05,1.0,0.0,0.0,0.0,0.0,0.0,0.0,0.0,20.329540252685547,20.329540252685547,2.5465067665209062e-05,0.0,0.0,6.028271198272705,2.5524163246154785
train,conditioning_real_adv,17669,1,-0.5,-0.5,-0.5,-0.5,-0.5,0.0,0.0,0.0,0.0,0.0,0.0,1.0,0.0,30.009910583496094,30.009910583496094,9.949096407835256e-11,0.0,0.5,6.155992031097412,2.599777936935425
train,conditioning_real_adv,17699,1,0.0002003312110900879,0.0002003312110900879,0.0002003312110900879,0.0002003312110900879,0.0002003312110900879,1.0,0.0,0.0,0.0,0.0,0.0,0.0,0.0,19.011037826538086,19.011037826538086,0.00020030455198138952,0.0,0.0,4.464981555938721,2.0550360679626465
train,conditioning_real_adv,17716,1,-1.0,-1.0,-1.0,-1.0,-1.0,0.0,0.0,0.0,0.0,0.0,1.0,1.0,0.0,36.037654876708984,36.037654876708984,1.379429070968996e-10,0.0,1.5,5.256855487823486,2.3590188026428223
train,conditioning_real_adv,17762,1,-0.9844515323638916,-0.9844515323638916,-0.9844515323638916,-0.9844515323638916,-0.9844515323638916,0.0,0.0,0.0,0.0,0.0,0.0,1.0,0.0,31.846338272094727,31.846338272094727,2.2128739118887353e-10,0.0,0.9844515323638916,5.876910209655762,2.5009348392486572
train,conditioning_real_adv,17784,1,0.00017637014389038086,0.00017637014389038086,0.00017637014389038086,0.00017637014389038086,0.00017637014389038086,1.0,0.0,0.0,0.0,0.0,0.0,0.0,0.0,19.89434051513672,19.89434051513672,0.00017635792028158903,0.0,0.0,5.273015975952148,2.352781295776367
train,conditioning_real_adv,17857,1,-1.0,-1.0,-1.0,-1.0,-1.0,0.0,0.0,0.0,0.0,0.0,1.0,1.0,0.0,39.876914978027344,39.876914978027344,2.689203082439917e-09,0.0,1.5,4.883279800415039,2.1909265518188477
train,conditioning_real_adv,17861,1,-1.0,-1.0,-1.0,-1.0,-1.0,0.0,0.0,0.0,0.0,0.0,1.0,1.0,0.0,23.914630889892578,23.914630889892578,1.6447265771546427e-10,0.0,1.5,4.856464385986328,2.1742262840270996
train,conditioning_real_adv,18003,1,-1.0,-1.0,-1.0,-1.0,-1.0,0.0,0.0,0.0,0.0,0.0,1.0,1.0,0.0,32.90259552001953,32.90259552001953,1.646388470000204e-09,0.0,1.5,4.544066429138184,2.103158950805664
train,conditioning_real_adv,18036,1,6.556510925292969e-07,6.556510925292969e-07,6.556510925292969e-07,6.556510925292969e-07,6.556510925292969e-07,1.0,0.0,0.0,0.0,0.0,0.0,0.0,0.0,27.61725616455078,27.61725616455078,6.322950412140926e-07,0.0,0.0,5.047018051147461,2.2648727893829346
train,conditioning_real_adv,18063,1,-1.0,-1.0,-1.0,-1.0,-1.0,0.0,0.0,0.0,0.0,0.0,1.0,0.0,0.0,34.613426208496094,34.613426208496094,4.82008344349083e-09,0.0,1.0,4.632339000701904,2.0556652545928955
train,conditioning_real_adv,18151,1,-1.0,-1.0,-1.0,-1.0,-1.0,0.0,0.0,0.0,0.0,0.0,1.0,1.0,0.0,31.638273239135742,31.638273239135742,1.1932409904602537e-07,0.0,1.5,5.27761173248291,2.3575551509857178
train,conditioning_real_adv,18245,1,-0.5,-0.5,-0.5,-0.5,-0.5,0.0,0.0,0.0,0.0,0.0,0.0,1.0,0.0,25.524839401245117,25.524839401245117,9.832774351681284e-12,0.0,0.5,4.757870197296143,2.11259388923645
train,conditioning_real_adv,18259,1,-0.5,-0.5,-0.5,-0.5,-0.5,0.0,0.0,0.0,0.0,0.0,0.0,1.0,1.0,27.587743759155273,27.587743759155273,1.5686548948679047e-08,0.0,0.5,0.9069008231163025,0.8540096879005432
train,conditioning_real_adv,18284,1,-1.0,-1.0,-1.0,-1.0,-1.0,0.0,0.0,0.0,0.0,0.0,1.0,1.0,0.0,25.815752029418945,25.815752029418945,4.46241841700612e-07,0.0,1.5,4.334778308868408,2.032665491104126
train,conditioning_real_adv,18348,1,0.0,0.0,0.0,0.0,0.0,0.0,0.0,0.0,0.0,0.0,0.0,0.0,0.0,27.418720245361328,27.418720245361328,1.4586241532686523e-17,0.0,0.0,5.280941486358643,2.3542861938476562
train,conditioning_real_adv,18355,1,-1.0,-1.0,-1.0,-1.0,-1.0,0.0,0.0,0.0,0.0,0.0,1.0,0.0,0.0,40.30291748046875,40.30291748046875,9.317067516806388e-13,0.0,1.0,4.527695655822754,2.0249478816986084
train,conditioning_real_adv,18407,1,0.0,0.0,0.0,0.0,0.0,0.0,0.0,0.0,0.0,0.0,0.0,0.0,0.0,23.050569534301758,23.050569534301758,0.0,0.0,0.0,4.4811811447143555,2.022413730621338
train,conditioning_real_adv,18470,1,0.0,0.0,0.0,0.0,0.0,0.0,0.0,0.0,0.0,0.0,0.0,0.0,0.0,34.19138717651367,34.19138717651367,1.9348881608038937e-08,0.0,0.0,5.274485111236572,2.2888920307159424
train,conditioning_real_adv,18492,1,8.952617645263672e-05,8.952617645263672e-05,8.952617645263672e-05,8.952617645263672e-05,8.952617645263672e-05,1.0,0.0,0.0,0.0,0.0,0.0,0.0,0.0,19.624656677246094,19.624656677246094,8.95205739652738e-05,0.0,0.0,5.286677360534668,2.359323740005493
train,conditioning_real_adv,18530,1,-0.5,-0.5,-0.5,-0.5,-0.5,0.0,0.0,0.0,0.0,0.0,0.0,1.0,1.0,32.07170486450195,32.07170486450195,1.0391410822097047e-11,0.0,0.5,1.8240997791290283,0.8524818420410156
train,conditioning_real_adv,18572,1,-1.0,-1.0,-1.0,-1.0,-1.0,0.0,0.0,0.0,0.0,0.0,1.0,1.0,0.0,37.03582000732422,37.03582000732422,2.0628732055882892e-09,0.0,1.5,4.749361991882324,2.1082255840301514
train,conditioning_real_adv,18640,1,0.00014662742614746094,0.00014662742614746094,0.00014662742614746094,0.00014662742614746094,0.00014662742614746094,1.0,0.0,0.0,0.0,0.0,0.0,0.0,0.0,18.74441146850586,18.74441146850586,0.0001466480316594243,0.0,0.0,4.430241107940674,2.056577682495117
train,conditioning_real_adv,18648,1,-1.0,-1.0,-1.0,-1.0,-1.0,0.0,0.0,0.0,0.0,0.0,1.0,1.0,0.0,35.21812438964844,35.21812438964844,1.3049186176061767e-09,0.0,1.5,5.536148548126221,2.3725781440734863
train,conditioning_real_adv,18710,1,-0.4999999403953552,-0.4999999403953552,-0.4999999403953552,-0.4999999403953552,-0.4999999403953552,0.0,0.0,0.0,0.0,0.0,0.0,1.0,0.0,34.430747985839844,34.430747985839844,4.977585632559567e-08,0.0,0.5,4.600557804107666,2.038736343383789
train,conditioning_real_adv,18797,1,-1.0,-1.0,-1.0,-1.0,-1.0,0.0,0.0,0.0,0.0,0.0,1.0,1.0,0.0,35.76709747314453,35.76709747314453,3.0629585534569514e-09,0.0,1.5,5.809265613555908,2.437795877456665
train,conditioning_real_adv,18814,1,0.0019134283065795898,0.0019134283065795898,0.0019134283065795898,0.0019134283065795898,0.0019134283065795898,1.0,0.0,0.0,0.0,0.0,0.0,0.0,0.0,18.502134323120117,18.502134323120117,0.0019134534522891045,0.0,0.0,4.956347942352295,2.175661325454712
train,conditioning_real_adv,18851,1,-0.5,-0.5,-0.5,-0.5,-0.5,0.0,0.0,0.0,0.0,0.0,0.0,1.0,0.0,32.3831901550293,32.3831901550293,8.996184241993888e-09,0.0,0.5,5.278909683227539,2.364349126815796
train,conditioning_real_adv,18866,1,2.384185791015625e-07,2.384185791015625e-07,2.384185791015625e-07,2.384185791015625e-07,2.384185791015625e-07,1.0,0.0,0.0,0.0,0.0,0.0,0.0,0.0,31.295318603515625,31.295318603515625,2.22651280523678e-07,0.0,0.0,4.916705131530762,2.172786235809326
train,conditioning_real_adv,18869,1,0.0,0.0,0.0,0.0,0.0,0.0,0.0,0.0,0.0,0.0,0.0,0.0,0.0,29.126323699951172,29.126323699951172,1.38988917597338e-10,0.0,0.0,4.53097677230835,2.0539865493774414
train,conditioning_real_adv,18974,1,-0.4999992847442627,-0.4999992847442627,-0.4999992847442627,-0.4999992847442627,-0.4999992847442627,0.0,0.0,0.0,0.0,0.0,0.0,1.0,0.0,27.823551177978516,27.823551177978516,7.124056082830066e-07,0.0,0.5,4.588430404663086,2.1059041023254395
train,conditioning_real_adv,18983,1,4.655122756958008e-05,4.655122756958008e-05,4.655122756958008e-05,4.655122756958008e-05,4.655122756958008e-05,1.0,0.0,0.0,0.0,0.0,0.0,0.0,0.0,25.129892349243164,25.129892349243164,4.6555309381801635e-05,0.0,0.0,4.789859294891357,2.1164700984954834
train,conditioning_real_adv,18985,1,0.0010576248168945312,0.0010576248168945312,0.0010576248168945312,0.0010576248168945312,0.0010576248168945312,1.0,0.0,0.0,0.0,0.0,0.0,0.0,0.0,15.588298797607422,15.588298797607422,0.0010576044442132115,0.0,0.0,5.776522159576416,2.4811270236968994
train,conditioning_real_adv,18992,1,0.007012128829956055,0.007012128829956055,0.007012128829956055,0.007012128829956055,0.007012128829956055,1.0,0.0,0.0,0.0,0.0,0.0,0.0,0.0,13.472064018249512,13.472064018249512,0.007012119982391596,0.0,0.0,12.175590515136719,3.2288074493408203
train,conditioning_real_adv,18993,1,-0.4999922513961792,-0.4999922513961792,-0.4999922513961792,-0.4999922513961792,-0.4999922513961792,0.0,0.0,0.0,0.0,0.0,0.0,1.0,0.0,17.547876358032227,17.547876358032227,7.741834451735485e-06,0.0,0.5,4.070861339569092,1.940111756324768
train,conditioning_real_adv,19027,1,-0.9999995827674866,-0.9999995827674866,-0.9999995827674866,-0.9999995827674866,-0.9999995827674866,0.0,0.0,0.0,0.0,0.0,1.0,0.0,0.0,19.836841583251953,19.836841583251953,4.0122765199157584e-07,0.0,1.0,5.281826972961426,2.356837272644043
train,conditioning_real_adv,19073,1,4.76837158203125e-06,4.76837158203125e-06,4.76837158203125e-06,4.76837158203125e-06,4.76837158203125e-06,1.0,0.0,0.0,0.0,0.0,0.0,0.0,0.0,19.590198516845703,19.590198516845703,4.7455232561333105e-06,0.0,0.0,4.63988733291626,2.067591428756714
train,conditioning_real_adv,19074,1,-0.5,-0.5,-0.5,-0.5,-0.5,0.0,0.0,0.0,0.0,0.0,0.0,1.0,0.0,41.96554183959961,41.96554183959961,4.048262376363243e-13,0.0,0.5,7.385480880737305,2.9160990715026855
train,conditioning_real_adv,19076,1,-1.0,-1.0,-1.0,-1.0,-1.0,0.0,0.0,0.0,0.0,0.0,0.0,1.0,0.0,31.68379783630371,31.68379783630371,4.910707840366513e-09,0.0,1.3820858001708984,5.2742767333984375,2.3592636585235596
train,conditioning_real_adv,19153,1,-1.0,-1.0,-1.0,-1.0,-1.0,0.0,0.0,0.0,0.0,1.0,1.0,1.0,0.0,17.815366744995117,17.815366744995117,3.734926940524019e-05,0.0,1.5,4.403904438018799,2.0390841960906982
train,conditioning_real_adv,19171,1,0.04470527172088623,0.04470527172088623,0.04470527172088623,0.04470527172088623,0.04470527172088623,1.0,0.0,0.0,0.0,0.0,0.0,0.0,0.0,10.488870620727539,10.488870620727539,0.04470524564385414,0.0,0.0,4.85775899887085,2.1503775119781494
train,conditioning_real_adv,19177,1,0.03882664442062378,0.03882664442062378,0.03882664442062378,0.03882664442062378,0.03882664442062378,1.0,0.0,0.0,0.0,0.0,0.0,0.0,0.0,11.887606620788574,11.887606620788574,0.03882662206888199,0.0,0.0,4.720911026000977,2.139540910720825
train,conditioning_real_adv,19219,1,1.3709068298339844e-06,1.3709068298339844e-06,1.3709068298339844e-06,1.3709068298339844e-06,1.3709068298339844e-06,1.0,0.0,0.0,0.0,0.0,0.0,0.0,0.0,30.61240577697754,30.61240577697754,1.3996490224599256e-06,0.0,0.0,4.674567222595215,2.1778159141540527
train,conditioning_real_adv,19222,1,-1.0,-1.0,-1.0,-1.0,-1.0,0.0,0.0,0.0,0.0,0.0,1.0,1.0,0.0,41.46530532836914,41.46530532836914,1.3521874592248295e-11,0.0,1.5,5.283994197845459,2.3598520755767822
train,conditioning_real_adv,19228,1,0.001216590404510498,0.001216590404510498,0.001216590404510498,0.001216590404510498,0.001216590404510498,1.0,0.0,0.0,0.0,0.0,0.0,0.0,0.0,14.812734603881836,14.812734603881836,0.0012166161322966218,0.0,0.0,4.512193202972412,2.065352201461792
train,conditioning_real_adv,19254,1,0.49195945262908936,0.49195945262908936,0.49195945262908936,0.49195945262908936,0.49195945262908936,1.0,1.0,0.0,0.0,0.0,0.0,0.0,0.0,4.186867713928223,4.186867713928223,0.49195942282676697,0.0,0.0,4.896815776824951,2.211670398712158
train,conditioning_real_adv,19292,1,0.007030487060546875,0.007030487060546875,0.007030487060546875,0.007030487060546875,0.007030487060546875,1.0,0.0,0.0,0.0,0.0,0.0,0.0,0.0,15.90072250366211,15.90072250366211,0.007030464708805084,0.0,0.0,5.278912544250488,2.360290050506592
train,conditioning_real_adv,19315,1,-1.0,-1.0,-1.0,-1.0,-1.0,0.0,0.0,0.0,0.0,0.0,1.0,1.0,0.0,35.71316909790039,35.71316909790039,1.541431871032728e-08,0.0,1.5,4.774846076965332,2.119033098220825
train,conditioning_real_adv,19421,1,0.07555949687957764,0.07555949687957764,0.07555949687957764,0.07555949687957764,0.07555949687957764,1.0,0.0,0.0,0.0,0.0,0.0,0.0,0.0,11.006980895996094,11.006980895996094,0.07555951178073883,0.0,0.0,7.610970497131348,2.9654273986816406
train,conditioning_real_adv,19423,1,5.614757537841797e-05,5.614757537841797e-05,5.614757537841797e-05,5.614757537841797e-05,5.614757537841797e-05,1.0,0.0,0.0,0.0,0.0,0.0,0.0,0.0,24.20886993408203,24.20886993408203,5.616512498818338e-05,0.0,0.0,4.548960208892822,2.033276081085205
train,conditioning_real_adv,19440,1,0.0016170740127563477,0.0016170740127563477,0.0016170740127563477,0.0016170740127563477,0.0016170740127563477,1.0,0.0,0.0,0.0,0.0,0.0,0.0,0.0,16.654159545898438,16.654159545898438,0.001617060392163694,0.0,0.0,4.64145565032959,2.0826051235198975
train,conditioning_real_adv,19498,1,-1.0,-1.0,-1.0,-1.0,-1.0,0.0,0.0,0.0,0.0,0.0,1.0,1.0,0.0,39.08621597290039,39.08621597290039,1.0119560744925593e-10,0.0,1.5,5.282175064086914,2.355893850326538
train,conditioning_real_adv,19531,1,-1.0,-1.0,-1.0,-1.0,-1.0,0.0,0.0,0.0,0.0,0.0,1.0,1.0,0.0,37.91957092285156,37.91957092285156,1.0715664466864894e-11,0.0,1.5,4.560380935668945,2.0273728370666504
train,conditioning_real_adv,19566,1,-0.4999999403953552,-0.4999999403953552,-0.4999999403953552,-0.4999999403953552,-0.4999999403953552,0.0,0.0,0.0,0.0,0.0,0.0,1.0,0.0,32.39773941040039,32.39773941040039,8.621932323649162e-08,0.0,0.5,4.378248691558838,2.055870532989502
train,conditioning_real_adv,19592,1,-0.9999995827674866,-0.9999995827674866,-0.9999995827674866,-0.9999995827674866,-0.9999995827674866,0.0,0.0,0.0,0.0,0.0,1.0,0.0,0.0,29.50704002380371,29.50704002380371,4.1945506268348254e-07,0.0,1.0,4.636185169219971,2.087892532348633
train,conditioning_real_adv,19610,1,-1.0,-1.0,-1.0,-1.0,-1.0,0.0,0.0,0.0,0.0,0.0,0.0,1.0,0.0,27.531274795532227,27.531274795532227,3.1153641888437278e-09,0.0,1.0923986434936523,4.458514213562012,2.0381321907043457
train,conditioning_real_adv,19620,1,-0.49999552965164185,-0.49999552965164185,-0.49999552965164185,-0.49999552965164185,-0.49999552965164185,0.0,0.0,0.0,0.0,0.0,0.0,1.0,0.0,24.52303123474121,24.52303123474121,4.469905888981884e-06,0.0,0.5,4.794119834899902,2.112539052963257
train,conditioning_real_adv,19672,1,-0.9999999403953552,-0.9999999403953552,-0.9999999403953552,-0.9999999403953552,-0.9999999403953552,0.0,0.0,0.0,0.0,0.0,1.0,0.0,0.0,28.617347717285156,28.617347717285156,7.970265158974144e-08,0.0,1.0,4.746091365814209,2.1482388973236084
train,conditioning_real_adv,19690,1,0.0,0.0,0.0,0.0,0.0,0.0,0.0,0.0,0.0,0.0,0.0,0.0,0.0,15.9679594039917,15.9679594039917,3.439662563022722e-13,0.0,0.0,5.7849297523498535,2.415388584136963
train,conditioning_real_adv,19730,1,0.00019991397857666016,0.00019991397857666016,0.00019991397857666016,0.00019991397857666016,0.00019991397857666016,1.0,0.0,0.0,0.0,0.0,0.0,0.0,0.0,22.86200714111328,22.86200714111328,0.00019991760200355202,0.0,0.0,5.279191493988037,2.358053684234619
train,conditioning_real_adv,19736,1,-0.4999998211860657,-0.4999998211860657,-0.4999998211860657,-0.4999998211860657,-0.4999998211860657,0.0,0.0,0.0,0.0,0.0,0.0,1.0,0.0,27.77320098876953,27.77320098876953,1.7203939250975964e-07,0.0,0.5,4.509416103363037,2.095566511154175
train,conditioning_real_adv,19747,1,0.0005637407302856445,0.0005637407302856445,0.0005637407302856445,0.0005637407302856445,0.0005637407302856445,1.0,0.0,0.0,0.0,0.0,0.0,0.0,0.0,16.852031707763672,16.852031707763672,0.0005637700669467449,0.0,0.0,4.610068321228027,2.059290885925293
train,conditioning_real_adv,19755,1,0.7210367321968079,0.7210367321968079,0.7210367321968079,0.7210367321968079,0.7210367321968079,1.0,1.0,1.0,0.0,0.0,0.0,0.0,0.0,4.100778579711914,4.100778579711914,0.7210367321968079,0.0,0.0,4.753549098968506,2.101012706756592
train,conditioning_real_adv,19785,1,-0.9935622811317444,-0.9935622811317444,-0.9935622811317444,-0.9935622811317444,-0.9935622811317444,0.0,0.0,0.0,0.0,0.0,0.0,1.0,1.0,19.268150329589844,19.268150329589844,6.337595550576225e-06,0.0,0.9935685992240906,0.9032354950904846,0.8699377775192261
train,conditioning_real_adv,19819,1,-1.0,-1.0,-1.0,-1.0,-1.0,0.0,0.0,0.0,0.0,0.0,1.0,1.0,0.0,33.40726852416992,33.40726852416992,6.507341332451233e-09,0.0,1.5,4.437222480773926,2.0344386100769043
train,conditioning_real_adv,19820,1,-1.0,-1.0,-1.0,-1.0,-1.0,0.0,0.0,0.0,0.0,0.0,1.0,1.0,0.0,25.094099044799805,25.094099044799805,3.4060448683703726e-08,0.0,1.5,4.795590877532959,2.1747794151306152
train,conditioning_real_adv,19835,1,3.993511199951172e-06,3.993511199951172e-06,3.993511199951172e-06,3.993511199951172e-06,3.993511199951172e-06,1.0,0.0,0.0,0.0,0.0,0.0,0.0,0.0,24.581945419311523,24.581945419311523,3.9968808778212406e-06,0.0,0.0,4.351219177246094,2.006812810897827
train,conditioning_real_adv,19844,1,-1.0,-1.0,-1.0,-1.0,-1.0,0.0,0.0,0.0,0.0,0.0,1.0,1.0,0.0,28.315715789794922,28.315715789794922,1.6721656947993324e-07,0.0,1.5,5.271638870239258,2.346050500869751
train,conditioning_real_adv,19877,1,3.039836883544922e-06,3.039836883544922e-06,3.039836883544922e-06,3.039836883544922e-06,3.039836883544922e-06,1.0,0.0,0.0,0.0,0.0,0.0,0.0,1.0,22.120473861694336,22.120473861694336,3.0497942589136073e-06,0.0,0.0,0.9560348391532898,0.8904708623886108
train,conditioning_real_adv,20008,1,-1.0,-1.0,-1.0,-1.0,-1.0,0.0,0.0,0.0,0.0,0.0,1.0,1.0,0.0,35.27002716064453,35.27002716064453,1.5647751538949706e-08,0.0,1.5,5.66963529586792,2.3975391387939453
train,conditioning_real_adv,20028,1,0.4798755645751953,0.4798755645751953,0.4798755645751953,0.4798755645751953,0.4798755645751953,1.0,1.0,0.0,0.0,0.0,0.0,0.0,0.0,4.270560264587402,4.270560264587402,0.4798755347728729,0.0,0.0,5.551918983459473,2.3602802753448486
train,conditioning_real_adv,20041,1,7.802248001098633e-05,7.802248001098633e-05,7.802248001098633e-05,7.802248001098633e-05,7.802248001098633e-05,1.0,0.0,0.0,0.0,0.0,0.0,0.0,0.0,24.56262969970703,24.56262969970703,7.804019696777686e-05,0.0,0.0,5.257595062255859,2.2804665565490723
train,conditioning_real_adv,20153,1,2.384185791015625e-07,2.384185791015625e-07,2.384185791015625e-07,2.384185791015625e-07,2.384185791015625e-07,1.0,0.0,0.0,0.0,0.0,0.0,0.0,0.0,30.92487907409668,30.92487907409668,2.4704328893676575e-07,0.0,0.0,4.4464111328125,2.0197641849517822
train,conditioning_real_adv,20169,1,-1.0,-1.0,-1.0,-1.0,-1.0,0.0,0.0,0.0,0.0,0.0,1.0,1.0,0.0,21.853546142578125,21.853546142578125,9.8953103133681e-07,0.0,1.5,5.489932060241699,2.3941774368286133
train,conditioning_real_adv,20177,1,6.198883056640625e-06,6.198883056640625e-06,6.198883056640625e-06,6.198883056640625e-06,6.198883056640625e-06,1.0,0.0,0.0,0.0,0.0,0.0,0.0,0.0,21.75725555419922,21.75725555419922,6.172926987346727e-06,0.0,0.0,4.5263166427612305,2.0782358646392822
train,conditioning_real_adv,20325,1,0.00018405914306640625,0.00018405914306640625,0.00018405914306640625,0.00018405914306640625,0.00018405914306640625,1.0,0.0,0.0,0.0,0.0,0.0,0.0,0.0,4.21079158782959,4.21079158782959,0.00018404825823381543,0.0,0.0,5.279061317443848,2.3579251766204834
train,conditioning_real_adv,20335,1,0.00035560131072998047,0.00035560131072998047,0.00035560131072998047,0.00035560131072998047,0.00035560131072998047,1.0,0.0,0.0,0.0,0.0,0.0,0.0,0.0,21.27545166015625,21.27545166015625,0.00035561155527830124,0.0,0.0,5.182145118713379,2.2596826553344727
train,conditioning_real_adv,20410,1,-1.0,-1.0,-1.0,-1.0,-1.0,0.0,0.0,0.0,0.0,0.0,1.0,1.0,0.0,26.913442611694336,26.913442611694336,5.560545801586159e-09,0.0,1.5,4.55557107925415,2.0989174842834473
train,conditioning_real_adv,20451,1,0.0001080632209777832,0.0001080632209777832,0.0001080632209777832,0.0001080632209777832,0.0001080632209777832,1.0,0.0,0.0,0.0,0.0,0.0,0.0,0.0,18.961944580078125,18.961944580078125,0.00010807898070197552,0.0,0.0,5.282503604888916,2.356421947479248
train,conditioning_real_adv,20462,1,-0.5,-0.5,-0.5,-0.5,-0.5,0.0,0.0,0.0,0.0,0.0,0.0,1.0,0.0,18.172592163085938,18.172592163085938,1.2397535442687513e-08,0.0,0.5,4.671594619750977,2.0695433616638184
train,conditioning_real_adv,20625,1,-1.0,-1.0,-1.0,-1.0,-1.0,0.0,0.0,0.0,0.0,0.0,1.0,1.0,0.0,35.021610260009766,35.021610260009766,2.871090951789279e-12,0.0,1.5,4.795486927032471,2.1632070541381836
train,conditioning_real_adv,20702,1,-0.49999910593032837,-0.49999910593032837,-0.49999910593032837,-0.49999910593032837,-0.49999910593032837,0.0,0.0,0.0,0.0,0.0,0.0,1.0,0.0,24.30821990966797,24.30821990966797,9.178550612887193e-07,0.0,0.5,4.493981838226318,2.0274300575256348
train,conditioning_real_adv,20714,1,5.364418029785156e-07,5.364418029785156e-07,5.364418029785156e-07,5.364418029785156e-07,5.364418029785156e-07,1.0,0.0,0.0,0.0,0.0,0.0,0.0,1.0,30.627277374267578,30.627277374267578,5.36959873898013e-07,0.0,0.0,0.9189130663871765,0.8789172768592834
train,conditioning_real_adv,20720,1,2.4318695068359375e-05,2.4318695068359375e-05,2.4318695068359375e-05,2.4318695068359375e-05,2.4318695068359375e-05,1.0,0.0,0.0,0.0,0.0,0.0,0.0,0.0,26.987611770629883,26.987611770629883,2.4316268536495045e-05,0.0,0.0,5.279184341430664,2.357151746749878
train,conditioning_real_adv,20722,1,0.00012111663818359375,0.00012111663818359375,0.00012111663818359375,0.00012111663818359375,0.00012111663818359375,1.0,0.0,0.0,0.0,0.0,0.0,0.0,0.0,22.879173278808594,22.879173278808594,0.00012113021512050182,0.0,0.0,4.626203536987305,2.1077880859375
train,conditioning_real_adv,20777,1,-1.0,-1.0,-1.0,-1.0,-1.0,0.0,0.0,0.0,0.0,0.0,1.0,1.0,0.0,25.65699005126953,25.65699005126953,4.664292216349786e-11,0.0,1.5,4.916326999664307,2.2289795875549316
train,conditioning_real_adv,20856,1,-1.0,-1.0,-1.0,-1.0,-1.0,0.0,0.0,0.0,0.0,0.0,1.0,1.0,0.0,27.32396125793457,27.32396125793457,2.4562534228778077e-09,0.0,1.5,5.714026927947998,2.430422306060791
train,conditioning_real_adv,20857,1,-1.0,-1.0,-1.0,-1.0,-1.0,0.0,0.0,0.0,0.0,0.0,1.0,1.0,0.0,36.17198944091797,36.17198944091797,1.1082342821211455e-09,0.0,1.5,4.9850873947143555,2.1669461727142334
train,conditioning_real_adv,20907,1,0.06523740291595459,0.06523740291595459,0.06523740291595459,0.06523740291595459,0.06523740291595459,1.0,0.0,0.0,0.0,0.0,0.0,0.0,0.0,7.10134744644165,7.10134744644165,0.0652373880147934,0.0,0.0,4.40784215927124,2.0626707077026367
train,conditioning_real_adv,20945,1,7.748603820800781e-07,7.748603820800781e-07,7.748603820800781e-07,7.748603820800781e-07,7.748603820800781e-07,1.0,0.0,0.0,0.0,0.0,0.0,0.0,0.0,25.992494583129883,25.992494583129883,7.46504042581364e-07,0.0,0.0,4.423137664794922,2.0442678928375244
train,conditioning_real_adv,20975,1,-0.5,-0.5,-0.5,-0.5,-0.5,0.0,0.0,0.0,0.0,0.0,0.0,1.0,0.0,35.34199905395508,35.34199905395508,2.0722692225388917e-12,0.0,0.5,5.451138496398926,2.3193609714508057
train,conditioning_real_adv,21015,1,-1.0,-1.0,-1.0,-1.0,-1.0,0.0,0.0,0.0,0.0,1.0,1.0,1.0,0.0,40.31184768676758,40.31184768676758,1.6119658776195256e-12,0.0,1.5,5.281580448150635,2.355811595916748
train,conditioning_real_adv,21091,1,-0.9999001026153564,-0.9999001026153564,-0.9999001026153564,-0.9999001026153564,-0.9999001026153564,0.0,0.0,0.0,0.0,0.0,1.0,0.0,0.0,13.092864990234375,13.092864990234375,9.988330566557124e-05,0.0,1.0,4.434767723083496,1.9973586797714233
train,conditioning_real_adv,21132,1,2.980232238769531e-07,2.980232238769531e-07,2.980232238769531e-07,2.980232238769531e-07,2.980232238769531e-07,1.0,0.0,0.0,0.0,0.0,0.0,0.0,0.0,31.34029197692871,31.34029197692871,3.10107083123512e-07,0.0,0.0,4.44175386428833,2.009004831314087
train,conditioning_real_adv,21163,1,0.00017768144607543945,0.00017768144607543945,0.00017768144607543945,0.00017768144607543945,0.00017768144607543945,1.0,0.0,0.0,0.0,0.0,0.0,0.0,0.0,18.5127010345459,18.5127010345459,0.00017768985708244145,0.0,0.0,5.281886100769043,2.3584249019622803
train,conditioning_real_adv,21227,1,0.00055694580078125,0.00055694580078125,0.00055694580078125,0.00055694580078125,0.00055694580078125,1.0,0.0,0.0,0.0,0.0,0.0,0.0,0.0,19.405771255493164,19.405771255493164,0.0005569327622652054,0.0,0.0,5.277720928192139,2.3569445610046387
train,conditioning_real_adv,21254,1,2.5570392608642578e-05,2.5570392608642578e-05,2.5570392608642578e-05,2.5570392608642578e-05,2.5570392608642578e-05,1.0,0.0,0.0,0.0,0.0,0.0,0.0,0.0,25.562715530395508,25.562715530395508,2.5589388314983808e-05,0.0,0.0,4.491962909698486,2.032693386077881
train,conditioning_real_adv,21266,1,6.300210952758789e-05,6.300210952758789e-05,6.300210952758789e-05,6.300210952758789e-05,6.300210952758789e-05,1.0,0.0,0.0,0.0,0.0,0.0,0.0,0.0,25.304950714111328,25.304950714111328,6.298334483290091e-05,0.0,0.0,4.720701217651367,2.123972177505493
train,conditioning_real_adv,21308,1,2.4557113647460938e-05,2.4557113647460938e-05,2.4557113647460938e-05,2.4557113647460938e-05,2.4557113647460938e-05,1.0,0.0,0.0,0.0,0.0,0.0,0.0,0.0,25.615116119384766,25.615116119384766,2.458142080286052e-05,0.0,0.0,4.955163478851318,2.1686415672302246
train,conditioning_real_adv,21312,1,0.0,0.0,0.0,0.0,0.0,0.0,0.0,0.0,0.0,0.0,0.0,0.0,0.0,27.245840072631836,27.245840072631836,1.0173620834663666e-09,0.0,0.0,5.2839179039001465,2.356937885284424
train,conditioning_real_adv,21361,1,-0.5,-0.5,-0.5,-0.5,-0.5,0.0,0.0,0.0,0.0,0.0,0.0,1.0,0.0,40.174537658691406,40.174537658691406,2.824210320901549e-13,0.0,0.5,4.753540515899658,2.1584861278533936
train,conditioning_real_adv,21429,1,0.0756453275680542,0.0756453275680542,0.0756453275680542,0.0756453275680542,0.0756453275680542,1.0,0.0,0.0,0.0,0.0,0.0,0.0,0.0,3.023881196975708,3.023881196975708,0.0756453424692154,0.0,0.0,5.5482177734375,2.374499797821045
train,conditioning_real_adv,21450,1,-0.5,-0.5,-0.5,-0.5,-0.5,0.0,0.0,0.0,0.0,0.0,0.0,1.0,0.0,26.65306282043457,26.65306282043457,2.5941281123209592e-08,0.0,0.5,4.929849147796631,2.147397041320801
train,conditioning_real_adv,21488,1,-0.49999839067459106,-0.49999839067459106,-0.49999839067459106,-0.49999839067459106,-0.49999839067459106,0.0,0.0,0.0,0.0,0.0,0.0,1.0,0.0,26.116500854492188,26.116500854492188,1.61496473083389e-06,0.0,0.5,4.630882263183594,2.109755516052246
train,conditioning_real_adv,21529,1,5.364418029785156e-07,5.364418029785156e-07,5.364418029785156e-07,5.364418029785156e-07,5.364418029785156e-07,1.0,0.0,0.0,0.0,0.0,0.0,0.0,0.0,30.29556655883789,30.29556655883789,5.592179377345019e-07,0.0,0.0,4.5264363288879395,2.08589243888855
train,conditioning_real_adv,21639,1,0.0037842392921447754,0.0037842392921447754,0.0037842392921447754,0.0037842392921447754,0.0037842392921447754,1.0,0.0,0.0,0.0,0.0,0.0,0.0,0.0,6.906508922576904,6.906508922576904,0.003784262342378497,0.0,0.0,5.283703327178955,2.359016180038452
train,conditioning_real_adv,21665,1,0.0,0.0,0.0,0.0,0.0,0.0,0.0,0.0,0.0,0.0,0.0,0.0,0.0,28.68692970275879,28.68692970275879,2.4184665381454806e-09,0.0,0.0,4.648291110992432,2.1450934410095215
train,conditioning_real_adv,21672,1,0.0,0.0,0.0,0.0,0.0,0.0,0.0,0.0,0.0,0.0,0.0,0.0,0.0,28.007068634033203,28.007068634033203,3.7782513417208906e-16,0.0,0.0,5.27979850769043,2.3584516048431396
train,conditioning_real_adv,21793,1,0.008495330810546875,0.008495330810546875,0.008495330810546875,0.008495330810546875,0.008495330810546875,1.0,0.0,0.0,0.0,0.0,0.0,0.0,0.0,12.771909713745117,12.771909713745117,0.008495350368320942,0.0,0.0,4.8600568771362305,2.1458945274353027
train,conditioning_real_adv,21802,1,5.1021575927734375e-05,5.1021575927734375e-05,5.1021575927734375e-05,5.1021575927734375e-05,5.1021575927734375e-05,1.0,0.0,0.0,0.0,0.0,0.0,0.0,0.0,23.052330017089844,23.052330017089844,5.1022940169787034e-05,0.0,0.0,4.419845104217529,2.0145604610443115
train,conditioning_real_adv,21807,1,-1.0,-1.0,-1.0,-1.0,-1.0,0.0,0.0,0.0,0.0,0.0,1.0,1.0,0.0,43.62537384033203,43.62537384033203,3.836442274973706e-10,0.0,1.5,4.390300750732422,2.0292112827301025
train,conditioning_real_adv,21832,1,7.808208465576172e-06,7.808208465576172e-06,7.808208465576172e-06,7.808208465576172e-06,7.808208465576172e-06,1.0,0.0,0.0,0.0,0.0,0.0,0.0,0.0,28.786779403686523,28.786779403686523,7.815141543687787e-06,0.0,0.0,4.491419792175293,2.0204660892486572
train,conditioning_real_adv,21850,1,-1.0,-1.0,-1.0,-1.0,-1.0,0.0,0.0,0.0,0.0,0.0,1.0,1.0,0.0,42.77657699584961,42.77657699584961,4.794243474437465e-11,0.0,1.5,4.885764122009277,2.153825521469116
train,conditioning_real_adv,21890,1,-1.0,-1.0,-1.0,-1.0,-1.0,0.0,0.0,0.0,0.0,0.0,1.0,1.0,0.0,39.17787170410156,39.17787170410156,1.0890188306689197e-08,0.0,1.5,4.68525505065918,2.1313252449035645
train,conditioning_real_adv,21915,1,-1.0,-1.0,-1.0,-1.0,-1.0,0.0,0.0,0.0,0.0,0.0,1.0,1.0,0.0,29.393945693969727,29.393945693969727,1.3052699898707942e-07,0.0,1.5,4.5597124099731445,2.0695579051971436
train,conditioning_real_adv,21955,1,0.002043426036834717,0.002043426036834717,0.002043426036834717,0.002043426036834717,0.002043426036834717,1.0,0.0,0.0,0.0,0.0,0.0,0.0,0.0,17.758939743041992,17.758939743041992,0.0020434227772057056,0.0,0.0,5.276945114135742,2.3587424755096436
train,conditioning_real_adv,21959,1,-1.0,-1.0,-1.0,-1.0,-1.0,0.0,0.0,0.0,0.0,0.0,1.0,1.0,1.0,18.85283851623535,18.85283851623535,3.0855939257889986e-05,0.0,1.5,0.8292163610458374,0.8291717171669006
train,conditioning_real_adv,21972,1,0.008220970630645752,0.008220970630645752,0.008220970630645752,0.008220970630645752,0.008220970630645752,1.0,0.0,0.0,0.0,0.0,0.0,0.0,0.0,15.583370208740234,15.583370208740234,0.008220994845032692,0.0,0.0,4.682252883911133,2.0851247310638428
train,conditioning_real_adv,22014,1,-0.5,-0.5,-0.5,-0.5,-0.5,0.0,0.0,0.0,0.0,0.0,0.0,1.0,0.0,33.63180160522461,33.63180160522461,1.0422039620205936e-10,0.0,0.5,4.832131385803223,2.1660845279693604
train,conditioning_real_adv,22090,1,-1.0,-1.0,-1.0,-1.0,-1.0,0.0,0.0,0.0,0.0,0.0,1.0,1.0,0.0,34.33676528930664,34.33676528930664,3.2186057204869334e-12,0.0,1.5,4.673088550567627,2.1457254886627197
train,conditioning_real_adv,22098,1,2.384185791015625e-07,2.384185791015625e-07,2.384185791015625e-07,2.384185791015625e-07,2.384185791015625e-07,1.0,0.0,0.0,0.0,0.0,0.0,0.0,0.0,28.59018898010254,28.59018898010254,2.1985026421589282e-07,0.0,0.0,4.627987861633301,2.1017308235168457
train,conditioning_real_adv,22119,1,0.0,0.0,0.0,0.0,0.0,0.0,0.0,0.0,0.0,0.0,0.0,0.0,0.0,22.46198272705078,22.46198272705078,7.996044385156272e-15,0.0,0.0,4.5332865715026855,2.069822072982788
train,conditioning_real_adv,22142,1,5.960464477539062e-07,5.960464477539062e-07,5.960464477539062e-07,5.960464477539062e-07,5.960464477539062e-07,1.0,0.0,0.0,0.0,0.0,0.0,0.0,0.0,28.319805145263672,28.319805145263672,5.782876542070881e-07,0.0,0.0,4.654629707336426,2.0631086826324463
train,conditioning_real_adv,22167,1,0.0035860538482666016,0.0035860538482666016,0.0035860538482666016,0.0035860538482666016,0.0035860538482666016,1.0,0.0,0.0,0.0,0.0,0.0,0.0,0.0,16.909982681274414,16.909982681274414,0.003586062928661704,0.0,0.0,5.281643867492676,2.356616735458374
train,conditioning_real_adv,22249,1,0.0,0.0,0.0,0.0,0.0,0.0,0.0,0.0,0.0,0.0,0.0,0.0,0.0,32.13507080078125,32.13507080078125,4.042149948091378e-10,0.0,0.0,4.579323768615723,2.079890727996826
train,conditioning_real_adv,22275,1,-0.5,-0.5,-0.5,-0.5,-0.5,0.0,0.0,0.0,0.0,0.0,0.0,1.0,1.0,27.663734436035156,27.663734436035156,1.1763278351395456e-08,0.0,0.5,1.8561335802078247,0.8500726819038391
train,conditioning_real_adv,22296,1,0.0010347366333007812,0.0010347366333007812,0.0010347366333007812,0.0010347366333007812,0.0010347366333007812,1.0,0.0,0.0,0.0,0.0,0.0,0.0,0.0,13.145959854125977,13.145959854125977,0.0010347645729780197,0.0,0.0,4.680360794067383,2.0661821365356445
train,conditioning_real_adv,22307,1,7.152557373046875e-07,7.152557373046875e-07,7.152557373046875e-07,7.152557373046875e-07,7.152557373046875e-07,1.0,0.0,0.0,0.0,0.0,0.0,0.0,0.0,13.03779125213623,13.03779125213623,7.227326364045439e-07,0.0,0.0,4.554320812225342,2.001829147338867
train,conditioning_real_adv,22433,1,-0.9999999403953552,-0.9999999403953552,-0.9999999403953552,-0.9999999403953552,-0.9999999403953552,0.0,0.0,0.0,0.0,0.0,1.0,0.0,0.0,34.90152359008789,34.90152359008789,7.662979584210916e-08,0.0,1.0,4.70025110244751,2.103572368621826
train,conditioning_real_adv,22521,1,0.01875513792037964,0.01875513792037964,0.01875513792037964,0.01875513792037964,0.01875513792037964,1.0,0.0,0.0,0.0,0.0,0.0,0.0,0.0,12.956460952758789,12.956460952758789,0.018755124881863594,0.0,0.0,4.521210193634033,2.0359866619110107
train,conditioning_real_adv,22540,1,-0.4999980926513672,-0.4999980926513672,-0.4999980926513672,-0.4999980926513672,-0.4999980926513672,0.0,0.0,0.0,0.0,0.0,0.0,1.0,0.0,25.474647521972656,25.474647521972656,1.9142280507367104e-06,0.0,0.5,4.551175594329834,2.0510475635528564
train,conditioning_real_adv,22573,1,4.76837158203125e-07,4.76837158203125e-07,4.76837158203125e-07,4.76837158203125e-07,4.76837158203125e-07,1.0,0.0,0.0,0.0,0.0,0.0,0.0,0.0,29.425701141357422,29.425701141357422,4.5577829155263316e-07,0.0,0.0,5.281894683837891,2.3584983348846436
train,conditioning_real_adv,22639,1,0.0,0.0,0.0,0.0,0.0,0.0,0.0,0.0,0.0,0.0,0.0,0.0,0.0,22.547468185424805,22.547468185424805,2.9160228919022924e-12,0.0,0.0,4.481632232666016,2.064271926879883
train,conditioning_real_adv,22658,1,-0.9999574422836304,-0.9999574422836304,-0.9999574422836304,-0.9999574422836304,-0.9999574422836304,0.0,0.0,0.0,0.0,0.0,1.0,0.0,0.0,22.670507431030273,22.670507431030273,4.2545249016257e-05,0.0,1.0,4.421792030334473,2.082099199295044
train,conditioning_real_adv,22719,1,0.0,0.0,0.0,0.0,0.0,0.0,0.0,0.0,0.0,0.0,0.0,0.0,0.0,38.70528793334961,38.70528793334961,7.12191061875457e-15,0.0,0.0,5.057156085968018,2.2252252101898193
train,conditioning_real_adv,22744,1,3.635883331298828e-06,3.635883331298828e-06,3.635883331298828e-06,3.635883331298828e-06,3.635883331298828e-06,1.0,0.0,0.0,0.0,0.0,0.0,0.0,0.0,24.071157455444336,24.071157455444336,3.6141266264166916e-06,0.0,0.0,4.695592403411865,2.106071710586548
train,conditioning_real_adv,22798,1,-1.0,-1.0,-1.0,-1.0,-1.0,0.0,0.0,0.0,0.0,0.0,1.0,1.0,0.0,43.73704147338867,43.73704147338867,4.205077605567986e-11,0.0,1.5,4.750580310821533,2.1085197925567627
train,conditioning_real_adv,22883,1,-1.0,-1.0,-1.0,-1.0,-1.0,0.0,0.0,0.0,0.0,0.0,1.0,1.0,0.0,31.122896194458008,31.122896194458008,5.184694007454027e-09,0.0,1.5,4.68322229385376,2.117441415786743
train,conditioning_real_adv,22924,1,-1.0,-1.0,-1.0,-1.0,-1.0,0.0,0.0,0.0,0.0,0.0,1.0,1.0,0.0,10.575888633728027,10.575888633728027,0.00011759219341911376,0.0,1.5,4.776471138000488,2.15429425239563
train,conditioning_real_adv,22956,1,0.0002181529998779297,0.0002181529998779297,0.0002181529998779297,0.0002181529998779297,0.0002181529998779297,1.0,0.0,0.0,0.0,0.0,0.0,0.0,0.0,20.841188430786133,20.841188430786133,0.0002181710588047281,0.0,0.0,5.282959461212158,2.358891010284424
train,conditioning_real_adv,23075,1,5.960464477539063e-08,5.960464477539063e-08,5.960464477539063e-08,5.960464477539063e-08,5.960464477539063e-08,1.0,0.0,0.0,0.0,0.0,0.0,0.0,0.0,25.3385009765625,25.3385009765625,5.6552000415877046e-08,0.0,0.0,4.587944984436035,2.108307123184204
train,conditioning_real_adv,23083,1,-1.0,-1.0,-1.0,-1.0,-1.0,0.0,0.0,0.0,0.0,0.0,1.0,1.0,0.0,37.57405471801758,37.57405471801758,2.1988910692272157e-09,0.0,1.5,4.326854705810547,1.9565799236297607
train,conditioning_real_adv,23101,1,-1.0,-1.0,-1.0,-1.0,-1.0,0.0,0.0,0.0,0.0,0.0,1.0,1.0,1.0,14.434640884399414,14.434640884399414,2.6744050046545453e-05,0.0,1.5,0.9175309538841248,0.839263379573822
train,conditioning_real_adv,23119,1,0.0421069860458374,0.0421069860458374,0.0421069860458374,0.0421069860458374,0.0421069860458374,1.0,0.0,0.0,0.0,0.0,0.0,0.0,1.0,9.390901565551758,9.390901565551758,0.042106993496418,0.0,0.0,0.9143055081367493,0.8457614779472351
train,conditioning_real_adv,23138,1,-0.5,-0.5,-0.5,-0.5,-0.5,0.0,0.0,0.0,0.0,0.0,0.0,1.0,0.0,30.71565818786621,30.71565818786621,2.1418295956254774e-11,0.0,0.5,4.494668960571289,2.087226390838623
train,conditioning_real_adv,23186,1,-1.0,-1.0,-1.0,-1.0,-1.0,0.0,0.0,0.0,0.0,0.0,1.0,1.0,0.0,22.731098175048828,22.731098175048828,4.382951374282129e-06,0.0,1.5,4.72921085357666,2.125540018081665
train,conditioning_real_adv,23188,1,-0.4999998211860657,-0.4999998211860657,-0.4999998211860657,-0.4999998211860657,-0.4999998211860657,0.0,0.0,0.0,0.0,0.0,0.0,1.0,0.0,29.53432273864746,29.53432273864746,1.5351936610841221e-07,0.0,0.5,4.838931083679199,2.23433518409729
train,conditioning_real_adv,23203,1,3.874301910400391e-06,3.874301910400391e-06,3.874301910400391e-06,3.874301910400391e-06,3.874301910400391e-06,1.0,0.0,0.0,0.0,0.0,0.0,0.0,0.0,25.448579788208008,25.448579788208008,3.901247055182466e-06,0.0,0.0,5.282183647155762,2.3596413135528564
train,conditioning_real_adv,23236,1,-0.5,-0.5,-0.5,-0.5,-0.5,0.0,0.0,0.0,0.0,0.0,0.0,1.0,0.0,26.61750602722168,26.61750602722168,2.5721418328572554e-09,0.0,0.5,7.087059020996094,2.856431007385254
train,conditioning_real_adv,23289,1,0.27606379985809326,0.27606379985809326,0.27606379985809326,0.27606379985809326,0.27606379985809326,1.0,0.0,0.0,0.0,0.0,0.0,0.0,0.0,7.927651882171631,7.927651882171631,0.2760637700557709,0.0,0.0,4.757396697998047,2.1154768466949463
train,conditioning_real_adv,23291,1,-0.9956182241439819,-0.9956182241439819,-0.9956182241439819,-0.9956182241439819,-0.9956182241439819,0.0,0.0,0.0,0.0,0.0,1.0,0.0,1.0,12.755633354187012,12.755633354187012,0.0043817549012601376,0.0,1.0,0.973723828792572,0.8678560853004456
train,conditioning_real_adv,23367,1,-1.0,-1.0,-1.0,-1.0,-1.0,0.0,0.0,0.0,0.0,0.0,1.0,1.0,0.0,30.42436408996582,30.42436408996582,2.141187849247217e-07,0.0,1.5,5.279436111450195,2.3580715656280518
train,conditioning_real_adv,23406,1,5.543231964111328e-06,5.543231964111328e-06,5.543231964111328e-06,5.543231964111328e-06,5.543231964111328e-06,1.0,0.0,0.0,0.0,0.0,0.0,0.0,0.0,25.09642219543457,25.09642219543457,5.547715318243718e-06,0.0,0.0,4.511006832122803,2.10107684135437
train,conditioning_real_adv,23420,1,4.172325134277344e-07,4.172325134277344e-07,4.172325134277344e-07,4.172325134277344e-07,4.172325134277344e-07,1.0,0.0,0.0,0.0,0.0,0.0,0.0,0.0,29.67043685913086,29.67043685913086,4.047005859320052e-07,0.0,0.0,4.7415971755981445,2.1436564922332764
train,conditioning_real_adv,23465,1,8.881092071533203e-06,8.881092071533203e-06,8.881092071533203e-06,8.881092071533203e-06,8.881092071533203e-06,1.0,0.0,0.0,0.0,0.0,0.0,0.0,0.0,21.09678077697754,21.09678077697754,8.87393980519846e-06,0.0,0.0,4.7818603515625,2.1484899520874023
train,conditioning_real_adv,23495,1,2.5987625122070312e-05,2.5987625122070312e-05,2.5987625122070312e-05,2.5987625122070312e-05,2.5987625122070312e-05,1.0,0.0,0.0,0.0,0.0,0.0,0.0,0.0,21.301607131958008,21.301607131958008,2.5963992811739445e-05,0.0,0.0,5.2802815437316895,2.358325719833374
train,conditioning_real_adv,23498,1,-1.0,-1.0,-1.0,-1.0,-1.0,0.0,0.0,0.0,0.0,1.0,1.0,1.0,0.0,13.287880897521973,13.287880897521973,0.012907951138913631,0.0,1.5,4.604376316070557,2.0942232608795166
train,conditioning_real_adv,23521,1,-1.0,-1.0,-1.0,-1.0,-1.0,0.0,0.0,0.0,0.0,0.0,1.0,1.0,0.0,15.927152633666992,15.927152633666992,4.111710950382985e-05,0.0,1.5,4.596499443054199,2.0788681507110596
train,conditioning_real_adv,23540,1,-1.0,-1.0,-1.0,-1.0,-1.0,0.0,0.0,0.0,0.0,0.0,1.0,1.0,0.0,31.31892204284668,31.31892204284668,1.304991172901282e-07,0.0,1.5,4.354978561401367,1.9914495944976807
train,conditioning_real_adv,23544,1,-1.0,-1.0,-1.0,-1.0,-1.0,0.0,0.0,0.0,0.0,0.0,1.0,1.0,1.0,23.367273330688477,23.367273330688477,9.359681598652969e-07,0.0,1.5,0.9276764988899231,0.8645792603492737
train,conditioning_real_adv,23652,1,-1.0,-1.0,-1.0,-1.0,-1.0,0.0,0.0,0.0,0.0,0.0,1.0,1.0,0.0,37.20762634277344,37.20762634277344,3.4915861434753337e-12,0.0,1.5,4.750574588775635,2.1718387603759766
train,conditioning_real_adv,23676,1,1.1205673217773438e-05,1.1205673217773438e-05,1.1205673217773438e-05,1.1205673217773438e-05,1.1205673217773438e-05,1.0,0.0,0.0,0.0,0.0,0.0,0.0,0.0,27.96373748779297,27.96373748779297,1.12172992885462e-05,0.0,0.0,5.610896587371826,2.4079439640045166
train,conditioning_real_adv,23700,1,0.0038613080978393555,0.0038613080978393555,0.0038613080978393555,0.0038613080978393555,0.0038613080978393555,1.0,0.0,0.0,0.0,0.0,0.0,0.0,0.0,13.822176933288574,13.822176933288574,0.003861295059323311,0.0,0.0,4.536170482635498,2.0665481090545654
train,conditioning_real_adv,23739,1,-1.0,-1.0,-1.0,-1.0,-1.0,0.0,0.0,0.0,0.0,0.0,1.0,1.0,0.0,36.918296813964844,36.918296813964844,2.9107541377193513e-10,0.0,1.5,5.281100749969482,2.361266613006592
train,conditioning_real_adv,23829,1,0.006075084209442139,0.006075084209442139,0.006075084209442139,0.006075084209442139,0.006075084209442139,1.0,0.0,0.0,0.0,0.0,0.0,0.0,0.0,16.1949405670166,16.1949405670166,0.006075055338442326,0.0,0.0,4.76957368850708,2.1925852298736572
train,conditioning_real_adv,23973,1,5.960464477539063e-08,5.960464477539063e-08,5.960464477539063e-08,5.960464477539063e-08,5.960464477539063e-08,1.0,0.0,0.0,0.0,0.0,0.0,0.0,0.0,32.94466018676758,32.94466018676758,8.75128804977976e-08,0.0,0.0,5.09902286529541,2.2137279510498047
train,conditioning_real_adv,24044,1,2.1457672119140625e-05,2.1457672119140625e-05,2.1457672119140625e-05,2.1457672119140625e-05,2.1457672119140625e-05,1.0,0.0,0.0,0.0,0.0,0.0,0.0,0.0,24.978540420532227,24.978540420532227,2.144014069926925e-05,0.0,0.0,4.545139789581299,2.0355730056762695
train,conditioning_real_adv,24064,1,-1.0,-1.0,-1.0,-1.0,-1.0,0.0,0.0,0.0,0.0,0.0,0.0,1.0,0.0,32.1851921081543,32.1851921081543,1.6998608076690402e-10,0.0,1.0050785541534424,4.6853766441345215,2.1037309169769287
train,conditioning_real_adv,24138,1,0.2509462833404541,0.2509462833404541,0.2509462833404541,0.2509462833404541,0.2509462833404541,1.0,0.0,0.0,0.0,0.0,0.0,0.0,0.0,8.187143325805664,8.187143325805664,0.2509463131427765,0.0,0.0,5.008500099182129,2.2264747619628906
train,conditioning_real_adv,24163,1,2.7239322662353516e-05,2.7239322662353516e-05,2.7239322662353516e-05,2.7239322662353516e-05,2.7239322662353516e-05,1.0,0.0,0.0,0.0,0.0,0.0,0.0,0.0,22.899751663208008,22.899751663208008,2.7210280677536502e-05,0.0,0.0,4.311703681945801,2.0276079177856445
train,conditioning_real_adv,24191,1,0.000308990478515625,0.000308990478515625,0.000308990478515625,0.000308990478515625,0.000308990478515625,1.0,0.0,0.0,0.0,0.0,0.0,0.0,0.0,22.153812408447266,22.153812408447266,0.00030897563556209207,0.0,0.0,4.851553440093994,2.1317739486694336
train,conditioning_real_adv,24199,1,0.0008680820465087891,0.0008680820465087891,0.0008680820465087891,0.0008680820465087891,0.0008680820465087891,1.0,0.0,0.0,0.0,0.0,0.0,0.0,0.0,12.750276565551758,12.750276565551758,0.0008680574246682227,0.0,0.0,5.287530422210693,2.35990309715271
train,conditioning_real_adv,24257,1,-1.0,-1.0,-1.0,-1.0,-1.0,0.0,0.0,0.0,0.0,0.0,1.0,1.0,0.0,34.31947326660156,34.31947326660156,5.636592321361933e-12,0.0,1.5,5.397568225860596,2.358125686645508
train,conditioning_real_adv,24334,1,8.344650268554688e-07,8.344650268554688e-07,8.344650268554688e-07,8.344650268554688e-07,8.344650268554688e-07,1.0,0.0,0.0,0.0,0.0,0.0,0.0,0.0,7.165066719055176,7.165066719055176,8.558484410059464e-07,0.0,0.0,5.349731922149658,2.33425235748291
train,conditioning_real_adv,24351,1,1.0728836059570312e-06,1.0728836059570312e-06,1.0728836059570312e-06,1.0728836059570312e-06,1.0728836059570312e-06,1.0,0.0,0.0,0.0,0.0,0.0,0.0,0.0,28.871074676513672,28.871074676513672,1.0441722224641126e-06,0.0,0.0,4.858066558837891,2.1906023025512695
train,conditioning_real_adv,24352,1,0.09938031435012817,0.09938031435012817,0.09938031435012817,0.09938031435012817,0.09938031435012817,1.0,0.0,0.0,0.0,0.0,0.0,0.0,0.0,10.408233642578125,10.408233642578125,0.09938031435012817,0.0,0.0,4.554100513458252,2.0489063262939453
train,conditioning_real_adv,24366,1,0.007468998432159424,0.007468998432159424,0.007468998432159424,0.007468998432159424,0.007468998432159424,1.0,0.0,0.0,0.0,0.0,0.0,0.0,0.0,14.804373741149902,14.804373741149902,0.0074690161272883415,0.0,0.0,4.1233696937561035,2.0007071495056152
train,conditioning_real_adv,24383,1,-0.5,-0.5,-0.5,-0.5,-0.5,0.0,0.0,0.0,0.0,0.0,0.0,1.0,0.0,34.196502685546875,34.196502685546875,7.215962050111102e-09,0.0,0.5,4.822483539581299,2.1507601737976074
train,conditioning_real_adv,24408,1,4.76837158203125e-07,4.76837158203125e-07,4.76837158203125e-07,4.76837158203125e-07,4.76837158203125e-07,1.0,0.0,0.0,0.0,0.0,0.0,0.0,0.0,28.596899032592773,28.596899032592773,4.932627462039818e-07,0.0,0.0,4.816617965698242,2.1571145057678223
train,conditioning_real_adv,24409,1,-1.0,-1.0,-1.0,-1.0,-1.0,0.0,0.0,0.0,0.0,0.0,1.0,1.0,0.0,33.212127685546875,33.212127685546875,4.1310837417540824e-08,0.0,1.5,5.275482654571533,2.35846209526062
train,conditioning_real_adv,24457,1,-0.4999995231628418,-0.4999995231628418,-0.4999995231628418,-0.4999995231628418,-0.4999995231628418,0.0,0.0,0.0,0.0,0.0,0.0,1.0,0.0,28.818824768066406,28.818824768066406,4.793885750586924e-07,0.0,0.5,4.533075332641602,2.0899345874786377
train,conditioning_real_adv,24613,1,-1.0,-1.0,-1.0,-1.0,-1.0,0.0,0.0,0.0,0.0,0.0,1.0,1.0,0.0,33.32404708862305,33.32404708862305,2.5232519199058778e-11,0.0,1.5,4.686273574829102,2.126591682434082
train,conditioning_real_adv,24669,1,-1.0,-1.0,-1.0,-1.0,-1.0,0.0,0.0,0.0,0.0,0.0,1.0,1.0,0.0,22.844558715820312,22.844558715820312,1.2734591336993617e-06,0.0,1.5,4.6924638748168945,2.089022159576416
train,conditioning_real_adv,24680,1,-0.5,-0.5,-0.5,-0.5,-0.5,0.0,0.0,0.0,0.0,0.0,0.0,1.0,0.0,31.36665153503418,31.36665153503418,2.939619880848454e-09,0.0,0.5,4.747316360473633,2.1083812713623047
train,conditioning_real_adv,24774,1,-1.0,-1.0,-1.0,-1.0,-1.0,0.0,0.0,0.0,0.0,0.0,1.0,1.0,0.0,14.935977935791016,14.935977935791016,3.24467291648034e-05,0.0,1.5,4.682204723358154,2.148026466369629
train,conditioning_real_adv,24815,1,0.06172829866409302,0.06172829866409302,0.06172829866409302,0.06172829866409302,0.06172829866409302,1.0,0.0,0.0,0.0,0.0,0.0,0.0,0.0,10.623577117919922,10.623577117919922,0.06172830983996391,0.0,0.0,4.4749436378479,2.0728206634521484
train,conditioning_real_adv,24838,1,4.3332576751708984e-05,4.3332576751708984e-05,4.3332576751708984e-05,4.3332576751708984e-05,4.3332576751708984e-05,1.0,0.0,0.0,0.0,0.0,0.0,0.0,0.0,25.670799255371094,25.670799255371094,4.330505180405453e-05,0.0,0.0,4.966385841369629,2.2030317783355713
train,conditioning_real_adv,24997,1,0.0015709400177001953,0.0015709400177001953,0.0015709400177001953,0.0015709400177001953,0.0015709400177001953,1.0,0.0,0.0,0.0,0.0,0.0,0.0,0.0,17.493457794189453,17.493457794189453,0.001570958993397653,0.0,0.0,5.2780985832214355,2.3574607372283936
train,conditioning_real_adv,25049,1,-1.0,-1.0,-1.0,-1.0,-1.0,0.0,0.0,0.0,0.0,0.0,0.0,1.0,0.0,38.83061599731445,38.83061599731445,2.97685487371524e-13,0.0,1.4980642795562744,4.743969917297363,2.143249273300171
train,conditioning_real_adv,25127,1,-1.0,-1.0,-1.0,-1.0,-1.0,0.0,0.0,0.0,0.0,1.0,1.0,1.0,0.0,22.543197631835938,22.543197631835938,0.0002525344316381961,0.0,1.5,9.2622709274292,3.0092062950134277
train,conditioning_real_adv,25144,1,-1.0,-1.0,-1.0,-1.0,-1.0,0.0,0.0,0.0,0.0,0.0,1.0,1.0,0.0,42.659759521484375,42.659759521484375,5.293570486467059e-13,0.0,1.5,4.815255641937256,2.0750715732574463
train,conditioning_real_adv,25174,1,0.0,0.0,0.0,0.0,0.0,0.0,0.0,0.0,0.0,0.0,0.0,0.0,0.0,14.321405410766602,14.321405410766602,4.1026012448375226e-11,0.0,0.0,4.654166221618652,2.070826292037964
train,conditioning_real_adv,25176,1,0.0,0.0,0.0,0.0,0.0,0.0,0.0,0.0,0.0,0.0,0.0,0.0,0.0,40.90675735473633,40.90675735473633,0.0,0.0,0.0,4.647639274597168,2.1229822635650635
train,conditioning_real_adv,25209,1,7.510185241699219e-06,7.510185241699219e-06,7.510185241699219e-06,7.510185241699219e-06,7.510185241699219e-06,1.0,0.0,0.0,0.0,0.0,0.0,0.0,0.0,26.803491592407227,26.803491592407227,7.4905792644131e-06,0.0,0.0,4.279534816741943,1.9927514791488647
train,conditioning_real_adv,25211,1,8.940696716308594e-07,8.940696716308594e-07,8.940696716308594e-07,8.940696716308594e-07,8.940696716308594e-07,1.0,0.0,0.0,0.0,0.0,0.0,0.0,0.0,13.464082717895508,13.464082717895508,9.163039180748456e-07,0.0,0.0,4.357072830200195,2.005371332168579
train,conditioning_real_adv,25219,1,0.0,0.0,0.0,0.0,0.0,0.0,0.0,0.0,0.0,0.0,0.0,0.0,0.0,28.907894134521484,28.907894134521484,3.494978286812389e-13,0.0,0.0,5.28108024597168,2.359405994415283
train,conditioning_real_adv,25224,1,0.00031936168670654297,0.00031936168670654297,0.00031936168670654297,0.00031936168670654297,0.00031936168670654297,1.0,0.0,0.0,0.0,0.0,0.0,0.0,0.0,20.502397537231445,20.502397537231445,0.00031937070889398456,0.0,0.0,4.650293827056885,2.1094236373901367
train,conditioning_real_adv,25247,1,0.15308457612991333,0.15308457612991333,0.15308457612991333,0.15308457612991333,0.15308457612991333,1.0,0.0,0.0,0.0,0.0,0.0,0.0,0.0,7.118529319763184,7.118529319763184,0.15308456122875214,0.0,0.0,4.526510715484619,2.035503625869751
train,conditioning_real_adv,25341,1,-1.0,-1.0,-1.0,-1.0,-1.0,0.0,0.0,0.0,0.0,0.0,1.0,1.0,0.0,31.367717742919922,31.367717742919922,1.042093611403061e-08,0.0,1.5,4.49298095703125,2.04540753364563
train,conditioning_real_adv,25404,1,0.0,0.0,0.0,0.0,0.0,0.0,0.0,0.0,0.0,0.0,0.0,0.0,0.0,34.6265869140625,34.6265869140625,0.0,0.0,0.0,4.643284320831299,2.0345675945281982
train,conditioning_real_adv,25429,1,9.953975677490234e-06,9.953975677490234e-06,9.953975677490234e-06,9.953975677490234e-06,9.953975677490234e-06,1.0,0.0,0.0,0.0,0.0,0.0,0.0,0.0,20.43282127380371,20.43282127380371,9.978835805668496e-06,0.0,0.0,4.75657320022583,2.1069562435150146
train,conditioning_real_adv,25450,1,0.18503105640411377,0.18503105640411377,0.18503105640411377,0.18503105640411377,0.18503105640411377,1.0,0.0,0.0,0.0,0.0,0.0,0.0,0.0,8.326891899108887,8.326891899108887,0.18503105640411377,0.0,0.0,4.471968173980713,2.0595991611480713
train,conditioning_real_adv,25465,1,-1.0,-1.0,-1.0,-1.0,-1.0,0.0,0.0,0.0,0.0,0.0,1.0,1.0,0.0,34.193538665771484,34.193538665771484,1.914975990280343e-11,0.0,1.5,4.40529203414917,2.029466390609741
train,conditioning_real_adv,25470,1,0.01582103967666626,0.01582103967666626,0.01582103967666626,0.01582103967666626,0.01582103967666626,1.0,0.0,0.0,0.0,0.0,0.0,0.0,0.0,13.711706161499023,13.711706161499023,0.0158210601657629,0.0,0.0,5.282007217407227,2.358227252960205
train,conditioning_real_adv,25485,1,0.0,0.0,0.0,0.0,0.0,0.0,0.0,0.0,0.0,0.0,0.0,0.0,0.0,36.20017623901367,36.20017623901367,1.4438608728767344e-12,0.0,0.0,5.536298751831055,2.357693672180176
train,conditioning_real_adv,25528,1,7.748603820800781e-07,7.748603820800781e-07,7.748603820800781e-07,7.748603820800781e-07,7.748603820800781e-07,1.0,0.0,0.0,0.0,0.0,0.0,0.0,0.0,29.475618362426758,29.475618362426758,8.005185918591451e-07,0.0,0.0,4.594466686248779,2.0502734184265137
train,conditioning_real_adv,25622,1,2.86102294921875e-06,2.86102294921875e-06,2.86102294921875e-06,2.86102294921875e-06,2.86102294921875e-06,1.0,0.0,0.0,0.0,0.0,0.0,0.0,0.0,22.125673294067383,22.125673294067383,2.879553676393698e-06,0.0,0.0,4.803306579589844,2.131657600402832
train,conditioning_real_adv,25638,1,0.0006615519523620605,0.0006615519523620605,0.0006615519523620605,0.0006615519523620605,0.0006615519523620605,1.0,0.0,0.0,0.0,0.0,0.0,0.0,0.0,15.337904930114746,15.337904930114746,0.0006615615566261113,0.0,0.0,4.675042152404785,2.098778486251831
train,conditioning_real_adv,25642,1,0.0,0.0,0.0,0.0,0.0,0.0,0.0,0.0,0.0,0.0,0.0,0.0,0.0,29.341976165771484,29.341976165771484,1.8965920847713313e-11,0.0,0.0,4.550716400146484,2.0458858013153076
train,conditioning_real_adv,25643,1,0.00017315149307250977,0.00017315149307250977,0.00017315149307250977,0.00017315149307250977,0.00017315149307250977,1.0,0.0,0.0,0.0,0.0,0.0,0.0,0.0,16.898958206176758,16.898958206176758,0.00017312435375060886,0.0,0.0,4.6727681159973145,2.1127068996429443
train,conditioning_real_adv,25691,1,0.00012296438217163086,0.00012296438217163086,0.00012296438217163086,0.00012296438217163086,0.00012296438217163086,1.0,0.0,0.0,0.0,0.0,0.0,0.0,0.0,23.87569808959961,23.87569808959961,0.00012297360808588564,0.0,0.0,4.5245890617370605,2.1120924949645996
train,conditioning_real_adv,25808,1,0.0003826022148132324,0.0003826022148132324,0.0003826022148132324,0.0003826022148132324,0.0003826022148132324,1.0,0.0,0.0,0.0,0.0,0.0,0.0,0.0,17.160112380981445,17.160112380981445,0.0003825840540230274,0.0,0.0,5.278642654418945,2.3585777282714844
train,conditioning_real_adv,25852,1,-0.5,-0.5,-0.5,-0.5,-0.5,0.0,0.0,0.0,0.0,0.0,0.0,1.0,0.0,30.9249267578125,30.9249267578125,2.1897005042514905e-11,0.0,0.5,5.192281723022461,2.389688730239868
train,conditioning_real_adv,25873,1,-1.0,-1.0,-1.0,-1.0,-1.0,0.0,0.0,0.0,0.0,0.0,1.0,1.0,0.0,25.284509658813477,25.284509658813477,3.9506398152866495e-09,0.0,1.5,4.520966529846191,2.0676839351654053
train,conditioning_real_adv,25894,1,-1.0,-1.0,-1.0,-1.0,-1.0,0.0,0.0,0.0,0.0,0.0,1.0,1.0,0.0,28.93504524230957,28.93504524230957,4.6556846200473956e-07,0.0,1.5,4.382252216339111,1.96720290184021
train,conditioning_real_adv,25967,1,0.0004722476005554199,0.0004722476005554199,0.0004722476005554199,0.0004722476005554199,0.0004722476005554199,1.0,0.0,0.0,0.0,0.0,0.0,0.0,0.0,21.187002182006836,21.187002182006836,0.0004722538578789681,0.0,0.0,4.568869113922119,2.120358467102051
train,conditioning_real_adv,25985,1,-0.9999918341636658,-0.9999918341636658,-0.9999918341636658,-0.9999918341636658,-0.9999918341636658,0.0,0.0,0.0,0.0,0.0,1.0,0.0,0.0,22.857707977294922,22.857707977294922,8.138064004015177e-06,0.0,1.0,4.7327351570129395,2.1349804401397705
train,conditioning_real_adv,25997,1,-1.0,-1.0,-1.0,-1.0,-1.0,0.0,0.0,0.0,0.0,0.0,1.0,1.0,0.0,40.614967346191406,40.614967346191406,3.231811346315894e-11,0.0,1.5,4.54478645324707,2.068697690963745
train,conditioning_real_adv,26080,1,-1.0,-1.0,-1.0,-1.0,-1.0,0.0,0.0,0.0,0.0,0.0,0.0,1.0,0.0,19.72662353515625,19.72662353515625,7.526060016971314e-06,0.0,1.4529842138290405,4.755822658538818,2.144697904586792
train,conditioning_real_adv,26111,1,-0.5,-0.5,-0.5,-0.5,-0.5,0.0,0.0,0.0,0.0,0.0,0.0,1.0,0.0,32.53782653808594,32.53782653808594,2.663703146943419e-10,0.0,0.5,5.284868240356445,2.36039400100708
train,conditioning_real_adv,26134,1,-0.9999969601631165,-0.9999969601631165,-0.9999969601631165,-0.9999969601631165,-0.9999969601631165,0.0,0.0,0.0,0.0,0.0,1.0,0.0,1.0,26.94154167175293,26.94154167175293,3.063328904318041e-06,0.0,1.0,0.8882242441177368,0.8720880150794983
train,conditioning_real_adv,26137,1,-1.0,-1.0,-1.0,-1.0,-1.0,0.0,0.0,0.0,0.0,0.0,1.0,1.0,0.0,27.570512771606445,27.570512771606445,1.120342307814326e-08,0.0,1.5,4.5232720375061035,2.0846102237701416
train,conditioning_real_adv,26294,1,1.0788440704345703e-05,1.0788440704345703e-05,1.0788440704345703e-05,1.0788440704345703e-05,1.0788440704345703e-05,1.0,0.0,0.0,0.0,0.0,0.0,0.0,0.0,22.964311599731445,22.964311599731445,1.0766440937004518e-05,0.0,0.0,5.368775367736816,2.322432041168213
train,conditioning_real_adv,26333,1,3.039836883544922e-06,3.039836883544922e-06,3.039836883544922e-06,3.039836883544922e-06,3.039836883544922e-06,1.0,0.0,0.0,0.0,0.0,0.0,0.0,0.0,30.22419548034668,30.22419548034668,3.04049763144576e-06,0.0,0.0,4.9560394287109375,2.14971923828125
train,conditioning_real_adv,26362,1,0.0003840327262878418,0.0003840327262878418,0.0003840327262878418,0.0003840327262878418,0.0003840327262878418,1.0,0.0,0.0,0.0,0.0,0.0,0.0,0.0,18.267791748046875,18.267791748046875,0.00038403880898840725,0.0,0.0,4.530138969421387,2.056858539581299
train,conditioning_real_adv,26422,1,-1.0,-1.0,-1.0,-1.0,-1.0,0.0,0.0,0.0,0.0,0.0,1.0,1.0,0.0,35.1067008972168,35.1067008972168,6.500170179890574e-09,0.0,1.5,5.190192699432373,2.3100316524505615
train,conditioning_real_adv,26438,1,0.07796287536621094,0.07796287536621094,0.07796287536621094,0.07796287536621094,0.07796287536621094,1.0,0.0,0.0,0.0,0.0,0.0,0.0,0.0,10.89476490020752,10.89476490020752,0.07796286791563034,0.0,0.0,4.783980369567871,2.136557102203369
train,conditioning_real_adv,26537,1,1.049041748046875e-05,1.049041748046875e-05,1.049041748046875e-05,1.049041748046875e-05,1.049041748046875e-05,1.0,0.0,0.0,0.0,0.0,0.0,0.0,0.0,25.408369064331055,25.408369064331055,1.0503405064810067e-05,0.0,0.0,5.2808990478515625,2.358577013015747
train,conditioning_real_adv,26562,1,-0.5,-0.5,-0.5,-0.5,-0.5,0.0,0.0,0.0,0.0,0.0,0.0,1.0,0.0,32.72294616699219,32.72294616699219,2.9067739968496875e-12,0.0,0.5,4.7113542556762695,2.1053669452667236
train,conditioning_real_adv,26601,1,0.14442193508148193,0.14442193508148193,0.14442193508148193,0.14442193508148193,0.14442193508148193,1.0,0.0,0.0,0.0,0.0,0.0,0.0,0.0,9.558075904846191,9.558075904846191,0.14442192018032074,0.0,0.0,4.714165210723877,2.1365532875061035
train,conditioning_real_adv,26743,1,-0.04340286925435066,-0.04340286925435066,-0.04340286925435066,-0.04340286925435066,-0.04340286925435066,0.0,0.0,0.0,0.0,0.0,0.0,0.0,1.0,25.935462951660156,25.935462951660156,6.307211606326746e-07,0.0,0.04340352490544319,1.0273163318634033,0.8992125391960144
train,conditioning_real_adv,26779,1,1.4901161193847656e-06,1.4901161193847656e-06,1.4901161193847656e-06,1.4901161193847656e-06,1.4901161193847656e-06,1.0,0.0,0.0,0.0,0.0,0.0,0.0,0.0,28.978843688964844,28.978843688964844,1.4652229083367274e-06,0.0,0.0,5.503262996673584,2.3431830406188965
train,conditioning_real_adv,26863,1,-0.3946753144264221,-0.3946753144264221,-0.3946753144264221,-0.3946753144264221,-0.3946753144264221,0.0,0.0,0.0,0.0,0.0,0.0,0.0,0.0,7.695383548736572,7.695383548736572,0.014975420199334621,0.0,0.4096507430076599,5.352283477783203,2.3482773303985596
train,conditioning_real_adv,26922,1,-1.0,-1.0,-1.0,-1.0,-1.0,0.0,0.0,0.0,0.0,0.0,1.0,1.0,0.0,14.292081832885742,14.292081832885742,1.326853089267388e-05,0.0,1.5,4.881584644317627,2.1949687004089355
train,conditioning_real_adv,26944,1,-1.0,-1.0,-1.0,-1.0,-1.0,0.0,0.0,0.0,0.0,1.0,1.0,1.0,0.0,35.43183517456055,35.43183517456055,1.7826405499313247e-12,0.0,1.5,4.626509666442871,2.1344168186187744
train,conditioning_real_adv,26963,1,5.960464477539062e-07,5.960464477539062e-07,5.960464477539062e-07,5.960464477539062e-07,5.960464477539062e-07,1.0,0.0,0.0,0.0,0.0,0.0,0.0,0.0,25.70149040222168,25.70149040222168,5.772157578576298e-07,0.0,0.0,5.280959606170654,2.3586325645446777
train,conditioning_real_adv,27008,1,-0.5,-0.5,-0.5,-0.5,-0.5,0.0,0.0,0.0,0.0,0.0,0.0,1.0,0.0,32.80475997924805,32.80475997924805,2.6002826558624292e-08,0.0,0.5,4.739400863647461,2.140796422958374
train,conditioning_real_adv,27132,1,2.205371856689453e-06,2.205371856689453e-06,2.205371856689453e-06,2.205371856689453e-06,2.205371856689453e-06,1.0,0.0,0.0,0.0,0.0,0.0,0.0,0.0,28.574913024902344,28.574913024902344,2.233626219094731e-06,0.0,0.0,5.418712139129639,2.4453790187835693
train,conditioning_real_adv,27158,1,0.015446066856384277,0.015446066856384277,0.015446066856384277,0.015446066856384277,0.015446066856384277,1.0,0.0,0.0,0.0,0.0,0.0,0.0,0.0,9.17540168762207,9.17540168762207,0.015446050092577934,0.0,0.0,4.688559532165527,2.1499874591827393
train,conditioning_real_adv,27159,1,0.0005449056625366211,0.0005449056625366211,0.0005449056625366211,0.0005449056625366211,0.0005449056625366211,1.0,0.0,0.0,0.0,0.0,0.0,0.0,0.0,16.590917587280273,16.590917587280273,0.0005448928568512201,0.0,0.0,7.036454200744629,2.8692500591278076
train,conditioning_real_adv,27175,1,-0.49999821186065674,-0.49999821186065674,-0.49999821186065674,-0.49999821186065674,-0.49999821186065674,0.0,0.0,0.0,0.0,0.0,0.0,1.0,0.0,18.288291931152344,18.288291931152344,1.7661358242548886e-06,0.0,0.5,4.613580226898193,2.064007043838501
train,conditioning_real_adv,27179,1,0.0,0.0,0.0,0.0,0.0,0.0,0.0,0.0,0.0,0.0,0.0,0.0,0.0,31.753074645996094,31.753074645996094,1.595358156691873e-08,0.0,0.0,4.27622127532959,1.988621473312378
train,conditioning_real_adv,27186,1,0.010060012340545654,0.010060012340545654,0.010060012340545654,0.010060012340545654,0.010060012340545654,1.0,0.0,0.0,0.0,0.0,0.0,0.0,0.0,15.178144454956055,15.178144454956055,0.010060040280222893,0.0,0.0,4.246187210083008,1.9674029350280762
train,conditioning_real_adv,27204,1,0.0008152127265930176,0.0008152127265930176,0.0008152127265930176,0.0008152127265930176,0.0008152127265930176,1.0,0.0,0.0,0.0,0.0,0.0,0.0,0.0,12.435194969177246,12.435194969177246,0.0008152301888912916,0.0,0.0,5.281613349914551,2.3577158451080322
train,conditioning_real_adv,27206,1,8.785724639892578e-05,8.785724639892578e-05,8.785724639892578e-05,8.785724639892578e-05,8.785724639892578e-05,1.0,0.0,0.0,0.0,0.0,0.0,0.0,0.0,23.121652603149414,23.121652603149414,8.788579725660384e-05,0.0,0.0,4.3516740798950195,1.991540789604187
train,conditioning_real_adv,27208,1,1.3113021850585938e-06,1.3113021850585938e-06,1.3113021850585938e-06,1.3113021850585938e-06,1.3113021850585938e-06,1.0,0.0,0.0,0.0,0.0,0.0,0.0,0.0,28.114221572875977,28.114221572875977,1.2960343838130939e-06,0.0,0.0,5.544328689575195,2.3930203914642334
train,conditioning_real_adv,27239,1,3.2186508178710938e-06,3.2186508178710938e-06,3.2186508178710938e-06,3.2186508178710938e-06,3.2186508178710938e-06,1.0,0.0,0.0,0.0,0.0,0.0,0.0,0.0,29.50235939025879,29.50235939025879,3.2476623346155975e-06,0.0,0.0,4.689770221710205,2.1857359409332275
train,conditioning_real_adv,27312,1,-1.0,-1.0,-1.0,-1.0,-1.0,0.0,0.0,0.0,0.0,0.0,0.0,1.0,0.0,16.206233978271484,16.206233978271484,6.081168066884857e-06,0.0,1.3066866397857666,4.6633477210998535,2.1613173484802246
train,conditioning_real_adv,27329,1,-0.5,-0.5,-0.5,-0.5,-0.5,0.0,0.0,0.0,0.0,0.0,0.0,1.0,0.0,23.50670051574707,23.50670051574707,1.0427413599245483e-08,0.0,0.5,4.698755741119385,2.0902457237243652
train,conditioning_real_adv,27343,1,9.357929229736328e-05,9.357929229736328e-05,9.357929229736328e-05,9.357929229736328e-05,9.357929229736328e-05,1.0,0.0,0.0,0.0,0.0,0.0,0.0,0.0,24.544384002685547,24.544384002685547,9.3560061941389e-05,0.0,0.0,4.670670986175537,2.1019697189331055
train,conditioning_real_adv,27360,1,-1.0,-1.0,-1.0,-1.0,-1.0,0.0,0.0,0.0,0.0,0.0,0.0,1.0,0.0,31.788711547851562,31.788711547851562,5.029855643101655e-08,0.0,1.0377460718154907,4.60167932510376,2.134936571121216
train,conditioning_real_adv,27383,1,-1.0,-1.0,-1.0,-1.0,-1.0,0.0,0.0,0.0,0.0,0.0,1.0,1.0,0.0,35.3726692199707,35.3726692199707,2.169108981320278e-08,0.0,1.5,5.278339385986328,2.355741262435913
train,conditioning_real_adv,27385,1,0.06404340267181396,0.06404340267181396,0.06404340267181396,0.06404340267181396,0.06404340267181396,1.0,0.0,0.0,0.0,0.0,0.0,0.0,0.0,11.364015579223633,11.364015579223633,0.06404341757297516,0.0,0.0,4.733003616333008,2.1339619159698486
train,conditioning_real_adv,27408,1,0.0004686117172241211,0.0004686117172241211,0.0004686117172241211,0.0004686117172241211,0.0004686117172241211,1.0,0.0,0.0,0.0,0.0,0.0,0.0,0.0,21.329673767089844,21.329673767089844,0.0004685840103775263,0.0,0.0,5.580827713012695,2.363715410232544
train,conditioning_real_adv,27487,1,0.017432451248168945,0.017432451248168945,0.017432451248168945,0.017432451248168945,0.017432451248168945,1.0,0.0,0.0,0.0,0.0,0.0,0.0,0.0,11.140434265136719,11.140434265136719,0.017432453110814095,0.0,0.0,4.732961654663086,2.1572465896606445
train,conditioning_real_adv,27511,1,-1.0,-1.0,-1.0,-1.0,-1.0,0.0,0.0,0.0,0.0,0.0,1.0,1.0,0.0,38.08039474487305,38.08039474487305,9.995342331592383e-10,0.0,1.5,4.514702320098877,2.052961826324463
train,conditioning_real_adv,27532,1,1.5854835510253906e-05,1.5854835510253906e-05,1.5854835510253906e-05,1.5854835510253906e-05,1.5854835510253906e-05,1.0,0.0,0.0,0.0,0.0,0.0,0.0,0.0,23.968467712402344,23.968467712402344,1.5881854778854176e-05,0.0,0.0,4.553542613983154,2.0399367809295654
train,conditioning_real_adv,27540,1,1.1920928955078125e-07,1.1920928955078125e-07,1.1920928955078125e-07,1.1920928955078125e-07,1.1920928955078125e-07,1.0,0.0,0.0,0.0,0.0,0.0,0.0,0.0,29.8930721282959,29.8930721282959,1.0377814874118485e-07,0.0,0.0,4.599353313446045,2.1325604915618896
train,conditioning_real_adv,27562,1,3.516674041748047e-06,3.516674041748047e-06,3.516674041748047e-06,3.516674041748047e-06,3.516674041748047e-06,1.0,0.0,0.0,0.0,0.0,0.0,0.0,0.0,20.356836318969727,20.356836318969727,3.5084894989267923e-06,0.0,0.0,4.553324222564697,2.064345359802246
train,conditioning_real_adv,27636,1,-1.0,-1.0,-1.0,-1.0,-1.0,0.0,0.0,0.0,0.0,0.0,1.0,1.0,0.0,39.37369918823242,39.37369918823242,5.544411804669913e-11,0.0,1.5,5.276068687438965,2.356421947479248
train,conditioning_real_adv,27637,1,0.6474659442901611,0.6474659442901611,0.6474659442901611,0.6474659442901611,0.6474659442901611,1.0,1.0,1.0,0.0,0.0,0.0,0.0,0.0,4.557090759277344,4.557090759277344,0.6474659442901611,0.0,0.0,4.7346062660217285,2.1016252040863037
train,conditioning_real_adv,27659,1,0.04431116580963135,0.04431116580963135,0.04431116580963135,0.04431116580963135,0.04431116580963135,1.0,0.0,0.0,0.0,0.0,0.0,0.0,0.0,12.1423921585083,12.1423921585083,0.04431114345788956,0.0,0.0,4.173532485961914,1.935632348060608
train,conditioning_real_adv,27668,1,0.00010025501251220703,0.00010025501251220703,0.00010025501251220703,0.00010025501251220703,0.00010025501251220703,1.0,0.0,0.0,0.0,0.0,0.0,0.0,0.0,24.337818145751953,24.337818145751953,0.00010025902156485245,0.0,0.0,4.812521934509277,2.10127329826355
train,conditioning_real_adv,27724,1,7.873773574829102e-05,7.873773574829102e-05,7.873773574829102e-05,7.873773574829102e-05,7.873773574829102e-05,1.0,0.0,0.0,0.0,0.0,0.0,0.0,0.0,24.882089614868164,24.882089614868164,7.875716255512089e-05,0.0,0.0,4.556329250335693,2.111582040786743
train,conditioning_real_adv,27737,1,9.59634780883789e-06,9.59634780883789e-06,9.59634780883789e-06,9.59634780883789e-06,9.59634780883789e-06,1.0,0.0,0.0,0.0,0.0,0.0,0.0,0.0,22.731843948364258,22.731843948364258,9.604672413843218e-06,0.0,0.0,5.0531744956970215,2.274630069732666
train,conditioning_real_adv,27800,1,-1.0,-1.0,-1.0,-1.0,-1.0,0.0,0.0,0.0,0.0,1.0,1.0,1.0,0.0,40.659912109375,40.659912109375,1.460956247471834e-12,0.0,1.5,5.613498687744141,2.4231302738189697
train,conditioning_real_adv,27893,1,0.0003241896629333496,0.0003241896629333496,0.0003241896629333496,0.0003241896629333496,0.0003241896629333496,1.0,0.0,0.0,0.0,0.0,0.0,0.0,0.0,22.064882278442383,22.064882278442383,0.0003241881204303354,0.0,0.0,4.252995014190674,1.9737321138381958
train,conditioning_real_adv,27916,1,4.172325134277344e-07,4.172325134277344e-07,4.172325134277344e-07,4.172325134277344e-07,4.172325134277344e-07,1.0,0.0,0.0,0.0,0.0,0.0,0.0,0.0,31.218374252319336,31.218374252319336,3.9944657714841014e-07,0.0,0.0,5.287489414215088,2.3588573932647705
train,conditioning_real_adv,27926,1,4.172325134277344e-07,4.172325134277344e-07,4.172325134277344e-07,4.172325134277344e-07,4.172325134277344e-07,1.0,0.0,0.0,0.0,0.0,0.0,0.0,0.0,31.47171974182129,31.47171974182129,4.149306676026754e-07,0.0,0.0,4.842045307159424,2.163205623626709
train,conditioning_real_adv,27942,1,5.960464477539063e-08,5.960464477539063e-08,5.960464477539063e-08,5.960464477539063e-08,5.960464477539063e-08,1.0,0.0,0.0,0.0,0.0,0.0,0.0,0.0,31.41649627685547,31.41649627685547,6.15304003304118e-08,0.0,0.0,4.647059917449951,2.1358938217163086
train,conditioning_real_adv,27953,1,-1.0,-1.0,-1.0,-1.0,-1.0,0.0,0.0,0.0,0.0,0.0,1.0,1.0,0.0,34.298316955566406,34.298316955566406,7.328388562655164e-09,0.0,1.5,4.620165824890137,2.0967016220092773
train,conditioning_real_adv,27979,1,-0.4999999403953552,-0.4999999403953552,-0.4999999403953552,-0.4999999403953552,-0.4999999403953552,0.0,0.0,0.0,0.0,0.0,0.0,1.0,0.0,31.883407592773438,31.883407592773438,5.439243722094034e-08,0.0,0.5,4.626699447631836,2.0861928462982178
train,conditioning_real_adv,28002,1,-1.0,-1.0,-1.0,-1.0,-1.0,0.0,0.0,0.0,0.0,0.0,1.0,1.0,1.0,34.91482162475586,34.91482162475586,2.4438206125410034e-08,0.0,1.5,0.9124690890312195,0.8510532975196838
train,conditioning_real_adv,28032,1,-1.0,-1.0,-1.0,-1.0,-1.0,0.0,0.0,0.0,0.0,0.0,1.0,1.0,0.0,32.05785369873047,32.05785369873047,5.791583532199773e-11,0.0,1.5,4.533718585968018,2.0453779697418213
train,conditioning_real_adv,28067,1,5.364418029785156e-07,5.364418029785156e-07,5.364418029785156e-07,5.364418029785156e-07,5.364418029785156e-07,1.0,0.0,0.0,0.0,0.0,0.0,0.0,0.0,22.979097366333008,22.979097366333008,5.22639595601504e-07,0.0,0.0,4.747554302215576,2.0927999019622803
train,conditioning_real_adv,28220,1,1.0728836059570312e-06,1.0728836059570312e-06,1.0728836059570312e-06,1.0728836059570312e-06,1.0728836059570312e-06,1.0,0.0,0.0,0.0,0.0,0.0,0.0,0.0,23.82761001586914,23.82761001586914,1.0891053534578532e-06,0.0,0.0,5.281190872192383,2.3579516410827637
train,conditioning_real_adv,28251,1,0.029973089694976807,0.029973089694976807,0.029973089694976807,0.029973089694976807,0.029973089694976807,1.0,0.0,0.0,0.0,0.0,0.0,0.0,0.0,12.954048156738281,12.954048156738281,0.029973072931170464,0.0,0.0,4.867115020751953,2.179749011993408
train,conditioning_real_adv,28260,1,-1.0,-1.0,-1.0,-1.0,-1.0,0.0,0.0,0.0,0.0,0.0,1.0,1.0,0.0,34.754817962646484,34.754817962646484,7.885005426366831e-10,0.0,1.5,5.282113552093506,2.359405994415283
train,conditioning_real_adv,28292,1,4.76837158203125e-05,4.76837158203125e-05,4.76837158203125e-05,4.76837158203125e-05,4.76837158203125e-05,1.0,0.0,0.0,0.0,0.0,0.0,0.0,0.0,25.537946701049805,25.537946701049805,4.7676578105892986e-05,0.0,0.0,4.8225884437561035,2.131072521209717
train,conditioning_real_adv,28443,1,1.1920928955078125e-07,1.1920928955078125e-07,1.1920928955078125e-07,1.1920928955078125e-07,1.1920928955078125e-07,1.0,0.0,0.0,0.0,0.0,0.0,0.0,0.0,30.58820152282715,30.58820152282715,1.1646686459698685e-07,0.0,0.0,4.594138145446777,2.091719627380371
train,conditioning_real_adv,28453,1,0.02587723731994629,0.02587723731994629,0.02587723731994629,0.02587723731994629,0.02587723731994629,1.0,0.0,0.0,0.0,0.0,0.0,0.0,0.0,12.928497314453125,12.928497314453125,0.025877242907881737,0.0,0.0,4.723962783813477,2.0829579830169678
train,conditioning_real_adv,28497,1,0.00011020898818969727,0.00011020898818969727,0.00011020898818969727,0.00011020898818969727,0.00011020898818969727,1.0,0.0,0.0,0.0,0.0,0.0,0.0,0.0,21.898014068603516,21.898014068603516,0.00011018678924301639,0.0,0.0,4.46229362487793,2.005160093307495
train,conditioning_real_adv,28525,1,0.15831351280212402,0.15831351280212402,0.15831351280212402,0.15831351280212402,0.15831351280212402,1.0,0.0,0.0,0.0,0.0,0.0,0.0,0.0,5.97483491897583,5.97483491897583,0.15831352770328522,0.0,0.0,4.861974239349365,2.175826072692871
train,conditioning_real_adv,28537,1,-0.5,-0.5,-0.5,-0.5,-0.5,0.0,0.0,0.0,0.0,0.0,0.0,1.0,0.0,20.74039649963379,20.74039649963379,9.27106569292846e-09,0.0,0.5,5.280361652374268,2.356987953186035
train,conditioning_real_adv,28578,1,4.5299530029296875e-06,4.5299530029296875e-06,4.5299530029296875e-06,4.5299530029296875e-06,4.5299530029296875e-06,1.0,0.0,0.0,0.0,0.0,0.0,0.0,0.0,27.35750389099121,27.35750389099121,4.522267317952355e-06,0.0,0.0,4.475264549255371,2.0511772632598877
train,conditioning_real_adv,28717,1,4.649162292480469e-06,4.649162292480469e-06,4.649162292480469e-06,4.649162292480469e-06,4.649162292480469e-06,1.0,0.0,0.0,0.0,0.0,0.0,0.0,0.0,25.076984405517578,25.076984405517578,4.629695922631072e-06,0.0,0.0,4.395580291748047,2.001084804534912
train,conditioning_real_adv,28788,1,-1.0,-1.0,-1.0,-1.0,-1.0,0.0,0.0,0.0,0.0,0.0,1.0,0.0,0.0,29.206846237182617,29.206846237182617,8.375280913242023e-09,0.0,1.0,4.510590076446533,2.0599188804626465
train,conditioning_real_adv,28842,1,5.960464477539063e-08,5.960464477539063e-08,5.960464477539063e-08,5.960464477539063e-08,5.960464477539063e-08,1.0,0.0,0.0,0.0,0.0,0.0,0.0,0.0,30.69674301147461,30.69674301147461,5.10026723077317e-08,0.0,0.0,5.160430431365967,2.2546589374542236
train,conditioning_real_adv,28877,1,3.5762786865234375e-07,3.5762786865234375e-07,3.5762786865234375e-07,3.5762786865234375e-07,3.5762786865234375e-07,1.0,0.0,0.0,0.0,0.0,0.0,0.0,0.0,29.150083541870117,29.150083541870117,3.8430260929089854e-07,0.0,0.0,5.760896682739258,2.4213669300079346
train,conditioning_real_adv,28920,1,0.0010251402854919434,0.0010251402854919434,0.0010251402854919434,0.0010251402854919434,0.0010251402854919434,1.0,0.0,0.0,0.0,0.0,0.0,0.0,0.0,19.644105911254883,19.644105911254883,0.0010251521598547697,0.0,0.0,4.829938888549805,2.1181023120880127
train,conditioning_real_adv,28952,1,-1.0,-1.0,-1.0,-1.0,-1.0,0.0,0.0,0.0,0.0,0.0,1.0,1.0,0.0,20.57932472229004,20.57932472229004,3.1957410101313144e-05,0.0,1.5,11.576912879943848,3.1080007553100586
train,conditioning_real_adv,28987,1,0.000652313232421875,0.000652313232421875,0.000652313232421875,0.000652313232421875,0.000652313232421875,1.0,0.0,0.0,0.0,0.0,0.0,0.0,0.0,13.711185455322266,13.711185455322266,0.0006523121264763176,0.0,0.0,5.27476692199707,2.3640058040618896
train,conditioning_real_adv,28990,1,1.1324882507324219e-06,1.1324882507324219e-06,1.1324882507324219e-06,1.1324882507324219e-06,1.1324882507324219e-06,1.0,0.0,0.0,0.0,0.0,0.0,0.0,0.0,26.549453735351562,26.549453735351562,1.1538041917447117e-06,0.0,0.0,4.517481803894043,2.082707405090332
train,conditioning_real_adv,29012,1,2.562999725341797e-06,2.562999725341797e-06,2.562999725341797e-06,2.562999725341797e-06,2.562999725341797e-06,1.0,0.0,0.0,0.0,0.0,0.0,0.0,0.0,29.451351165771484,29.451351165771484,2.5386525521753356e-06,0.0,0.0,4.8495378494262695,2.1532413959503174
train,conditioning_real_adv,29096,1,0.0006384849548339844,0.0006384849548339844,0.0006384849548339844,0.0006384849548339844,0.0006384849548339844,1.0,0.0,0.0,0.0,0.0,0.0,0.0,0.0,18.23297119140625,18.23297119140625,0.000638475816231221,0.0,0.0,4.739980220794678,2.1154301166534424
train,conditioning_real_adv,29106,1,5.1856040954589844e-05,5.1856040954589844e-05,5.1856040954589844e-05,5.1856040954589844e-05,5.1856040954589844e-05,1.0,0.0,0.0,0.0,0.0,0.0,0.0,0.0,20.340595245361328,20.340595245361328,5.184158726478927e-05,0.0,0.0,4.652556896209717,2.153916597366333
train,conditioning_real_adv,29135,1,-0.9999995231628418,-0.9999995231628418,-0.9999995231628418,-0.9999995231628418,-0.9999995231628418,0.0,0.0,0.0,0.0,0.0,1.0,0.0,0.0,26.91940689086914,26.91940689086914,4.59704125432836e-07,0.0,1.0,5.275039196014404,2.3565590381622314
train,conditioning_real_adv,29136,1,2.980232238769531e-07,2.980232238769531e-07,2.980232238769531e-07,2.980232238769531e-07,2.980232238769531e-07,1.0,0.0,0.0,0.0,0.0,0.0,0.0,0.0,29.061920166015625,29.061920166015625,2.8042805411132576e-07,0.0,0.0,4.6816558837890625,2.0563416481018066
train,conditioning_real_adv,29151,1,-1.0,-1.0,-1.0,-1.0,-1.0,0.0,0.0,0.0,0.0,0.0,1.0,0.0,0.0,33.39638137817383,33.39638137817383,3.3254863307519145e-09,0.0,1.0,6.068750858306885,2.541912317276001
train,conditioning_real_adv,29162,1,1.0,1.0,1.0,1.0,1.0,1.0,1.0,1.0,1.0,0.0,0.0,0.0,0.0,6.092468738555908,6.092468738555908,0.4884434640407562,0.9666666388511658,0.0,5.286147117614746,2.3577558994293213
train,conditioning_real_adv,29186,1,-1.0,-1.0,-1.0,-1.0,-1.0,0.0,0.0,0.0,0.0,0.0,1.0,1.0,0.0,28.522275924682617,28.522275924682617,5.437150889520126e-07,0.0,1.5,5.137057304382324,2.274425983428955
train,conditioning_real_adv,29239,1,0.0,0.0,0.0,0.0,0.0,0.0,0.0,0.0,0.0,0.0,0.0,0.0,0.0,34.73902893066406,34.73902893066406,9.061215421382867e-16,0.0,0.0,5.463778495788574,2.3838748931884766
train,conditioning_real_adv,29252,1,0.04243195056915283,0.04243195056915283,0.04243195056915283,0.04243195056915283,0.04243195056915283,1.0,0.0,0.0,0.0,0.0,0.0,0.0,0.0,12.229535102844238,12.229535102844238,0.04243192821741104,0.0,0.0,4.655171871185303,2.119048595428467
train,conditioning_real_adv,29276,1,0.008665859699249268,0.008665859699249268,0.008665859699249268,0.008665859699249268,0.008665859699249268,1.0,0.0,0.0,0.0,0.0,0.0,0.0,0.0,15.017029762268066,15.017029762268066,0.008665879257023335,0.0,0.0,4.61558198928833,2.0401241779327393
train,conditioning_real_adv,29313,1,0.0003771185874938965,0.0003771185874938965,0.0003771185874938965,0.0003771185874938965,0.0003771185874938965,1.0,0.0,0.0,0.0,0.0,0.0,0.0,1.0,19.60100746154785,19.60100746154785,0.0003771312185563147,0.0,0.0,1.0583715438842773,0.8828679919242859
train,conditioning_real_adv,29358,1,-0.9999985098838806,-0.9999985098838806,-0.9999985098838806,-0.9999985098838806,-0.9999985098838806,0.0,0.0,0.0,0.0,0.0,1.0,0.0,1.0,29.86757469177246,29.86757469177246,1.4659551652584923e-06,0.0,1.0,0.8736076354980469,0.8467084169387817
train,conditioning_real_adv,29368,1,0.0,0.0,0.0,0.0,0.0,0.0,0.0,0.0,0.0,0.0,0.0,0.0,0.0,32.23180389404297,32.23180389404297,2.5849060623059133e-16,0.0,0.0,4.726334571838379,2.104536771774292
train,conditioning_real_adv,29395,1,-1.0,-1.0,-1.0,-1.0,-1.0,0.0,0.0,0.0,0.0,0.0,1.0,1.0,0.0,38.253116607666016,38.253116607666016,5.1705528747447715e-09,0.0,1.5,5.28313684463501,2.3587169647216797
train,conditioning_real_adv,29398,1,0.1048051118850708,0.1048051118850708,0.1048051118850708,0.1048051118850708,0.1048051118850708,1.0,0.0,0.0,0.0,0.0,0.0,0.0,0.0,10.279273986816406,10.279273986816406,0.1048051193356514,0.0,0.0,4.765496730804443,2.198148250579834
train,conditioning_real_adv,29431,1,0.0027171969413757324,0.0027171969413757324,0.0027171969413757324,0.0027171969413757324,0.0027171969413757324,1.0,0.0,0.0,0.0,0.0,0.0,0.0,0.0,17.810636520385742,17.810636520385742,0.0027171706315129995,0.0,0.0,4.712008953094482,2.081167459487915
train,conditioning_real_adv,29528,1,0.15457570552825928,0.15457570552825928,0.15457570552825928,0.15457570552825928,0.15457570552825928,1.0,0.0,0.0,0.0,0.0,0.0,0.0,0.0,9.041935920715332,9.041935920715332,0.1545756757259369,0.0,0.0,4.608232498168945,2.099011182785034
train,conditioning_real_adv,29596,1,9.953975677490234e-06,9.953975677490234e-06,9.953975677490234e-06,9.953975677490234e-06,9.953975677490234e-06,1.0,0.0,0.0,0.0,0.0,0.0,0.0,0.0,27.01934814453125,27.01934814453125,9.94443689705804e-06,0.0,0.0,4.553046226501465,2.0812439918518066
train,conditioning_real_adv,29686,1,-1.0,-1.0,-1.0,-1.0,-1.0,0.0,0.0,0.0,0.0,1.0,1.0,1.0,0.0,43.35110855102539,43.35110855102539,1.4047962012403437e-12,0.0,1.5,4.889437675476074,2.1957082748413086
train,conditioning_real_adv,29717,1,0.0012737512588500977,0.0012737512588500977,0.0012737512588500977,0.0012737512588500977,0.0012737512588500977,1.0,0.0,0.0,0.0,0.0,0.0,0.0,0.0,17.854650497436523,17.854650497436523,0.0012737519573420286,0.0,0.0,4.792291641235352,2.115687608718872
train,conditioning_real_adv,29733,1,0.0013647675514221191,0.0013647675514221191,0.0013647675514221191,0.0013647675514221191,0.0013647675514221191,1.0,0.0,0.0,0.0,0.0,0.0,0.0,0.0,17.977426528930664,17.977426528930664,0.0013647802406921983,0.0,0.0,4.589033126831055,2.042374849319458
train,conditioning_real_adv,29756,1,-1.0,-1.0,-1.0,-1.0,-1.0,0.0,0.0,0.0,0.0,0.0,1.0,1.0,0.0,29.501663208007812,29.501663208007812,0.0,0.0,1.5,5.286026954650879,2.360029935836792
train,conditioning_real_adv,29792,1,0.0002307295799255371,0.0002307295799255371,0.0002307295799255371,0.0002307295799255371,0.0002307295799255371,1.0,0.0,0.0,0.0,0.0,0.0,0.0,0.0,18.64617919921875,18.64617919921875,0.00023074446653481573,0.0,0.0,4.658567905426025,2.092458724975586
train,conditioning_real_adv,29849,1,-1.0,-1.0,-1.0,-1.0,-1.0,0.0,0.0,0.0,0.0,0.0,1.0,1.0,0.0,24.5450439453125,24.5450439453125,4.28655584983062e-06,0.0,1.5,4.6574931144714355,2.1118955612182617
train,conditioning_real_adv,29867,1,-0.49999749660491943,-0.49999749660491943,-0.49999749660491943,-0.49999749660491943,-0.49999749660491943,0.0,0.0,0.0,0.0,0.0,0.0,1.0,0.0,31.693035125732422,31.693035125732422,2.4987948563648388e-06,0.0,0.5,5.273545265197754,2.3605093955993652
train,conditioning_real_adv,30012,1,4.035234451293945e-05,4.035234451293945e-05,4.035234451293945e-05,4.035234451293945e-05,4.035234451293945e-05,1.0,0.0,0.0,0.0,0.0,0.0,0.0,0.0,23.700645446777344,23.700645446777344,4.0379010897595435e-05,0.0,0.0,4.736726760864258,2.101027250289917
train,conditioning_real_adv,30034,1,0.18548738956451416,0.18548738956451416,0.18548738956451416,0.18548738956451416,0.18548738956451416,1.0,0.0,0.0,0.0,0.0,0.0,0.0,0.0,8.955427169799805,8.955427169799805,0.18548735976219177,0.0,0.0,4.898252010345459,2.1950392723083496
train,conditioning_real_adv,30042,1,0.0006031394004821777,0.0006031394004821777,0.0006031394004821777,0.0006031394004821777,0.0006031394004821777,1.0,0.0,0.0,0.0,0.0,0.0,0.0,0.0,16.430538177490234,16.430538177490234,0.0006031468510627747,0.0,0.0,4.4683332443237305,2.0142781734466553
train,conditioning_real_adv,30059,1,0.0,0.0,0.0,0.0,0.0,0.0,0.0,0.0,0.0,0.0,0.0,0.0,0.0,26.054759979248047,26.054759979248047,8.156925587993018e-15,0.0,0.0,4.644217491149902,2.113424777984619
train,conditioning_real_adv,30073,1,-1.0,-1.0,-1.0,-1.0,-1.0,0.0,0.0,0.0,0.0,1.0,1.0,1.0,0.0,37.5714111328125,37.5714111328125,1.383337888682945e-11,0.0,1.5,5.280306339263916,2.3557746410369873
train,conditioning_real_adv,30180,1,-1.0,-1.0,-1.0,-1.0,-1.0,0.0,0.0,0.0,0.0,0.0,1.0,1.0,1.0,17.790895462036133,17.790895462036133,0.0026024614926427603,0.0,1.5,1.901849389076233,0.859818696975708
train,conditioning_real_adv,30194,1,0.0020668506622314453,0.0020668506622314453,0.0020668506622314453,0.0020668506622314453,0.0020668506622314453,1.0,0.0,0.0,0.0,0.0,0.0,0.0,0.0,11.173095703125,11.173095703125,0.0020668264478445053,0.0,0.0,4.6092047691345215,2.095615863800049
train,conditioning_real_adv,30205,1,-1.0,-1.0,-1.0,-1.0,-1.0,0.0,0.0,0.0,0.0,0.0,1.0,1.0,0.0,30.52719497680664,30.52719497680664,1.0924344984175605e-08,0.0,1.5,5.0238118171691895,2.2420332431793213
train,conditioning_real_adv,30207,1,-1.0,-1.0,-1.0,-1.0,-1.0,0.0,0.0,0.0,0.0,0.0,1.0,0.0,0.0,32.60589599609375,32.60589599609375,3.905241754975641e-11,0.0,1.0,4.6691975593566895,2.0872645378112793
train,conditioning_real_adv,30278,1,-1.0,-1.0,-1.0,-1.0,-1.0,0.0,0.0,0.0,0.0,0.0,1.0,1.0,0.0,41.54948043823242,41.54948043823242,1.689812317851036e-10,0.0,1.5,4.581881999969482,2.1094322204589844
train,conditioning_real_adv,30282,1,-0.5,-0.5,-0.5,-0.5,-0.5,0.0,0.0,0.0,0.0,0.0,0.0,1.0,0.0,30.793498992919922,30.793498992919922,1.508049152221247e-08,0.0,0.5,5.418323040008545,2.433091640472412
train,conditioning_real_adv,30306,1,-1.0,-1.0,-1.0,-1.0,-1.0,0.0,0.0,0.0,0.0,0.0,1.0,1.0,1.0,42.15750503540039,42.15750503540039,8.857030560360801e-12,0.0,1.5,0.8574606776237488,0.8514463901519775
train,conditioning_real_adv,30558,1,0.011884808540344238,0.011884808540344238,0.011884808540344238,0.011884808540344238,0.011884808540344238,1.0,0.0,0.0,0.0,0.0,0.0,0.0,0.0,8.218122482299805,8.218122482299805,0.01188481692224741,0.0,0.0,5.270623207092285,2.3557050228118896
train,conditioning_real_adv,30598,1,0.0,0.0,0.0,0.0,0.0,0.0,0.0,0.0,0.0,0.0,0.0,0.0,0.0,12.904899597167969,12.904899597167969,8.307008509886304e-13,0.0,0.0,4.580990791320801,2.1087300777435303
train,conditioning_real_adv,30613,1,-0.4999999403953552,-0.4999999403953552,-0.4999999403953552,-0.4999999403953552,-0.4999999403953552,0.0,0.0,0.0,0.0,0.0,0.0,1.0,0.0,32.295310974121094,32.295310974121094,7.243337307727415e-08,0.0,0.5,4.8054890632629395,2.105544328689575
train,conditioning_real_adv,30617,1,-1.0,-1.0,-1.0,-1.0,-1.0,0.0,0.0,0.0,0.0,0.0,1.0,1.0,0.0,34.5654182434082,34.5654182434082,9.206202467026969e-10,0.0,1.5,4.389657020568848,1.992480993270874
train,conditioning_real_adv,30667,1,-1.0,-1.0,-1.0,-1.0,-1.0,0.0,0.0,0.0,0.0,0.0,1.0,1.0,0.0,39.39765930175781,39.39765930175781,1.513769307386753e-13,0.0,1.5,5.341770172119141,2.3267369270324707
train,conditioning_real_adv,30816,1,-0.49999940395355225,-0.49999940395355225,-0.49999940395355225,-0.49999940395355225,-0.49999940395355225,0.0,0.0,0.0,0.0,0.0,0.0,1.0,0.0,26.353532791137695,26.353532791137695,5.832088163515436e-07,0.0,0.5,4.5995259284973145,2.1201648712158203
train,conditioning_real_adv,30830,1,-1.0,-1.0,-1.0,-1.0,-1.0,0.0,0.0,0.0,0.0,0.0,1.0,1.0,0.0,29.512367248535156,29.512367248535156,3.0679818685541704e-09,0.0,1.5,4.361915588378906,2.0354514122009277
train,conditioning_real_adv,30860,1,-1.0,-1.0,-1.0,-1.0,-1.0,0.0,0.0,0.0,0.0,0.0,1.0,1.0,0.0,35.57160949707031,35.57160949707031,1.273389127476321e-08,0.0,1.5,4.7195000648498535,2.1028010845184326
train,conditioning_real_adv,30895,1,0.030199825763702393,0.030199825763702393,0.030199825763702393,0.030199825763702393,0.030199825763702393,1.0,0.0,0.0,0.0,0.0,0.0,0.0,0.0,7.095155715942383,7.095155715942383,0.03019983321428299,0.0,0.0,5.281610012054443,2.3575892448425293
train,conditioning_real_adv,30902,1,-1.0,-1.0,-1.0,-1.0,-1.0,0.0,0.0,0.0,0.0,0.0,1.0,1.0,0.0,42.296024322509766,42.296024322509766,2.4833829437298505e-11,0.0,1.5,4.749327182769775,2.187504529953003
train,conditioning_real_adv,30908,1,-0.5,-0.5,-0.5,-0.5,-0.5,0.0,0.0,0.0,0.0,0.0,0.0,1.0,0.0,32.62710189819336,32.62710189819336,1.0566643859812735e-13,0.0,0.5,5.276025772094727,2.3573684692382812
train,conditioning_real_adv,30942,1,0.0036396384239196777,0.0036396384239196777,0.0036396384239196777,0.0036396384239196777,0.0036396384239196777,1.0,0.0,0.0,0.0,0.0,0.0,0.0,0.0,16.72796630859375,16.72796630859375,0.003639624919742346,0.0,0.0,4.677023410797119,2.072523832321167
train,conditioning_real_adv,30976,1,0.000577390193939209,0.000577390193939209,0.000577390193939209,0.000577390193939209,0.000577390193939209,1.0,0.0,0.0,0.0,0.0,0.0,0.0,0.0,20.885828018188477,20.885828018188477,0.0005774059682153165,0.0,0.0,5.285223960876465,2.3598761558532715
train,conditioning_real_adv,31022,1,0.6348934769630432,0.6348934769630432,0.6348934769630432,0.6348934769630432,0.6348934769630432,1.0,1.0,1.0,0.0,0.0,0.0,0.0,0.0,4.830386161804199,4.830386161804199,0.6348934769630432,0.0,0.0,4.962274074554443,2.2389845848083496
train,conditioning_real_adv,31064,1,5.960464477539063e-08,5.960464477539063e-08,5.960464477539063e-08,5.960464477539063e-08,5.960464477539063e-08,1.0,0.0,0.0,0.0,0.0,0.0,0.0,0.0,26.824617385864258,26.824617385864258,3.1265578570582875e-08,0.0,0.0,4.528526306152344,2.0207407474517822
train,conditioning_real_adv,31169,1,5.960464477539063e-08,5.960464477539063e-08,5.960464477539063e-08,5.960464477539063e-08,5.960464477539063e-08,1.0,0.0,0.0,0.0,0.0,0.0,0.0,0.0,31.688325881958008,31.688325881958008,7.39455998655103e-08,0.0,0.0,4.744812965393066,2.136751651763916
train,conditioning_real_adv,31172,1,-1.0,-1.0,-1.0,-1.0,-1.0,0.0,0.0,0.0,0.0,0.0,1.0,1.0,0.0,37.60346984863281,37.60346984863281,1.1777986919092598e-10,0.0,1.5,5.279905319213867,2.356860399246216
train,conditioning_real_adv,31229,1,1.7881393432617188e-07,1.7881393432617188e-07,1.7881393432617188e-07,1.7881393432617188e-07,1.7881393432617188e-07,1.0,0.0,0.0,0.0,0.0,0.0,0.0,0.0,30.53746795654297,30.53746795654297,1.836546488220847e-07,0.0,0.0,5.65650749206543,2.3828325271606445
train,conditioning_real_adv,31234,1,0.0,0.0,0.0,0.0,0.0,0.0,0.0,0.0,0.0,0.0,0.0,0.0,0.0,42.746986389160156,42.746986389160156,0.0,0.0,0.0,4.703113079071045,2.1081466674804688
train,conditioning_real_adv,31240,1,-1.0,-1.0,-1.0,-1.0,-1.0,0.0,0.0,0.0,0.0,0.0,1.0,1.0,0.0,30.472179412841797,30.472179412841797,2.201384319278077e-07,0.0,1.5,5.045980453491211,2.2398886680603027
train,conditioning_real_adv,31242,1,8.940696716308594e-07,8.940696716308594e-07,8.940696716308594e-07,8.940696716308594e-07,8.940696716308594e-07,1.0,0.0,0.0,0.0,0.0,0.0,0.0,0.0,26.78319549560547,26.78319549560547,8.723072255634179e-07,0.0,0.0,4.8781938552856445,2.1275901794433594
train,conditioning_real_adv,31261,1,6.794929504394531e-06,6.794929504394531e-06,6.794929504394531e-06,6.794929504394531e-06,6.794929504394531e-06,1.0,0.0,0.0,0.0,0.0,0.0,0.0,0.0,25.331998825073242,25.331998825073242,6.815421784267528e-06,0.0,0.0,4.968882083892822,2.2307519912719727
train,conditioning_real_adv,31330,1,0.1543918251991272,0.1543918251991272,0.1543918251991272,0.1543918251991272,0.1543918251991272,1.0,0.0,0.0,0.0,0.0,0.0,0.0,0.0,8.780749320983887,8.780749320983887,0.1543918401002884,0.0,0.0,4.437505722045898,2.014681339263916
train,conditioning_real_adv,31397,1,-1.0,-1.0,-1.0,-1.0,-1.0,0.0,0.0,0.0,0.0,0.0,1.0,1.0,0.0,9.802886962890625,9.802886962890625,0.12994492053985596,0.0,1.5,4.605856418609619,2.12602162361145
train,conditioning_real_adv,31407,1,-1.0,-1.0,-1.0,-1.0,-1.0,0.0,0.0,0.0,0.0,0.0,1.0,1.0,0.0,41.80905532836914,41.80905532836914,3.0241517623430525e-10,0.0,1.5,5.284435272216797,2.3568313121795654
train,conditioning_real_adv,31474,1,-1.0,-1.0,-1.0,-1.0,-1.0,0.0,0.0,0.0,0.0,0.0,1.0,1.0,0.0,29.734182357788086,29.734182357788086,1.3080694749589838e-08,0.0,1.5,4.5462117195129395,2.0879929065704346
train,conditioning_real_adv,31534,1,-1.0,-1.0,-1.0,-1.0,-1.0,0.0,0.0,0.0,0.0,0.0,1.0,1.0,0.0,29.71233558654785,29.71233558654785,1.999712928579811e-08,0.0,1.5,4.5794243812561035,2.091076374053955
train,conditioning_real_adv,31544,1,0.30004817247390747,0.30004817247390747,0.30004817247390747,0.30004817247390747,0.30004817247390747,1.0,1.0,0.0,0.0,0.0,0.0,0.0,0.0,25.132251739501953,25.132251739501953,6.883699097670615e-05,0.30000001192092896,0.0,4.648399829864502,2.113762378692627
train,conditioning_real_adv,31577,1,8.940696716308594e-07,8.940696716308594e-07,8.940696716308594e-07,8.940696716308594e-07,8.940696716308594e-07,1.0,0.0,0.0,0.0,0.0,0.0,0.0,0.0,28.11184310913086,28.11184310913086,8.903221555556229e-07,0.0,0.0,4.71466064453125,2.162412643432617
train,conditioning_real_adv,31593,1,-0.8655455112457275,-0.8655455112457275,-0.8655455112457275,-0.8655455112457275,-0.8655455112457275,0.0,0.0,0.0,0.0,0.0,0.0,1.0,0.0,36.056365966796875,36.056365966796875,2.5432924655177658e-09,0.0,0.8655455112457275,4.4179768562316895,2.0224812030792236
train,conditioning_real_adv,31602,1,-1.0,-1.0,-1.0,-1.0,-1.0,0.0,0.0,0.0,0.0,0.0,1.0,1.0,0.0,40.504600524902344,40.504600524902344,3.1613198170354906e-11,0.0,1.5,4.563108921051025,2.038428544998169
train,conditioning_real_adv,31672,1,1.6689300537109375e-06,1.6689300537109375e-06,1.6689300537109375e-06,1.6689300537109375e-06,1.6689300537109375e-06,1.0,0.0,0.0,0.0,0.0,0.0,0.0,0.0,25.68900489807129,25.68900489807129,1.6691595874362974e-06,0.0,0.0,4.381283283233643,2.0051066875457764
train,conditioning_real_adv,31845,1,5.960464477539063e-08,5.960464477539063e-08,5.960464477539063e-08,5.960464477539063e-08,5.960464477539063e-08,1.0,0.0,0.0,0.0,0.0,0.0,0.0,0.0,30.1746826171875,30.1746826171875,5.5655867470250087e-08,0.0,0.0,5.278368949890137,2.35806941986084
train,conditioning_real_adv,31861,1,0.0,0.0,0.0,0.0,0.0,0.0,0.0,0.0,0.0,0.0,0.0,0.0,0.0,31.336013793945312,31.336013793945312,5.253348867029217e-09,0.0,0.0,4.634249210357666,2.0654985904693604
train,conditioning_real_adv,31879,1,-0.8678030967712402,-0.8678030967712402,-0.8678030967712402,-0.8678030967712402,-0.8678030967712402,0.0,0.0,0.0,0.0,0.0,0.0,1.0,0.0,27.675125122070312,27.675125122070312,8.774807724876155e-07,0.0,0.8678039908409119,4.7878947257995605,2.1679582595825195
train,conditioning_real_adv,31933,1,-1.0,-1.0,-1.0,-1.0,-1.0,0.0,0.0,0.0,0.0,0.0,1.0,1.0,0.0,31.28951072692871,31.28951072692871,2.289566580770952e-08,0.0,1.5,4.822198867797852,2.1872000694274902
train,conditioning_real_adv,31975,1,5.960464477539063e-08,5.960464477539063e-08,5.960464477539063e-08,5.960464477539063e-08,5.960464477539063e-08,1.0,0.0,0.0,0.0,0.0,0.0,0.0,0.0,30.82222557067871,30.82222557067871,4.381660900776296e-08,0.0,0.0,4.824909210205078,2.179556369781494
train,conditioning_real_adv,32022,1,0.0013147592544555664,0.0013147592544555664,0.0013147592544555664,0.0013147592544555664,0.0013147592544555664,1.0,0.0,0.0,0.0,0.0,0.0,0.0,0.0,18.149192810058594,18.149192810058594,0.0013147750869393349,0.0,0.0,5.279573440551758,2.3576648235321045
train,conditioning_real_adv,32037,1,0.0,0.0,0.0,0.0,0.0,0.0,0.0,0.0,0.0,0.0,0.0,0.0,0.0,32.80064010620117,32.80064010620117,1.8603059370736474e-10,0.0,0.0,4.670907497406006,2.1274642944335938
train,conditioning_real_adv,32065,1,4.76837158203125e-07,4.76837158203125e-07,4.76837158203125e-07,4.76837158203125e-07,4.76837158203125e-07,1.0,0.0,0.0,0.0,0.0,0.0,0.0,0.0,30.548419952392578,30.548419952392578,4.509970779054129e-07,0.0,0.0,4.569240570068359,2.04815936088562
train,conditioning_real_adv,32113,1,7.68899917602539e-06,7.68899917602539e-06,7.68899917602539e-06,7.68899917602539e-06,7.68899917602539e-06,1.0,0.0,0.0,0.0,0.0,0.0,0.0,0.0,28.27311134338379,28.27311134338379,7.694242412981112e-06,0.0,0.0,5.2840094566345215,2.360811948776245
train,conditioning_real_adv,32125,1,0.0059937238693237305,0.0059937238693237305,0.0059937238693237305,0.0059937238693237305,0.0059937238693237305,1.0,0.0,0.0,0.0,0.0,0.0,0.0,0.0,15.494180679321289,15.494180679321289,0.005993703845888376,0.0,0.0,4.623660087585449,2.157357931137085
train,conditioning_real_adv,32133,1,-0.5,-0.5,-0.5,-0.5,-0.5,0.0,0.0,0.0,0.0,0.0,0.0,1.0,0.0,34.48977279663086,34.48977279663086,1.5067476346469766e-12,0.0,0.5,4.746124267578125,2.143238067626953
train,conditioning_real_adv,32232,1,-0.08517757803201675,-0.08517757803201675,-0.08517757803201675,-0.08517757803201675,-0.08517757803201675,0.0,0.0,0.0,0.0,0.0,0.0,0.0,0.0,29.89182472229004,29.89182472229004,3.767475220683991e-08,0.0,0.08517763763666153,4.328549385070801,2.0023488998413086
train,conditioning_real_adv,32240,1,-1.0,-1.0,-1.0,-1.0,-1.0,0.0,0.0,0.0,0.0,0.0,1.0,1.0,0.0,31.833171844482422,31.833171844482422,1.2273697613807144e-08,0.0,1.5,4.777300834655762,2.113874912261963
train,conditioning_real_adv,32286,1,-1.0,-1.0,-1.0,-1.0,-1.0,0.0,0.0,0.0,0.0,0.0,1.0,1.0,0.0,28.3110408782959,28.3110408782959,1.2893079937015273e-09,0.0,1.5,4.608078479766846,2.07954740524292
train,conditioning_real_adv,32290,1,1.7881393432617188e-07,1.7881393432617188e-07,1.7881393432617188e-07,1.7881393432617188e-07,1.7881393432617188e-07,1.0,0.0,0.0,0.0,0.0,0.0,0.0,0.0,31.019771575927734,31.019771575927734,1.9005950946393568e-07,0.0,0.0,5.147538661956787,2.2618346214294434
train,conditioning_real_adv,32342,1,0.00021016597747802734,0.00021016597747802734,0.00021016597747802734,0.00021016597747802734,0.00021016597747802734,1.0,0.0,0.0,0.0,0.0,0.0,0.0,0.0,22.93210220336914,22.93210220336914,0.0002101405552821234,0.0,0.0,4.735726833343506,2.1249704360961914
train,conditioning_real_adv,32347,1,0.0,0.0,0.0,0.0,0.0,0.0,0.0,0.0,0.0,0.0,0.0,0.0,0.0,21.58136558532715,21.58136558532715,2.331069060381493e-14,0.0,0.0,5.281838417053223,2.357107639312744
train,conditioning_real_adv,32406,1,-0.5,-0.5,-0.5,-0.5,-0.5,0.0,0.0,0.0,0.0,0.0,0.0,1.0,1.0,30.672435760498047,30.672435760498047,2.0781204312925183e-08,0.0,0.5,2.274139642715454,0.9467315673828125
train,conditioning_real_adv,32412,1,2.6941299438476562e-05,2.6941299438476562e-05,2.6941299438476562e-05,2.6941299438476562e-05,2.6941299438476562e-05,1.0,0.0,0.0,0.0,0.0,0.0,0.0,0.0,19.792675018310547,19.792675018310547,2.6946343496092595e-05,0.0,0.0,5.276063919067383,2.3548972606658936
train,conditioning_real_adv,32460,1,6.556510925292969e-07,6.556510925292969e-07,6.556510925292969e-07,6.556510925292969e-07,6.556510925292969e-07,1.0,0.0,0.0,0.0,0.0,0.0,0.0,0.0,28.538143157958984,28.538143157958984,6.675869599348516e-07,0.0,0.0,4.896808624267578,2.169847011566162
train,conditioning_real_adv,32466,1,-1.0,-1.0,-1.0,-1.0,-1.0,0.0,0.0,0.0,0.0,0.0,1.0,1.0,0.0,37.94965744018555,37.94965744018555,1.4698050448177374e-13,0.0,1.5,4.712517738342285,2.0882208347320557
train,conditioning_real_adv,32474,1,-0.5,-0.5,-0.5,-0.5,-0.5,0.0,0.0,0.0,0.0,0.0,0.0,1.0,0.0,40.74801254272461,40.74801254272461,5.69697392559243e-13,0.0,0.5,4.528393268585205,2.0426371097564697
train,conditioning_real_adv,32546,1,4.76837158203125e-07,4.76837158203125e-07,4.76837158203125e-07,4.76837158203125e-07,4.76837158203125e-07,1.0,0.0,0.0,0.0,0.0,0.0,0.0,0.0,30.967195510864258,30.967195510864258,4.6432640488092147e-07,0.0,0.0,4.678835391998291,2.1329731941223145
train,conditioning_real_adv,32577,1,1.1920928955078125e-07,1.1920928955078125e-07,1.1920928955078125e-07,1.1920928955078125e-07,1.1920928955078125e-07,1.0,0.0,0.0,0.0,0.0,0.0,0.0,0.0,31.78396224975586,31.78396224975586,1.3448030244944675e-07,0.0,0.0,4.803771495819092,2.13702392578125
train,conditioning_real_adv,32615,1,-0.8715629577636719,-0.8715629577636719,-0.8715629577636719,-0.8715629577636719,-0.8715629577636719,0.0,0.0,0.0,0.0,0.0,0.0,1.0,0.0,38.990760803222656,38.990760803222656,3.0247448989939585e-09,0.0,0.8715629577636719,5.280468940734863,2.359034776687622
train,conditioning_real_adv,32619,1,-1.0,-1.0,-1.0,-1.0,-1.0,0.0,0.0,0.0,0.0,0.0,1.0,1.0,0.0,32.49573516845703,32.49573516845703,7.878060870325498e-08,0.0,1.5,4.817076683044434,2.14945387840271
train,conditioning_real_adv,32665,1,2.8014183044433594e-06,2.8014183044433594e-06,2.8014183044433594e-06,2.8014183044433594e-06,2.8014183044433594e-06,1.0,0.0,0.0,0.0,0.0,0.0,0.0,0.0,21.797269821166992,21.797269821166992,2.815445895976154e-06,0.0,0.0,4.9405646324157715,2.196239948272705
train,conditioning_real_adv,32679,1,5.960464477539063e-08,5.960464477539063e-08,5.960464477539063e-08,5.960464477539063e-08,5.960464477539063e-08,1.0,0.0,0.0,0.0,0.0,0.0,0.0,0.0,30.053308486938477,30.053308486938477,5.283939685796213e-08,0.0,0.0,4.553182601928711,2.0411736965179443
train,conditioning_real_adv,32870,1,0.0,0.0,0.0,0.0,0.0,0.0,0.0,0.0,0.0,0.0,0.0,0.0,1.0,24.415939331054688,24.415939331054688,7.324546946000927e-16,0.0,0.0,0.9471099972724915,0.8928700685501099
train,conditioning_real_adv,32926,1,1.1920928955078125e-07,1.1920928955078125e-07,1.1920928955078125e-07,1.1920928955078125e-07,1.1920928955078125e-07,1.0,0.0,0.0,0.0,0.0,0.0,0.0,0.0,31.544370651245117,31.544370651245117,1.4205602383299265e-07,0.0,0.0,4.535573482513428,2.1115264892578125
train,conditioning_real_adv,32927,1,0.0,0.0,0.0,0.0,0.0,0.0,0.0,0.0,0.0,0.0,0.0,0.0,0.0,30.412233352661133,30.412233352661133,4.936001829491943e-09,0.0,0.0,4.845181941986084,2.1839122772216797
train,conditioning_real_adv,33006,1,-1.0,-1.0,-1.0,-1.0,-1.0,0.0,0.0,0.0,0.0,0.0,1.0,1.0,0.0,39.569637298583984,39.569637298583984,1.6462634588876313e-09,0.0,1.5,4.653740406036377,2.1123926639556885
train,conditioning_real_adv,33075,1,1.1920928955078125e-07,1.1920928955078125e-07,1.1920928955078125e-07,1.1920928955078125e-07,1.1920928955078125e-07,1.0,0.0,0.0,0.0,0.0,0.0,0.0,0.0,31.944948196411133,31.944948196411133,9.212995166762994e-08,0.0,0.0,5.2886738777160645,2.35862135887146
train,conditioning_real_adv,33085,1,-1.0,-1.0,-1.0,-1.0,-1.0,0.0,0.0,0.0,0.0,0.0,1.0,1.0,0.0,19.578767776489258,19.578767776489258,6.15665630903095e-05,0.0,1.5,4.569135665893555,2.07211971282959
train,conditioning_real_adv,33095,1,0.0008193254470825195,0.0008193254470825195,0.0008193254470825195,0.0008193254470825195,0.0008193254470825195,1.0,0.0,0.0,0.0,0.0,0.0,0.0,0.0,16.542510986328125,16.542510986328125,0.000819342618342489,0.0,0.0,4.7991814613342285,2.1667487621307373
train,conditioning_real_adv,33217,1,-0.019361738115549088,-0.019361738115549088,-0.019361738115549088,-0.019361738115549088,-0.019361738115549088,0.0,0.0,0.0,0.0,0.0,0.0,0.0,0.0,27.953723907470703,27.953723907470703,8.442463013125234e-07,0.0,0.019362572580575943,4.636481285095215,2.056320905685425
train,conditioning_real_adv,33233,1,0.0,0.0,0.0,0.0,0.0,0.0,0.0,0.0,0.0,0.0,0.0,0.0,0.0,19.649099349975586,19.649099349975586,3.763663371843945e-13,0.0,0.0,4.535344123840332,2.0291519165039062
train,conditioning_real_adv,33288,1,-1.0,-1.0,-1.0,-1.0,-1.0,0.0,0.0,0.0,0.0,0.0,1.0,1.0,0.0,31.97428321838379,31.97428321838379,2.0225659227435244e-06,0.0,1.5,4.780730724334717,2.1314167976379395
train,conditioning_real_adv,33314,1,1.6689300537109375e-06,1.6689300537109375e-06,1.6689300537109375e-06,1.6689300537109375e-06,1.6689300537109375e-06,1.0,0.0,0.0,0.0,0.0,0.0,0.0,0.0,27.4250545501709,27.4250545501709,1.6709151395843946e-06,0.0,0.0,5.27932596206665,2.358753204345703
train,conditioning_real_adv,33331,1,-1.0,-1.0,-1.0,-1.0,-1.0,0.0,0.0,0.0,0.0,0.0,1.0,1.0,0.0,44.628173828125,44.628173828125,3.553637592523806e-11,0.0,1.5,4.864938735961914,2.1959993839263916
train,conditioning_real_adv,33506,1,8.344650268554688e-07,8.344650268554688e-07,8.344650268554688e-07,8.344650268554688e-07,8.344650268554688e-07,1.0,0.0,0.0,0.0,0.0,0.0,0.0,0.0,30.563539505004883,30.563539505004883,8.605925359006505e-07,0.0,0.0,5.280956745147705,2.3643295764923096
train,conditioning_real_adv,33562,1,0.009068727493286133,0.009068727493286133,0.009068727493286133,0.009068727493286133,0.009068727493286133,1.0,0.0,0.0,0.0,0.0,0.0,0.0,0.0,15.358689308166504,15.358689308166504,0.009068750776350498,0.0,0.0,6.246301651000977,2.6134538650512695
train,conditioning_real_adv,33687,1,-1.0,-1.0,-1.0,-1.0,-1.0,0.0,0.0,0.0,0.0,0.0,1.0,0.0,1.0,29.592592239379883,29.592592239379883,1.616197398135455e-09,0.0,1.0,0.8915423154830933,0.8593581914901733
train,conditioning_real_adv,33769,1,-1.0,-1.0,-1.0,-1.0,-1.0,0.0,0.0,0.0,0.0,0.0,1.0,1.0,0.0,39.3829231262207,39.3829231262207,3.424572625476685e-09,0.0,1.5,4.366597652435303,1.991740107536316
train,conditioning_real_adv,33824,1,-1.0,-1.0,-1.0,-1.0,-1.0,0.0,0.0,0.0,0.0,0.0,1.0,1.0,0.0,33.66842269897461,33.66842269897461,1.2331649479335738e-08,0.0,1.5,4.808030128479004,2.1158134937286377
train,conditioning_real_adv,33851,1,5.245208740234375e-06,5.245208740234375e-06,5.245208740234375e-06,5.245208740234375e-06,5.245208740234375e-06,1.0,0.0,0.0,0.0,0.0,0.0,0.0,0.0,26.86140251159668,26.86140251159668,5.218790192884626e-06,0.0,0.0,5.280895709991455,2.3578381538391113
train,conditioning_real_adv,33875,1,0.02897852659225464,0.02897852659225464,0.02897852659225464,0.02897852659225464,0.02897852659225464,1.0,0.0,0.0,0.0,0.0,0.0,0.0,0.0,13.023585319519043,13.023585319519043,0.02897854708135128,0.0,0.0,4.5478291511535645,2.0352158546447754
train,conditioning_real_adv,33947,1,0.0,0.0,0.0,0.0,0.0,0.0,0.0,0.0,0.0,0.0,0.0,0.0,0.0,30.83222007751465,30.83222007751465,3.246212096331101e-14,0.0,0.0,4.719829082489014,2.096252679824829
train,conditioning_real_adv,33957,1,0.16341173648834229,0.16341173648834229,0.16341173648834229,0.16341173648834229,0.16341173648834229,1.0,0.0,0.0,0.0,0.0,0.0,0.0,0.0,5.272247314453125,5.272247314453125,0.16341173648834229,0.0,0.0,5.280108451843262,2.3602454662323
train,conditioning_real_adv,34013,1,1.7881393432617188e-07,1.7881393432617188e-07,1.7881393432617188e-07,1.7881393432617188e-07,1.7881393432617188e-07,1.0,0.0,0.0,0.0,0.0,0.0,0.0,0.0,29.851638793945312,29.851638793945312,1.7574365074324305e-07,0.0,0.0,4.033767223358154,1.954054832458496
train,conditioning_real_adv,34067,1,0.001737833023071289,0.001737833023071289,0.001737833023071289,0.001737833023071289,0.001737833023071289,1.0,0.0,0.0,0.0,0.0,0.0,0.0,1.0,18.7044734954834,18.7044734954834,0.0017378152115270495,0.0,0.0,0.9104116559028625,0.8503245711326599
train,conditioning_real_adv,34082,1,0.01774519681930542,0.01774519681930542,0.01774519681930542,0.01774519681930542,0.01774519681930542,1.0,0.0,0.0,0.0,0.0,0.0,0.0,0.0,5.848468780517578,5.848468780517578,0.01774520054459572,0.0,0.0,4.428421974182129,1.9625297784805298
train,conditioning_real_adv,34135,1,1.430511474609375e-06,1.430511474609375e-06,1.430511474609375e-06,1.430511474609375e-06,1.430511474609375e-06,1.0,0.0,0.0,0.0,0.0,0.0,0.0,0.0,29.032045364379883,29.032045364379883,1.4293324284153641e-06,0.0,0.0,4.759851932525635,2.0744709968566895
train,conditioning_real_adv,34159,1,1.1920928955078125e-07,1.1920928955078125e-07,1.1920928955078125e-07,1.1920928955078125e-07,1.1920928955078125e-07,1.0,0.0,0.0,0.0,0.0,0.0,0.0,0.0,26.117563247680664,26.117563247680664,1.345966467170001e-07,0.0,0.0,4.531628131866455,2.0629019737243652
train,conditioning_real_adv,34167,1,0.0,0.0,0.0,0.0,0.0,0.0,0.0,0.0,0.0,0.0,0.0,0.0,1.0,29.616775512695312,29.616775512695312,8.388812311466154e-09,0.0,0.0,0.997759997844696,0.8672577738761902
train,conditioning_real_adv,34196,1,-0.4999377131462097,-0.4999377131462097,-0.4999377131462097,-0.4999377131462097,-0.4999377131462097,0.0,0.0,0.0,0.0,0.0,0.0,1.0,0.0,9.707597732543945,9.707597732543945,6.225817196536809e-05,0.0,0.5,4.729106426239014,2.1293528079986572
train,conditioning_real_adv,34209,1,0.0028928518295288086,0.0028928518295288086,0.0028928518295288086,0.0028928518295288086,0.0028928518295288086,1.0,0.0,0.0,0.0,0.0,0.0,0.0,0.0,15.776061058044434,15.776061058044434,0.002892871620133519,0.0,0.0,5.280642986297607,2.3560891151428223
train,conditioning_real_adv,34278,1,-1.0,-1.0,-1.0,-1.0,-1.0,0.0,0.0,0.0,0.0,0.0,1.0,1.0,0.0,33.2438850402832,33.2438850402832,4.558945235211276e-12,0.0,1.5,4.839549541473389,2.205167770385742
train,conditioning_real_adv,34279,1,-1.0,-1.0,-1.0,-1.0,-1.0,0.0,0.0,0.0,0.0,0.0,1.0,1.0,0.0,37.894622802734375,37.894622802734375,8.813529461804137e-09,0.0,1.5,4.714904308319092,2.0918354988098145
train,conditioning_real_adv,34298,1,0.00022536516189575195,0.00022536516189575195,0.00022536516189575195,0.00022536516189575195,0.00022536516189575195,1.0,0.0,0.0,0.0,0.0,0.0,0.0,0.0,21.729089736938477,21.729089736938477,0.00022536818869411945,0.0,0.0,4.632898330688477,2.070234775543213
train,conditioning_real_adv,34321,1,0.0002862215042114258,0.0002862215042114258,0.0002862215042114258,0.0002862215042114258,0.0002862215042114258,1.0,0.0,0.0,0.0,0.0,0.0,0.0,0.0,20.7972354888916,20.7972354888916,0.0002862459805328399,0.0,0.0,4.582072734832764,2.0699687004089355
train,conditioning_real_adv,34351,1,-1.0,-1.0,-1.0,-1.0,-1.0,0.0,0.0,0.0,0.0,0.0,1.0,1.0,0.0,24.640411376953125,24.640411376953125,5.851309833815321e-05,0.0,1.5,4.587615966796875,2.0505082607269287
train,conditioning_real_adv,34374,1,-1.0,-1.0,-1.0,-1.0,-1.0,0.0,0.0,0.0,0.0,0.0,1.0,1.0,1.0,8.844738006591797,8.844738006591797,0.19418801367282867,0.0,1.5,0.8717334866523743,0.840247392654419
train,conditioning_real_adv,34378,1,-1.0,-1.0,-1.0,-1.0,-1.0,0.0,0.0,0.0,0.0,0.0,1.0,1.0,0.0,36.78783416748047,36.78783416748047,1.1887732576099097e-08,0.0,1.5,4.714175701141357,2.108124017715454
train,conditioning_real_adv,34413,1,0.0,0.0,0.0,0.0,0.0,0.0,0.0,0.0,0.0,0.0,0.0,0.0,0.0,30.114002227783203,30.114002227783203,3.800253889352234e-09,0.0,0.0,5.2735466957092285,2.3561718463897705
train,conditioning_real_adv,34459,1,7.092952728271484e-06,7.092952728271484e-06,7.092952728271484e-06,7.092952728271484e-06,7.092952728271484e-06,1.0,0.0,0.0,0.0,0.0,0.0,0.0,0.0,25.436138153076172,25.436138153076172,7.090166945999954e-06,0.0,0.0,4.270284652709961,1.9807325601577759
train,conditioning_real_adv,34478,1,-0.4999430775642395,-0.4999430775642395,-0.4999430775642395,-0.4999430775642395,-0.4999430775642395,0.0,0.0,0.0,0.0,0.0,0.0,1.0,0.0,19.38846778869629,19.38846778869629,5.693793355021626e-05,0.0,0.5,5.281778335571289,2.356010913848877
train,conditioning_real_adv,34526,1,-1.0,-1.0,-1.0,-1.0,-1.0,0.0,0.0,0.0,0.0,0.0,1.0,1.0,1.0,28.00212287902832,28.00212287902832,2.593566472697262e-09,0.0,1.5,0.9212949872016907,0.8568471074104309
train,conditioning_real_adv,34575,1,0.13201606273651123,0.13201606273651123,0.13201606273651123,0.13201606273651123,0.13201606273651123,1.0,0.0,0.0,0.0,0.0,0.0,0.0,0.0,6.035583972930908,6.035583972930908,0.13201607763767242,0.0,0.0,4.538053512573242,2.1046409606933594
train,conditioning_real_adv,34625,1,6.842613220214844e-05,6.842613220214844e-05,6.842613220214844e-05,6.842613220214844e-05,6.842613220214844e-05,1.0,0.0,0.0,0.0,0.0,0.0,0.0,0.0,24.303335189819336,24.303335189819336,6.841673894086853e-05,0.0,0.0,4.543578624725342,2.043172836303711
train,conditioning_real_adv,34682,1,-1.0,-1.0,-1.0,-1.0,-1.0,0.0,0.0,0.0,0.0,0.0,1.0,1.0,0.0,23.453046798706055,23.453046798706055,0.00016124724061228335,0.0,1.5,4.694064617156982,2.102569580078125
train,conditioning_real_adv,34699,1,-0.012384690344333649,-0.012384690344333649,-0.012384690344333649,-0.012384690344333649,-0.012384690344333649,0.0,0.0,0.0,0.0,0.0,0.0,0.0,0.0,14.777091979980469,14.777091979980469,0.012193026021122932,0.0,0.024577714502811432,4.419778347015381,2.018221855163574
train,conditioning_real_adv,34721,1,-0.49999964237213135,-0.49999964237213135,-0.49999964237213135,-0.49999964237213135,-0.49999964237213135,0.0,0.0,0.0,0.0,0.0,0.0,1.0,0.0,30.194013595581055,30.194013595581055,3.5020170230382064e-07,0.0,0.5,5.28101921081543,2.3558757305145264
train,conditioning_real_adv,34746,1,-1.0,-1.0,-1.0,-1.0,-1.0,0.0,0.0,0.0,0.0,0.0,1.0,1.0,0.0,27.09544563293457,27.09544563293457,2.6700823241299076e-07,0.0,1.5,4.416334629058838,2.0478992462158203
train,conditioning_real_adv,34824,1,1.0848045349121094e-05,1.0848045349121094e-05,1.0848045349121094e-05,1.0848045349121094e-05,1.0848045349121094e-05,1.0,0.0,0.0,0.0,0.0,0.0,0.0,0.0,25.81229019165039,25.81229019165039,1.0842560186574701e-05,0.0,0.0,4.511351108551025,2.025106430053711
train,conditioning_real_adv,34902,1,-0.4999998211860657,-0.4999998211860657,-0.4999998211860657,-0.4999998211860657,-0.4999998211860657,0.0,0.0,0.0,0.0,0.0,0.0,1.0,0.0,30.667619705200195,30.667619705200195,2.0818413304368732e-07,0.0,0.5,4.729681968688965,2.1615662574768066
train,conditioning_real_adv,34945,1,-1.0,-1.0,-1.0,-1.0,-1.0,0.0,0.0,0.0,0.0,0.0,1.0,1.0,0.0,34.70927810668945,34.70927810668945,2.412268962359576e-08,0.0,1.5,4.605503082275391,2.108940601348877
train,conditioning_real_adv,34972,1,0.00010257959365844727,0.00010257959365844727,0.00010257959365844727,0.00010257959365844727,0.00010257959365844727,1.0,0.0,0.0,0.0,0.0,0.0,0.0,0.0,20.500720977783203,20.500720977783203,0.0001025519595714286,0.0,0.0,5.1404709815979,2.272961378097534
train,conditioning_real_adv,35009,1,-1.0,-1.0,-1.0,-1.0,-1.0,0.0,0.0,0.0,0.0,0.0,1.0,1.0,1.0,31.746509552001953,31.746509552001953,7.041212612968195e-10,0.0,1.5,0.9373452067375183,0.8928155899047852
train,conditioning_real_adv,35089,1,0.7109293937683105,0.7109293937683105,0.7109293937683105,0.7109293937683105,0.7109293937683105,1.0,1.0,1.0,0.0,0.0,0.0,0.0,1.0,12.550395011901855,12.550395011901855,0.03643111139535904,0.7000000476837158,0.0,0.878662645816803,0.8609834313392639
train,conditioning_real_adv,35096,1,-0.5,-0.5,-0.5,-0.5,-0.5,0.0,0.0,0.0,0.0,0.0,0.0,1.0,0.0,35.882572174072266,35.882572174072266,3.8645808775328305e-10,0.0,0.5,5.284514427185059,2.356961250305176
train,conditioning_real_adv,35120,1,0.0,0.0,0.0,0.0,0.0,0.0,0.0,0.0,0.0,0.0,0.0,0.0,0.0,33.54645538330078,33.54645538330078,0.0,0.0,0.0,4.9536027908325195,2.2228286266326904
train,conditioning_real_adv,35138,1,-1.0,-1.0,-1.0,-1.0,-1.0,0.0,0.0,0.0,0.0,0.0,1.0,1.0,0.0,31.92972183227539,31.92972183227539,1.7516510464332669e-10,0.0,1.5,4.352632999420166,2.005594253540039
train,conditioning_real_adv,35253,1,-0.4999999403953552,-0.4999999403953552,-0.4999999403953552,-0.4999999403953552,-0.4999999403953552,0.0,0.0,0.0,0.0,0.0,0.0,1.0,0.0,33.35224151611328,33.35224151611328,7.855611983131894e-08,0.0,0.5,4.913178443908691,2.2102982997894287
train,conditioning_real_adv,35408,1,0.00218123197555542,0.00218123197555542,0.00218123197555542,0.00218123197555542,0.00218123197555542,1.0,0.0,0.0,0.0,0.0,0.0,0.0,0.0,18.250585556030273,18.250585556030273,0.0021812464110553265,0.0,0.0,5.285497665405273,2.356365919113159
train,conditioning_real_adv,35428,1,1.0728836059570312e-06,1.0728836059570312e-06,1.0728836059570312e-06,1.0728836059570312e-06,1.0728836059570312e-06,1.0,0.0,0.0,0.0,0.0,0.0,0.0,0.0,30.521472930908203,30.521472930908203,1.0997727031281102e-06,0.0,0.0,4.561718463897705,2.047419309616089
train,conditioning_real_adv,35459,1,-0.8605787754058838,-0.8605787754058838,-0.8605787754058838,-0.8605787754058838,-0.8605787754058838,0.0,0.0,0.0,0.0,0.0,0.0,0.0,0.0,37.920894622802734,37.920894622802734,3.181192722440107e-12,0.0,0.8605787754058838,4.7546844482421875,2.11020827293396
train,conditioning_real_adv,35573,1,7.271766662597656e-06,7.271766662597656e-06,7.271766662597656e-06,7.271766662597656e-06,7.271766662597656e-06,1.0,0.0,0.0,0.0,0.0,0.0,0.0,0.0,17.724634170532227,17.724634170532227,7.24332858226262e-06,0.0,0.0,4.765518665313721,2.1477084159851074
train,conditioning_real_adv,35585,1,0.01592278480529785,0.01592278480529785,0.01592278480529785,0.01592278480529785,0.01592278480529785,1.0,0.0,0.0,0.0,0.0,0.0,0.0,0.0,7.020026206970215,7.020026206970215,0.01592276804149151,0.0,0.0,5.279351711273193,2.357949733734131
train,conditioning_real_adv,35623,1,0.0,0.0,0.0,0.0,0.0,0.0,0.0,0.0,0.0,0.0,0.0,0.0,0.0,30.83684730529785,30.83684730529785,4.323696348867978e-12,0.0,0.0,5.835649490356445,2.450014114379883
train,conditioning_real_adv,35634,1,-1.0,-1.0,-1.0,-1.0,-1.0,0.0,0.0,0.0,0.0,0.0,1.0,1.0,0.0,40.2633171081543,40.2633171081543,1.6930624957556262e-10,0.0,1.5,4.533055305480957,2.051267385482788
train,conditioning_real_adv,35667,1,-0.5,-0.5,-0.5,-0.5,-0.5,0.0,0.0,0.0,0.0,0.0,0.0,1.0,0.0,38.991485595703125,38.991485595703125,7.496420151298366e-10,0.0,0.5,4.673747539520264,2.078580379486084
train,conditioning_real_adv,35672,1,0.0,0.0,0.0,0.0,0.0,0.0,0.0,0.0,0.0,0.0,0.0,0.0,1.0,27.69478988647461,27.69478988647461,2.6853060316263562e-14,0.0,0.0,0.9330362677574158,0.8535280823707581
train,conditioning_real_adv,35730,1,0.0,0.0,0.0,0.0,0.0,0.0,0.0,0.0,0.0,0.0,0.0,0.0,0.0,28.684600830078125,28.684600830078125,1.778014541153894e-10,0.0,0.0,4.356044292449951,2.033151626586914
train,conditioning_real_adv,35808,1,-0.9999983906745911,-0.9999983906745911,-0.9999983906745911,-0.9999983906745911,-0.9999983906745911,0.0,0.0,0.0,0.0,0.0,1.0,0.0,0.0,23.194108963012695,23.194108963012695,1.6052943010436138e-06,0.0,1.0,5.0005035400390625,2.2043373584747314
train,conditioning_real_adv,35824,1,0.08995521068572998,0.08995521068572998,0.08995521068572998,0.08995521068572998,0.08995521068572998,1.0,0.0,0.0,0.0,0.0,0.0,0.0,0.0,10.628035545349121,10.628035545349121,0.08995524048805237,0.0,0.0,4.538871765136719,2.033304214477539
train,conditioning_real_adv,35860,1,-1.0,-1.0,-1.0,-1.0,-1.0,0.0,0.0,0.0,0.0,0.0,1.0,1.0,0.0,43.261474609375,43.261474609375,5.969601982874773e-12,0.0,1.5,5.28554105758667,2.3586301803588867
train,conditioning_real_adv,35863,1,0.00023370981216430664,0.00023370981216430664,0.00023370981216430664,0.00023370981216430664,0.00023370981216430664,1.0,0.0,0.0,0.0,0.0,0.0,0.0,0.0,18.75043296813965,18.75043296813965,0.0002336886536795646,0.0,0.0,4.661765098571777,2.174812078475952
train,conditioning_real_adv,35877,1,0.001592099666595459,0.001592099666595459,0.001592099666595459,0.001592099666595459,0.001592099666595459,1.0,0.0,0.0,0.0,0.0,0.0,0.0,0.0,16.98188018798828,16.98188018798828,0.0015921044396236539,0.0,0.0,4.532359600067139,2.015615224838257
train,conditioning_real_adv,35945,1,-1.0,-1.0,-1.0,-1.0,-1.0,0.0,0.0,0.0,0.0,0.0,1.0,1.0,0.0,39.36732482910156,39.36732482910156,4.723299117277702e-13,0.0,1.5,4.8668599128723145,2.1630773544311523
train,conditioning_real_adv,35950,1,0.0,0.0,0.0,0.0,0.0,0.0,0.0,0.0,0.0,0.0,0.0,0.0,0.0,33.3452033996582,33.3452033996582,1.9599088790702573e-13,0.0,0.0,6.109237194061279,2.56132173538208
train,conditioning_real_adv,35959,1,0.0,0.0,0.0,0.0,0.0,0.0,0.0,0.0,0.0,0.0,0.0,0.0,0.0,29.953336715698242,29.953336715698242,1.406838100875829e-11,0.0,0.0,9.53217601776123,3.0600528717041016
train,conditioning_real_adv,35988,1,-1.0,-1.0,-1.0,-1.0,-1.0,0.0,0.0,0.0,0.0,1.0,1.0,1.0,0.0,35.52241134643555,35.52241134643555,1.0293782319592548e-11,0.0,1.5,11.672898292541504,3.148102045059204
train,conditioning_real_adv,36095,1,-0.00018931765225715935,-0.00018931765225715935,-0.00018931765225715935,-0.00018931765225715935,-0.00018931765225715935,0.0,0.0,0.0,0.0,0.0,0.0,0.0,0.0,23.74616050720215,23.74616050720215,2.6582413283904316e-06,0.0,0.00019199986127205193,4.230679988861084,1.960883378982544
train,conditioning_real_adv,36127,1,7.921457290649414e-05,7.921457290649414e-05,7.921457290649414e-05,7.921457290649414e-05,7.921457290649414e-05,1.0,0.0,0.0,0.0,0.0,0.0,0.0,0.0,21.596866607666016,21.596866607666016,7.922702934592962e-05,0.0,0.0,5.2786407470703125,2.357924222946167
train,conditioning_real_adv,36174,1,0.6831299066543579,0.6831299066543579,0.6831299066543579,0.6831299066543579,0.6831299066543579,1.0,1.0,1.0,0.0,0.0,0.0,0.0,0.0,11.914712905883789,11.914712905883789,0.049389973282814026,0.6666666269302368,0.0,5.2812299728393555,2.3558661937713623
train,conditioning_real_adv,36210,1,4.4226646423339844e-05,4.4226646423339844e-05,4.4226646423339844e-05,4.4226646423339844e-05,4.4226646423339844e-05,1.0,0.0,0.0,0.0,0.0,0.0,0.0,0.0,22.428997039794922,22.428997039794922,4.425455699674785e-05,0.0,0.0,4.564465522766113,2.0412378311157227
train,conditioning_real_adv,36249,1,0.0,0.0,0.0,0.0,0.0,0.0,0.0,0.0,0.0,0.0,0.0,0.0,1.0,19.05669403076172,19.05669403076172,6.954901932143542e-11,0.0,0.0,0.9065398573875427,0.880416214466095
train,conditioning_real_adv,36254,1,1.1920928955078125e-07,1.1920928955078125e-07,1.1920928955078125e-07,1.1920928955078125e-07,1.1920928955078125e-07,1.0,0.0,0.0,0.0,0.0,0.0,0.0,0.0,29.062408447265625,29.062408447265625,9.606455364519206e-08,0.0,0.0,4.794401168823242,2.177682399749756
train,conditioning_real_adv,36469,1,-1.0,-1.0,-1.0,-1.0,-1.0,0.0,0.0,0.0,0.0,0.0,1.0,1.0,0.0,39.37715148925781,39.37715148925781,1.9357217218018974e-10,0.0,1.5,4.200591564178467,1.9320354461669922
train,conditioning_real_adv,36507,1,-1.0,-1.0,-1.0,-1.0,-1.0,0.0,0.0,0.0,0.0,0.0,1.0,1.0,0.0,40.21181106567383,40.21181106567383,1.3823882039076807e-09,0.0,1.5,4.947051525115967,2.1820125579833984
train,conditioning_real_adv,36553,1,5.960464477539063e-08,5.960464477539063e-08,5.960464477539063e-08,5.960464477539063e-08,5.960464477539063e-08,1.0,0.0,0.0,0.0,0.0,0.0,0.0,0.0,27.848278045654297,27.848278045654297,5.2516686110948285e-08,0.0,0.0,4.409766674041748,2.0575194358825684
train,conditioning_real_adv,36580,1,1.1920928955078125e-07,1.1920928955078125e-07,1.1920928955078125e-07,1.1920928955078125e-07,1.1920928955078125e-07,1.0,0.0,0.0,0.0,0.0,0.0,0.0,0.0,19.72171401977539,19.72171401977539,1.2397987347867456e-07,0.0,0.0,5.286627769470215,2.3604612350463867
train,conditioning_real_adv,36592,1,0.0,0.0,0.0,0.0,0.0,0.0,0.0,0.0,0.0,0.0,0.0,0.0,0.0,28.730981826782227,28.730981826782227,3.477224069662124e-14,0.0,0.0,7.735666275024414,2.9509778022766113
train,conditioning_real_adv,36635,1,3.314018249511719e-05,3.314018249511719e-05,3.314018249511719e-05,3.314018249511719e-05,3.314018249511719e-05,1.0,0.0,0.0,0.0,0.0,0.0,0.0,0.0,25.95931625366211,25.95931625366211,3.3130101655842736e-05,0.0,0.0,4.78928279876709,2.121029853820801
train,conditioning_real_adv,36674,1,5.960464477539063e-08,5.960464477539063e-08,5.960464477539063e-08,5.960464477539063e-08,5.960464477539063e-08,1.0,0.0,0.0,0.0,0.0,0.0,0.0,0.0,31.642005920410156,31.642005920410156,6.915013273101067e-08,0.0,0.0,4.6649909019470215,2.0542051792144775
train,conditioning_real_adv,36687,1,7.56978988647461e-05,7.56978988647461e-05,7.56978988647461e-05,7.56978988647461e-05,7.56978988647461e-05,1.0,0.0,0.0,0.0,0.0,0.0,0.0,0.0,18.644489288330078,18.644489288330078,7.56821027607657e-05,0.0,0.0,4.664628505706787,2.0706255435943604
train,conditioning_real_adv,36739,1,5.060434341430664e-05,5.060434341430664e-05,5.060434341430664e-05,5.060434341430664e-05,5.060434341430664e-05,1.0,0.0,0.0,0.0,0.0,0.0,0.0,0.0,25.650766372680664,25.650766372680664,5.057462476543151e-05,0.0,0.0,4.533439636230469,2.0621936321258545
train,conditioning_real_adv,36754,1,-1.0,-1.0,-1.0,-1.0,-1.0,0.0,0.0,0.0,0.0,0.0,0.0,1.0,0.0,28.914199829101562,28.914199829101562,2.6068371994369954e-07,0.0,1.2878668308258057,4.4472856521606445,2.019792318344116
train,conditioning_real_adv,36792,1,-1.0,-1.0,-1.0,-1.0,-1.0,0.0,0.0,0.0,0.0,0.0,1.0,1.0,0.0,16.634817123413086,16.634817123413086,0.00011820402141893283,0.0,1.5,4.444460868835449,2.032773971557617
train,conditioning_real_adv,36956,1,0.011856257915496826,0.011856257915496826,0.011856257915496826,0.011856257915496826,0.011856257915496826,1.0,0.0,0.0,0.0,0.0,0.0,0.0,0.0,11.411367416381836,11.411367416381836,0.01185627281665802,0.0,0.0,5.276176452636719,2.3595008850097656
train,conditioning_real_adv,36994,1,0.23323452472686768,0.23323452472686768,0.23323452472686768,0.23323452472686768,0.23323452472686768,1.0,0.0,0.0,0.0,0.0,0.0,0.0,0.0,8.38027286529541,8.38027286529541,0.23323452472686768,0.0,0.0,4.638219833374023,2.139981746673584
train,conditioning_real_adv,37006,1,1.4901161193847656e-06,1.4901161193847656e-06,1.4901161193847656e-06,1.4901161193847656e-06,1.4901161193847656e-06,1.0,0.0,0.0,0.0,0.0,0.0,0.0,0.0,28.034276962280273,28.034276962280273,1.5155900427998859e-06,0.0,0.0,5.9505085945129395,2.4850754737854004
train,conditioning_real_adv,37094,1,-1.0,-1.0,-1.0,-1.0,-1.0,0.0,0.0,0.0,0.0,0.0,1.0,1.0,0.0,41.68367385864258,41.68367385864258,1.4707884216091927e-11,0.0,1.5,4.727405071258545,2.1053466796875
train,conditioning_real_adv,37189,1,7.665157318115234e-05,7.665157318115234e-05,7.665157318115234e-05,7.665157318115234e-05,7.665157318115234e-05,1.0,0.0,0.0,0.0,0.0,0.0,0.0,0.0,17.04104232788086,17.04104232788086,7.665114389965311e-05,0.0,0.0,4.685168266296387,2.0957565307617188
train,conditioning_real_adv,37192,1,-1.0,-1.0,-1.0,-1.0,-1.0,0.0,0.0,0.0,0.0,0.0,1.0,1.0,0.0,34.139163970947266,34.139163970947266,7.568559681203624e-07,0.0,1.5,5.7123823165893555,2.4435625076293945
train,conditioning_real_adv,37234,1,0.5874144434928894,0.5874144434928894,0.5874144434928894,0.5874144434928894,0.5874144434928894,1.0,1.0,1.0,0.0,0.0,0.0,0.0,0.0,5.288172721862793,5.288172721862793,0.5874144434928894,0.0,0.0,4.843416213989258,2.141697645187378
train,conditioning_real_adv,37239,1,0.0,0.0,0.0,0.0,0.0,0.0,0.0,0.0,0.0,0.0,0.0,0.0,1.0,32.66815185546875,32.66815185546875,0.0,0.0,0.0,0.8332618474960327,0.8407059907913208
train,conditioning_real_adv,37297,1,0.00014066696166992188,0.00014066696166992188,0.00014066696166992188,0.00014066696166992188,0.00014066696166992188,1.0,0.0,0.0,0.0,0.0,0.0,0.0,0.0,20.264333724975586,20.264333724975586,0.00014067773008719087,0.0,0.0,5.280017852783203,2.356691598892212
train,conditioning_real_adv,37306,1,-1.0,-1.0,-1.0,-1.0,-1.0,0.0,0.0,0.0,0.0,0.0,1.0,1.0,0.0,30.330310821533203,30.330310821533203,1.6976855476968922e-07,0.0,1.5,4.09744930267334,1.9127826690673828
train,conditioning_real_adv,37340,1,2.384185791015625e-07,2.384185791015625e-07,2.384185791015625e-07,2.384185791015625e-07,2.384185791015625e-07,1.0,0.0,0.0,0.0,0.0,0.0,0.0,0.0,35.94437789916992,35.94437789916992,2.4427262701465224e-07,0.0,0.0,4.757379055023193,2.095306873321533
train,conditioning_real_adv,37372,1,0.00028711557388305664,0.00028711557388305664,0.00028711557388305664,0.00028711557388305664,0.00028711557388305664,1.0,0.0,0.0,0.0,0.0,0.0,0.0,0.0,22.30109214782715,22.30109214782715,0.000287140574073419,0.0,0.0,5.275770664215088,2.3572847843170166
train,conditioning_real_adv,37473,1,-1.0,-1.0,-1.0,-1.0,-1.0,0.0,0.0,0.0,0.0,0.0,1.0,1.0,0.0,40.63332748413086,40.63332748413086,7.58231707130054e-14,0.0,1.5,4.872372627258301,2.211796998977661
train,conditioning_real_adv,37542,1,-1.0,-1.0,-1.0,-1.0,-1.0,0.0,0.0,0.0,0.0,0.0,1.0,1.0,0.0,43.01274490356445,43.01274490356445,1.7132723018065121e-10,0.0,1.5,4.9680562019348145,2.283416509628296
train,conditioning_real_adv,37608,1,-1.0,-1.0,-1.0,-1.0,-1.0,0.0,0.0,0.0,0.0,0.0,1.0,1.0,0.0,28.8800106048584,28.8800106048584,1.003266980603712e-08,0.0,1.5,4.3280134201049805,1.9876062870025635
train,conditioning_real_adv,37609,1,5.960464477539062e-07,5.960464477539062e-07,5.960464477539062e-07,5.960464477539062e-07,5.960464477539062e-07,1.0,0.0,0.0,0.0,0.0,0.0,0.0,0.0,27.858131408691406,27.858131408691406,5.891648697797791e-07,0.0,0.0,4.693448543548584,2.115525245666504
train,conditioning_real_adv,37616,1,0.00011140108108520508,0.00011140108108520508,0.00011140108108520508,0.00011140108108520508,0.00011140108108520508,1.0,0.0,0.0,0.0,0.0,0.0,0.0,0.0,20.327896118164062,20.327896118164062,0.00011140839342260733,0.0,0.0,5.27742862701416,2.356387138366699
train,conditioning_real_adv,37725,1,0.0032734274864196777,0.0032734274864196777,0.0032734274864196777,0.0032734274864196777,0.0032734274864196777,1.0,0.0,0.0,0.0,0.0,0.0,0.0,0.0,13.569906234741211,13.569906234741211,0.0032734365668147802,0.0,0.0,5.010397911071777,2.228114128112793
train,conditioning_real_adv,37745,1,0.15419834852218628,0.15419834852218628,0.15419834852218628,0.15419834852218628,0.15419834852218628,1.0,0.0,0.0,0.0,0.0,0.0,0.0,0.0,9.398051261901855,9.398051261901855,0.15419836342334747,0.0,0.0,4.653357028961182,2.050384521484375
train,conditioning_real_adv,37990,1,2.5153160095214844e-05,2.5153160095214844e-05,2.5153160095214844e-05,2.5153160095214844e-05,2.5153160095214844e-05,1.0,0.0,0.0,0.0,0.0,0.0,0.0,0.0,26.630573272705078,26.630573272705078,2.5170205844915472e-05,0.0,0.0,4.8817548751831055,2.193202257156372
train,conditioning_real_adv,38066,1,0.052564024925231934,0.052564024925231934,0.052564024925231934,0.052564024925231934,0.052564024925231934,1.0,0.0,0.0,0.0,0.0,0.0,0.0,0.0,10.743913650512695,10.743913650512695,0.05256401374936104,0.0,0.0,4.902740478515625,2.1281585693359375
train,conditioning_real_adv,38073,1,-0.6060363054275513,-0.6060363054275513,-0.6060363054275513,-0.6060363054275513,-0.6060363054275513,0.0,0.0,0.0,0.0,0.0,0.0,0.0,1.0,9.624323844909668,9.624323844909668,0.0018496698467060924,0.0,0.6078859567642212,1.0995573997497559,0.9009448885917664
train,conditioning_real_adv,38116,1,-1.0,-1.0,-1.0,-1.0,-1.0,0.0,0.0,0.0,0.0,0.0,1.0,1.0,0.0,32.32001495361328,32.32001495361328,1.915380742900652e-09,0.0,1.5,4.372828483581543,1.9771645069122314
train,conditioning_real_adv,38145,1,0.015707850456237793,0.015707850456237793,0.015707850456237793,0.015707850456237793,0.015707850456237793,1.0,0.0,0.0,0.0,0.0,0.0,0.0,0.0,14.261554718017578,14.261554718017578,0.015707872807979584,0.0,0.0,4.248786926269531,1.9545408487319946
train,conditioning_real_adv,38204,1,7.748603820800781e-07,7.748603820800781e-07,7.748603820800781e-07,7.748603820800781e-07,7.748603820800781e-07,1.0,0.0,0.0,0.0,0.0,0.0,0.0,0.0,17.602712631225586,17.602712631225586,7.998795581443119e-07,0.0,0.0,5.281364440917969,2.358476400375366
train,conditioning_real_adv,38232,1,-0.4999816417694092,-0.4999816417694092,-0.4999816417694092,-0.4999816417694092,-0.4999816417694092,0.0,0.0,0.0,0.0,0.0,0.0,1.0,0.0,21.530731201171875,21.530731201171875,1.8359081877861172e-05,0.0,0.5,4.552593231201172,2.118823289871216
train,conditioning_real_adv,38237,1,8.344650268554688e-07,8.344650268554688e-07,8.344650268554688e-07,8.344650268554688e-07,8.344650268554688e-07,1.0,0.0,0.0,0.0,0.0,0.0,0.0,0.0,29.118911743164062,29.118911743164062,8.143245509018016e-07,0.0,0.0,4.703151226043701,2.136922836303711
train,conditioning_real_adv,38331,1,-1.0,-1.0,-1.0,-1.0,-1.0,0.0,0.0,0.0,0.0,0.0,1.0,1.0,0.0,38.893218994140625,38.893218994140625,2.3947626867637517e-11,0.0,1.5,4.53803014755249,2.089186191558838
train,conditioning_real_adv,38353,1,-0.5,-0.5,-0.5,-0.5,-0.5,0.0,0.0,0.0,0.0,0.0,0.0,1.0,0.0,36.77518081665039,36.77518081665039,7.284532421714118e-10,0.0,0.5,5.039727210998535,2.2164881229400635
train,conditioning_real_adv,38429,1,-1.0,-1.0,-1.0,-1.0,-1.0,0.0,0.0,0.0,0.0,0.0,1.0,0.0,0.0,25.712562561035156,25.712562561035156,1.7928761253394043e-10,0.0,1.0,7.038503646850586,2.852966785430908
train,conditioning_real_adv,38438,1,0.0001341104507446289,0.0001341104507446289,0.0001341104507446289,0.0001341104507446289,0.0001341104507446289,1.0,0.0,0.0,0.0,0.0,0.0,0.0,0.0,11.048818588256836,11.048818588256836,0.00013412628322839737,0.0,0.0,4.520730495452881,2.087238311767578
train,conditioning_real_adv,38474,1,0.045483946800231934,0.045483946800231934,0.045483946800231934,0.045483946800231934,0.045483946800231934,1.0,0.0,0.0,0.0,0.0,0.0,0.0,0.0,12.087679862976074,12.087679862976074,0.045483943074941635,0.0,0.0,4.686934471130371,2.1519057750701904
train,conditioning_real_adv,38477,1,-1.0,-1.0,-1.0,-1.0,-1.0,0.0,0.0,0.0,0.0,0.0,1.0,1.0,0.0,36.10629653930664,36.10629653930664,3.584879788853801e-13,0.0,1.5,5.278351783752441,2.358494758605957
train,conditioning_real_adv,38510,1,1.1920928955078125e-07,1.1920928955078125e-07,1.1920928955078125e-07,1.1920928955078125e-07,1.1920928955078125e-07,1.0,0.0,0.0,0.0,0.0,0.0,0.0,1.0,31.821460723876953,31.821460723876953,9.615060037049261e-08,0.0,0.0,2.1106090545654297,0.8856158256530762
train,conditioning_real_adv,38653,1,-0.4999999403953552,-0.4999999403953552,-0.4999999403953552,-0.4999999403953552,-0.4999999403953552,0.0,0.0,0.0,0.0,0.0,0.0,1.0,0.0,32.03020477294922,32.03020477294922,5.164594796269739e-08,0.0,0.5,4.160248756408691,1.9202476739883423
train,conditioning_real_adv,38684,1,-1.0,-1.0,-1.0,-1.0,-1.0,0.0,0.0,0.0,0.0,0.0,1.0,1.0,1.0,30.794109344482422,30.794109344482422,2.1317907794582425e-07,0.0,1.5,0.8623413443565369,0.8609745502471924
train,conditioning_real_adv,38735,1,-1.0,-1.0,-1.0,-1.0,-1.0,0.0,0.0,0.0,0.0,0.0,1.0,1.0,0.0,33.32933807373047,33.32933807373047,1.937447147160043e-10,0.0,1.5,4.404020309448242,1.9884673357009888
train,conditioning_real_adv,38736,1,6.377696990966797e-06,6.377696990966797e-06,6.377696990966797e-06,6.377696990966797e-06,6.377696990966797e-06,1.0,0.0,0.0,0.0,0.0,0.0,0.0,0.0,25.464223861694336,25.464223861694336,6.401905920938589e-06,0.0,0.0,4.62606954574585,2.085446834564209
train,conditioning_real_adv,38864,1,-1.0,-1.0,-1.0,-1.0,-1.0,0.0,0.0,0.0,0.0,0.0,1.0,1.0,0.0,43.20387649536133,43.20387649536133,4.3587564113600763e-10,0.0,1.5,4.615708351135254,2.1341400146484375
train,conditioning_real_adv,38966,1,-1.0,-1.0,-1.0,-1.0,-1.0,0.0,0.0,0.0,0.0,0.0,1.0,1.0,0.0,31.18647003173828,31.18647003173828,3.5073242088401457e-07,0.0,1.5,4.644800186157227,2.0909430980682373
train,conditioning_real_adv,39020,1,-1.0,-1.0,-1.0,-1.0,-1.0,0.0,0.0,0.0,0.0,1.0,1.0,1.0,0.0,31.78388023376465,31.78388023376465,3.8327829798845414e-10,0.0,1.5,5.27968168258667,2.358351230621338
train,conditioning_real_adv,39075,1,-0.4999995231628418,-0.4999995231628418,-0.4999995231628418,-0.4999995231628418,-0.4999995231628418,0.0,0.0,0.0,0.0,0.0,0.0,1.0,0.0,20.77922248840332,20.77922248840332,4.5711627194577886e-07,0.0,0.5,4.648236274719238,2.1015870571136475
train,conditioning_real_adv,39078,1,-0.3182435631752014,-0.3182435631752014,-0.3182435631752014,-0.3182435631752014,-0.3182435631752014,0.0,0.0,0.0,0.0,0.0,0.0,0.0,0.0,18.48602294921875,18.48602294921875,6.191285706336203e-07,0.0,0.31824415922164917,4.595207691192627,2.069366693496704
train,conditioning_real_adv,39091,1,1.895427703857422e-05,1.895427703857422e-05,1.895427703857422e-05,1.895427703857422e-05,1.895427703857422e-05,1.0,0.0,0.0,0.0,0.0,0.0,0.0,0.0,22.371644973754883,22.371644973754883,1.8956177882500924e-05,0.0,0.0,4.526923179626465,2.110389232635498
train,conditioning_real_adv,39098,1,1.1920928955078125e-07,1.1920928955078125e-07,1.1920928955078125e-07,1.1920928955078125e-07,1.1920928955078125e-07,1.0,0.0,0.0,0.0,0.0,0.0,0.0,0.0,28.604490280151367,28.604490280151367,1.1557926171690269e-07,0.0,0.0,4.594239711761475,2.125993013381958
train,conditioning_real_adv,39111,1,0.0,0.0,0.0,0.0,0.0,0.0,0.0,0.0,0.0,0.0,0.0,0.0,0.0,22.910139083862305,22.910139083862305,5.9807920673783134e-15,0.0,0.0,4.8125505447387695,2.1595427989959717
train,conditioning_real_adv,39210,1,-0.49999159574508667,-0.49999159574508667,-0.49999159574508667,-0.49999159574508667,-0.49999159574508667,0.0,0.0,0.0,0.0,0.0,0.0,1.0,1.0,23.228599548339844,23.228599548339844,8.3818995335605e-06,0.0,0.5,1.1148616075515747,0.9323824048042297
train,conditioning_real_adv,39230,1,-1.0,-1.0,-1.0,-1.0,-1.0,0.0,0.0,0.0,0.0,0.0,0.0,1.0,0.0,29.26850700378418,29.26850700378418,1.2537277882529452e-08,0.0,1.448205828666687,4.567068576812744,2.0533201694488525
train,conditioning_real_adv,39330,1,0.0,0.0,0.0,0.0,0.0,0.0,0.0,0.0,0.0,0.0,0.0,0.0,0.0,27.480239868164062,27.480239868164062,2.1978068236866433e-12,0.0,0.0,5.282491207122803,2.358218193054199
train,conditioning_real_adv,39400,1,0.0017554759979248047,0.0017554759979248047,0.0017554759979248047,0.0017554759979248047,0.0017554759979248047,1.0,0.0,0.0,0.0,0.0,0.0,0.0,0.0,10.502034187316895,10.502034187316895,0.001755471108481288,0.0,0.0,5.084919452667236,2.2219643592834473
train,conditioning_real_adv,39446,1,-1.0,-1.0,-1.0,-1.0,-1.0,0.0,0.0,0.0,0.0,0.0,1.0,1.0,0.0,37.18403244018555,37.18403244018555,2.473380111833734e-10,0.0,1.5,5.412150859832764,2.318363666534424
train,conditioning_real_adv,39450,1,3.2007694244384766e-05,3.2007694244384766e-05,3.2007694244384766e-05,3.2007694244384766e-05,3.2007694244384766e-05,1.0,0.0,0.0,0.0,0.0,0.0,0.0,0.0,18.729942321777344,18.729942321777344,3.200927676516585e-05,0.0,0.0,4.743374347686768,2.0958218574523926
train,conditioning_real_adv,39463,1,0.00011324882507324219,0.00011324882507324219,0.00011324882507324219,0.00011324882507324219,0.00011324882507324219,1.0,0.0,0.0,0.0,0.0,0.0,0.0,0.0,24.073474884033203,24.073474884033203,0.00011325148807372898,0.0,0.0,4.383737564086914,1.993219017982483
train,conditioning_real_adv,39491,1,-1.0,-1.0,-1.0,-1.0,-1.0,0.0,0.0,0.0,0.0,0.0,1.0,1.0,0.0,41.1677360534668,41.1677360534668,3.8440461924693636e-10,0.0,1.5,4.842605113983154,2.225356340408325
train,conditioning_real_adv,39530,1,9.447336196899414e-05,9.447336196899414e-05,9.447336196899414e-05,9.447336196899414e-05,9.447336196899414e-05,1.0,0.0,0.0,0.0,0.0,0.0,0.0,0.0,21.184213638305664,21.184213638305664,9.445043542655185e-05,0.0,0.0,4.984710216522217,2.2044966220855713
train,conditioning_real_adv,39582,1,-1.0,-1.0,-1.0,-1.0,-1.0,0.0,0.0,0.0,0.0,0.0,1.0,1.0,0.0,34.6911735534668,34.6911735534668,4.5262588815875304e-11,0.0,1.5,4.651773929595947,2.062166213989258
train,conditioning_real_adv,39627,1,0.1009942889213562,0.1009942889213562,0.1009942889213562,0.1009942889213562,0.1009942889213562,1.0,0.0,0.0,0.0,0.0,0.0,0.0,0.0,3.674365520477295,3.674365520477295,0.1009943038225174,0.0,0.0,5.2814812660217285,2.3581559658050537
train,conditioning_real_adv,39639,1,-0.5,-0.5,-0.5,-0.5,-0.5,0.0,0.0,0.0,0.0,0.0,0.0,1.0,0.0,31.252883911132812,31.252883911132812,1.4877640452937158e-08,0.0,0.5,4.76746940612793,2.1640777587890625
train,conditioning_real_adv,39682,1,-1.0,-1.0,-1.0,-1.0,-1.0,0.0,0.0,0.0,0.0,0.0,0.0,1.0,0.0,6.326833724975586,6.326833724975586,0.025452066212892532,0.0,1.3785640001296997,4.567104816436768,2.0660698413848877
train,conditioning_real_adv,39685,1,0.0,0.0,0.0,0.0,0.0,0.0,0.0,0.0,0.0,0.0,0.0,0.0,0.0,23.66167640686035,23.66167640686035,7.682742144559957e-15,0.0,0.0,4.647839546203613,2.080690622329712
train,conditioning_real_adv,39736,1,-1.0,-1.0,-1.0,-1.0,-1.0,0.0,0.0,0.0,0.0,0.0,1.0,1.0,0.0,21.732196807861328,21.732196807861328,4.151122539042262e-06,0.0,1.5,4.688998222351074,2.103344202041626
train,conditioning_real_adv,39738,1,6.556510925292969e-07,6.556510925292969e-07,6.556510925292969e-07,6.556510925292969e-07,6.556510925292969e-07,1.0,0.0,0.0,0.0,0.0,0.0,0.0,0.0,26.691545486450195,26.691545486450195,6.848524662927957e-07,0.0,0.0,4.380846977233887,2.017195701599121
train,conditioning_real_adv,39808,1,0.0,0.0,0.0,0.0,0.0,0.0,0.0,0.0,0.0,0.0,0.0,0.0,0.0,23.88606071472168,23.88606071472168,4.19889989444755e-09,0.0,0.0,4.861811637878418,2.186354637145996
train,conditioning_real_adv,39819,1,-0.5,-0.5,-0.5,-0.5,-0.5,0.0,0.0,0.0,0.0,0.0,0.0,1.0,0.0,31.83479118347168,31.83479118347168,1.9444430874454577e-12,0.0,0.5,5.515617370605469,2.366729497909546
train,conditioning_real_adv,39866,1,-1.0,-1.0,-1.0,-1.0,-1.0,0.0,0.0,0.0,0.0,0.0,1.0,1.0,0.0,14.000338554382324,14.000338554382324,0.0010691742645576596,0.0,1.5,5.295779705047607,2.365200996398926
train,conditioning_real_adv,39869,1,2.1457672119140625e-06,2.1457672119140625e-06,2.1457672119140625e-06,2.1457672119140625e-06,2.1457672119140625e-06,1.0,0.0,0.0,0.0,0.0,0.0,0.0,0.0,24.15738868713379,24.15738868713379,2.13222551792569e-06,0.0,0.0,4.420951843261719,2.020690441131592
train,conditioning_real_adv,39887,1,-1.0,-1.0,-1.0,-1.0,-1.0,0.0,0.0,0.0,0.0,0.0,1.0,1.0,0.0,37.38398742675781,37.38398742675781,3.83009968955416e-14,0.0,1.5,4.974902153015137,2.178809881210327
train,conditioning_real_adv,39921,1,0.006677746772766113,0.006677746772766113,0.006677746772766113,0.006677746772766113,0.006677746772766113,1.0,0.0,0.0,0.0,0.0,0.0,0.0,0.0,16.00054168701172,16.00054168701172,0.0066777304746210575,0.0,0.0,4.566317081451416,2.1157424449920654
train,conditioning_real_adv,39961,1,2.384185791015625e-07,2.384185791015625e-07,2.384185791015625e-07,2.384185791015625e-07,2.384185791015625e-07,1.0,0.0,0.0,0.0,0.0,0.0,0.0,1.0,31.154321670532227,31.154321670532227,2.163895089779544e-07,0.0,0.0,0.8581675291061401,0.8539344668388367
train,conditioning_real_adv,39982,1,-0.5,-0.5,-0.5,-0.5,-0.5,0.0,0.0,0.0,0.0,0.0,0.0,1.0,0.0,33.07029724121094,33.07029724121094,1.278176564589728e-09,0.0,0.5,4.675268173217773,2.1129891872406006
train,conditioning_real_adv,39984,1,5.960464477539062e-07,5.960464477539062e-07,5.960464477539062e-07,5.960464477539062e-07,5.960464477539062e-07,1.0,0.0,0.0,0.0,0.0,0.0,0.0,0.0,10.875226020812988,10.875226020812988,5.697385176972602e-07,0.0,0.0,4.632282257080078,2.112689733505249
train,conditioning_real_adv,39985,1,0.07712656259536743,0.07712656259536743,0.07712656259536743,0.07712656259536743,0.07712656259536743,1.0,0.0,0.0,0.0,0.0,0.0,0.0,0.0,9.783820152282715,9.783820152282715,0.07712657004594803,0.0,0.0,4.978821277618408,2.204180955886841
val,conditioning_real_adv,4,1,0.013768792152404785,0.013768792152404785,0.013768792152404785,0.013768792152404785,0.013768792152404785,1.0,0.0,0.0,0.0,0.0,0.0,0.0,0.0,10.936846733093262,10.936846733093262,0.013768806122243404,0.0,0.0,5.2842302322387695,2.3593029975891113
val,conditioning_real_adv,15,1,0.2321479320526123,0.2321479320526123,0.2321479320526123,0.2321479320526123,0.2321479320526123,1.0,0.0,0.0,0.0,0.0,0.0,0.0,0.0,6.501658916473389,6.501658916473389,0.2321479320526123,0.0,0.0,4.836601257324219,2.2443957328796387
val,conditioning_real_adv,16,1,-1.0,-1.0,-1.0,-1.0,-1.0,0.0,0.0,0.0,0.0,0.0,1.0,1.0,0.0,41.278141021728516,41.278141021728516,1.1840586833494066e-13,0.0,1.5,4.878901481628418,2.2288777828216553
val,conditioning_real_adv,74,1,-1.0,-1.0,-1.0,-1.0,-1.0,0.0,0.0,0.0,0.0,0.0,1.0,1.0,0.0,32.81854248046875,32.81854248046875,3.476639982846752e-12,0.0,1.5,4.708422660827637,2.1695306301116943
val,conditioning_real_adv,99,1,0.0,0.0,0.0,0.0,0.0,0.0,0.0,0.0,0.0,0.0,0.0,0.0,0.0,30.27509117126465,30.27509117126465,2.817891697759478e-09,0.0,0.0,4.82431173324585,2.1272308826446533
val,conditioning_real_adv,120,1,0.0011358261108398438,0.0011358261108398438,0.0011358261108398438,0.0011358261108398438,0.0011358261108398438,1.0,0.0,0.0,0.0,0.0,0.0,0.0,0.0,19.55722427368164,19.55722427368164,0.0011358513729646802,0.0,0.0,5.601949214935303,2.3810627460479736
val,conditioning_real_adv,154,1,-0.4999997615814209,-0.4999997615814209,-0.4999997615814209,-0.4999997615814209,-0.4999997615814209,0.0,0.0,0.0,0.0,0.0,0.0,1.0,0.0,28.61341667175293,28.61341667175293,2.4706179146960494e-07,0.0,0.5,4.7561492919921875,2.1194632053375244
val,conditioning_real_adv,211,1,0.0,0.0,0.0,0.0,0.0,0.0,0.0,0.0,0.0,0.0,0.0,0.0,0.0,28.150535583496094,28.150535583496094,6.463679960190538e-14,0.0,0.0,4.777149200439453,2.2302141189575195
val,conditioning_real_adv,222,1,0.0019140839576721191,0.0019140839576721191,0.0019140839576721191,0.0019140839576721191,0.0019140839576721191,1.0,0.0,0.0,0.0,0.0,0.0,0.0,0.0,18.151060104370117,18.151060104370117,0.001914055785164237,0.0,0.0,5.286852836608887,2.3602521419525146
val,conditioning_real_adv,245,1,0.24147582054138184,0.24147582054138184,0.24147582054138184,0.24147582054138184,0.24147582054138184,1.0,0.0,0.0,0.0,0.0,0.0,0.0,0.0,6.463014125823975,6.463014125823975,0.24147583544254303,0.0,0.0,5.2805914878845215,2.357395887374878
val,conditioning_real_adv,253,1,0.0,0.0,0.0,0.0,0.0,0.0,0.0,0.0,0.0,0.0,0.0,0.0,1.0,10.461224555969238,10.461224555969238,8.414133390033385e-09,0.0,0.0,0.9328605532646179,0.8612516522407532
val,conditioning_real_adv,420,1,0.0,0.0,0.0,0.0,0.0,0.0,0.0,0.0,0.0,0.0,0.0,0.0,0.0,35.059688568115234,35.059688568115234,2.0044838677790722e-08,0.0,0.0,4.692220211029053,2.1238691806793213
val,conditioning_real_adv,422,1,-1.0,-1.0,-1.0,-1.0,-1.0,0.0,0.0,0.0,0.0,0.0,1.0,1.0,0.0,33.60203552246094,33.60203552246094,4.6209702730948266e-11,0.0,1.5,4.675017833709717,2.1012814044952393
val,conditioning_real_adv,467,1,-0.5,-0.5,-0.5,-0.5,-0.5,0.0,0.0,0.0,0.0,0.0,0.0,1.0,0.0,32.1893424987793,32.1893424987793,3.591128727720161e-09,0.0,0.5,4.891630172729492,2.187880039215088
val,conditioning_real_adv,470,1,0.0002549290657043457,0.0002549290657043457,0.0002549290657043457,0.0002549290657043457,0.0002549290657043457,1.0,0.0,0.0,0.0,0.0,0.0,0.0,0.0,22.43170928955078,22.43170928955078,0.0002549367491155863,0.0,0.0,5.505735874176025,2.38539981842041
val,conditioning_real_adv,509,1,-1.0,-1.0,-1.0,-1.0,-1.0,0.0,0.0,0.0,0.0,0.0,1.0,1.0,0.0,30.707969665527344,30.707969665527344,4.251851137837548e-08,0.0,1.5,5.109922885894775,2.260363817214966
val,conditioning_real_adv,514,1,-1.0,-1.0,-1.0,-1.0,-1.0,0.0,0.0,0.0,0.0,0.0,1.0,1.0,0.0,41.920982360839844,41.920982360839844,4.8019905109567e-13,0.0,1.5,5.2799906730651855,2.3575010299682617
val,conditioning_real_adv,552,1,-0.49999988079071045,-0.49999988079071045,-0.49999988079071045,-0.49999988079071045,-0.49999988079071045,0.0,0.0,0.0,0.0,0.0,0.0,1.0,1.0,26.036174774169922,26.036174774169922,1.4267423864566808e-07,0.0,0.5,0.8385329842567444,0.8470447659492493
val,conditioning_real_adv,583,1,0.0013540983200073242,0.0013540983200073242,0.0013540983200073242,0.0013540983200073242,0.0013540983200073242,1.0,0.0,0.0,0.0,0.0,0.0,0.0,0.0,18.82830047607422,18.82830047607422,0.001354072941467166,0.0,0.0,4.003971099853516,1.9243985414505005
val,conditioning_real_adv,603,1,-0.4999998211860657,-0.4999998211860657,-0.4999998211860657,-0.4999998211860657,-0.4999998211860657,0.0,0.0,0.0,0.0,0.0,0.0,1.0,0.0,27.45148468017578,27.45148468017578,1.8481954100479925e-07,0.0,0.5,4.509243011474609,1.999119520187378
val,conditioning_real_adv,636,1,-0.9908878803253174,-0.9908878803253174,-0.9908878803253174,-0.9908878803253174,-0.9908878803253174,0.0,0.0,0.0,0.0,0.0,1.0,0.0,0.0,13.764260292053223,13.764260292053223,0.009112095460295677,0.0,1.0,4.473992824554443,2.0739591121673584
val,conditioning_real_adv,653,1,1.7881393432617188e-07,1.7881393432617188e-07,1.7881393432617188e-07,1.7881393432617188e-07,1.7881393432617188e-07,1.0,0.0,0.0,0.0,0.0,0.0,0.0,0.0,30.816518783569336,30.816518783569336,1.9975638565483678e-07,0.0,0.0,4.565507888793945,2.114271640777588
val,conditioning_real_adv,662,1,2.2649765014648438e-06,2.2649765014648438e-06,2.2649765014648438e-06,2.2649765014648438e-06,2.2649765014648438e-06,1.0,0.0,0.0,0.0,0.0,0.0,0.0,0.0,27.102693557739258,27.102693557739258,2.269058086312725e-06,0.0,0.0,5.182580947875977,2.2882678508758545
val,conditioning_real_adv,815,1,-1.0,-1.0,-1.0,-1.0,-1.0,0.0,0.0,0.0,0.0,0.0,1.0,1.0,0.0,34.387359619140625,34.387359619140625,3.658761738023486e-09,0.0,1.5,4.665311813354492,2.102991819381714
val,conditioning_real_adv,865,1,0.0013836026191711426,0.0013836026191711426,0.0013836026191711426,0.0013836026191711426,0.0013836026191711426,1.0,0.0,0.0,0.0,0.0,0.0,0.0,0.0,14.398563385009766,14.398563385009766,0.0013836182188242674,0.0,0.0,5.279686450958252,2.356222152709961
val,conditioning_real_adv,920,1,3.224611282348633e-05,3.224611282348633e-05,3.224611282348633e-05,3.224611282348633e-05,3.224611282348633e-05,1.0,0.0,0.0,0.0,0.0,0.0,0.0,0.0,19.83086585998535,19.83086585998535,3.2267045753542334e-05,0.0,0.0,4.5622429847717285,2.088083505630493
val,conditioning_real_adv,936,1,1.1920928955078125e-07,1.1920928955078125e-07,1.1920928955078125e-07,1.1920928955078125e-07,1.1920928955078125e-07,1.0,0.0,0.0,0.0,0.0,0.0,0.0,0.0,29.491731643676758,29.491731643676758,1.2040658248224645e-07,0.0,0.0,4.565144062042236,2.0805554389953613
val,conditioning_real_adv,965,1,-1.0,-1.0,-1.0,-1.0,-1.0,0.0,0.0,0.0,0.0,0.0,1.0,1.0,0.0,36.631656646728516,36.631656646728516,2.5225102562309587e-10,0.0,1.5,4.5382866859436035,2.047778606414795
val,conditioning_real_adv,1001,1,0.0,0.0,0.0,0.0,0.0,0.0,0.0,0.0,0.0,0.0,0.0,0.0,0.0,39.90594482421875,39.90594482421875,3.616490662494698e-09,0.0,0.0,4.628525733947754,2.0700950622558594
val,conditioning_real_adv,1015,1,4.0471553802490234e-05,4.0471553802490234e-05,4.0471553802490234e-05,4.0471553802490234e-05,4.0471553802490234e-05,1.0,0.0,0.0,0.0,0.0,0.0,0.0,0.0,21.79873275756836,21.79873275756836,4.0497106965631247e-05,0.0,0.0,4.376473426818848,1.9921793937683105
val,conditioning_real_adv,1062,1,-1.0,-1.0,-1.0,-1.0,-1.0,0.0,0.0,0.0,0.0,0.0,1.0,1.0,0.0,36.699371337890625,36.699371337890625,9.048743976336482e-09,0.0,1.5,4.7366943359375,2.1177215576171875
val,conditioning_real_adv,1085,1,-0.5,-0.5,-0.5,-0.5,-0.5,0.0,0.0,0.0,0.0,0.0,0.0,1.0,0.0,28.428913116455078,28.428913116455078,1.440616514969406e-10,0.0,0.5,4.596297740936279,2.0956459045410156
val,conditioning_real_adv,1217,1,-1.0,-1.0,-1.0,-1.0,-1.0,0.0,0.0,0.0,0.0,1.0,1.0,1.0,0.0,31.85817527770996,31.85817527770996,9.579724791208832e-10,0.0,1.5,5.280040740966797,2.3562369346618652
val,conditioning_real_adv,1325,1,-1.0,-1.0,-1.0,-1.0,-1.0,0.0,0.0,0.0,0.0,0.0,1.0,1.0,0.0,25.539386749267578,25.539386749267578,3.166054751702063e-09,0.0,1.5,4.6469831466674805,2.1188950538635254
val,conditioning_real_adv,1342,1,-1.0,-1.0,-1.0,-1.0,-1.0,0.0,0.0,0.0,0.0,0.0,1.0,1.0,0.0,30.94986343383789,30.94986343383789,1.8066657503368333e-07,0.0,1.5,4.278102397918701,1.95107102394104
val,conditioning_real_adv,1346,1,0.037270963191986084,0.037270963191986084,0.037270963191986084,0.037270963191986084,0.037270963191986084,1.0,0.0,0.0,0.0,0.0,0.0,0.0,0.0,10.235705375671387,10.235705375671387,0.03727098926901817,0.0,0.0,5.2771220207214355,2.356203556060791
val,conditioning_real_adv,1416,1,-1.0,-1.0,-1.0,-1.0,-1.0,0.0,0.0,0.0,0.0,0.0,1.0,0.0,1.0,34.74172592163086,34.74172592163086,1.1973136891663128e-11,0.0,1.0,0.996458113193512,0.8870803117752075
val,conditioning_real_adv,1417,1,0.0,0.0,0.0,0.0,0.0,0.0,0.0,0.0,0.0,0.0,0.0,0.0,0.0,22.711732864379883,22.711732864379883,2.0618519912252165e-12,0.0,0.0,4.415465354919434,2.015317440032959
val,conditioning_real_adv,1431,1,5.453824996948242e-05,5.453824996948242e-05,5.453824996948242e-05,5.453824996948242e-05,5.453824996948242e-05,1.0,0.0,0.0,0.0,0.0,0.0,0.0,0.0,25.47838020324707,25.47838020324707,5.4540334531338885e-05,0.0,0.0,4.7526326179504395,2.131727695465088
val,conditioning_real_adv,1493,1,-1.0,-1.0,-1.0,-1.0,-1.0,0.0,0.0,0.0,0.0,0.0,1.0,1.0,0.0,37.57863998413086,37.57863998413086,1.8131418588751558e-10,0.0,1.5,5.240622043609619,2.395376682281494
val,conditioning_real_adv,1615,1,0.11673933267593384,0.11673933267593384,0.11673933267593384,0.11673933267593384,0.11673933267593384,1.0,0.0,0.0,0.0,0.0,0.0,0.0,0.0,8.688315391540527,8.688315391540527,0.11673931032419205,0.0,0.0,5.2785820960998535,2.3611204624176025
val,conditioning_real_adv,1674,1,-1.0,-1.0,-1.0,-1.0,-1.0,0.0,0.0,0.0,0.0,0.0,1.0,1.0,0.0,37.30495071411133,37.30495071411133,9.947045791214304e-12,0.0,1.5,5.6454949378967285,2.3600692749023438
val,conditioning_real_adv,1746,1,8.940696716308594e-06,8.940696716308594e-06,8.940696716308594e-06,8.940696716308594e-06,8.940696716308594e-06,1.0,0.0,0.0,0.0,0.0,0.0,0.0,0.0,28.651763916015625,28.651763916015625,8.925806469051167e-06,0.0,0.0,4.612338066101074,2.065541982650757
val,conditioning_real_adv,1749,1,5.435943603515625e-05,5.435943603515625e-05,5.435943603515625e-05,5.435943603515625e-05,5.435943603515625e-05,1.0,0.0,0.0,0.0,0.0,0.0,0.0,0.0,22.140779495239258,22.140779495239258,5.4348845878848806e-05,0.0,0.0,5.665750503540039,2.385606527328491
val,conditioning_real_adv,1810,1,-0.5,-0.5,-0.5,-0.5,-0.5,0.0,0.0,0.0,0.0,0.0,0.0,1.0,0.0,44.582218170166016,44.582218170166016,2.583177283188576e-10,0.0,0.5,4.793008804321289,2.1695032119750977
val,conditioning_real_adv,1830,1,1.5616416931152344e-05,1.5616416931152344e-05,1.5616416931152344e-05,1.5616416931152344e-05,1.5616416931152344e-05,1.0,0.0,0.0,0.0,0.0,0.0,0.0,0.0,27.684446334838867,27.684446334838867,1.562760371598415e-05,0.0,0.0,4.601440906524658,2.0454912185668945
val,conditioning_real_adv,1889,1,1.7881393432617188e-07,1.7881393432617188e-07,1.7881393432617188e-07,1.7881393432617188e-07,1.7881393432617188e-07,1.0,0.0,0.0,0.0,0.0,0.0,0.0,0.0,31.973005294799805,31.973005294799805,1.7608475388897205e-07,0.0,0.0,5.176273345947266,2.2056117057800293
val,conditioning_real_adv,1925,1,-1.0,-1.0,-1.0,-1.0,-1.0,0.0,0.0,0.0,0.0,0.0,1.0,1.0,0.0,29.683853149414062,29.683853149414062,1.666926721100026e-07,0.0,1.5,4.606934547424316,2.083667755126953
val,conditioning_real_adv,1974,1,0.43975818157196045,0.43975818157196045,0.43975818157196045,0.43975818157196045,0.43975818157196045,1.0,1.0,0.0,0.0,0.0,0.0,0.0,0.0,6.461099147796631,6.461099147796631,0.43975821137428284,0.0,0.0,5.28081750869751,2.3562963008880615
val,conditioning_real_adv,2012,1,0.055721402168273926,0.055721402168273926,0.055721402168273926,0.055721402168273926,0.055721402168273926,1.0,0.0,0.0,0.0,0.0,0.0,0.0,0.0,11.659476280212402,11.659476280212402,0.055721383541822433,0.0,0.0,5.279454708099365,2.35935115814209
val,conditioning_real_adv,2067,1,-0.49999988079071045,-0.49999988079071045,-0.49999988079071045,-0.49999988079071045,-0.49999988079071045,0.0,0.0,0.0,0.0,0.0,0.0,1.0,0.0,31.045011520385742,31.045011520385742,1.0092958291352261e-07,0.0,0.5,4.429782390594482,2.046168804168701
val,conditioning_real_adv,2127,1,0.025501608848571777,0.025501608848571777,0.025501608848571777,0.025501608848571777,0.025501608848571777,1.0,0.0,0.0,0.0,0.0,0.0,0.0,0.0,13.286148071289062,13.286148071289062,0.025501610711216927,0.0,0.0,4.668268203735352,2.0592594146728516
val,conditioning_real_adv,2160,1,0.004461944103240967,0.004461944103240967,0.004461944103240967,0.004461944103240967,0.004461944103240967,1.0,0.0,0.0,0.0,0.0,0.0,0.0,0.0,16.379072189331055,16.379072189331055,0.004461920354515314,0.0,0.0,4.269656658172607,1.9468439817428589
val,conditioning_real_adv,2180,1,-1.0,-1.0,-1.0,-1.0,-1.0,0.0,0.0,0.0,0.0,0.0,1.0,1.0,0.0,32.461795806884766,32.461795806884766,7.932345624794834e-08,0.0,1.5,5.291844367980957,2.356987237930298
val,conditioning_real_adv,2203,1,-0.9999999403953552,-0.9999999403953552,-0.9999999403953552,-0.9999999403953552,-0.9999999403953552,0.0,0.0,0.0,0.0,0.0,1.0,0.0,0.0,27.221969604492188,27.221969604492188,7.034579141418362e-08,0.0,1.0,4.357263565063477,1.999314785003662
val,conditioning_real_adv,2305,1,-0.5,-0.5,-0.5,-0.5,-0.5,0.0,0.0,0.0,0.0,0.0,0.0,1.0,0.0,41.817710876464844,41.817710876464844,9.104573345242173e-11,0.0,0.5,5.33986234664917,2.287026882171631
val,conditioning_real_adv,2323,1,-1.0,-1.0,-1.0,-1.0,-1.0,0.0,0.0,0.0,0.0,0.0,1.0,1.0,0.0,34.439353942871094,34.439353942871094,2.1785748205438438e-10,0.0,1.5,5.273037433624268,2.3550844192504883
val,conditioning_real_adv,2324,1,1.1920928955078125e-07,1.1920928955078125e-07,1.1920928955078125e-07,1.1920928955078125e-07,1.1920928955078125e-07,1.0,0.0,0.0,0.0,0.0,0.0,0.0,0.0,31.309858322143555,31.309858322143555,1.2879699795576016e-07,0.0,0.0,4.815422534942627,2.2088911533355713
val,conditioning_real_adv,2337,1,0.012712240219116211,0.012712240219116211,0.012712240219116211,0.012712240219116211,0.012712240219116211,1.0,0.0,0.0,0.0,0.0,0.0,0.0,0.0,9.886703491210938,9.886703491210938,0.012712228111922741,0.0,0.0,5.373743057250977,2.322688579559326
val,conditioning_real_adv,2354,1,-1.0,-1.0,-1.0,-1.0,-1.0,0.0,0.0,0.0,0.0,0.0,1.0,1.0,0.0,38.90650939941406,38.90650939941406,8.910487903079911e-10,0.0,1.5,4.707839488983154,2.1846559047698975
val,conditioning_real_adv,2384,1,0.004440426826477051,0.004440426826477051,0.004440426826477051,0.004440426826477051,0.004440426826477051,1.0,0.0,0.0,0.0,0.0,0.0,0.0,0.0,16.82509994506836,16.82509994506836,0.004440446849912405,0.0,0.0,5.327577590942383,2.3009724617004395
val,conditioning_real_adv,2478,1,-1.0,-1.0,-1.0,-1.0,-1.0,0.0,0.0,0.0,0.0,0.0,0.0,1.0,0.0,33.65547561645508,33.65547561645508,1.665848448767493e-13,0.0,1.2116224765777588,4.613131999969482,2.1048808097839355
val,conditioning_real_adv,2502,1,5.960464477539063e-08,5.960464477539063e-08,5.960464477539063e-08,5.960464477539063e-08,5.960464477539063e-08,1.0,0.0,0.0,0.0,0.0,0.0,0.0,0.0,30.150720596313477,30.150720596313477,5.611389752857576e-08,0.0,0.0,4.7770771980285645,2.0781173706054688
val,conditioning_real_adv,2532,1,-1.0,-1.0,-1.0,-1.0,-1.0,0.0,0.0,0.0,0.0,0.0,1.0,1.0,1.0,37.988399505615234,37.988399505615234,8.268097317909451e-11,0.0,1.5,1.0100069046020508,0.8762213587760925
val,conditioning_real_adv,2550,1,0.0003192424774169922,0.0003192424774169922,0.0003192424774169922,0.0003192424774169922,0.0003192424774169922,1.0,0.0,0.0,0.0,0.0,0.0,0.0,0.0,21.56185531616211,21.56185531616211,0.00031924486393108964,0.0,0.0,5.279959678649902,2.359541654586792
val,conditioning_real_adv,2578,1,-1.0,-1.0,-1.0,-1.0,-1.0,0.0,0.0,0.0,0.0,0.0,1.0,1.0,0.0,28.80527687072754,28.80527687072754,1.9045583599108795e-07,0.0,1.5,4.837993621826172,2.1319546699523926
val,conditioning_real_adv,2580,1,-0.8198632001876831,-0.8198632001876831,-0.8198632001876831,-0.8198632001876831,-0.8198632001876831,0.0,0.0,0.0,0.0,0.0,1.0,0.0,0.0,8.980097770690918,8.980097770690918,0.1801368147134781,0.0,1.0,4.725095748901367,2.1045446395874023
val,conditioning_real_adv,2583,1,0.0,0.0,0.0,0.0,0.0,0.0,0.0,0.0,0.0,0.0,0.0,0.0,0.0,25.9628963470459,25.9628963470459,3.3453038516401135e-12,0.0,0.0,4.436487197875977,2.034339666366577
val,conditioning_real_adv,2620,1,0.0,0.0,0.0,0.0,0.0,0.0,0.0,0.0,0.0,0.0,0.0,0.0,0.0,37.31093215942383,37.31093215942383,3.450412178196416e-09,0.0,0.0,4.5262861251831055,2.023643732070923
val,conditioning_real_adv,2653,1,4.4345855712890625e-05,4.4345855712890625e-05,4.4345855712890625e-05,4.4345855712890625e-05,4.4345855712890625e-05,1.0,0.0,0.0,0.0,0.0,0.0,0.0,0.0,24.311235427856445,24.311235427856445,4.436233211890794e-05,0.0,0.0,4.820487022399902,2.1716644763946533
val,conditioning_real_adv,2657,1,-1.0,-1.0,-1.0,-1.0,-1.0,0.0,0.0,0.0,0.0,0.0,1.0,1.0,0.0,30.274593353271484,30.274593353271484,2.24263310144579e-08,0.0,1.5,4.27348518371582,1.9815850257873535
val,conditioning_real_adv,2662,1,0.02112002670764923,0.02112002670764923,0.02112002670764923,0.02112002670764923,0.02112002670764923,1.0,0.0,0.0,0.0,0.0,0.0,0.0,0.0,9.104942321777344,9.104942321777344,0.1539602130651474,0.0,0.13284020125865936,4.440508842468262,2.0161194801330566
val,conditioning_real_adv,2664,1,0.00012433528900146484,0.00012433528900146484,0.00012433528900146484,0.00012433528900146484,0.00012433528900146484,1.0,0.0,0.0,0.0,0.0,0.0,0.0,0.0,23.97715187072754,23.97715187072754,0.00012433991651050746,0.0,0.0,5.280556678771973,2.357274293899536
val,conditioning_real_adv,2698,1,-0.5,-0.5,-0.5,-0.5,-0.5,0.0,0.0,0.0,0.0,0.0,0.0,1.0,0.0,32.206825256347656,32.206825256347656,2.884912220224578e-08,0.0,0.5,4.767265796661377,2.1581838130950928
val,conditioning_real_adv,2700,1,-1.0,-1.0,-1.0,-1.0,-1.0,0.0,0.0,0.0,0.0,0.0,0.0,1.0,0.0,32.09576416015625,32.09576416015625,3.901232809022659e-11,0.0,1.406151294708252,4.8705854415893555,2.150912046432495
val,conditioning_real_adv,2752,1,0.0,0.0,0.0,0.0,0.0,0.0,0.0,0.0,0.0,0.0,0.0,0.0,0.0,24.149259567260742,24.149259567260742,1.0334256367316996e-10,0.0,0.0,4.630581855773926,2.056509494781494
val,conditioning_real_adv,2759,1,0.0,0.0,0.0,0.0,0.0,0.0,0.0,0.0,0.0,0.0,0.0,0.0,0.0,17.231639862060547,17.231639862060547,2.177487745669282e-09,0.0,0.0,4.624083995819092,2.1026320457458496
val,conditioning_real_adv,2767,1,-1.0,-1.0,-1.0,-1.0,-1.0,0.0,0.0,0.0,0.0,0.0,1.0,1.0,0.0,24.36342430114746,24.36342430114746,6.5470980189275e-05,0.0,1.5,4.529234886169434,2.0996060371398926
val,conditioning_real_adv,2772,1,0.017306029796600342,0.017306029796600342,0.017306029796600342,0.017306029796600342,0.017306029796600342,1.0,0.0,0.0,0.0,0.0,0.0,0.0,1.0,9.345345497131348,9.345345497131348,0.017306022346019745,0.0,0.0,0.8830038905143738,0.8594486117362976
val,conditioning_real_adv,2870,1,0.0017790794372558594,0.0017790794372558594,0.0017790794372558594,0.0017790794372558594,0.0017790794372558594,1.0,0.0,0.0,0.0,0.0,0.0,0.0,0.0,17.93787384033203,17.93787384033203,0.0017790650017559528,0.0,0.0,4.7032976150512695,2.16884183883667
val,conditioning_real_adv,2906,1,0.0,0.0,0.0,0.0,0.0,0.0,0.0,0.0,0.0,0.0,0.0,0.0,0.0,34.87931442260742,34.87931442260742,9.528710904422645e-16,0.0,0.0,5.2791314125061035,2.3599636554718018
val,conditioning_real_adv,2916,1,3.808736801147461e-05,3.808736801147461e-05,3.808736801147461e-05,3.808736801147461e-05,3.808736801147461e-05,1.0,0.0,0.0,0.0,0.0,0.0,0.0,0.0,26.10977554321289,26.10977554321289,3.811203350778669e-05,0.0,0.0,4.617434978485107,2.038179636001587
val,conditioning_real_adv,2925,1,9.5367431640625e-07,9.5367431640625e-07,9.5367431640625e-07,9.5367431640625e-07,9.5367431640625e-07,1.0,0.0,0.0,0.0,0.0,0.0,0.0,0.0,30.709897994995117,30.709897994995117,9.74589170255058e-07,0.0,0.0,4.509149074554443,2.0401570796966553
val,conditioning_real_adv,2964,1,-0.5,-0.5,-0.5,-0.5,-0.5,0.0,0.0,0.0,0.0,0.0,0.0,1.0,0.0,39.13146209716797,39.13146209716797,1.2513661218349625e-09,0.0,0.5,4.623645782470703,2.113508462905884
val,conditioning_real_adv,2994,1,0.0056816935539245605,0.0056816935539245605,0.0056816935539245605,0.0056816935539245605,0.0056816935539245605,1.0,0.0,0.0,0.0,0.0,0.0,0.0,0.0,10.575182914733887,10.575182914733887,0.005681689828634262,0.0,0.0,4.363317966461182,1.989672064781189
val,conditioning_real_adv,3031,1,-1.0,-1.0,-1.0,-1.0,-1.0,0.0,0.0,0.0,0.0,0.0,1.0,1.0,0.0,29.288766860961914,29.288766860961914,3.926139361537517e-12,0.0,1.5,4.800174713134766,2.117152452468872
val,conditioning_real_adv,3065,1,9.000301361083984e-06,9.000301361083984e-06,9.000301361083984e-06,9.000301361083984e-06,9.000301361083984e-06,1.0,0.0,0.0,0.0,0.0,0.0,0.0,0.0,23.828630447387695,23.828630447387695,8.99424048839137e-06,0.0,0.0,4.645262241363525,2.1308681964874268
val,conditioning_real_adv,3082,1,-1.0,-1.0,-1.0,-1.0,-1.0,0.0,0.0,0.0,0.0,1.0,0.0,1.0,0.0,26.609756469726562,26.609756469726562,1.3893285633059804e-08,0.0,0.5,4.777914524078369,2.1559839248657227
val,conditioning_real_adv,3110,1,0.01620030403137207,0.01620030403137207,0.01620030403137207,0.01620030403137207,0.01620030403137207,1.0,0.0,0.0,0.0,0.0,0.0,0.0,0.0,7.641793251037598,7.641793251037598,0.016200292855501175,0.0,0.0,5.278195381164551,2.357177972793579
val,conditioning_real_adv,3162,1,-1.0,-1.0,-1.0,-1.0,-1.0,0.0,0.0,0.0,0.0,0.0,1.0,0.0,0.0,26.787052154541016,26.787052154541016,1.8143289605074275e-12,0.0,1.0,5.919663906097412,2.53879714012146
val,conditioning_real_adv,3261,1,3.457069396972656e-05,3.457069396972656e-05,3.457069396972656e-05,3.457069396972656e-05,3.457069396972656e-05,1.0,0.0,0.0,0.0,0.0,0.0,0.0,0.0,23.895130157470703,23.895130157470703,3.4565950045362115e-05,0.0,0.0,4.928800106048584,2.2964670658111572
val,conditioning_real_adv,3263,1,0.001049816608428955,0.001049816608428955,0.001049816608428955,0.001049816608428955,0.001049816608428955,1.0,0.0,0.0,0.0,0.0,0.0,0.0,0.0,19.7156982421875,19.7156982421875,0.001049829414114356,0.0,0.0,4.758916854858398,2.153141736984253
val,conditioning_real_adv,3267,1,-1.0,-1.0,-1.0,-1.0,-1.0,0.0,0.0,0.0,0.0,0.0,1.0,1.0,0.0,32.19609069824219,32.19609069824219,8.039584287189427e-08,0.0,1.5,4.491578102111816,2.0159997940063477
val,conditioning_real_adv,3434,1,-1.0,-1.0,-1.0,-1.0,-1.0,0.0,0.0,0.0,0.0,0.0,1.0,1.0,0.0,31.390947341918945,31.390947341918945,1.5758333526960655e-10,0.0,1.5,4.737390041351318,2.1438004970550537
val,conditioning_real_adv,3444,1,-1.0,-1.0,-1.0,-1.0,-1.0,0.0,0.0,0.0,0.0,0.0,1.0,1.0,0.0,34.193359375,34.193359375,2.6370938419062462e-11,0.0,1.5,5.2939276695251465,2.3200626373291016
val,conditioning_real_adv,3535,1,-1.0,-1.0,-1.0,-1.0,-1.0,0.0,0.0,0.0,0.0,0.0,1.0,1.0,0.0,33.369171142578125,33.369171142578125,1.6956921422561777e-09,0.0,1.5,4.713693141937256,2.1426925659179688
val,conditioning_real_adv,3639,1,1.2993812561035156e-05,1.2993812561035156e-05,1.2993812561035156e-05,1.2993812561035156e-05,1.2993812561035156e-05,1.0,0.0,0.0,0.0,0.0,0.0,0.0,0.0,28.227991104125977,28.227991104125977,1.2977889127796516e-05,0.0,0.0,5.283789157867432,2.360029458999634
val,conditioning_real_adv,3734,1,-0.49946892261505127,-0.49946892261505127,-0.49946892261505127,-0.49946892261505127,-0.49946892261505127,0.0,0.0,0.0,0.0,0.0,0.0,1.0,0.0,14.85043716430664,14.85043716430664,0.0005310497945174575,0.0,0.5,4.742352485656738,2.146029233932495
val,conditioning_real_adv,3791,1,7.218122482299805e-05,7.218122482299805e-05,7.218122482299805e-05,7.218122482299805e-05,7.218122482299805e-05,1.0,0.0,0.0,0.0,0.0,0.0,0.0,0.0,21.200267791748047,21.200267791748047,7.218359678518027e-05,0.0,0.0,5.288862228393555,2.3589258193969727
val,conditioning_real_adv,3804,1,0.0,0.0,0.0,0.0,0.0,0.0,0.0,0.0,0.0,0.0,0.0,0.0,1.0,37.396419525146484,37.396419525146484,2.4586137570281608e-08,0.0,0.0,0.844828724861145,0.8504801988601685
val,conditioning_real_adv,3942,1,0.00020956993103027344,0.00020956993103027344,0.00020956993103027344,0.00020956993103027344,0.00020956993103027344,1.0,0.0,0.0,0.0,0.0,0.0,0.0,0.0,22.437551498413086,22.437551498413086,0.0002095850941259414,0.0,0.0,4.929963111877441,2.2089285850524902
val,conditioning_real_adv,3946,1,-0.9801734089851379,-0.9801734089851379,-0.9801734089851379,-0.9801734089851379,-0.9801734089851379,0.0,0.0,0.0,0.0,0.0,1.0,0.0,0.0,12.816451072692871,12.816451072692871,0.019826581701636314,0.0,1.0,4.700504779815674,2.1300933361053467
val,conditioning_real_adv,4000,1,-0.49999988079071045,-0.49999988079071045,-0.49999988079071045,-0.49999988079071045,-0.49999988079071045,0.0,0.0,0.0,0.0,0.0,0.0,1.0,0.0,31.086549758911133,31.086549758911133,9.717302162925989e-08,0.0,0.5,4.830373287200928,2.175313711166382
val,conditioning_real_adv,4003,1,0.0032186508178710938,0.0032186508178710938,0.0032186508178710938,0.0032186508178710938,0.0032186508178710938,1.0,0.0,0.0,0.0,0.0,0.0,0.0,0.0,11.382389068603516,11.382389068603516,0.003218631725758314,0.0,0.0,4.286752223968506,1.9284818172454834
val,conditioning_real_adv,4007,1,1.0728836059570312e-06,1.0728836059570312e-06,1.0728836059570312e-06,1.0728836059570312e-06,1.0728836059570312e-06,1.0,0.0,0.0,0.0,0.0,0.0,0.0,0.0,30.53094482421875,30.53094482421875,1.0768920901682577e-06,0.0,0.0,5.281682014465332,2.35699725151062
val,conditioning_real_adv,4075,1,0.000500798225402832,0.000500798225402832,0.000500798225402832,0.000500798225402832,0.000500798225402832,1.0,0.0,0.0,0.0,0.0,0.0,0.0,0.0,21.167686462402344,21.167686462402344,0.0005008095758967102,0.0,0.0,4.2409491539001465,1.9359817504882812
val,conditioning_real_adv,4080,1,-1.0,-1.0,-1.0,-1.0,-1.0,0.0,0.0,0.0,0.0,0.0,1.0,1.0,0.0,36.69697570800781,36.69697570800781,8.574290583096555e-12,0.0,1.5,4.582250595092773,2.080162286758423
val,conditioning_real_adv,4081,1,0.0,0.0,0.0,0.0,0.0,0.0,0.0,0.0,0.0,0.0,0.0,0.0,0.0,29.96671485900879,29.96671485900879,6.76254018061595e-12,0.0,0.0,4.250229835510254,1.999329924583435
val,conditioning_real_adv,4123,1,0.06372714042663574,0.06372714042663574,0.06372714042663574,0.06372714042663574,0.06372714042663574,1.0,0.0,0.0,0.0,0.0,0.0,0.0,0.0,11.371516227722168,11.371516227722168,0.06372714042663574,0.0,0.0,5.2826457023620605,2.3570187091827393
val,conditioning_real_adv,4127,1,0.007036328315734863,0.007036328315734863,0.007036328315734863,0.007036328315734863,0.007036328315734863,1.0,0.0,0.0,0.0,0.0,0.0,0.0,1.0,9.75893497467041,9.75893497467041,0.00703632365912199,0.0,0.0,1.8260219097137451,0.852750837802887
val,conditioning_real_adv,4173,1,-1.0,-1.0,-1.0,-1.0,-1.0,0.0,0.0,0.0,0.0,0.0,1.0,1.0,0.0,36.85026168823242,36.85026168823242,9.916723692215967e-12,0.0,1.5,4.956541061401367,2.272578239440918
val,conditioning_real_adv,4184,1,0.0002880096435546875,0.0002880096435546875,0.0002880096435546875,0.0002880096435546875,0.0002880096435546875,1.0,0.0,0.0,0.0,0.0,0.0,0.0,0.0,18.143512725830078,18.143512725830078,0.0002880330430343747,0.0,0.0,4.646232604980469,2.06713604927063
val,conditioning_real_adv,4186,1,0.06874102354049683,0.06874102354049683,0.06874102354049683,0.06874102354049683,0.06874102354049683,1.0,0.0,0.0,0.0,0.0,0.0,0.0,0.0,4.677385330200195,4.677385330200195,0.06874104589223862,0.0,0.0,5.281832218170166,2.356416940689087
val,conditioning_real_adv,4245,1,0.0,0.0,0.0,0.0,0.0,0.0,0.0,0.0,0.0,0.0,0.0,0.0,0.0,25.416751861572266,25.416751861572266,1.2379743124992394e-14,0.0,0.0,4.633413314819336,2.0859875679016113
val,conditioning_real_adv,4300,1,-1.0,-1.0,-1.0,-1.0,-1.0,0.0,0.0,0.0,0.0,0.0,1.0,1.0,0.0,27.5928897857666,27.5928897857666,3.0080307134028317e-09,0.0,1.5,4.63559627532959,2.0768086910247803
val,conditioning_real_adv,4314,1,-1.0,-1.0,-1.0,-1.0,-1.0,0.0,0.0,0.0,0.0,0.0,0.0,1.0,0.0,4.535897254943848,4.535897254943848,0.0015081536257639527,0.0,1.313713788986206,4.905334949493408,2.168943166732788
val,conditioning_real_adv,4348,1,0.16819548606872559,0.16819548606872559,0.16819548606872559,0.16819548606872559,0.16819548606872559,1.0,0.0,0.0,0.0,0.0,0.0,0.0,0.0,9.19027328491211,9.19027328491211,0.16819551587104797,0.0,0.0,4.761003494262695,2.1035923957824707
val,conditioning_real_adv,4355,1,-1.0,-1.0,-1.0,-1.0,-1.0,0.0,0.0,0.0,0.0,0.0,1.0,1.0,0.0,40.279212951660156,40.279212951660156,2.0818518350201876e-12,0.0,1.5,5.190898895263672,2.2799859046936035
val,conditioning_real_adv,4462,1,-0.5,-0.5,-0.5,-0.5,-0.5,0.0,0.0,0.0,0.0,0.0,0.0,1.0,1.0,37.191287994384766,37.191287994384766,6.023693349677117e-11,0.0,0.5,1.8373754024505615,0.9011427164077759
val,conditioning_real_adv,4527,1,-1.0,-1.0,-1.0,-1.0,-1.0,0.0,0.0,0.0,0.0,1.0,1.0,1.0,0.0,43.680057525634766,43.680057525634766,3.307652485240453e-10,0.0,1.5,4.499079704284668,2.040381669998169
val,conditioning_real_adv,4587,1,0.008387625217437744,0.008387625217437744,0.008387625217437744,0.008387625217437744,0.008387625217437744,1.0,0.0,0.0,0.0,0.0,0.0,0.0,0.0,15.515023231506348,15.515023231506348,0.008387647569179535,0.0,0.0,5.282176971435547,2.3575663566589355
val,conditioning_real_adv,4609,1,0.0,0.0,0.0,0.0,0.0,0.0,0.0,0.0,0.0,0.0,0.0,0.0,0.0,22.793445587158203,22.793445587158203,1.2833354379182538e-09,0.0,0.0,4.361354351043701,2.045841693878174
val,conditioning_real_adv,4617,1,1.7881393432617188e-07,1.7881393432617188e-07,1.7881393432617188e-07,1.7881393432617188e-07,1.7881393432617188e-07,1.0,0.0,0.0,0.0,0.0,0.0,0.0,0.0,30.386703491210938,30.386703491210938,1.5442812184573995e-07,0.0,0.0,4.876604080200195,2.204508066177368
val,conditioning_real_adv,4621,1,-0.08110838383436203,-0.08110838383436203,-0.08110838383436203,-0.08110838383436203,-0.08110838383436203,0.0,0.0,0.0,0.0,0.0,0.0,0.0,0.0,11.943270683288574,11.943270683288574,0.006304484326392412,0.0,0.08741288632154465,4.7753682136535645,2.126554250717163
val,conditioning_real_adv,4644,1,2.9802322387695312e-06,2.9802322387695312e-06,2.9802322387695312e-06,2.9802322387695312e-06,2.9802322387695312e-06,1.0,0.0,0.0,0.0,0.0,0.0,0.0,0.0,29.072742462158203,29.072742462158203,2.981527359224856e-06,0.0,0.0,4.5805768966674805,2.1048178672790527
val,conditioning_real_adv,4716,1,-1.0,-1.0,-1.0,-1.0,-1.0,0.0,0.0,0.0,0.0,0.0,1.0,1.0,0.0,39.85060119628906,39.85060119628906,3.03164160442293e-11,0.0,1.5,4.483825206756592,2.036874771118164
val,conditioning_real_adv,4740,1,0.3100687265396118,0.3100687265396118,0.3100687265396118,0.3100687265396118,0.3100687265396118,1.0,1.0,0.0,0.0,0.0,0.0,0.0,0.0,3.8973898887634277,3.8973898887634277,0.3100687563419342,0.0,0.0,4.585460186004639,2.061112642288208
val,conditioning_real_adv,4797,1,-0.9998387694358826,-0.9998387694358826,-0.9998387694358826,-0.9998387694358826,-0.9998387694358826,0.0,0.0,0.0,0.0,0.0,1.0,0.0,0.0,12.968657493591309,12.968657493591309,0.00016121157386805862,0.0,1.0,4.644192218780518,2.1384267807006836
val,conditioning_real_adv,4832,1,-1.0,-1.0,-1.0,-1.0,-1.0,0.0,0.0,0.0,0.0,0.0,1.0,1.0,0.0,30.859689712524414,30.859689712524414,2.3517859881749814e-10,0.0,1.5,5.274059772491455,2.3550174236297607
val,conditioning_real_adv,4849,1,0.0022534728050231934,0.0022534728050231934,0.0022534728050231934,0.0022534728050231934,0.0022534728050231934,1.0,0.0,0.0,0.0,0.0,0.0,0.0,0.0,17.945974349975586,17.945974349975586,0.002253448823466897,0.0,0.0,4.622025489807129,2.0760257244110107
val,conditioning_real_adv,4937,1,-1.0,-1.0,-1.0,-1.0,-1.0,0.0,0.0,0.0,0.0,0.0,1.0,1.0,0.0,26.28949737548828,26.28949737548828,3.5276221410640574e-07,0.0,1.5,4.549219608306885,2.075361728668213
val,conditioning_real_adv,5004,1,0.1422574520111084,0.1422574520111084,0.1422574520111084,0.1422574520111084,0.1422574520111084,1.0,0.0,0.0,0.0,0.0,0.0,0.0,0.0,9.539316177368164,9.539316177368164,0.1422574371099472,0.0,0.0,4.628193378448486,2.0781235694885254
val,conditioning_real_adv,5055,1,1.6689300537109375e-06,1.6689300537109375e-06,1.6689300537109375e-06,1.6689300537109375e-06,1.6689300537109375e-06,1.0,0.0,0.0,0.0,0.0,0.0,0.0,0.0,21.53318977355957,21.53318977355957,1.6941222611421836e-06,0.0,0.0,4.4947919845581055,2.0616304874420166
val,conditioning_real_adv,5106,1,-0.4998775124549866,-0.4998775124549866,-0.4998775124549866,-0.4998775124549866,-0.4998775124549866,0.0,0.0,0.0,0.0,0.0,0.0,1.0,0.0,21.3922176361084,21.3922176361084,0.00012250318832229823,0.0,0.5,5.356863975524902,2.2960448265075684
val,conditioning_real_adv,5147,1,-1.0,-1.0,-1.0,-1.0,-1.0,0.0,0.0,0.0,0.0,0.0,1.0,1.0,0.0,40.22016143798828,40.22016143798828,1.6125015005977877e-13,0.0,1.5,5.278848648071289,2.359368324279785
val,conditioning_real_adv,5182,1,0.0006404519081115723,0.0006404519081115723,0.0006404519081115723,0.0006404519081115723,0.0006404519081115723,1.0,0.0,0.0,0.0,0.0,0.0,0.0,0.0,12.826839447021484,12.826839447021484,0.0006404696614481509,0.0,0.0,5.129068374633789,2.356717824935913
val,conditioning_real_adv,5250,1,3.534555435180664e-05,3.534555435180664e-05,3.534555435180664e-05,3.534555435180664e-05,3.534555435180664e-05,1.0,0.0,0.0,0.0,0.0,0.0,0.0,0.0,26.264440536499023,26.264440536499023,3.535455834935419e-05,0.0,0.0,5.277441501617432,2.3578743934631348
val,conditioning_real_adv,5259,1,-1.0,-1.0,-1.0,-1.0,-1.0,0.0,0.0,0.0,0.0,0.0,1.0,1.0,0.0,30.539958953857422,30.539958953857422,2.655064861301071e-07,0.0,1.5,5.438233852386475,2.467363119125366
val,conditioning_real_adv,5272,1,-1.0,-1.0,-1.0,-1.0,-1.0,0.0,0.0,0.0,0.0,0.0,1.0,1.0,0.0,42.61593246459961,42.61593246459961,2.5182253851618874e-11,0.0,1.5,4.517440319061279,2.0782113075256348
val,conditioning_real_adv,5290,1,-1.0,-1.0,-1.0,-1.0,-1.0,0.0,0.0,0.0,0.0,0.0,1.0,1.0,0.0,22.28826332092285,22.28826332092285,1.6094607417471707e-05,0.0,1.5,4.858092784881592,2.1588144302368164
val,conditioning_real_adv,5295,1,-1.0,-1.0,-1.0,-1.0,-1.0,0.0,0.0,0.0,0.0,0.0,1.0,1.0,0.0,19.42938995361328,19.42938995361328,0.0005271008121781051,0.0,1.5,4.646609783172607,2.0772695541381836
val,conditioning_real_adv,5331,1,0.10236191749572754,0.10236191749572754,0.10236191749572754,0.10236191749572754,0.10236191749572754,1.0,0.0,0.0,0.0,0.0,0.0,0.0,0.0,4.2014479637146,4.2014479637146,0.10236191749572754,0.0,0.0,4.920673370361328,2.1564254760742188
val,conditioning_real_adv,5332,1,0.03200262784957886,0.03200262784957886,0.03200262784957886,0.03200262784957886,0.03200262784957886,1.0,0.0,0.0,0.0,0.0,0.0,0.0,0.0,11.729449272155762,11.729449272155762,0.03200260177254677,0.0,0.0,4.647675514221191,2.0546538829803467
val,conditioning_real_adv,5339,1,-1.0,-1.0,-1.0,-1.0,-1.0,0.0,0.0,0.0,0.0,0.0,1.0,1.0,0.0,37.25379180908203,37.25379180908203,6.740938918170514e-10,0.0,1.5,4.716582775115967,2.1159098148345947
val,conditioning_real_adv,5349,1,0.6046463847160339,0.6046463847160339,0.6046463847160339,0.6046463847160339,0.6046463847160339,1.0,1.0,1.0,0.0,0.0,0.0,0.0,0.0,5.150227069854736,5.150227069854736,0.6046463847160339,0.0,0.0,5.284690856933594,2.3602983951568604
val,conditioning_real_adv,5398,1,3.5762786865234375e-07,3.5762786865234375e-07,3.5762786865234375e-07,3.5762786865234375e-07,3.5762786865234375e-07,1.0,0.0,0.0,0.0,0.0,0.0,0.0,0.0,24.582237243652344,24.582237243652344,3.798114960318344e-07,0.0,0.0,5.005780220031738,2.210306406021118
val,conditioning_real_adv,5470,1,0.0409771203994751,0.0409771203994751,0.0409771203994751,0.0409771203994751,0.0409771203994751,1.0,0.0,0.0,0.0,0.0,0.0,0.0,1.0,9.498186111450195,9.498186111450195,0.04097713902592659,0.0,0.0,2.144489049911499,0.945080041885376
val,conditioning_real_adv,5482,1,-0.5,-0.5,-0.5,-0.5,-0.5,0.0,0.0,0.0,0.0,0.0,0.0,1.0,0.0,26.674083709716797,26.674083709716797,2.8867377821484297e-08,0.0,0.5,4.829862594604492,2.188018321990967
val,conditioning_real_adv,5507,1,1.531839370727539e-05,1.531839370727539e-05,1.531839370727539e-05,1.531839370727539e-05,1.531839370727539e-05,1.0,0.0,0.0,0.0,0.0,0.0,0.0,0.0,22.484209060668945,22.484209060668945,1.5308474758057855e-05,0.0,0.0,5.280328273773193,2.3563954830169678
val,conditioning_real_adv,5541,1,0.0704236626625061,0.0704236626625061,0.0704236626625061,0.0704236626625061,0.0704236626625061,1.0,0.0,0.0,0.0,0.0,0.0,0.0,0.0,11.015617370605469,11.015617370605469,0.0704236552119255,0.0,0.0,5.282470703125,2.356388568878174
val,conditioning_real_adv,5547,1,-1.0,-1.0,-1.0,-1.0,-1.0,0.0,0.0,0.0,0.0,0.0,1.0,1.0,0.0,16.749624252319336,16.749624252319336,0.00021317748178262264,0.0,1.5,4.764340877532959,2.1102843284606934
val,conditioning_real_adv,5548,1,-1.0,-1.0,-1.0,-1.0,-1.0,0.0,0.0,0.0,0.0,0.0,1.0,1.0,0.0,40.76219940185547,40.76219940185547,3.164673113408706e-13,0.0,1.5,4.909890174865723,2.197805166244507
val,conditioning_real_adv,5587,1,0.06370741128921509,0.06370741128921509,0.06370741128921509,0.06370741128921509,0.06370741128921509,1.0,0.0,0.0,0.0,0.0,0.0,0.0,0.0,11.374841690063477,11.374841690063477,0.06370743364095688,0.0,0.0,5.281783580780029,2.357849359512329
val,conditioning_real_adv,5610,1,1.9073486328125e-06,1.9073486328125e-06,1.9073486328125e-06,1.9073486328125e-06,1.9073486328125e-06,1.0,0.0,0.0,0.0,0.0,0.0,0.0,0.0,8.41967487335205,8.41967487335205,1.8942582755698822e-06,0.0,0.0,4.655378341674805,2.0784366130828857
val,conditioning_real_adv,5611,1,0.02731090784072876,0.02731090784072876,0.02731090784072876,0.02731090784072876,0.02731090784072876,1.0,0.0,0.0,0.0,0.0,0.0,0.0,0.0,10.537248611450195,10.537248611450195,0.0273109283298254,0.0,0.0,5.273345947265625,2.3564388751983643
val,conditioning_real_adv,5668,1,-0.6516071557998657,-0.6516071557998657,-0.6516071557998657,-0.6516071557998657,-0.6516071557998657,0.0,0.0,0.0,0.0,0.0,0.0,1.0,0.0,29.551836013793945,29.551836013793945,3.255666740642482e-07,0.0,0.6516074538230896,3.8432083129882812,1.8617756366729736
val,conditioning_real_adv,5677,1,-1.0,-1.0,-1.0,-1.0,-1.0,0.0,0.0,0.0,0.0,0.0,1.0,1.0,0.0,30.064796447753906,30.064796447753906,1.2278683625410736e-10,0.0,1.5,4.873012065887451,2.1511900424957275
val,conditioning_real_adv,5696,1,-0.8651092648506165,-0.8651092648506165,-0.8651092648506165,-0.8651092648506165,-0.8651092648506165,0.0,0.0,0.0,0.0,0.0,0.0,0.0,1.0,15.380864143371582,15.380864143371582,0.00909631047397852,0.0,0.8742055892944336,1.07671320438385,0.9029024243354797
val,conditioning_real_adv,5886,1,0.0004550814628601074,0.0004550814628601074,0.0004550814628601074,0.0004550814628601074,0.0004550814628601074,1.0,0.0,0.0,0.0,0.0,0.0,0.0,0.0,16.759069442749023,16.759069442749023,0.00045509010669775307,0.0,0.0,4.595508575439453,2.0486481189727783
val,conditioning_real_adv,5940,1,-1.0,-1.0,-1.0,-1.0,-1.0,0.0,0.0,0.0,0.0,0.0,1.0,1.0,0.0,37.85300064086914,37.85300064086914,3.0686505853722013e-12,0.0,1.5,4.301827907562256,1.9895216226577759
val,conditioning_real_adv,5967,1,-1.0,-1.0,-1.0,-1.0,-1.0,0.0,0.0,0.0,0.0,0.0,1.0,1.0,0.0,27.354787826538086,27.354787826538086,1.3439906751955277e-06,0.0,1.5,5.2799458503723145,2.358168601989746
val,conditioning_real_adv,5977,1,1.7881393432617188e-07,1.7881393432617188e-07,1.7881393432617188e-07,1.7881393432617188e-07,1.7881393432617188e-07,1.0,0.0,0.0,0.0,0.0,0.0,0.0,0.0,31.161806106567383,31.161806106567383,2.0608185025139392e-07,0.0,0.0,4.334075450897217,2.032480239868164
val,conditioning_real_adv,5998,1,1.7881393432617188e-07,1.7881393432617188e-07,1.7881393432617188e-07,1.7881393432617188e-07,1.7881393432617188e-07,1.0,0.0,0.0,0.0,0.0,0.0,0.0,0.0,26.731801986694336,26.731801986694336,1.5005494446995726e-07,0.0,0.0,4.690037727355957,2.10490083694458
val,conditioning_real_adv,6005,1,-0.49999862909317017,-0.49999862909317017,-0.49999862909317017,-0.49999862909317017,-0.49999862909317017,0.0,0.0,0.0,0.0,0.0,0.0,1.0,0.0,19.068092346191406,19.068092346191406,1.3436191466098535e-06,0.0,0.5,4.4337568283081055,2.0198657512664795
val,conditioning_real_adv,6065,1,-0.5,-0.5,-0.5,-0.5,-0.5,0.0,0.0,0.0,0.0,0.0,0.0,1.0,0.0,40.573577880859375,40.573577880859375,7.04628955010278e-13,0.0,0.5,4.803935527801514,2.1105306148529053
val,conditioning_real_adv,6112,1,0.0004780888557434082,0.0004780888557434082,0.0004780888557434082,0.0004780888557434082,0.0004780888557434082,1.0,0.0,0.0,0.0,0.0,0.0,0.0,0.0,20.150012969970703,20.150012969970703,0.0004780965973623097,0.0,0.0,4.694854736328125,2.087836980819702
val,conditioning_real_adv,6126,1,0.001325070858001709,0.001325070858001709,0.001325070858001709,0.001325070858001709,0.001325070858001709,1.0,0.0,0.0,0.0,0.0,0.0,0.0,0.0,11.489542007446289,11.489542007446289,0.0013250677147880197,0.0,0.0,4.591168403625488,2.1094348430633545
val,conditioning_real_adv,6141,1,0.0,0.0,0.0,0.0,0.0,0.0,0.0,0.0,0.0,0.0,0.0,0.0,0.0,20.23099708557129,20.23099708557129,3.878355414599355e-09,0.0,0.0,4.317263603210449,1.994737982749939
val,conditioning_real_adv,6214,1,0.021191716194152832,0.021191716194152832,0.021191716194152832,0.021191716194152832,0.021191716194152832,1.0,0.0,0.0,0.0,0.0,0.0,0.0,0.0,7.27195930480957,7.27195930480957,0.021191732957959175,0.0,0.0,5.279659748077393,2.3573994636535645
val,conditioning_real_adv,6408,1,0.0,0.0,0.0,0.0,0.0,0.0,0.0,0.0,0.0,0.0,0.0,0.0,0.0,33.17030715942383,33.17030715942383,5.498156097072382e-11,0.0,0.0,4.562403202056885,2.052367925643921
val,conditioning_real_adv,6427,1,0.00036907196044921875,0.00036907196044921875,0.00036907196044921875,0.00036907196044921875,0.00036907196044921875,1.0,0.0,0.0,0.0,0.0,0.0,0.0,0.0,21.6387996673584,21.6387996673584,0.00036904949229210615,0.0,0.0,4.838088512420654,2.1115472316741943
val,conditioning_real_adv,6470,1,0.009836435317993164,0.009836435317993164,0.009836435317993164,0.009836435317993164,0.009836435317993164,1.0,0.0,0.0,0.0,0.0,0.0,0.0,1.0,15.217742919921875,15.217742919921875,0.00983641017228365,0.0,0.0,0.830112636089325,0.8357450366020203
val,conditioning_real_adv,6472,1,4.76837158203125e-07,4.76837158203125e-07,4.76837158203125e-07,4.76837158203125e-07,4.76837158203125e-07,1.0,0.0,0.0,0.0,0.0,0.0,0.0,1.0,29.28700065612793,29.28700065612793,4.6137193976392155e-07,0.0,0.0,1.873741626739502,0.8410594463348389
val,conditioning_real_adv,6481,1,-0.4999999403953552,-0.4999999403953552,-0.4999999403953552,-0.4999999403953552,-0.4999999403953552,0.0,0.0,0.0,0.0,0.0,0.0,1.0,0.0,33.88364791870117,33.88364791870117,4.032853695434824e-08,0.0,0.5,4.554295063018799,2.0716392993927
val,conditioning_real_adv,6501,1,0.0,0.0,0.0,0.0,0.0,0.0,0.0,0.0,0.0,0.0,0.0,0.0,0.0,29.65662956237793,29.65662956237793,1.9023857196574095e-13,0.0,0.0,4.3850836753845215,2.0117170810699463
val,conditioning_real_adv,6514,1,-1.0,-1.0,-1.0,-1.0,-1.0,0.0,0.0,0.0,0.0,0.0,1.0,1.0,0.0,40.81556701660156,40.81556701660156,6.207321034132698e-14,0.0,1.5,4.664419651031494,2.0740673542022705
val,conditioning_real_adv,6565,1,3.510713577270508e-05,3.510713577270508e-05,3.510713577270508e-05,3.510713577270508e-05,3.510713577270508e-05,1.0,0.0,0.0,0.0,0.0,0.0,0.0,0.0,23.986278533935547,23.986278533935547,3.508829468046315e-05,0.0,0.0,5.282994270324707,2.358907699584961
val,conditioning_real_adv,6593,1,1.4901161193847656e-06,1.4901161193847656e-06,1.4901161193847656e-06,1.4901161193847656e-06,1.4901161193847656e-06,1.0,0.0,0.0,0.0,0.0,0.0,0.0,0.0,30.376567840576172,30.376567840576172,1.4827583072474226e-06,0.0,0.0,4.605599880218506,2.090996503829956
val,conditioning_real_adv,6599,1,-0.49999988079071045,-0.49999988079071045,-0.49999988079071045,-0.49999988079071045,-0.49999988079071045,0.0,0.0,0.0,0.0,0.0,0.0,1.0,0.0,32.04372787475586,32.04372787475586,9.349747642772854e-08,0.0,0.5,4.747414588928223,2.2155978679656982
val,conditioning_real_adv,6613,1,-1.0,-1.0,-1.0,-1.0,-1.0,0.0,0.0,0.0,0.0,0.0,1.0,1.0,0.0,37.979087829589844,37.979087829589844,4.800768671486821e-10,0.0,1.5,4.650339126586914,2.1005871295928955
val,conditioning_real_adv,6650,1,-1.0,-1.0,-1.0,-1.0,-1.0,0.0,0.0,0.0,0.0,0.0,1.0,1.0,0.0,34.60595703125,34.60595703125,2.616629934948378e-08,0.0,1.5,5.280316352844238,2.3631176948547363
val,conditioning_real_adv,6651,1,-1.0,-1.0,-1.0,-1.0,-1.0,0.0,0.0,0.0,0.0,0.0,1.0,1.0,0.0,27.491741180419922,27.491741180419922,5.2160235242126873e-08,0.0,1.5,4.386812686920166,1.9767277240753174
val,conditioning_real_adv,6686,1,0.0,0.0,0.0,0.0,0.0,0.0,0.0,0.0,0.0,0.0,0.0,0.0,0.0,27.24582290649414,27.24582290649414,3.418957825185309e-11,0.0,0.0,4.566951751708984,2.067443609237671
val,conditioning_real_adv,6706,1,5.960464477539063e-08,5.960464477539063e-08,5.960464477539063e-08,5.960464477539063e-08,5.960464477539063e-08,1.0,0.0,0.0,0.0,0.0,0.0,0.0,0.0,30.768417358398438,30.768417358398438,2.993279224483558e-08,0.0,0.0,4.475722312927246,2.0243613719940186
val,conditioning_real_adv,6722,1,-1.0,-1.0,-1.0,-1.0,-1.0,0.0,0.0,0.0,0.0,0.0,1.0,1.0,0.0,36.7910041809082,36.7910041809082,1.2709105767783058e-08,0.0,1.5,5.278873443603516,2.359295606613159
val,conditioning_real_adv,6857,1,-0.5,-0.5,-0.5,-0.5,-0.5,0.0,0.0,0.0,0.0,0.0,0.0,1.0,0.0,30.436220169067383,30.436220169067383,8.052960520643637e-10,0.0,0.5,4.441982746124268,2.0444297790527344
val,conditioning_real_adv,6864,1,1.7881393432617188e-07,1.7881393432617188e-07,1.7881393432617188e-07,1.7881393432617188e-07,1.7881393432617188e-07,1.0,0.0,0.0,0.0,0.0,0.0,0.0,0.0,32.387184143066406,32.387184143066406,1.7470667046382005e-07,0.0,0.0,4.499127388000488,2.104753017425537
val,conditioning_real_adv,6865,1,-1.0,-1.0,-1.0,-1.0,-1.0,0.0,0.0,0.0,0.0,0.0,1.0,1.0,0.0,36.043827056884766,36.043827056884766,5.119207575204898e-12,0.0,1.5,4.5842084884643555,2.0852110385894775
val,conditioning_real_adv,6900,1,0.0345989465713501,0.0345989465713501,0.0345989465713501,0.0345989465713501,0.0345989465713501,1.0,0.0,0.0,0.0,0.0,0.0,0.0,0.0,7.452933311462402,7.452933311462402,0.034598927944898605,0.0,0.0,4.665318965911865,2.06925892829895
val,conditioning_real_adv,6901,1,2.6226043701171875e-05,2.6226043701171875e-05,2.6226043701171875e-05,2.6226043701171875e-05,2.6226043701171875e-05,1.0,0.0,0.0,0.0,0.0,0.0,0.0,0.0,26.917221069335938,26.917221069335938,2.62069224845618e-05,0.0,0.0,4.467139720916748,2.020143508911133
val,conditioning_real_adv,6911,1,0.00013309717178344727,0.00013309717178344727,0.00013309717178344727,0.00013309717178344727,0.00013309717178344727,1.0,0.0,0.0,0.0,0.0,0.0,0.0,0.0,23.796998977661133,23.796998977661133,0.00013311942166183144,0.0,0.0,4.718041896820068,2.079695224761963
val,conditioning_real_adv,7031,1,-1.0,-1.0,-1.0,-1.0,-1.0,0.0,0.0,0.0,0.0,0.0,1.0,1.0,0.0,24.625320434570312,24.625320434570312,8.120542815959197e-07,0.0,1.5,4.858017921447754,2.1746180057525635
val,conditioning_real_adv,7118,1,1.7881393432617188e-07,1.7881393432617188e-07,1.7881393432617188e-07,1.7881393432617188e-07,1.7881393432617188e-07,1.0,0.0,0.0,0.0,0.0,0.0,0.0,0.0,28.852188110351562,28.852188110351562,1.6491368626248004e-07,0.0,0.0,5.267145156860352,2.364215612411499
val,conditioning_real_adv,7120,1,0.014861464500427246,0.014861464500427246,0.014861464500427246,0.014861464500427246,0.014861464500427246,1.0,0.0,0.0,0.0,0.0,0.0,0.0,0.0,4.17659330368042,4.17659330368042,0.014861438423395157,0.0,0.0,5.286930084228516,2.3625447750091553
val,conditioning_real_adv,7147,1,-1.0,-1.0,-1.0,-1.0,-1.0,0.0,0.0,0.0,0.0,0.0,1.0,1.0,0.0,28.274742126464844,28.274742126464844,1.492782502054979e-07,0.0,1.5,5.974478244781494,2.4632444381713867
val,conditioning_real_adv,7274,1,3.933906555175781e-05,3.933906555175781e-05,3.933906555175781e-05,3.933906555175781e-05,3.933906555175781e-05,1.0,0.0,0.0,0.0,0.0,0.0,0.0,0.0,25.6914005279541,25.6914005279541,3.934719643439166e-05,0.0,0.0,4.344331741333008,1.997157096862793
val,conditioning_real_adv,7350,1,0.0016535520553588867,0.0016535520553588867,0.0016535520553588867,0.0016535520553588867,0.0016535520553588867,1.0,0.0,0.0,0.0,0.0,0.0,0.0,0.0,12.58237361907959,12.58237361907959,0.0016535342438146472,0.0,0.0,5.878334045410156,2.4922127723693848
val,conditioning_real_adv,7365,1,-1.0,-1.0,-1.0,-1.0,-1.0,0.0,0.0,0.0,0.0,0.0,1.0,1.0,0.0,29.05047607421875,29.05047607421875,4.2108542430696616e-08,0.0,1.5,5.283483028411865,2.359128952026367
val,conditioning_real_adv,7434,1,0.0,0.0,0.0,0.0,0.0,0.0,0.0,0.0,0.0,0.0,0.0,0.0,0.0,31.961383819580078,31.961383819580078,1.349420464258344e-09,0.0,0.0,4.6043829917907715,2.0980679988861084
val,conditioning_real_adv,7501,1,5.960464477539063e-08,5.960464477539063e-08,5.960464477539063e-08,5.960464477539063e-08,5.960464477539063e-08,1.0,0.0,0.0,0.0,0.0,0.0,0.0,0.0,31.066755294799805,31.066755294799805,8.219419811439366e-08,0.0,0.0,4.573420524597168,2.033644199371338
val,conditioning_real_adv,7529,1,0.00043267011642456055,0.00043267011642456055,0.00043267011642456055,0.00043267011642456055,0.00043267011642456055,1.0,0.0,0.0,0.0,0.0,0.0,0.0,0.0,12.87387466430664,12.87387466430664,0.0004326749767642468,0.0,0.0,5.274007797241211,2.3605825901031494
val,conditioning_real_adv,7537,1,0.5739206671714783,0.5739206671714783,0.5739206671714783,0.5739206671714783,0.5739206671714783,1.0,1.0,1.0,0.0,0.0,0.0,0.0,0.0,10.701725006103516,10.701725006103516,0.08697288483381271,0.5333333015441895,0.0,4.7016754150390625,2.107811450958252
val,conditioning_real_adv,7543,1,-0.692980945110321,-0.692980945110321,-0.692980945110321,-0.692980945110321,-0.692980945110321,0.0,0.0,0.0,0.0,0.0,0.0,1.0,0.0,32.115081787109375,32.115081787109375,7.268365465051829e-08,0.0,0.6929810047149658,4.705499172210693,2.132556676864624
val,conditioning_real_adv,7559,1,-0.02547341026365757,-0.02547341026365757,-0.02547341026365757,-0.02547341026365757,-0.02547341026365757,0.0,0.0,0.0,0.0,0.0,0.0,0.0,0.0,28.728090286254883,28.728090286254883,8.462045997248424e-08,0.0,0.025473469868302345,6.094620227813721,2.559390068054199
val,conditioning_real_adv,7587,1,0.11360436677932739,0.11360436677932739,0.11360436677932739,0.11360436677932739,0.11360436677932739,1.0,0.0,0.0,0.0,0.0,0.0,0.0,0.0,10.108882904052734,10.108882904052734,0.11360436677932739,0.0,0.0,6.502439975738525,2.671567678451538
val,conditioning_real_adv,7602,1,-0.9999989867210388,-0.9999989867210388,-0.9999989867210388,-0.9999989867210388,-0.9999989867210388,0.0,0.0,0.0,0.0,0.0,1.0,0.0,0.0,23.668766021728516,23.668766021728516,1.0216242571914336e-06,0.0,1.0,4.414989471435547,2.0435469150543213
val,conditioning_real_adv,7605,1,-1.0,-1.0,-1.0,-1.0,-1.0,0.0,0.0,0.0,0.0,0.0,1.0,1.0,1.0,32.03660202026367,32.03660202026367,2.18473550361864e-09,0.0,1.5,0.8979320526123047,0.8966525793075562
val,conditioning_real_adv,7612,1,0.003456294536590576,0.003456294536590576,0.003456294536590576,0.003456294536590576,0.003456294536590576,1.0,0.0,0.0,0.0,0.0,0.0,0.0,1.0,16.828824996948242,16.828824996948242,0.003456291975453496,0.0,0.0,0.9449256062507629,0.8427732586860657
val,conditioning_real_adv,7676,1,-1.0,-1.0,-1.0,-1.0,-1.0,0.0,0.0,0.0,0.0,0.0,1.0,1.0,0.0,34.61204147338867,34.61204147338867,1.1231962027125064e-08,0.0,1.5,5.280732154846191,2.3589704036712646
val,conditioning_real_adv,7681,1,-1.0,-1.0,-1.0,-1.0,-1.0,0.0,0.0,0.0,0.0,0.0,1.0,1.0,0.0,39.244407653808594,39.244407653808594,1.8395193701614687e-10,0.0,1.5,4.265778064727783,1.9649593830108643
val,conditioning_real_adv,7741,1,-1.0,-1.0,-1.0,-1.0,-1.0,0.0,0.0,0.0,0.0,0.0,0.0,1.0,0.0,29.989654541015625,29.989654541015625,2.4297150957863778e-09,0.0,1.4729748964309692,4.322529315948486,1.9911231994628906
val,conditioning_real_adv,7745,1,-0.5,-0.5,-0.5,-0.5,-0.5,0.0,0.0,0.0,0.0,0.0,0.0,1.0,0.0,41.99105453491211,41.99105453491211,7.759348025215829e-11,0.0,0.5,4.693195343017578,2.0497450828552246
val,conditioning_real_adv,7749,1,0.7057352066040039,0.7057352066040039,0.7057352066040039,0.7057352066040039,0.7057352066040039,1.0,1.0,1.0,0.0,0.0,0.0,0.0,0.0,4.0176262855529785,4.0176262855529785,0.7057352066040039,0.0,0.0,4.583498954772949,2.124002456665039
val,conditioning_real_adv,7781,1,0.02486860752105713,0.02486860752105713,0.02486860752105713,0.02486860752105713,0.02486860752105713,1.0,0.0,0.0,0.0,0.0,0.0,0.0,0.0,9.036639213562012,9.036639213562012,0.02486857771873474,0.0,0.0,5.2799177169799805,2.36279296875
val,conditioning_real_adv,7792,1,-1.0,-1.0,-1.0,-1.0,-1.0,0.0,0.0,0.0,0.0,0.0,1.0,1.0,0.0,28.370697021484375,28.370697021484375,1.2605594346126736e-10,0.0,1.5,4.269317626953125,1.984743356704712
val,conditioning_real_adv,7844,1,-1.0,-1.0,-1.0,-1.0,-1.0,0.0,0.0,0.0,0.0,1.0,1.0,1.0,0.0,20.50814437866211,20.50814437866211,1.5732398139789439e-07,0.0,1.5,4.709407329559326,2.1579792499542236
val,conditioning_real_adv,7898,1,0.0,0.0,0.0,0.0,0.0,0.0,0.0,0.0,0.0,0.0,0.0,0.0,0.0,25.794973373413086,25.794973373413086,3.524447130559441e-15,0.0,0.0,5.283008098602295,2.3565785884857178
val,conditioning_real_adv,7918,1,5.960464477539063e-08,5.960464477539063e-08,5.960464477539063e-08,5.960464477539063e-08,5.960464477539063e-08,1.0,0.0,0.0,0.0,0.0,0.0,0.0,0.0,35.597537994384766,35.597537994384766,4.9404306423639355e-08,0.0,0.0,5.948890209197998,2.4343225955963135
val,conditioning_real_adv,7954,1,-0.5,-0.5,-0.5,-0.5,-0.5,0.0,0.0,0.0,0.0,0.0,0.0,1.0,0.0,31.907949447631836,31.907949447631836,1.5221257587683112e-09,0.0,0.5,4.719671726226807,2.089714527130127
val,conditioning_real_adv,7966,1,0.0,0.0,0.0,0.0,0.0,0.0,0.0,0.0,0.0,0.0,0.0,0.0,0.0,30.856616973876953,30.856616973876953,2.8303784205263582e-08,0.0,0.0,4.745144367218018,2.094550609588623
val,conditioning_real_adv,7981,1,0.0011798739433288574,0.0011798739433288574,0.0011798739433288574,0.0011798739433288574,0.0011798739433288574,1.0,0.0,0.0,0.0,0.0,0.0,0.0,0.0,18.03870964050293,18.03870964050293,0.0011798955965787172,0.0,0.0,4.274714946746826,1.9882539510726929
val,conditioning_real_adv,8073,1,-1.0,-1.0,-1.0,-1.0,-1.0,0.0,0.0,0.0,0.0,0.0,1.0,1.0,0.0,34.47065353393555,34.47065353393555,3.5031106904170883e-08,0.0,1.5,4.45918607711792,2.0600857734680176
val,conditioning_real_adv,8080,1,0.0,0.0,0.0,0.0,0.0,0.0,0.0,0.0,0.0,0.0,0.0,0.0,0.0,25.1276798248291,25.1276798248291,3.011350606408991e-18,0.0,0.0,4.917935371398926,2.1521220207214355
val,conditioning_real_adv,8119,1,0.01425778865814209,0.01425778865814209,0.01425778865814209,0.01425778865814209,0.01425778865814209,1.0,0.0,0.0,0.0,0.0,0.0,0.0,0.0,9.947319030761719,9.947319030761719,0.014257817529141903,0.0,0.0,4.766432762145996,2.08801531791687
val,conditioning_real_adv,8147,1,0.0002771615982055664,0.0002771615982055664,0.0002771615982055664,0.0002771615982055664,0.0002771615982055664,1.0,0.0,0.0,0.0,0.0,0.0,0.0,0.0,20.675798416137695,20.675798416137695,0.0002771468716673553,0.0,0.0,5.279381275177002,2.3569633960723877
val,conditioning_real_adv,8155,1,3.993511199951172e-06,3.993511199951172e-06,3.993511199951172e-06,3.993511199951172e-06,3.993511199951172e-06,1.0,0.0,0.0,0.0,0.0,0.0,0.0,0.0,27.85297966003418,27.85297966003418,4.005029495601775e-06,0.0,0.0,4.694142818450928,2.114806652069092
val,conditioning_real_adv,8179,1,1.9669532775878906e-06,1.9669532775878906e-06,1.9669532775878906e-06,1.9669532775878906e-06,1.9669532775878906e-06,1.0,0.0,0.0,0.0,0.0,0.0,0.0,0.0,26.808305740356445,26.808305740356445,1.9962326405220665e-06,0.0,0.0,4.972028732299805,2.1810693740844727
val,conditioning_real_adv,8207,1,0.0,0.0,0.0,0.0,0.0,0.0,0.0,0.0,0.0,0.0,0.0,0.0,0.0,26.381759643554688,26.381759643554688,7.2237211767856024e-09,0.0,0.0,4.675312042236328,2.1525540351867676
val,conditioning_real_adv,8330,1,0.0,0.0,0.0,0.0,0.0,0.0,0.0,0.0,0.0,0.0,0.0,0.0,0.0,21.16856575012207,21.16856575012207,1.0911309189509666e-08,0.0,0.0,4.659499168395996,2.134856700897217
val,conditioning_real_adv,8344,1,0.04071694612503052,0.04071694612503052,0.04071694612503052,0.04071694612503052,0.04071694612503052,1.0,0.0,0.0,0.0,0.0,0.0,0.0,0.0,12.318552017211914,12.318552017211914,0.04071696847677231,0.0,0.0,4.89207124710083,2.123000383377075
val,conditioning_real_adv,8394,1,5.424022674560547e-06,5.424022674560547e-06,5.424022674560547e-06,5.424022674560547e-06,5.424022674560547e-06,1.0,0.0,0.0,0.0,0.0,0.0,0.0,0.0,23.71576499938965,23.71576499938965,5.4453162192658056e-06,0.0,0.0,4.936079978942871,2.1781930923461914
val,conditioning_real_adv,8468,1,0.0,0.0,0.0,0.0,0.0,0.0,0.0,0.0,0.0,0.0,0.0,0.0,0.0,22.40704345703125,22.40704345703125,1.3613350446917138e-09,0.0,0.0,4.393483638763428,2.006201982498169
val,conditioning_real_adv,8496,1,-0.49999988079071045,-0.49999988079071045,-0.49999988079071045,-0.49999988079071045,-0.49999988079071045,0.0,0.0,0.0,0.0,0.0,0.0,1.0,0.0,25.1227970123291,25.1227970123291,1.0254353099981017e-07,0.0,0.5,5.277655124664307,2.3601388931274414
val,conditioning_real_adv,8530,1,-1.0,-1.0,-1.0,-1.0,-1.0,0.0,0.0,0.0,0.0,0.0,1.0,1.0,0.0,28.119781494140625,28.119781494140625,6.117932116467273e-07,0.0,1.5,4.390613555908203,2.017840623855591
val,conditioning_real_adv,8534,1,-0.5,-0.5,-0.5,-0.5,-0.5,0.0,0.0,0.0,0.0,0.0,0.0,1.0,0.0,32.94910430908203,32.94910430908203,9.55504653177286e-09,0.0,0.5,4.552577018737793,2.0210652351379395
val,conditioning_real_adv,8552,1,-0.5,-0.5,-0.5,-0.5,-0.5,0.0,0.0,0.0,0.0,0.0,0.0,1.0,0.0,30.416595458984375,30.416595458984375,3.2569118842834532e-12,0.0,0.5,4.733365535736084,2.1131691932678223
val,conditioning_real_adv,8553,1,0.0,0.0,0.0,0.0,0.0,0.0,0.0,0.0,0.0,0.0,0.0,0.0,0.0,29.014616012573242,29.014616012573242,9.059035466219001e-11,0.0,0.0,4.787250518798828,2.1514604091644287
val,conditioning_real_adv,8652,1,0.04699069261550903,0.04699069261550903,0.04699069261550903,0.04699069261550903,0.04699069261550903,1.0,0.0,0.0,0.0,0.0,0.0,0.0,0.0,12.019349098205566,12.019349098205566,0.04699071869254112,0.0,0.0,4.649209499359131,2.1137425899505615
val,conditioning_real_adv,8666,1,6.4373016357421875e-06,6.4373016357421875e-06,6.4373016357421875e-06,6.4373016357421875e-06,6.4373016357421875e-06,1.0,0.0,0.0,0.0,0.0,0.0,0.0,0.0,24.57048988342285,24.57048988342285,6.465103524533333e-06,0.0,0.0,5.838232517242432,2.428356885910034
val,conditioning_real_adv,8673,1,-1.0,-1.0,-1.0,-1.0,-1.0,0.0,0.0,0.0,0.0,0.0,1.0,0.0,0.0,28.768489837646484,28.768489837646484,1.1876473138272559e-09,0.0,1.0,4.876968860626221,2.155142307281494
val,conditioning_real_adv,8696,1,3.5762786865234375e-07,3.5762786865234375e-07,3.5762786865234375e-07,3.5762786865234375e-07,3.5762786865234375e-07,1.0,0.0,0.0,0.0,0.0,0.0,0.0,0.0,30.257644653320312,30.257644653320312,3.6475358911047806e-07,0.0,0.0,5.283692359924316,2.3567845821380615
val,conditioning_real_adv,8743,1,-0.5390396118164062,-0.5390396118164062,-0.5390396118164062,-0.5390396118164062,-0.5390396118164062,0.0,0.0,0.0,0.0,0.0,0.0,0.0,1.0,27.216964721679688,27.216964721679688,4.78845230134084e-08,0.40000003576278687,0.9390397071838379,0.9462934136390686,0.8527030348777771
val,conditioning_real_adv,8809,1,-1.0,-1.0,-1.0,-1.0,-1.0,0.0,0.0,0.0,0.0,0.0,1.0,1.0,0.0,27.613361358642578,27.613361358642578,9.538238643358454e-09,0.0,1.5,4.6414337158203125,2.102323293685913
val,conditioning_real_adv,8836,1,0.01369708776473999,0.01369708776473999,0.01369708776473999,0.01369708776473999,0.01369708776473999,1.0,0.0,0.0,0.0,0.0,0.0,0.0,0.0,14.471710205078125,14.471710205078125,0.013697112910449505,0.0,0.0,4.543658256530762,2.0384671688079834
val,conditioning_real_adv,8997,1,-0.5,-0.5,-0.5,-0.5,-0.5,0.0,0.0,0.0,0.0,0.0,0.0,1.0,0.0,37.32870101928711,37.32870101928711,1.6577490491442859e-09,0.0,0.5,6.4640960693359375,2.6808154582977295
val,conditioning_real_adv,9031,1,-0.6805025935173035,-0.6805025935173035,-0.6805025935173035,-0.6805025935173035,-0.6805025935173035,0.0,0.0,0.0,0.0,0.0,0.0,1.0,0.0,37.993255615234375,37.993255615234375,4.253816854316028e-09,0.0,0.6805025935173035,5.082889556884766,2.2559285163879395
val,conditioning_real_adv,9073,1,-0.5,-0.5,-0.5,-0.5,-0.5,0.0,0.0,0.0,0.0,0.0,0.0,1.0,0.0,31.997291564941406,31.997291564941406,3.1947475914728685e-11,0.0,0.5,4.533866882324219,2.0758285522460938
val,conditioning_real_adv,9127,1,0.0,0.0,0.0,0.0,0.0,0.0,0.0,0.0,0.0,0.0,0.0,0.0,0.0,35.212547302246094,35.212547302246094,1.944144579482318e-13,0.0,0.0,4.797557353973389,2.1206283569335938
val,conditioning_real_adv,9144,1,-0.5,-0.5,-0.5,-0.5,-0.5,0.0,0.0,0.0,0.0,0.0,0.0,1.0,0.0,31.199054718017578,31.199054718017578,1.9824379915434065e-09,0.0,0.5,5.28713321685791,2.362017869949341
val,conditioning_real_adv,9158,1,-1.0,-1.0,-1.0,-1.0,-1.0,0.0,0.0,0.0,0.0,0.0,1.0,1.0,0.0,29.60226058959961,29.60226058959961,1.869149057753816e-09,0.0,1.5,4.691882610321045,2.0821821689605713
val,conditioning_real_adv,9201,1,-1.0,-1.0,-1.0,-1.0,-1.0,0.0,0.0,0.0,0.0,1.0,0.0,0.0,0.0,31.140409469604492,31.140409469604492,6.173294320177547e-09,0.0,0.0,4.903858661651611,2.140702724456787
val,conditioning_real_adv,9219,1,-0.5,-0.5,-0.5,-0.5,-0.5,0.0,0.0,0.0,0.0,0.0,0.0,1.0,0.0,32.21352005004883,32.21352005004883,8.073208768166751e-12,0.0,0.5,5.152069091796875,2.239896774291992
val,conditioning_real_adv,9234,1,-0.5,-0.5,-0.5,-0.5,-0.5,0.0,0.0,0.0,0.0,0.0,0.0,1.0,0.0,37.09074020385742,37.09074020385742,2.0069787498577796e-10,0.0,0.5,4.498236656188965,2.0197196006774902
val,conditioning_real_adv,9298,1,-1.0,-1.0,-1.0,-1.0,-1.0,0.0,0.0,0.0,0.0,0.0,1.0,1.0,0.0,36.71836471557617,36.71836471557617,1.1660861609641415e-08,0.0,1.5,4.674248218536377,2.1533572673797607
val,conditioning_real_adv,9324,1,1.0132789611816406e-06,1.0132789611816406e-06,1.0132789611816406e-06,1.0132789611816406e-06,1.0132789611816406e-06,1.0,0.0,0.0,0.0,0.0,0.0,0.0,0.0,24.20033073425293,24.20033073425293,9.979236210710951e-07,0.0,0.0,4.658598899841309,2.0933644771575928
val,conditioning_real_adv,9338,1,-1.0,-1.0,-1.0,-1.0,-1.0,0.0,0.0,0.0,0.0,0.0,1.0,1.0,0.0,39.49919128417969,39.49919128417969,5.023128094028273e-11,0.0,1.5,4.7948808670043945,2.1878490447998047
val,conditioning_real_adv,9343,1,0.4007870554924011,0.4007870554924011,0.4007870554924011,0.4007870554924011,0.4007870554924011,1.0,1.0,0.0,0.0,0.0,0.0,0.0,0.0,6.804356575012207,6.804356575012207,0.4007870554924011,0.0,0.0,5.283898830413818,2.3576114177703857
val,conditioning_real_adv,9359,1,-0.49999988079071045,-0.49999988079071045,-0.49999988079071045,-0.49999988079071045,-0.49999988079071045,0.0,0.0,0.0,0.0,0.0,0.0,1.0,0.0,31.805654525756836,31.805654525756836,1.0379453385667148e-07,0.0,0.5,4.579714298248291,2.0875918865203857
val,conditioning_real_adv,9390,1,-1.0,-1.0,-1.0,-1.0,-1.0,0.0,0.0,0.0,0.0,0.0,1.0,1.0,0.0,38.54334259033203,38.54334259033203,3.778079238347942e-11,0.0,1.5,4.769520282745361,2.1702959537506104
val,conditioning_real_adv,9547,1,1.1920928955078125e-07,1.1920928955078125e-07,1.1920928955078125e-07,1.1920928955078125e-07,1.1920928955078125e-07,1.0,0.0,0.0,0.0,0.0,0.0,0.0,0.0,30.806032180786133,30.806032180786133,1.3294328482515994e-07,0.0,0.0,4.675357818603516,2.124840497970581
val,conditioning_real_adv,9591,1,0.11114716529846191,0.11114716529846191,0.11114716529846191,0.11114716529846191,0.11114716529846191,1.0,0.0,0.0,0.0,0.0,0.0,0.0,0.0,6.444492816925049,6.444492816925049,0.11114717274904251,0.0,0.0,4.7040629386901855,2.0908634662628174
val,conditioning_real_adv,9628,1,1.7881393432617188e-07,1.7881393432617188e-07,1.7881393432617188e-07,1.7881393432617188e-07,1.7881393432617188e-07,1.0,0.0,0.0,0.0,0.0,0.0,0.0,0.0,29.715059280395508,29.715059280395508,1.8878469631999906e-07,0.0,0.0,5.282168865203857,2.3566720485687256
val,conditioning_real_adv,9631,1,0.0006846189498901367,0.0006846189498901367,0.0006846189498901367,0.0006846189498901367,0.0006846189498901367,1.0,0.0,0.0,0.0,0.0,0.0,0.0,0.0,14.911706924438477,14.911706924438477,0.0006846098694950342,0.0,0.0,5.164217472076416,2.2214767932891846
val,conditioning_real_adv,9666,1,0.00011581182479858398,0.00011581182479858398,0.00011581182479858398,0.00011581182479858398,0.00011581182479858398,1.0,0.0,0.0,0.0,0.0,0.0,0.0,0.0,18.275314331054688,18.275314331054688,0.00011582973093027249,0.0,0.0,5.073620319366455,2.1851742267608643
val,conditioning_real_adv,9700,1,0.0,0.0,0.0,0.0,0.0,0.0,0.0,0.0,0.0,0.0,0.0,0.0,0.0,23.72059440612793,23.72059440612793,8.321896061147527e-09,0.0,0.0,5.28193473815918,2.3557183742523193
val,conditioning_real_adv,9723,1,-0.5,-0.5,-0.5,-0.5,-0.5,0.0,0.0,0.0,0.0,0.0,0.0,1.0,0.0,32.64976119995117,32.64976119995117,2.543979089886239e-11,0.0,0.5,4.654440879821777,2.0982227325439453
val,conditioning_real_adv,9725,1,8.845468983054161e-06,8.845468983054161e-06,8.845468983054161e-06,8.845468983054161e-06,8.845468983054161e-06,1.0,0.0,0.0,0.0,0.0,0.0,0.0,0.0,22.83563232421875,22.83563232421875,0.00014502643898595124,0.0,0.00013617263175547123,5.412957668304443,2.327190399169922
val,conditioning_real_adv,9753,1,0.48376941680908203,0.48376941680908203,0.48376941680908203,0.48376941680908203,0.48376941680908203,1.0,1.0,0.0,0.0,0.0,0.0,0.0,0.0,6.129889965057373,6.129889965057373,0.48376941680908203,0.0,0.0,4.4708709716796875,1.99464750289917
val,conditioning_real_adv,9792,1,1.1920928955078125e-06,1.1920928955078125e-06,1.1920928955078125e-06,1.1920928955078125e-06,1.1920928955078125e-06,1.0,0.0,0.0,0.0,0.0,0.0,0.0,0.0,27.010732650756836,27.010732650756836,1.2180764770164387e-06,0.0,0.0,4.348021030426025,2.0026626586914062
val,conditioning_real_adv,9800,1,2.980232238769531e-07,2.980232238769531e-07,2.980232238769531e-07,2.980232238769531e-07,2.980232238769531e-07,1.0,0.0,0.0,0.0,0.0,0.0,0.0,0.0,14.769079208374023,14.769079208374023,3.0733880862499063e-07,0.0,0.0,5.281458377838135,2.355154037475586
val,conditioning_real_adv,9897,1,-1.0,-1.0,-1.0,-1.0,-1.0,0.0,0.0,0.0,0.0,0.0,1.0,1.0,0.0,17.909273147583008,17.909273147583008,8.861156857165042e-06,0.0,1.5,4.809861660003662,2.152418851852417
val,conditioning_real_adv,9917,1,5.334615707397461e-05,5.334615707397461e-05,5.334615707397461e-05,5.334615707397461e-05,5.334615707397461e-05,1.0,0.0,0.0,0.0,0.0,0.0,0.0,0.0,18.794719696044922,18.794719696044922,5.333168155630119e-05,0.0,0.0,4.794972896575928,2.161921977996826
val,conditioning_real_adv,9920,1,-1.0,-1.0,-1.0,-1.0,-1.0,0.0,0.0,0.0,0.0,0.0,1.0,1.0,0.0,32.25446319580078,32.25446319580078,1.7713469580016294e-10,0.0,1.5,5.282131671905518,2.3572587966918945
val,conditioning_real_adv,10054,1,-1.0,-1.0,-1.0,-1.0,-1.0,0.0,0.0,0.0,0.0,0.0,1.0,1.0,0.0,34.92539596557617,34.92539596557617,1.149214729455339e-12,0.0,1.5,4.590703964233398,2.081608295440674
val,conditioning_real_adv,10079,1,-1.0,-1.0,-1.0,-1.0,-1.0,0.0,0.0,0.0,0.0,0.0,1.0,1.0,0.0,33.930519104003906,33.930519104003906,3.1626642971183117e-10,0.0,1.5,4.633163928985596,2.075760841369629
val,conditioning_real_adv,10084,1,-1.0,-1.0,-1.0,-1.0,-1.0,0.0,0.0,0.0,0.0,0.0,1.0,1.0,0.0,32.7495231628418,32.7495231628418,4.703656908411347e-10,0.0,1.5,6.220062732696533,2.5986616611480713
val,conditioning_real_adv,10121,1,-1.0,-1.0,-1.0,-1.0,-1.0,0.0,0.0,0.0,0.0,0.0,1.0,1.0,0.0,37.8619384765625,37.8619384765625,2.1333455835215176e-11,0.0,1.5,5.646268367767334,2.4142916202545166
val,conditioning_real_adv,10201,1,-1.0,-1.0,-1.0,-1.0,-1.0,0.0,0.0,0.0,0.0,1.0,1.0,1.0,0.0,36.99011993408203,36.99011993408203,3.5335792625268425e-10,0.0,1.5,4.840429306030273,2.1871488094329834
val,conditioning_real_adv,10217,1,-1.0,-1.0,-1.0,-1.0,-1.0,0.0,0.0,0.0,0.0,0.0,1.0,1.0,0.0,23.15894889831543,23.15894889831543,1.1175668532814598e-06,0.0,1.5,4.340857982635498,1.9667701721191406
val,conditioning_real_adv,10233,1,0.00030541419982910156,0.00030541419982910156,0.00030541419982910156,0.00030541419982910156,0.00030541419982910156,1.0,0.0,0.0,0.0,0.0,0.0,0.0,0.0,17.51187515258789,17.51187515258789,0.00030541387968696654,0.0,0.0,4.525422096252441,2.099637985229492
val,conditioning_real_adv,10238,1,1.7464160919189453e-05,1.7464160919189453e-05,1.7464160919189453e-05,1.7464160919189453e-05,1.7464160919189453e-05,1.0,0.0,0.0,0.0,0.0,0.0,0.0,0.0,23.084022521972656,23.084022521972656,1.748889553709887e-05,0.0,0.0,5.279867649078369,2.354889154434204
val,conditioning_real_adv,10250,1,0.0,0.0,0.0,0.0,0.0,0.0,0.0,0.0,0.0,0.0,0.0,0.0,0.0,20.097692489624023,20.097692489624023,5.675884664443117e-16,0.0,0.0,6.116305828094482,2.575465202331543
val,conditioning_real_adv,10293,1,-1.0,-1.0,-1.0,-1.0,-1.0,0.0,0.0,0.0,0.0,0.0,1.0,1.0,0.0,35.77109146118164,35.77109146118164,8.684640562250934e-09,0.0,1.5,4.578802108764648,2.091951608657837
val,conditioning_real_adv,10334,1,-1.0,-1.0,-1.0,-1.0,-1.0,0.0,0.0,0.0,0.0,0.0,1.0,1.0,0.0,39.570960998535156,39.570960998535156,2.7541934011221514e-11,0.0,1.5,4.89106559753418,2.2345011234283447
val,conditioning_real_adv,10368,1,-1.0,-1.0,-1.0,-1.0,-1.0,0.0,0.0,0.0,0.0,0.0,1.0,1.0,0.0,29.746015548706055,29.746015548706055,5.9576445892162155e-06,0.0,1.5,4.5848708152771,2.0965592861175537
val,conditioning_real_adv,10490,1,-0.5,-0.5,-0.5,-0.5,-0.5,0.0,0.0,0.0,0.0,0.0,0.0,1.0,0.0,28.03608512878418,28.03608512878418,1.959846729349124e-09,0.0,0.5,4.39655876159668,2.0247514247894287
val,conditioning_real_adv,10530,1,-1.0,-1.0,-1.0,-1.0,-1.0,0.0,0.0,0.0,0.0,0.0,1.0,1.0,0.0,25.883670806884766,25.883670806884766,9.154778268793962e-08,0.0,1.5,4.556606292724609,2.0808868408203125
val,conditioning_real_adv,10613,1,0.45280027389526367,0.45280027389526367,0.45280027389526367,0.45280027389526367,0.45280027389526367,1.0,1.0,0.0,0.0,0.0,0.0,0.0,0.0,6.236537933349609,6.236537933349609,0.45280030369758606,0.0,0.0,4.299053192138672,2.016242504119873
val,conditioning_real_adv,10673,1,-1.0,-1.0,-1.0,-1.0,-1.0,0.0,0.0,0.0,0.0,0.0,1.0,1.0,0.0,35.43935775756836,35.43935775756836,8.896269138025659e-12,0.0,1.5,5.281083106994629,2.356623888015747
val,conditioning_real_adv,10718,1,-1.0,-1.0,-1.0,-1.0,-1.0,0.0,0.0,0.0,0.0,0.0,1.0,1.0,0.0,39.834625244140625,39.834625244140625,8.575032177382536e-12,0.0,1.5,5.027361869812012,2.254700183868408
val,conditioning_real_adv,10734,1,-1.0,-1.0,-1.0,-1.0,-1.0,0.0,0.0,0.0,0.0,0.0,1.0,1.0,0.0,20.02704620361328,20.02704620361328,1.352722119918326e-05,0.0,1.5,4.754809379577637,2.1342175006866455
val,conditioning_real_adv,10738,1,2.384185791015625e-07,2.384185791015625e-07,2.384185791015625e-07,2.384185791015625e-07,2.384185791015625e-07,1.0,0.0,0.0,0.0,0.0,0.0,0.0,0.0,16.44266128540039,16.44266128540039,2.2534179322519776e-07,0.0,0.0,5.728348255157471,2.4135959148406982
val,conditioning_real_adv,10857,1,-1.0,-1.0,-1.0,-1.0,-1.0,0.0,0.0,0.0,0.0,0.0,1.0,1.0,1.0,35.29960632324219,35.29960632324219,1.7695024265296233e-11,0.0,1.5,0.8096209168434143,0.8281351327896118
val,conditioning_real_adv,10915,1,5.960464477539063e-08,5.960464477539063e-08,5.960464477539063e-08,5.960464477539063e-08,5.960464477539063e-08,1.0,0.0,0.0,0.0,0.0,0.0,0.0,0.0,28.659141540527344,28.659141540527344,5.135609981721245e-08,0.0,0.0,4.634153842926025,2.1196839809417725
val,conditioning_real_adv,10917,1,-1.0,-1.0,-1.0,-1.0,-1.0,0.0,0.0,0.0,0.0,0.0,1.0,1.0,0.0,25.240867614746094,25.240867614746094,3.6853161873295903e-06,0.0,1.5,4.941166400909424,2.1200528144836426
val,conditioning_real_adv,11026,1,0.00013327598571777344,0.00013327598571777344,0.00013327598571777344,0.00013327598571777344,0.00013327598571777344,1.0,0.0,0.0,0.0,0.0,0.0,0.0,0.0,20.858295440673828,20.858295440673828,0.00013329893408808857,0.0,0.0,5.971632957458496,2.4952547550201416
val,conditioning_real_adv,11103,1,-1.0,-1.0,-1.0,-1.0,-1.0,0.0,0.0,0.0,0.0,0.0,1.0,1.0,0.0,19.38469696044922,19.38469696044922,2.2895669644640293e-06,0.0,1.5,5.285201072692871,2.3581857681274414
val,conditioning_real_adv,11172,1,-0.522269070148468,-0.522269070148468,-0.522269070148468,-0.522269070148468,-0.522269070148468,0.0,0.0,0.0,0.0,0.0,0.0,1.0,0.0,29.559818267822266,29.559818267822266,3.016448317794129e-07,0.0,0.5222693681716919,4.404799461364746,2.017739772796631
val,conditioning_real_adv,11231,1,1.150369644165039e-05,1.150369644165039e-05,1.150369644165039e-05,1.150369644165039e-05,1.150369644165039e-05,1.0,0.0,0.0,0.0,0.0,0.0,0.0,0.0,28.238128662109375,28.238128662109375,1.1494899808894843e-05,0.0,0.0,4.808187961578369,2.164600372314453
val,conditioning_real_adv,11309,1,1.3828277587890625e-05,1.3828277587890625e-05,1.3828277587890625e-05,1.3828277587890625e-05,1.3828277587890625e-05,1.0,0.0,0.0,0.0,0.0,0.0,0.0,0.0,20.77618980407715,20.77618980407715,1.3824633242620621e-05,0.0,0.0,4.107217788696289,1.9416428804397583
val,conditioning_real_adv,11362,1,0.010305404663085938,0.010305404663085938,0.010305404663085938,0.010305404663085938,0.010305404663085938,1.0,0.0,0.0,0.0,0.0,0.0,0.0,0.0,14.651984214782715,14.651984214782715,0.010305406525731087,0.0,0.0,4.617842674255371,2.158956289291382
val,conditioning_real_adv,11451,1,0.02820342779159546,0.02820342779159546,0.02820342779159546,0.02820342779159546,0.02820342779159546,1.0,0.0,0.0,0.0,0.0,0.0,0.0,0.0,8.440942764282227,8.440942764282227,0.02820342779159546,0.0,0.0,5.290369510650635,2.363670825958252
val,conditioning_real_adv,11456,1,1.6391277313232422e-05,1.6391277313232422e-05,1.6391277313232422e-05,1.6391277313232422e-05,1.6391277313232422e-05,1.0,0.0,0.0,0.0,0.0,0.0,0.0,0.0,23.845726013183594,23.845726013183594,1.6398951629525982e-05,0.0,0.0,4.843565940856934,2.124495506286621
val,conditioning_real_adv,11659,1,-1.0,-1.0,-1.0,-1.0,-1.0,0.0,0.0,0.0,0.0,0.0,1.0,1.0,0.0,40.25531005859375,40.25531005859375,1.6207161480930043e-12,0.0,1.5,4.7165422439575195,2.0839507579803467
val,conditioning_real_adv,11684,1,0.009528100490570068,0.009528100490570068,0.009528100490570068,0.009528100490570068,0.009528100490570068,1.0,0.0,0.0,0.0,0.0,0.0,0.0,0.0,12.172099113464355,12.172099113464355,0.009528089314699173,0.0,0.0,5.283303737640381,2.358309030532837
val,conditioning_real_adv,11769,1,0.0003161430358886719,0.0003161430358886719,0.0003161430358886719,0.0003161430358886719,0.0003161430358886719,1.0,0.0,0.0,0.0,0.0,0.0,0.0,0.0,18.58027458190918,18.58027458190918,0.00031616236083209515,0.0,0.0,5.322244644165039,2.291731119155884
val,conditioning_real_adv,11817,1,7.450580596923828e-06,7.450580596923828e-06,7.450580596923828e-06,7.450580596923828e-06,7.450580596923828e-06,1.0,0.0,0.0,0.0,0.0,0.0,0.0,0.0,28.110950469970703,28.110950469970703,7.4472904998401646e-06,0.0,0.0,4.695901870727539,2.126520872116089
val,conditioning_real_adv,11821,1,3.230571746826172e-05,3.230571746826172e-05,3.230571746826172e-05,3.230571746826172e-05,3.230571746826172e-05,1.0,0.0,0.0,0.0,0.0,0.0,0.0,0.0,25.292264938354492,25.292264938354492,3.229660069337115e-05,0.0,0.0,4.295049667358398,1.973265290260315
val,conditioning_real_adv,11925,1,-0.5,-0.5,-0.5,-0.5,-0.5,0.0,0.0,0.0,0.0,0.0,0.0,1.0,0.0,25.969358444213867,25.969358444213867,2.3124886894265728e-08,0.0,0.5,5.280341148376465,2.3569717407226562
val,conditioning_real_adv,11942,1,1.5079975128173828e-05,1.5079975128173828e-05,1.5079975128173828e-05,1.5079975128173828e-05,1.5079975128173828e-05,1.0,0.0,0.0,0.0,0.0,0.0,0.0,0.0,20.129913330078125,20.129913330078125,1.5102884390216786e-05,0.0,0.0,4.968259334564209,2.184976100921631
val,conditioning_real_adv,12050,1,0.0002721548080444336,0.0002721548080444336,0.0002721548080444336,0.0002721548080444336,0.0002721548080444336,1.0,0.0,0.0,0.0,0.0,0.0,0.0,0.0,22.409900665283203,22.409900665283203,0.0002721410128287971,0.0,0.0,5.017124176025391,2.199821949005127
val,conditioning_real_adv,12054,1,0.000773310661315918,0.000773310661315918,0.000773310661315918,0.000773310661315918,0.000773310661315918,1.0,0.0,0.0,0.0,0.0,0.0,0.0,0.0,15.689626693725586,15.689626693725586,0.000773320090956986,0.0,0.0,4.853847503662109,2.218705654144287
val,conditioning_real_adv,12061,1,2.384185791015625e-07,2.384185791015625e-07,2.384185791015625e-07,2.384185791015625e-07,2.384185791015625e-07,1.0,0.0,0.0,0.0,0.0,0.0,0.0,0.0,31.084392547607422,31.084392547607422,2.6595469648782455e-07,0.0,0.0,5.2818427085876465,2.357912540435791
val,conditioning_real_adv,12122,1,3.224611282348633e-05,3.224611282348633e-05,3.224611282348633e-05,3.224611282348633e-05,3.224611282348633e-05,1.0,0.0,0.0,0.0,0.0,0.0,0.0,0.0,7.743268966674805,7.743268966674805,3.2226878829533234e-05,0.0,0.0,4.804235935211182,2.1286563873291016
val,conditioning_real_adv,12149,1,5.960464477539063e-08,5.960464477539063e-08,5.960464477539063e-08,5.960464477539063e-08,5.960464477539063e-08,1.0,0.0,0.0,0.0,0.0,0.0,0.0,0.0,30.88383674621582,30.88383674621582,5.2400135786001556e-08,0.0,0.0,4.909173488616943,2.190368890762329
val,conditioning_real_adv,12154,1,0.0035147666931152344,0.0035147666931152344,0.0035147666931152344,0.0035147666931152344,0.0035147666931152344,1.0,0.0,0.0,0.0,0.0,0.0,0.0,0.0,17.144304275512695,17.144304275512695,0.0035147510934621096,0.0,0.0,4.745875358581543,2.07962965965271
val,conditioning_real_adv,12237,1,0.0002378225326538086,0.0002378225326538086,0.0002378225326538086,0.0002378225326538086,0.0002378225326538086,1.0,0.0,0.0,0.0,0.0,0.0,0.0,0.0,22.519550323486328,22.519550323486328,0.0002378445497015491,0.0,0.0,4.30634069442749,2.0210111141204834
val,conditioning_real_adv,12239,1,3.5762786865234375e-07,3.5762786865234375e-07,3.5762786865234375e-07,3.5762786865234375e-07,3.5762786865234375e-07,1.0,0.0,0.0,0.0,0.0,0.0,0.0,0.0,30.708505630493164,30.708505630493164,3.8168002447491745e-07,0.0,0.0,4.943288803100586,2.2418406009674072
val,conditioning_real_adv,12243,1,1.341104507446289e-05,1.341104507446289e-05,1.341104507446289e-05,1.341104507446289e-05,1.341104507446289e-05,1.0,0.0,0.0,0.0,0.0,0.0,0.0,0.0,6.666954517364502,6.666954517364502,1.3402273907558993e-05,0.0,0.0,4.712553977966309,2.129884958267212
val,conditioning_real_adv,12254,1,-1.0,-1.0,-1.0,-1.0,-1.0,0.0,0.0,0.0,0.0,0.0,1.0,1.0,0.0,17.4027099609375,17.4027099609375,0.0024971519596874714,0.0,1.5,4.472522258758545,2.0356032848358154
val,conditioning_real_adv,12306,1,0.0066269636154174805,0.0066269636154174805,0.0066269636154174805,0.0066269636154174805,0.0066269636154174805,1.0,0.0,0.0,0.0,0.0,0.0,0.0,0.0,15.615900993347168,15.615900993347168,0.00662695337086916,0.0,0.0,5.28030252456665,2.356523275375366
val,conditioning_real_adv,12320,1,0.40233945846557617,0.40233945846557617,0.40233945846557617,0.40233945846557617,0.40233945846557617,1.0,1.0,0.0,0.0,0.0,0.0,0.0,0.0,3.6722412109375,3.6722412109375,0.4023394286632538,0.0,0.0,4.907107830047607,2.165475845336914
val,conditioning_real_adv,12354,1,-0.5,-0.5,-0.5,-0.5,-0.5,0.0,0.0,0.0,0.0,0.0,0.0,1.0,0.0,33.046363830566406,33.046363830566406,7.0351351411090945e-09,0.0,0.5,4.957677841186523,2.2142999172210693
val,conditioning_real_adv,12394,1,0.013545691967010498,0.013545691967010498,0.013545691967010498,0.013545691967010498,0.013545691967010498,1.0,0.0,0.0,0.0,0.0,0.0,0.0,0.0,10.346162796020508,10.346162796020508,0.013545683585107327,0.0,0.0,4.886892795562744,2.1708264350891113
val,conditioning_real_adv,12411,1,-0.4999997615814209,-0.4999997615814209,-0.4999997615814209,-0.4999997615814209,-0.4999997615814209,0.0,0.0,0.0,0.0,0.0,0.0,1.0,0.0,30.939916610717773,30.939916610717773,2.1125889304585144e-07,0.0,0.5,5.107043266296387,2.3213303089141846
val,conditioning_real_adv,12460,1,-0.5,-0.5,-0.5,-0.5,-0.5,0.0,0.0,0.0,0.0,0.0,0.0,1.0,0.0,33.71050262451172,33.71050262451172,1.979289371289994e-10,0.0,0.5,4.1367106437683105,1.9360891580581665
val,conditioning_real_adv,12476,1,0.0,0.0,0.0,0.0,0.0,0.0,0.0,0.0,0.0,0.0,0.0,0.0,0.0,31.53188705444336,31.53188705444336,1.6937057978339e-08,0.0,0.0,4.458747386932373,2.0583784580230713
val,conditioning_real_adv,12481,1,-0.0009765414288267493,-0.0009765414288267493,-0.0009765414288267493,-0.0009765414288267493,-0.0009765414288267493,0.0,0.0,0.0,0.0,0.0,0.0,0.0,0.0,16.033727645874023,16.033727645874023,0.00015836273087188601,0.0,0.0011349109699949622,4.860086917877197,2.13071870803833
val,conditioning_real_adv,12483,1,-0.5,-0.5,-0.5,-0.5,-0.5,0.0,0.0,0.0,0.0,0.0,0.0,1.0,0.0,26.5798397064209,26.5798397064209,2.085864103662516e-08,0.0,0.5,5.284425258636475,2.3593497276306152
val,conditioning_real_adv,12521,1,-1.0,-1.0,-1.0,-1.0,-1.0,0.0,0.0,0.0,0.0,0.0,1.0,1.0,0.0,43.507633209228516,43.507633209228516,2.6170324241014953e-10,0.0,1.5,5.122975826263428,2.238300085067749
val,conditioning_real_adv,12530,1,5.960464477539063e-08,5.960464477539063e-08,5.960464477539063e-08,5.960464477539063e-08,5.960464477539063e-08,1.0,0.0,0.0,0.0,0.0,0.0,0.0,0.0,32.287845611572266,32.287845611572266,7.383525257864676e-08,0.0,0.0,4.766505241394043,2.097744941711426
val,conditioning_real_adv,12579,1,-0.2609723210334778,-0.2609723210334778,-0.2609723210334778,-0.2609723210334778,-0.2609723210334778,0.0,0.0,0.0,0.0,0.0,0.0,0.0,0.0,27.115209579467773,27.115209579467773,1.545986533235677e-10,0.0,0.2609723210334778,5.789406776428223,2.5354702472686768
val,conditioning_real_adv,12603,1,2.384185791015625e-07,2.384185791015625e-07,2.384185791015625e-07,2.384185791015625e-07,2.384185791015625e-07,1.0,0.0,0.0,0.0,0.0,0.0,0.0,0.0,32.483917236328125,32.483917236328125,2.666335774392792e-07,0.0,0.0,4.425715923309326,2.0424208641052246
val,conditioning_real_adv,12638,1,6.556510925292969e-07,6.556510925292969e-07,6.556510925292969e-07,6.556510925292969e-07,6.556510925292969e-07,1.0,0.0,0.0,0.0,0.0,0.0,0.0,0.0,22.2167911529541,22.2167911529541,6.556956577696837e-07,0.0,0.0,4.8984222412109375,2.1598775386810303
val,conditioning_real_adv,12752,1,-1.0,-1.0,-1.0,-1.0,-1.0,0.0,0.0,0.0,0.0,0.0,1.0,1.0,0.0,29.19150161743164,29.19150161743164,4.641363204882509e-08,0.0,1.5,5.273665428161621,2.360999345779419
val,conditioning_real_adv,12777,1,-1.0,-1.0,-1.0,-1.0,-1.0,0.0,0.0,0.0,0.0,0.0,1.0,1.0,0.0,29.67166519165039,29.67166519165039,1.1329733240472706e-07,0.0,1.5,4.634067058563232,2.110370635986328
val,conditioning_real_adv,12847,1,2.384185791015625e-07,2.384185791015625e-07,2.384185791015625e-07,2.384185791015625e-07,2.384185791015625e-07,1.0,0.0,0.0,0.0,0.0,0.0,0.0,0.0,30.60504913330078,30.60504913330078,2.3762130751947552e-07,0.0,0.0,5.2780327796936035,2.3549346923828125
val,conditioning_real_adv,12857,1,-0.9984875321388245,-0.9984875321388245,-0.9984875321388245,-0.9984875321388245,-0.9984875321388245,0.0,0.0,0.0,0.0,0.0,1.0,0.0,0.0,5.753969669342041,5.753969669342041,0.0015124492347240448,0.0,1.0,7.408820629119873,2.8630168437957764
val,conditioning_real_adv,12974,1,-0.4999998211860657,-0.4999998211860657,-0.4999998211860657,-0.4999998211860657,-0.4999998211860657,0.0,0.0,0.0,0.0,0.0,0.0,1.0,0.0,29.241085052490234,29.241085052490234,1.8881281960148044e-07,0.0,0.5,5.331355571746826,2.3124990463256836
val,conditioning_real_adv,12978,1,0.0,0.0,0.0,0.0,0.0,0.0,0.0,0.0,0.0,0.0,0.0,0.0,0.0,24.761409759521484,24.761409759521484,1.5860319280136537e-08,0.0,0.0,5.88247013092041,2.5362682342529297
val,conditioning_real_adv,13009,1,-0.7564657926559448,-0.7564657926559448,-0.7564657926559448,-0.7564657926559448,-0.7564657926559448,0.0,0.0,0.0,0.0,0.0,0.0,1.0,0.0,30.91147232055664,30.91147232055664,1.3060152959099014e-08,0.0,0.7564657926559448,4.4757771492004395,2.025834798812866
val,conditioning_real_adv,13064,1,-1.0,-1.0,-1.0,-1.0,-1.0,0.0,0.0,0.0,0.0,0.0,1.0,1.0,0.0,28.797826766967773,28.797826766967773,1.4162107930815182e-08,0.0,1.5,4.483255863189697,2.054297685623169
val,conditioning_real_adv,13184,1,1.811981201171875e-05,1.811981201171875e-05,1.811981201171875e-05,1.811981201171875e-05,1.811981201171875e-05,1.0,0.0,0.0,0.0,0.0,0.0,0.0,0.0,20.607196807861328,20.607196807861328,1.8106313291355036e-05,0.0,0.0,4.540839672088623,2.0997490882873535
val,conditioning_real_adv,13213,1,5.960464477539063e-08,5.960464477539063e-08,5.960464477539063e-08,5.960464477539063e-08,5.960464477539063e-08,1.0,0.0,0.0,0.0,0.0,0.0,0.0,0.0,31.201980590820312,31.201980590820312,5.144016412828023e-08,0.0,0.0,4.635880470275879,2.1253561973571777
val,conditioning_real_adv,13217,1,-1.0,-1.0,-1.0,-1.0,-1.0,0.0,0.0,0.0,0.0,0.0,1.0,1.0,0.0,31.457799911499023,31.457799911499023,7.333106899487518e-10,0.0,1.5,5.294393539428711,2.3606760501861572
val,conditioning_real_adv,13237,1,3.647804260253906e-05,3.647804260253906e-05,3.647804260253906e-05,3.647804260253906e-05,3.647804260253906e-05,1.0,0.0,0.0,0.0,0.0,0.0,0.0,0.0,26.3912353515625,26.3912353515625,3.648500205599703e-05,0.0,0.0,4.654623985290527,2.162821054458618
val,conditioning_real_adv,13317,1,-0.4999999403953552,-0.4999999403953552,-0.4999999403953552,-0.4999999403953552,-0.4999999403953552,0.0,0.0,0.0,0.0,0.0,0.0,1.0,0.0,25.690837860107422,25.690837860107422,6.219399040219287e-08,0.0,0.5,4.467086315155029,2.0228378772735596
val,conditioning_real_adv,13330,1,0.00047284364700317383,0.00047284364700317383,0.00047284364700317383,0.00047284364700317383,0.00047284364700317383,1.0,0.0,0.0,0.0,0.0,0.0,0.0,1.0,16.700979232788086,16.700979232788086,0.00047283596359193325,0.0,0.0,0.8490979671478271,0.8499093055725098
val,conditioning_real_adv,13345,1,0.0005295872688293457,0.0005295872688293457,0.0005295872688293457,0.0005295872688293457,0.0005295872688293457,1.0,0.0,0.0,0.0,0.0,0.0,0.0,0.0,13.115446090698242,13.115446090698242,0.0005296134622767568,0.0,0.0,4.329546928405762,2.003469944000244
val,conditioning_real_adv,13368,1,0.004461228847503662,0.004461228847503662,0.004461228847503662,0.004461228847503662,0.004461228847503662,1.0,0.0,0.0,0.0,0.0,0.0,0.0,0.0,16.43974494934082,16.43974494934082,0.0044612521305680275,0.0,0.0,5.28516960144043,2.3622727394104004
val,conditioning_real_adv,13386,1,0.2908160090446472,0.2908160090446472,0.2908160090446472,0.2908160090446472,0.2908160090446472,1.0,0.0,1.0,1.0,0.0,0.0,0.0,1.0,3.049518585205078,3.049518585205078,0.8138524889945984,0.8333333134651184,0.978159487247467,1.0583291053771973,0.9023585915565491
val,conditioning_real_adv,13400,1,0.15322202444076538,0.15322202444076538,0.15322202444076538,0.15322202444076538,0.15322202444076538,1.0,0.0,0.0,0.0,0.0,0.0,0.0,0.0,9.419100761413574,9.419100761413574,0.15322203934192657,0.0,0.0,4.708285331726074,2.196422815322876
val,conditioning_real_adv,13421,1,0.0,0.0,0.0,0.0,0.0,0.0,0.0,0.0,0.0,0.0,0.0,0.0,0.0,33.47370910644531,33.47370910644531,6.978898211214865e-16,0.0,0.0,5.27969217300415,2.3536436557769775
val,conditioning_real_adv,13483,1,-1.0,-1.0,-1.0,-1.0,-1.0,0.0,0.0,0.0,0.0,0.0,1.0,1.0,0.0,25.639503479003906,25.639503479003906,7.48023936125719e-08,0.0,1.5,4.739444732666016,2.117783784866333
val,conditioning_real_adv,13507,1,-0.49999988079071045,-0.49999988079071045,-0.49999988079071045,-0.49999988079071045,-0.49999988079071045,0.0,0.0,0.0,0.0,0.0,0.0,1.0,0.0,31.420578002929688,31.420578002929688,1.360546377782157e-07,0.0,0.5,4.687850475311279,2.110167980194092
val,conditioning_real_adv,13581,1,-1.0,-1.0,-1.0,-1.0,-1.0,0.0,0.0,0.0,0.0,0.0,1.0,1.0,0.0,33.19807052612305,33.19807052612305,8.298267850648244e-09,0.0,1.5,4.250387668609619,1.967801570892334
val,conditioning_real_adv,13621,1,0.0003737807273864746,0.0003737807273864746,0.0003737807273864746,0.0003737807273864746,0.0003737807273864746,1.0,0.0,0.0,0.0,0.0,0.0,0.0,0.0,17.978723526000977,17.978723526000977,0.0003737628285307437,0.0,0.0,4.470841407775879,2.045226812362671
val,conditioning_real_adv,13630,1,-0.49999940395355225,-0.49999940395355225,-0.49999940395355225,-0.49999940395355225,-0.49999940395355225,0.0,0.0,0.0,0.0,0.0,0.0,1.0,0.0,28.39434051513672,28.39434051513672,6.119672661952791e-07,0.0,0.5,4.656178951263428,2.1201956272125244
val,conditioning_real_adv,13639,1,0.0,0.0,0.0,0.0,0.0,0.0,0.0,0.0,0.0,0.0,0.0,0.0,0.0,31.085416793823242,31.085416793823242,5.285261296542401e-14,0.0,0.0,4.276623725891113,1.9892241954803467
val,conditioning_real_adv,13688,1,-0.4999997615814209,-0.4999997615814209,-0.4999997615814209,-0.4999997615814209,-0.4999997615814209,0.0,0.0,0.0,0.0,0.0,0.0,1.0,0.0,30.277225494384766,30.277225494384766,2.5367850753355015e-07,0.0,0.5,4.569377899169922,2.069448947906494
val,conditioning_real_adv,13735,1,9.357929229736328e-06,9.357929229736328e-06,9.357929229736328e-06,9.357929229736328e-06,9.357929229736328e-06,1.0,0.0,0.0,0.0,0.0,0.0,0.0,0.0,20.563091278076172,20.563091278076172,9.341446457256097e-06,0.0,0.0,5.279681205749512,2.357619285583496
val,conditioning_real_adv,13780,1,0.0034486055374145508,0.0034486055374145508,0.0034486055374145508,0.0034486055374145508,0.0034486055374145508,1.0,0.0,0.0,0.0,0.0,0.0,0.0,0.0,17.329296112060547,17.329296112060547,0.0034486146178096533,0.0,0.0,4.442622661590576,2.0355093479156494
val,conditioning_real_adv,13800,1,-0.9230492115020752,-0.9230492115020752,-0.9230492115020752,-0.9230492115020752,-0.9230492115020752,0.0,0.0,0.0,0.0,0.0,0.0,1.0,0.0,31.377925872802734,31.377925872802734,6.66121102721462e-10,0.0,0.9230492115020752,5.496676445007324,2.3969640731811523
val,conditioning_real_adv,13989,1,0.0018028616905212402,0.0018028616905212402,0.0018028616905212402,0.0018028616905212402,0.0018028616905212402,1.0,0.0,0.0,0.0,0.0,0.0,0.0,0.0,13.006952285766602,13.006952285766602,0.0018028655322268605,0.0,0.0,4.853549003601074,2.1425535678863525
val,conditioning_real_adv,13993,1,-1.0,-1.0,-1.0,-1.0,-1.0,0.0,0.0,0.0,0.0,1.0,1.0,1.0,0.0,37.46215057373047,37.46215057373047,4.1957644905101996e-14,0.0,1.5,4.52077579498291,2.1195902824401855
val,conditioning_real_adv,14103,1,2.3974154828465544e-05,2.3974154828465544e-05,2.3974154828465544e-05,2.3974154828465544e-05,2.3974154828465544e-05,1.0,0.0,0.0,0.0,0.0,0.0,0.0,0.0,23.050600051879883,23.050600051879883,4.023457586299628e-05,0.0,1.6258980394923128e-05,4.59110689163208,2.058326005935669
val,conditioning_real_adv,14117,1,0.0,0.0,0.0,0.0,0.0,0.0,0.0,0.0,0.0,0.0,0.0,0.0,0.0,29.71487045288086,29.71487045288086,1.7109444069851598e-11,0.0,0.0,4.783013343811035,2.190812110900879
val,conditioning_real_adv,14137,1,-1.0,-1.0,-1.0,-1.0,-1.0,0.0,0.0,0.0,0.0,0.0,1.0,0.0,0.0,28.928529739379883,28.928529739379883,5.175066486451385e-10,0.0,1.0,4.502779006958008,2.0208511352539062
val,conditioning_real_adv,14148,1,-0.5,-0.5,-0.5,-0.5,-0.5,0.0,0.0,0.0,0.0,0.0,0.0,1.0,0.0,34.42713165283203,34.42713165283203,1.1111981126910031e-11,0.0,0.5,5.279520511627197,2.3590681552886963
val,conditioning_real_adv,14154,1,2.384185791015625e-06,2.384185791015625e-06,2.384185791015625e-06,2.384185791015625e-06,2.384185791015625e-06,1.0,0.0,0.0,0.0,0.0,0.0,0.0,0.0,20.630023956298828,20.630023956298828,2.4019263946684077e-06,0.0,0.0,4.412704944610596,2.008528470993042
val,conditioning_real_adv,14237,1,-1.0,-1.0,-1.0,-1.0,-1.0,0.0,0.0,0.0,0.0,0.0,1.0,1.0,0.0,43.93619918823242,43.93619918823242,2.5425070382389947e-10,0.0,1.5,4.640171527862549,2.0735557079315186
val,conditioning_real_adv,14287,1,0.003402888774871826,0.003402888774871826,0.003402888774871826,0.003402888774871826,0.003402888774871826,1.0,0.0,0.0,0.0,0.0,0.0,0.0,0.0,11.563014030456543,11.563014030456543,0.0034028899390250444,0.0,0.0,5.279481887817383,2.359398603439331
val,conditioning_real_adv,14291,1,0.0,0.0,0.0,0.0,0.0,0.0,0.0,0.0,0.0,0.0,0.0,0.0,0.0,30.42586326599121,30.42586326599121,1.1065692633038804e-14,0.0,0.0,4.819966793060303,2.138120412826538
val,conditioning_real_adv,14315,1,0.0,0.0,0.0,0.0,0.0,0.0,0.0,0.0,0.0,0.0,0.0,0.0,0.0,32.31877517700195,32.31877517700195,2.5874380762958005e-11,0.0,0.0,5.2797346115112305,2.357877492904663
val,conditioning_real_adv,14334,1,8.678436279296875e-05,8.678436279296875e-05,8.678436279296875e-05,8.678436279296875e-05,8.678436279296875e-05,1.0,0.0,0.0,0.0,0.0,0.0,0.0,0.0,24.692333221435547,24.692333221435547,8.679002348799258e-05,0.0,0.0,5.268531322479248,2.35690975189209
val,conditioning_real_adv,14337,1,-0.5,-0.5,-0.5,-0.5,-0.5,0.0,0.0,0.0,0.0,0.0,0.0,1.0,0.0,35.46138000488281,35.46138000488281,2.0815084766923064e-08,0.0,0.5,4.540592193603516,2.0155932903289795
val,conditioning_real_adv,14421,1,0.00020843744277954102,0.00020843744277954102,0.00020843744277954102,0.00020843744277954102,0.00020843744277954102,1.0,0.0,0.0,0.0,0.0,0.0,0.0,0.0,17.15566062927246,17.15566062927246,0.0002084468287648633,0.0,0.0,5.274135112762451,2.3569531440734863
val,conditioning_real_adv,14426,1,8.481740951538086e-05,8.481740951538086e-05,8.481740951538086e-05,8.481740951538086e-05,8.481740951538086e-05,1.0,0.0,0.0,0.0,0.0,0.0,0.0,0.0,22.055862426757812,22.055862426757812,8.484579302603379e-05,0.0,0.0,5.21244478225708,2.2660720348358154
val,conditioning_real_adv,14428,1,0.0,0.0,0.0,0.0,0.0,0.0,0.0,0.0,0.0,0.0,0.0,0.0,0.0,22.080284118652344,22.080284118652344,4.4815967300020746e-18,0.0,0.0,5.275625228881836,2.3582944869995117
val,conditioning_real_adv,14448,1,5.543231964111328e-06,5.543231964111328e-06,5.543231964111328e-06,5.543231964111328e-06,5.543231964111328e-06,1.0,0.0,0.0,0.0,0.0,0.0,0.0,0.0,24.664396286010742,24.664396286010742,5.515722932614153e-06,0.0,0.0,4.689435958862305,2.0761187076568604
val,conditioning_real_adv,14472,1,0.0,0.0,0.0,0.0,0.0,0.0,0.0,0.0,0.0,0.0,0.0,0.0,0.0,24.123754501342773,24.123754501342773,2.867039491558608e-14,0.0,0.0,5.986548900604248,2.5200881958007812
val,conditioning_real_adv,14481,1,-1.0,-1.0,-1.0,-1.0,-1.0,0.0,0.0,0.0,0.0,0.0,1.0,1.0,0.0,26.33670997619629,26.33670997619629,1.3689082090095894e-09,0.0,1.5,4.709559917449951,2.104600191116333
val,conditioning_real_adv,14487,1,-1.0,-1.0,-1.0,-1.0,-1.0,0.0,0.0,0.0,0.0,0.0,1.0,1.0,0.0,34.394493103027344,34.394493103027344,8.37035232792438e-11,0.0,1.5,4.47291374206543,2.0726943016052246
val,conditioning_real_adv,14520,1,0.031445980072021484,0.031445980072021484,0.031445980072021484,0.031445980072021484,0.031445980072021484,1.0,0.0,0.0,0.0,0.0,0.0,0.0,0.0,12.739188194274902,12.739188194274902,0.031445957720279694,0.0,0.0,4.559899806976318,2.091529130935669
val,conditioning_real_adv,14529,1,-1.0,-1.0,-1.0,-1.0,-1.0,0.0,0.0,0.0,0.0,0.0,1.0,1.0,0.0,37.115840911865234,37.115840911865234,9.885581242485841e-11,0.0,1.5,5.2784743309021,2.3560714721679688
val,conditioning_real_adv,14559,1,1.7881393432617188e-07,1.7881393432617188e-07,1.7881393432617188e-07,1.7881393432617188e-07,1.7881393432617188e-07,1.0,0.0,0.0,0.0,0.0,0.0,0.0,0.0,29.542312622070312,29.542312622070312,2.0338180206636025e-07,0.0,0.0,4.557875633239746,2.0956013202667236
val,conditioning_real_adv,14602,1,-1.0,-1.0,-1.0,-1.0,-1.0,0.0,0.0,0.0,0.0,0.0,0.0,1.0,0.0,36.52821731567383,36.52821731567383,1.0537597877613436e-10,0.0,1.4512567520141602,4.860907554626465,2.172658920288086
val,conditioning_real_adv,14620,1,0.0022128820419311523,0.0022128820419311523,0.0022128820419311523,0.0022128820419311523,0.0022128820419311523,1.0,0.0,0.0,0.0,0.0,0.0,0.0,0.0,15.722526550292969,15.722526550292969,0.0022128622513264418,0.0,0.0,4.80531120300293,2.127288341522217
val,conditioning_real_adv,14751,1,1.3709068298339844e-06,1.3709068298339844e-06,1.3709068298339844e-06,1.3709068298339844e-06,1.3709068298339844e-06,1.0,0.0,0.0,0.0,0.0,0.0,0.0,0.0,30.052448272705078,30.052448272705078,1.3749263416684698e-06,0.0,0.0,5.2849345207214355,2.3585431575775146
val,conditioning_real_adv,14856,1,-1.0,-1.0,-1.0,-1.0,-1.0,0.0,0.0,0.0,0.0,0.0,1.0,1.0,0.0,33.590049743652344,33.590049743652344,9.400160649875033e-09,0.0,1.5,5.471560955047607,2.4351136684417725
val,conditioning_real_adv,15044,1,-1.0,-1.0,-1.0,-1.0,-1.0,0.0,0.0,0.0,0.0,0.0,1.0,1.0,0.0,38.58695602416992,38.58695602416992,9.135694978290587e-10,0.0,1.5,4.753777980804443,2.0976297855377197
val,conditioning_real_adv,15050,1,0.23936504125595093,0.23936504125595093,0.23936504125595093,0.23936504125595093,0.23936504125595093,1.0,0.0,0.0,0.0,0.0,0.0,0.0,0.0,4.04372501373291,4.04372501373291,0.08723800629377365,0.1666666865348816,0.0,4.745821475982666,2.127619743347168
val,conditioning_real_adv,15105,1,-1.0,-1.0,-1.0,-1.0,-1.0,0.0,0.0,0.0,0.0,0.0,1.0,1.0,0.0,26.662412643432617,26.662412643432617,9.029236025526188e-08,0.0,1.5,5.276235103607178,2.3589282035827637
val,conditioning_real_adv,15190,1,-1.0,-1.0,-1.0,-1.0,-1.0,0.0,0.0,0.0,0.0,0.0,1.0,1.0,0.0,29.35921859741211,29.35921859741211,7.385868305842536e-11,0.0,1.5,5.378664970397949,2.3045694828033447
val,conditioning_real_adv,15228,1,0.0,0.0,0.0,0.0,0.0,0.0,0.0,0.0,0.0,0.0,0.0,0.0,0.0,31.09436798095703,31.09436798095703,2.1711240805188936e-08,0.0,0.0,4.8303656578063965,2.1728129386901855
val,conditioning_real_adv,15260,1,-0.5,-0.5,-0.5,-0.5,-0.5,0.0,0.0,0.0,0.0,0.0,0.0,1.0,0.0,32.70459747314453,32.70459747314453,2.891772932223091e-10,0.0,0.5,4.593287944793701,2.049039602279663
val,conditioning_real_adv,15274,1,-0.40591779351234436,-0.40591779351234436,-0.40591779351234436,-0.40591779351234436,-0.40591779351234436,0.0,0.0,0.0,0.0,0.0,0.0,0.0,0.0,30.207605361938477,30.207605361938477,7.451824934889828e-09,0.0,0.40591779351234436,4.656731128692627,2.0941505432128906
val,conditioning_real_adv,15307,1,1.0132789611816406e-06,1.0132789611816406e-06,1.0132789611816406e-06,1.0132789611816406e-06,1.0132789611816406e-06,1.0,0.0,0.0,0.0,0.0,0.0,0.0,0.0,27.769426345825195,27.769426345825195,1.0424370202599675e-06,0.0,0.0,4.567845344543457,2.087448835372925
val,conditioning_real_adv,15309,1,-0.5,-0.5,-0.5,-0.5,-0.5,0.0,0.0,0.0,0.0,0.0,0.0,1.0,0.0,30.76517105102539,30.76517105102539,1.3117601449508243e-09,0.0,0.5,4.748800754547119,2.137211322784424
val,conditioning_real_adv,15337,1,-0.49999964237213135,-0.49999964237213135,-0.49999964237213135,-0.49999964237213135,-0.49999964237213135,0.0,0.0,0.0,0.0,0.0,0.0,1.0,0.0,26.223854064941406,26.223854064941406,3.8487442566292884e-07,0.0,0.5,4.486143589019775,2.0449206829071045
val,conditioning_real_adv,15433,1,0.09073102474212646,0.09073102474212646,0.09073102474212646,0.09073102474212646,0.09073102474212646,1.0,0.0,0.0,0.0,0.0,0.0,0.0,0.0,10.609482765197754,10.609482765197754,0.09073103964328766,0.0,0.0,5.283788204193115,2.3637852668762207
val,conditioning_real_adv,15509,1,-1.0,-1.0,-1.0,-1.0,-1.0,0.0,0.0,0.0,0.0,0.0,1.0,1.0,0.0,28.863306045532227,28.863306045532227,2.558803646399155e-12,0.0,1.5,4.820158004760742,2.169898509979248
val,conditioning_real_adv,15637,1,-1.0,-1.0,-1.0,-1.0,-1.0,0.0,0.0,0.0,0.0,0.0,1.0,1.0,0.0,26.020036697387695,26.020036697387695,7.1892514164062504e-09,0.0,1.5,4.5476789474487305,2.0630228519439697
val,conditioning_real_adv,15659,1,-1.0,-1.0,-1.0,-1.0,-1.0,0.0,0.0,0.0,0.0,0.0,1.0,1.0,0.0,39.27112579345703,39.27112579345703,3.248446650561121e-11,0.0,1.5,5.644248008728027,2.377376079559326
val,conditioning_real_adv,15690,1,0.00012922286987304688,0.00012922286987304688,0.00012922286987304688,0.00012922286987304688,0.00012922286987304688,1.0,0.0,0.0,0.0,0.0,0.0,0.0,0.0,21.780181884765625,21.780181884765625,0.0001292314991587773,0.0,0.0,4.821836471557617,2.1066970825195312
val,conditioning_real_adv,15709,1,1.7881393432617188e-07,1.7881393432617188e-07,1.7881393432617188e-07,1.7881393432617188e-07,1.7881393432617188e-07,1.0,0.0,0.0,0.0,0.0,0.0,0.0,0.0,26.35115623474121,26.35115623474121,1.7529993101561558e-07,0.0,0.0,4.82694673538208,2.125441789627075
val,conditioning_real_adv,15726,1,0.0012770295143127441,0.0012770295143127441,0.0012770295143127441,0.0012770295143127441,0.0012770295143127441,1.0,0.0,0.0,0.0,0.0,0.0,0.0,0.0,12.723076820373535,12.723076820373535,0.0012770324246957898,0.0,0.0,5.2747626304626465,2.36285662651062
val,conditioning_real_adv,15737,1,-1.0,-1.0,-1.0,-1.0,-1.0,0.0,0.0,0.0,0.0,0.0,1.0,1.0,0.0,31.014623641967773,31.014623641967773,2.934369192075792e-09,0.0,1.5,4.538958549499512,2.080425977706909
val,conditioning_real_adv,15803,1,-0.2232339233160019,-0.2232339233160019,-0.2232339233160019,-0.2232339233160019,-0.2232339233160019,0.0,0.0,0.0,0.0,0.0,0.0,0.0,0.0,28.11741065979004,28.11741065979004,9.230137948179618e-06,0.0,0.22324316203594208,5.277342796325684,2.3572781085968018
val,conditioning_real_adv,15866,1,0.0002498030662536621,0.0002498030662536621,0.0002498030662536621,0.0002498030662536621,0.0002498030662536621,1.0,0.0,0.0,0.0,0.0,0.0,0.0,1.0,18.318416595458984,18.318416595458984,0.00024978435249067843,0.0,0.0,0.9869362711906433,0.8751584887504578
val,conditioning_real_adv,15914,1,3.8743019104003906e-05,3.8743019104003906e-05,3.8743019104003906e-05,3.8743019104003906e-05,3.8743019104003906e-05,1.0,0.0,0.0,0.0,0.0,0.0,0.0,0.0,26.251667022705078,26.251667022705078,3.871553053613752e-05,0.0,0.0,4.575923919677734,2.040618896484375
val,conditioning_real_adv,15927,1,1.0609626770019531e-05,1.0609626770019531e-05,1.0609626770019531e-05,1.0609626770019531e-05,1.0609626770019531e-05,1.0,0.0,0.0,0.0,0.0,0.0,0.0,0.0,12.011874198913574,12.011874198913574,1.0612342521199025e-05,0.0,0.0,4.841670513153076,2.132272958755493
val,conditioning_real_adv,15984,1,0.0021033287048339844,0.0021033287048339844,0.0021033287048339844,0.0021033287048339844,0.0021033287048339844,1.0,0.0,0.0,0.0,0.0,0.0,0.0,0.0,18.321533203125,18.321533203125,0.0021033401135355234,0.0,0.0,4.935774326324463,2.167501926422119
val,conditioning_real_adv,16250,1,-1.0,-1.0,-1.0,-1.0,-1.0,0.0,0.0,0.0,0.0,0.0,0.0,1.0,0.0,17.86186981201172,17.86186981201172,6.403350653272355e-06,0.0,1.4860491752624512,4.66453218460083,2.138169288635254
val,conditioning_real_adv,16256,1,-1.0,-1.0,-1.0,-1.0,-1.0,0.0,0.0,0.0,0.0,0.0,1.0,1.0,0.0,24.35930824279785,24.35930824279785,4.963985702488571e-07,0.0,1.5,4.504666328430176,2.042031764984131
val,conditioning_real_adv,16303,1,-1.0,-1.0,-1.0,-1.0,-1.0,0.0,0.0,0.0,0.0,0.0,1.0,1.0,0.0,36.88674545288086,36.88674545288086,1.1146944700612949e-08,0.0,1.5,4.429147720336914,2.0701611042022705
val,conditioning_real_adv,16321,1,0.002619624137878418,0.002619624137878418,0.002619624137878418,0.002619624137878418,0.002619624137878418,1.0,0.0,0.0,0.0,0.0,0.0,0.0,0.0,17.8841552734375,17.8841552734375,0.0026196332182735205,0.0,0.0,5.285492420196533,2.3585057258605957
val,conditioning_real_adv,16366,1,-0.4999980926513672,-0.4999980926513672,-0.4999980926513672,-0.4999980926513672,-0.4999980926513672,0.0,0.0,0.0,0.0,0.0,0.0,1.0,0.0,22.249109268188477,22.249109268188477,1.9147882994730026e-06,0.0,0.5,4.272268295288086,1.9989124536514282
val,conditioning_real_adv,16417,1,-1.0,-1.0,-1.0,-1.0,-1.0,0.0,0.0,0.0,0.0,0.0,1.0,1.0,0.0,41.38974380493164,41.38974380493164,2.1924297100017753e-10,0.0,1.5,4.555222988128662,2.1112287044525146
val,conditioning_real_adv,16429,1,-0.4999999403953552,-0.4999999403953552,-0.4999999403953552,-0.4999999403953552,-0.4999999403953552,0.0,0.0,0.0,0.0,0.0,0.0,1.0,0.0,29.13707160949707,29.13707160949707,4.990235069612936e-08,0.0,0.5,4.457250118255615,2.085855007171631
val,conditioning_real_adv,16445,1,-1.0,-1.0,-1.0,-1.0,-1.0,0.0,0.0,0.0,0.0,0.0,0.0,1.0,0.0,17.35816192626953,17.35816192626953,1.4207876120053697e-06,0.0,1.3615009784698486,5.281778812408447,2.355214834213257
val,conditioning_real_adv,16467,1,0.0,0.0,0.0,0.0,0.0,0.0,0.0,0.0,0.0,0.0,0.0,0.0,0.0,41.14418029785156,41.14418029785156,1.8658409998382206e-16,0.0,0.0,4.803116798400879,2.1202504634857178
val,conditioning_real_adv,16553,1,0.3645285367965698,0.3645285367965698,0.3645285367965698,0.3645285367965698,0.3645285367965698,1.0,1.0,0.0,0.0,0.0,0.0,0.0,0.0,7.037116527557373,7.037116527557373,0.36452850699424744,0.0,0.0,4.7714314460754395,2.143969774246216
val,conditioning_real_adv,16554,1,3.337860107421875e-06,3.337860107421875e-06,3.337860107421875e-06,3.337860107421875e-06,3.337860107421875e-06,1.0,0.0,0.0,0.0,0.0,0.0,0.0,0.0,16.54909324645996,16.54909324645996,3.3176281704072608e-06,0.0,0.0,4.813787460327148,2.110445022583008
val,conditioning_real_adv,16676,1,0.4509553909301758,0.4509553909301758,0.4509553909301758,0.4509553909301758,0.4509553909301758,1.0,1.0,0.0,0.0,0.0,0.0,0.0,0.0,6.393621921539307,6.393621921539307,0.45095542073249817,0.0,0.0,5.281452178955078,2.356868028640747
val,conditioning_real_adv,16688,1,-0.5,-0.5,-0.5,-0.5,-0.5,0.0,0.0,0.0,0.0,0.0,0.0,1.0,0.0,26.497129440307617,26.497129440307617,8.896985925765932e-11,0.0,0.5,4.683777809143066,2.0943987369537354
val,conditioning_real_adv,16695,1,0.26700371503829956,0.26700371503829956,0.26700371503829956,0.26700371503829956,0.26700371503829956,1.0,0.0,0.0,0.0,0.0,0.0,0.0,0.0,8.008877754211426,8.008877754211426,0.26700371503829956,0.0,0.0,4.6210432052612305,2.0318307876586914
val,conditioning_real_adv,16736,1,-0.5,-0.5,-0.5,-0.5,-0.5,0.0,0.0,0.0,0.0,0.0,0.0,1.0,0.0,37.50701141357422,37.50701141357422,8.673415874405066e-10,0.0,0.5,4.765552997589111,2.138413190841675
val,conditioning_real_adv,16744,1,-1.0,-1.0,-1.0,-1.0,-1.0,0.0,0.0,0.0,0.0,0.0,1.0,1.0,0.0,37.36127471923828,37.36127471923828,5.517159173962227e-09,0.0,1.5,4.585019111633301,2.069575309753418
val,conditioning_real_adv,16808,1,1.0728836059570312e-06,1.0728836059570312e-06,1.0728836059570312e-06,1.0728836059570312e-06,1.0728836059570312e-06,1.0,0.0,0.0,0.0,0.0,0.0,0.0,0.0,29.493974685668945,29.493974685668945,1.052238417287299e-06,0.0,0.0,8.085968971252441,3.024308204650879
val,conditioning_real_adv,16809,1,-1.0,-1.0,-1.0,-1.0,-1.0,0.0,0.0,0.0,0.0,0.0,0.0,1.0,0.0,33.6369743347168,33.6369743347168,1.4641112322522076e-08,0.0,1.2444443702697754,4.68875789642334,2.0946412086486816
val,conditioning_real_adv,16814,1,1.627206802368164e-05,1.627206802368164e-05,1.627206802368164e-05,1.627206802368164e-05,1.627206802368164e-05,1.0,0.0,0.0,0.0,0.0,0.0,0.0,0.0,25.09036636352539,25.09036636352539,1.6282472643069923e-05,0.0,0.0,6.9057936668396,2.780344009399414
val,conditioning_real_adv,16835,1,0.014583289623260498,0.014583289623260498,0.014583289623260498,0.014583289623260498,0.014583289623260498,1.0,0.0,0.0,0.0,0.0,0.0,0.0,0.0,14.36734390258789,14.36734390258789,0.01458326168358326,0.0,0.0,5.299243450164795,2.363447904586792
val,conditioning_real_adv,16922,1,-1.0,-1.0,-1.0,-1.0,-1.0,0.0,0.0,0.0,0.0,1.0,0.0,0.0,0.0,4.267730712890625,4.267730712890625,0.08093033730983734,0.0,0.0,4.666923999786377,2.0683841705322266
val,conditioning_real_adv,16968,1,0.0,0.0,0.0,0.0,0.0,0.0,0.0,0.0,0.0,0.0,0.0,0.0,0.0,13.279905319213867,13.279905319213867,0.0,0.0,0.0,4.957554817199707,2.166198968887329
val,conditioning_real_adv,16988,1,0.0,0.0,0.0,0.0,0.0,0.0,0.0,0.0,0.0,0.0,0.0,0.0,0.0,28.78748893737793,28.78748893737793,0.0,0.0,0.0,5.3918232917785645,2.488419532775879
val,conditioning_real_adv,17017,1,1.7881393432617188e-07,1.7881393432617188e-07,1.7881393432617188e-07,1.7881393432617188e-07,1.7881393432617188e-07,1.0,0.0,0.0,0.0,0.0,0.0,0.0,0.0,29.902284622192383,29.902284622192383,1.7399193552591896e-07,0.0,0.0,4.883563041687012,2.159590482711792
val,conditioning_real_adv,17034,1,-1.0,-1.0,-1.0,-1.0,-1.0,0.0,0.0,0.0,0.0,0.0,1.0,1.0,0.0,37.11572265625,37.11572265625,1.5024681498942982e-09,0.0,1.5,4.293538570404053,1.9717100858688354
val,conditioning_real_adv,17043,1,-1.0,-1.0,-1.0,-1.0,-1.0,0.0,0.0,0.0,0.0,0.0,1.0,1.0,0.0,29.34508514404297,29.34508514404297,1.4293792538477845e-10,0.0,1.5,5.6599578857421875,2.429093360900879
val,conditioning_real_adv,17048,1,2.384185791015625e-07,2.384185791015625e-07,2.384185791015625e-07,2.384185791015625e-07,2.384185791015625e-07,1.0,0.0,0.0,0.0,0.0,0.0,0.0,0.0,29.852705001831055,29.852705001831055,2.2614634076489892e-07,0.0,0.0,4.909146785736084,2.156449317932129
val,conditioning_real_adv,17071,1,-1.0,-1.0,-1.0,-1.0,-1.0,0.0,0.0,0.0,0.0,0.0,1.0,1.0,0.0,31.46528434753418,31.46528434753418,2.3228088896765087e-10,0.0,1.5,5.279470443725586,2.356846809387207
val,conditioning_real_adv,17099,1,1.7881393432617188e-06,1.7881393432617188e-06,1.7881393432617188e-06,1.7881393432617188e-06,1.7881393432617188e-06,1.0,0.0,0.0,0.0,0.0,0.0,0.0,0.0,27.207075119018555,27.207075119018555,1.778153091436252e-06,0.0,0.0,5.151700496673584,2.288285732269287
val,conditioning_real_adv,17104,1,0.021608591079711914,0.021608591079711914,0.021608591079711914,0.021608591079711914,0.021608591079711914,1.0,0.0,0.0,0.0,0.0,0.0,0.0,0.0,4.614208698272705,4.614208698272705,0.021608570590615273,0.0,0.0,4.364146709442139,2.0346453189849854
val,conditioning_real_adv,17170,1,-1.0,-1.0,-1.0,-1.0,-1.0,0.0,0.0,0.0,0.0,0.0,1.0,1.0,0.0,30.707035064697266,30.707035064697266,2.3103430280002613e-08,0.0,1.5,4.737954139709473,2.164695978164673
val,conditioning_real_adv,17202,1,0.00019913911819458008,0.00019913911819458008,0.00019913911819458008,0.00019913911819458008,0.00019913911819458008,1.0,0.0,0.0,0.0,0.0,0.0,0.0,0.0,23.021076202392578,23.021076202392578,0.00019914672884624451,0.0,0.0,4.681116580963135,2.1804051399230957
val,conditioning_real_adv,17424,1,0.055069029331207275,0.055069029331207275,0.055069029331207275,0.055069029331207275,0.055069029331207275,1.0,0.0,0.0,0.0,0.0,0.0,0.0,0.0,6.01978063583374,6.01978063583374,0.055069055408239365,0.0,0.0,4.537972450256348,2.062950849533081
val,conditioning_real_adv,17669,1,-0.06846579909324646,-0.06846579909324646,-0.06846579909324646,-0.06846579909324646,-0.06846579909324646,0.0,0.0,0.0,0.0,0.0,0.0,0.0,0.0,10.113541603088379,10.113541603088379,3.525585725583369e-06,0.0,0.06846931576728821,4.550057411193848,2.0626611709594727
val,conditioning_real_adv,17699,1,4.76837158203125e-07,4.76837158203125e-07,4.76837158203125e-07,4.76837158203125e-07,4.76837158203125e-07,1.0,0.0,0.0,0.0,0.0,0.0,0.0,0.0,29.790998458862305,29.790998458862305,4.5958898908793344e-07,0.0,0.0,4.579214096069336,2.0793747901916504
val,conditioning_real_adv,17716,1,0.14434486627578735,0.14434486627578735,0.14434486627578735,0.14434486627578735,0.14434486627578735,1.0,0.0,0.0,0.0,0.0,0.0,0.0,0.0,9.196867942810059,9.196867942810059,0.14434488117694855,0.0,0.0,5.289492607116699,2.3613646030426025
val,conditioning_real_adv,17762,1,0.0,0.0,0.0,0.0,0.0,0.0,0.0,0.0,0.0,0.0,0.0,0.0,0.0,25.513675689697266,25.513675689697266,8.829693087797352e-10,0.0,0.0,4.430144309997559,2.0173394680023193
val,conditioning_real_adv,17784,1,-1.0,-1.0,-1.0,-1.0,-1.0,0.0,0.0,0.0,0.0,0.0,1.0,1.0,0.0,37.296287536621094,37.296287536621094,8.796097183960683e-09,0.0,1.5,4.906561851501465,2.201582431793213
val,conditioning_real_adv,17857,1,-1.0,-1.0,-1.0,-1.0,-1.0,0.0,0.0,0.0,0.0,0.0,1.0,1.0,0.0,37.662418365478516,37.662418365478516,9.55471205627001e-12,0.0,1.5,4.409810543060303,2.0359857082366943
val,conditioning_real_adv,17861,1,1.1920928955078125e-07,1.1920928955078125e-07,1.1920928955078125e-07,1.1920928955078125e-07,1.1920928955078125e-07,1.0,0.0,0.0,0.0,0.0,0.0,0.0,1.0,21.223018646240234,21.223018646240234,1.2157835271864315e-07,0.0,0.0,0.9323136210441589,0.8773154020309448
val,conditioning_real_adv,18003,1,-1.0,-1.0,-1.0,-1.0,-1.0,0.0,0.0,0.0,0.0,0.0,1.0,1.0,0.0,27.95565414428711,27.95565414428711,3.631975431517276e-08,0.0,1.5,4.158100605010986,1.9788224697113037
val,conditioning_real_adv,18036,1,-0.5,-0.5,-0.5,-0.5,-0.5,0.0,0.0,0.0,0.0,0.0,0.0,1.0,0.0,33.345703125,33.345703125,7.242119664380153e-12,0.0,0.5,4.697391033172607,2.101057767868042
val,conditioning_real_adv,18063,1,0.0005477070808410645,0.0005477070808410645,0.0005477070808410645,0.0005477070808410645,0.0005477070808410645,1.0,0.0,0.0,0.0,0.0,0.0,0.0,0.0,21.01814842224121,21.01814842224121,0.0005477097583934665,0.0,0.0,4.7834696769714355,2.150214672088623
val,conditioning_real_adv,18151,1,-1.0,-1.0,-1.0,-1.0,-1.0,0.0,0.0,0.0,0.0,0.0,1.0,1.0,0.0,39.74077224731445,39.74077224731445,1.1192804461046535e-09,0.0,1.5,5.272241115570068,2.360006093978882
val,conditioning_real_adv,18245,1,0.001232445240020752,0.001232445240020752,0.001232445240020752,0.001232445240020752,0.001232445240020752,1.0,0.0,0.0,0.0,0.0,0.0,0.0,0.0,15.129758834838867,15.129758834838867,0.001232417649589479,0.0,0.0,4.671385288238525,2.164550304412842
val,conditioning_real_adv,18259,1,0.7224769592285156,0.7224769592285156,0.7224769592285156,0.7224769592285156,0.7224769592285156,1.0,1.0,1.0,1.0,0.0,0.0,1.0,0.0,6.657230377197266,6.657230377197266,0.4185775816440582,0.8666666746139526,0.5,4.719351291656494,2.1449902057647705
val,conditioning_real_adv,18284,1,5.960464477539062e-07,5.960464477539062e-07,5.960464477539062e-07,5.960464477539062e-07,5.960464477539062e-07,1.0,0.0,0.0,0.0,0.0,0.0,0.0,0.0,24.455636978149414,24.455636978149414,5.919371801610396e-07,0.0,0.0,5.011099338531494,2.2480616569519043
val,conditioning_real_adv,18348,1,0.13410115242004395,0.13410115242004395,0.13410115242004395,0.13410115242004395,0.13410115242004395,1.0,0.0,0.0,0.0,0.0,0.0,0.0,0.0,9.57735824584961,9.57735824584961,0.13410118222236633,0.0,0.0,5.405068397521973,2.3723719120025635
val,conditioning_real_adv,18355,1,-0.5,-0.5,-0.5,-0.5,-0.5,0.0,0.0,0.0,0.0,0.0,0.0,1.0,0.0,35.089969635009766,35.089969635009766,1.08941897170034e-10,0.0,0.5,4.5003461837768555,2.0646839141845703
val,conditioning_real_adv,18407,1,-0.5,-0.5,-0.5,-0.5,-0.5,0.0,0.0,0.0,0.0,0.0,0.0,1.0,0.0,43.016056060791016,43.016056060791016,8.491284932132803e-13,0.0,0.5,4.41264009475708,2.000027894973755
val,conditioning_real_adv,18470,1,0.0,0.0,0.0,0.0,0.0,0.0,0.0,0.0,0.0,0.0,0.0,0.0,1.0,28.998638153076172,28.998638153076172,6.47065201420105e-09,0.0,0.0,0.975361168384552,0.9122931957244873
val,conditioning_real_adv,18492,1,0.003955543041229248,0.003955543041229248,0.003955543041229248,0.003955543041229248,0.003955543041229248,1.0,0.0,0.0,0.0,0.0,0.0,0.0,0.0,12.906839370727539,12.906839370727539,0.0039555467665195465,0.0,0.0,5.283614158630371,2.3558554649353027
val,conditioning_real_adv,18530,1,-1.0,-1.0,-1.0,-1.0,-1.0,0.0,0.0,0.0,0.0,0.0,1.0,1.0,0.0,27.211105346679688,27.211105346679688,5.353556709053464e-09,0.0,1.5,4.283545017242432,1.9483517408370972
val,conditioning_real_adv,18572,1,0.0009153485298156738,0.0009153485298156738,0.0009153485298156738,0.0009153485298156738,0.0009153485298156738,1.0,0.0,0.0,0.0,0.0,0.0,0.0,0.0,19.880050659179688,19.880050659179688,0.0009153321734629571,0.0,0.0,4.878320693969727,2.182866096496582
val,conditioning_real_adv,18640,1,-1.0,-1.0,-1.0,-1.0,-1.0,0.0,0.0,0.0,0.0,0.0,0.0,1.0,0.0,30.538240432739258,30.538240432739258,1.3969919665512975e-10,0.0,1.4639147520065308,4.581808090209961,2.1026952266693115
val,conditioning_real_adv,18648,1,0.00020360946655273438,0.00020360946655273438,0.00020360946655273438,0.00020360946655273438,0.00020360946655273438,1.0,0.0,0.0,0.0,0.0,0.0,0.0,0.0,22.965213775634766,22.965213775634766,0.0002036007062997669,0.0,0.0,4.298118591308594,1.9709646701812744
val,conditioning_real_adv,18710,1,2.658367156982422e-05,2.658367156982422e-05,2.658367156982422e-05,2.658367156982422e-05,2.658367156982422e-05,1.0,0.0,0.0,0.0,0.0,0.0,0.0,0.0,22.165149688720703,22.165149688720703,2.659104393387679e-05,0.0,0.0,4.8274712562561035,2.1510543823242188
val,conditioning_real_adv,18797,1,0.0004922747611999512,0.0004922747611999512,0.0004922747611999512,0.0004922747611999512,0.0004922747611999512,1.0,0.0,0.0,0.0,0.0,0.0,0.0,0.0,21.230234146118164,21.230234146118164,0.0004922670777887106,0.0,0.0,4.627223968505859,2.1686389446258545
val,conditioning_real_adv,18814,1,0.00010055303573608398,0.00010055303573608398,0.00010055303573608398,0.00010055303573608398,0.00010055303573608398,1.0,0.0,0.0,0.0,0.0,0.0,0.0,1.0,18.82452392578125,18.82452392578125,0.0001005478625302203,0.0,0.0,0.8742884397506714,0.8451457619667053
val,conditioning_real_adv,18851,1,-1.0,-1.0,-1.0,-1.0,-1.0,0.0,0.0,0.0,0.0,0.0,1.0,1.0,0.0,42.32088088989258,42.32088088989258,6.040547229080317e-11,0.0,1.5,5.283823013305664,2.3584201335906982
val,conditioning_real_adv,18866,1,0.004035830497741699,0.004035830497741699,0.004035830497741699,0.004035830497741699,0.004035830497741699,1.0,0.0,0.0,0.0,0.0,0.0,0.0,0.0,17.016908645629883,17.016908645629883,0.0040358323603868484,0.0,0.0,8.136805534362793,2.937856435775757
val,conditioning_real_adv,18869,1,0.0,0.0,0.0,0.0,0.0,0.0,0.0,0.0,0.0,0.0,0.0,0.0,0.0,29.78270149230957,29.78270149230957,7.626230918468535e-13,0.0,0.0,5.06451940536499,2.2689151763916016
val,conditioning_real_adv,18974,1,0.00012946128845214844,0.00012946128845214844,0.00012946128845214844,0.00012946128845214844,0.00012946128845214844,1.0,0.0,0.0,0.0,0.0,0.0,0.0,0.0,8.951993942260742,8.951993942260742,0.00012948187941219658,0.0,0.0,5.280089855194092,2.3615872859954834
val,conditioning_real_adv,18983,1,-1.0,-1.0,-1.0,-1.0,-1.0,0.0,0.0,0.0,0.0,0.0,1.0,1.0,1.0,26.648277282714844,26.648277282714844,7.632658594047825e-07,0.0,1.5,0.896546483039856,0.8613353967666626
val,conditioning_real_adv,18985,1,5.960464477539063e-08,5.960464477539063e-08,5.960464477539063e-08,5.960464477539063e-08,5.960464477539063e-08,1.0,0.0,0.0,0.0,0.0,0.0,0.0,0.0,30.458845138549805,30.458845138549805,3.9095684911671924e-08,0.0,0.0,4.55521821975708,2.0433781147003174
val,conditioning_real_adv,18992,1,1.1920928955078125e-07,1.1920928955078125e-07,1.1920928955078125e-07,1.1920928955078125e-07,1.1920928955078125e-07,1.0,0.0,0.0,0.0,0.0,0.0,0.0,0.0,31.60233497619629,31.60233497619629,1.3270783938423847e-07,0.0,0.0,4.680690765380859,2.070796012878418
val,conditioning_real_adv,18993,1,0.016779005527496338,0.016779005527496338,0.016779005527496338,0.016779005527496338,0.016779005527496338,1.0,0.0,0.0,0.0,0.0,0.0,0.0,0.0,13.947823524475098,13.947823524475098,0.01677902787923813,0.0,0.0,5.162489414215088,2.373079538345337
val,conditioning_real_adv,19027,1,-1.0,-1.0,-1.0,-1.0,-1.0,0.0,0.0,0.0,0.0,0.0,1.0,1.0,0.0,43.02320861816406,43.02320861816406,5.213177806107083e-11,0.0,1.5,5.276042461395264,2.3562541007995605
val,conditioning_real_adv,19073,1,3.159046173095703e-06,3.159046173095703e-06,3.159046173095703e-06,3.159046173095703e-06,3.159046173095703e-06,1.0,0.0,0.0,0.0,0.0,0.0,0.0,1.0,25.746572494506836,25.746572494506836,3.1746694730827585e-06,0.0,0.0,1.8637936115264893,0.8532505631446838
val,conditioning_real_adv,19074,1,-1.0,-1.0,-1.0,-1.0,-1.0,0.0,0.0,0.0,0.0,0.0,1.0,1.0,0.0,43.02318572998047,43.02318572998047,5.137403280564001e-10,0.0,1.5,4.7472052574157715,2.180335760116577
val,conditioning_real_adv,19076,1,0.7571855187416077,0.7571855187416077,0.7571855187416077,0.7571855187416077,0.7571855187416077,1.0,1.0,1.0,0.0,0.0,0.0,0.0,0.0,3.7253217697143555,3.7253217697143555,0.7571855187416077,0.0,0.0,5.771327495574951,2.4497387409210205
val,conditioning_real_adv,19153,1,0.0955628752708435,0.0955628752708435,0.0955628752708435,0.0955628752708435,0.0955628752708435,1.0,0.0,0.0,0.0,0.0,0.0,0.0,0.0,3.517469644546509,3.517469644546509,0.09556286036968231,0.0,0.0,5.975103855133057,2.5129201412200928
val,conditioning_real_adv,19171,1,0.002435743808746338,0.002435743808746338,0.002435743808746338,0.002435743808746338,0.002435743808746338,1.0,0.0,0.0,0.0,0.0,0.0,0.0,0.0,15.720396995544434,15.720396995544434,0.0024357696529477835,0.0,0.0,4.672027111053467,2.1889145374298096
val,conditioning_real_adv,19177,1,0.0001513361930847168,0.0001513361930847168,0.0001513361930847168,0.0001513361930847168,0.0001513361930847168,1.0,0.0,0.0,0.0,0.0,0.0,0.0,0.0,23.526479721069336,23.526479721069336,0.00015133408305700868,0.0,0.0,4.7252302169799805,2.0673699378967285
val,conditioning_real_adv,19219,1,0.03175520896911621,0.03175520896911621,0.03175520896911621,0.03175520896911621,0.03175520896911621,1.0,0.0,0.0,0.0,0.0,0.0,0.0,0.0,12.834851264953613,12.834851264953613,0.03175517916679382,0.0,0.0,6.169117450714111,2.6508278846740723
val,conditioning_real_adv,19222,1,0.0,0.0,0.0,0.0,0.0,0.0,0.0,0.0,0.0,0.0,0.0,0.0,0.0,26.018478393554688,26.018478393554688,1.268887039884703e-08,0.0,0.0,5.28267765045166,2.3618452548980713
val,conditioning_real_adv,19228,1,8.702278137207031e-06,8.702278137207031e-06,8.702278137207031e-06,8.702278137207031e-06,8.702278137207031e-06,1.0,0.0,0.0,0.0,0.0,0.0,0.0,0.0,24.226030349731445,24.226030349731445,8.730647095944732e-06,0.0,0.0,4.8318915367126465,2.094106435775757
val,conditioning_real_adv,19254,1,-1.0,-1.0,-1.0,-1.0,-1.0,0.0,0.0,0.0,0.0,0.0,1.0,1.0,0.0,33.23465347290039,33.23465347290039,4.452646307218089e-10,0.0,1.5,5.142121315002441,2.2929036617279053
val,conditioning_real_adv,19292,1,-1.0,-1.0,-1.0,-1.0,-1.0,0.0,0.0,0.0,0.0,0.0,1.0,1.0,0.0,36.984954833984375,36.984954833984375,1.3510503826807962e-10,0.0,1.5,4.798166751861572,2.1198620796203613
val,conditioning_real_adv,19315,1,-0.5,-0.5,-0.5,-0.5,-0.5,0.0,0.0,0.0,0.0,0.0,0.0,1.0,0.0,30.09925651550293,30.09925651550293,1.2564002616066716e-10,0.0,0.5,5.13280725479126,2.2869436740875244
val,conditioning_real_adv,19421,1,-0.6756768226623535,-0.6756768226623535,-0.6756768226623535,-0.6756768226623535,-0.6756768226623535,0.0,0.0,0.0,0.0,0.0,0.0,1.0,0.0,29.27179718017578,29.27179718017578,1.7338674496159e-08,0.0,0.6756768226623535,4.10248327255249,1.9315181970596313
val,conditioning_real_adv,19423,1,3.159046173095703e-06,3.159046173095703e-06,3.159046173095703e-06,3.159046173095703e-06,3.159046173095703e-06,1.0,0.0,0.0,0.0,0.0,0.0,0.0,0.0,26.76055335998535,26.76055335998535,3.1793967991688987e-06,0.0,0.0,5.2796125411987305,2.358975648880005
val,conditioning_real_adv,19440,1,8.58306884765625e-06,8.58306884765625e-06,8.58306884765625e-06,8.58306884765625e-06,8.58306884765625e-06,1.0,0.0,0.0,0.0,0.0,0.0,0.0,0.0,28.41856575012207,28.41856575012207,8.592168342147488e-06,0.0,0.0,4.342156410217285,2.005903959274292
val,conditioning_real_adv,19498,1,-1.0,-1.0,-1.0,-1.0,-1.0,0.0,0.0,0.0,0.0,0.0,1.0,1.0,0.0,42.87598419189453,42.87598419189453,1.8276308244580264e-10,0.0,1.5,5.28003454208374,2.359543561935425
val,conditioning_real_adv,19531,1,5.996227264404297e-05,5.996227264404297e-05,5.996227264404297e-05,5.996227264404297e-05,5.996227264404297e-05,1.0,0.0,0.0,0.0,0.0,0.0,0.0,0.0,25.367429733276367,25.367429733276367,5.9968631830997765e-05,0.0,0.0,5.016947269439697,2.164856433868408
val,conditioning_real_adv,19566,1,-1.0,-1.0,-1.0,-1.0,-1.0,0.0,0.0,0.0,0.0,0.0,1.0,1.0,0.0,38.56956481933594,38.56956481933594,3.2462081633877204e-11,0.0,1.5,4.82902193069458,2.1416852474212646
val,conditioning_real_adv,19592,1,-1.0,-1.0,-1.0,-1.0,-1.0,0.0,0.0,0.0,0.0,0.0,1.0,1.0,1.0,20.510278701782227,20.510278701782227,2.315059282409493e-05,0.0,1.5,0.861869215965271,0.8393789529800415
val,conditioning_real_adv,19610,1,-0.5,-0.5,-0.5,-0.5,-0.5,0.0,0.0,0.0,0.0,0.0,0.0,1.0,0.0,32.42533493041992,32.42533493041992,1.7576010091779892e-10,0.0,0.5,4.620889186859131,2.123405933380127
val,conditioning_real_adv,19620,1,-0.5,-0.5,-0.5,-0.5,-0.5,0.0,0.0,0.0,0.0,0.0,0.0,1.0,1.0,32.29348373413086,32.29348373413086,1.574369967727307e-08,0.0,0.5,1.0198957920074463,0.923592209815979
val,conditioning_real_adv,19672,1,-1.0,-1.0,-1.0,-1.0,-1.0,0.0,0.0,0.0,0.0,0.0,1.0,1.0,0.0,25.630931854248047,25.630931854248047,1.408391341328752e-07,0.0,1.5,5.764959335327148,2.4746897220611572
val,conditioning_real_adv,19690,1,4.70280647277832e-05,4.70280647277832e-05,4.70280647277832e-05,4.70280647277832e-05,4.70280647277832e-05,1.0,0.0,0.0,0.0,0.0,0.0,0.0,0.0,23.944599151611328,23.944599151611328,4.705133324023336e-05,0.0,0.0,4.781943321228027,2.1316630840301514
val,conditioning_real_adv,19730,1,0.00016307830810546875,0.00016307830810546875,0.00016307830810546875,0.00016307830810546875,0.00016307830810546875,1.0,0.0,0.0,0.0,0.0,0.0,0.0,0.0,23.43007469177246,23.43007469177246,0.0001630493497941643,0.0,0.0,5.280572891235352,2.358826160430908
val,conditioning_real_adv,19736,1,5.960464477539063e-08,5.960464477539063e-08,5.960464477539063e-08,5.960464477539063e-08,5.960464477539063e-08,1.0,0.0,0.0,0.0,0.0,0.0,0.0,0.0,20.390867233276367,20.390867233276367,8.217870828275409e-08,0.0,0.0,4.599392890930176,2.135549306869507
val,conditioning_real_adv,19747,1,0.0021607279777526855,0.0021607279777526855,0.0021607279777526855,0.0021607279777526855,0.0021607279777526855,1.0,0.0,0.0,0.0,0.0,0.0,0.0,0.0,17.501697540283203,17.501697540283203,0.002160727046430111,0.0,0.0,4.648743629455566,2.0540313720703125
val,conditioning_real_adv,19755,1,-0.9999749660491943,-0.9999749660491943,-0.9999749660491943,-0.9999749660491943,-0.9999749660491943,0.0,0.0,0.0,0.0,0.0,1.0,0.0,0.0,27.18923568725586,27.18923568725586,2.5021132387337275e-05,0.0,1.0,5.187641620635986,2.2567827701568604
val,conditioning_real_adv,19785,1,-1.0,-1.0,-1.0,-1.0,-1.0,0.0,0.0,0.0,0.0,0.0,1.0,1.0,0.0,31.45501708984375,31.45501708984375,2.9146763225185168e-08,0.0,1.5,4.623111248016357,2.0703914165496826
val,conditioning_real_adv,19819,1,-1.0,-1.0,-1.0,-1.0,-1.0,0.0,0.0,0.0,0.0,0.0,1.0,1.0,0.0,25.00960922241211,25.00960922241211,5.414672443748714e-08,0.0,1.5,5.728264808654785,2.392515182495117
val,conditioning_real_adv,19820,1,1.3887882232666016e-05,1.3887882232666016e-05,1.3887882232666016e-05,1.3887882232666016e-05,1.3887882232666016e-05,1.0,0.0,0.0,0.0,0.0,0.0,0.0,0.0,21.535446166992188,21.535446166992188,1.389805220242124e-05,0.0,0.0,5.281976699829102,2.3601913452148438
val,conditioning_real_adv,19835,1,0.0,0.0,0.0,0.0,0.0,0.0,0.0,0.0,0.0,0.0,0.0,0.0,0.0,19.484506607055664,19.484506607055664,1.6119505501348285e-16,0.0,0.0,4.491479396820068,2.017306089401245
val,conditioning_real_adv,19844,1,-1.0,-1.0,-1.0,-1.0,-1.0,0.0,0.0,0.0,0.0,0.0,1.0,0.0,0.0,26.194936752319336,26.194936752319336,8.441570220618644e-10,0.0,1.0,5.284581661224365,2.362457275390625
val,conditioning_real_adv,19877,1,-1.0,-1.0,-1.0,-1.0,-1.0,0.0,0.0,0.0,0.0,1.0,0.0,1.0,0.0,18.641664505004883,18.641664505004883,7.097973593772622e-06,0.0,0.5,5.672816276550293,2.399040937423706
val,conditioning_real_adv,20008,1,0.011398553848266602,0.011398553848266602,0.011398553848266602,0.011398553848266602,0.011398553848266602,1.0,0.0,0.0,0.0,0.0,0.0,0.0,0.0,14.681982040405273,14.681982040405273,0.011398551985621452,0.0,0.0,4.956646919250488,2.160367250442505
val,conditioning_real_adv,20028,1,-1.0,-1.0,-1.0,-1.0,-1.0,0.0,0.0,0.0,0.0,0.0,1.0,1.0,0.0,42.02768325805664,42.02768325805664,4.811155362993702e-10,0.0,1.5,5.582386016845703,2.538994789123535
val,conditioning_real_adv,20041,1,0.0,0.0,0.0,0.0,0.0,0.0,0.0,0.0,0.0,0.0,0.0,0.0,0.0,27.266681671142578,27.266681671142578,1.1742018912741514e-08,0.0,0.0,4.85533332824707,2.194347381591797
val,conditioning_real_adv,20153,1,-1.0,-1.0,-1.0,-1.0,-1.0,0.0,0.0,0.0,0.0,0.0,1.0,1.0,0.0,37.130313873291016,37.130313873291016,1.0153340390672838e-08,0.0,1.5,4.6776604652404785,2.077648401260376
val,conditioning_real_adv,20169,1,-1.0,-1.0,-1.0,-1.0,-1.0,0.0,0.0,0.0,0.0,0.0,1.0,1.0,0.0,40.017120361328125,40.017120361328125,1.5447795820300314e-10,0.0,1.5,4.635883808135986,2.085299015045166
val,conditioning_real_adv,20177,1,0.00018274784088134766,0.00018274784088134766,0.00018274784088134766,0.00018274784088134766,0.00018274784088134766,1.0,0.0,0.0,0.0,0.0,0.0,0.0,0.0,23.213258743286133,23.213258743286133,0.00018276112677995116,0.0,0.0,4.877633094787598,2.1868765354156494
val,conditioning_real_adv,20325,1,2.0265579223632812e-05,2.0265579223632812e-05,2.0265579223632812e-05,2.0265579223632812e-05,2.0265579223632812e-05,1.0,0.0,0.0,0.0,0.0,0.0,0.0,0.0,24.543333053588867,24.543333053588867,2.025454887188971e-05,0.0,0.0,5.282575607299805,2.357246160507202
val,conditioning_real_adv,20335,1,-1.0,-1.0,-1.0,-1.0,-1.0,0.0,0.0,0.0,0.0,0.0,1.0,1.0,0.0,30.803579330444336,30.803579330444336,6.754768411276757e-10,0.0,1.5,4.5599212646484375,2.085129499435425
val,conditioning_real_adv,20410,1,-1.0,-1.0,-1.0,-1.0,-1.0,0.0,0.0,0.0,0.0,0.0,1.0,1.0,0.0,38.675968170166016,38.675968170166016,1.1592347741451459e-11,0.0,1.5,5.475568771362305,2.392552614212036
val,conditioning_real_adv,20451,1,0.001984536647796631,0.001984536647796631,0.001984536647796631,0.001984536647796631,0.001984536647796631,1.0,0.0,0.0,0.0,0.0,0.0,0.0,0.0,18.44066619873047,18.44066619873047,0.0019845643546432257,0.0,0.0,4.4524970054626465,2.0198800563812256
val,conditioning_real_adv,20462,1,-1.0,-1.0,-1.0,-1.0,-1.0,0.0,0.0,0.0,0.0,0.0,1.0,1.0,0.0,11.937396049499512,11.937396049499512,0.00011279966565780342,0.0,1.5,4.628625392913818,2.1155037879943848
val,conditioning_real_adv,20625,1,-1.0,-1.0,-1.0,-1.0,-1.0,0.0,0.0,0.0,0.0,0.0,1.0,1.0,0.0,30.926570892333984,30.926570892333984,3.057160080643939e-09,0.0,1.5,4.902278900146484,2.154564380645752
val,conditioning_real_adv,20702,1,2.5510787963867188e-05,2.5510787963867188e-05,2.5510787963867188e-05,2.5510787963867188e-05,2.5510787963867188e-05,1.0,0.0,0.0,0.0,0.0,0.0,0.0,0.0,26.81086540222168,26.81086540222168,2.552984733483754e-05,0.0,0.0,4.4306464195251465,2.0864551067352295
val,conditioning_real_adv,20714,1,-1.0,-1.0,-1.0,-1.0,-1.0,0.0,0.0,0.0,0.0,0.0,1.0,1.0,0.0,37.39668273925781,37.39668273925781,2.2034282731731025e-10,0.0,1.5,4.589130401611328,2.048466920852661
val,conditioning_real_adv,20720,1,7.450580596923828e-06,7.450580596923828e-06,7.450580596923828e-06,7.450580596923828e-06,7.450580596923828e-06,1.0,0.0,0.0,0.0,0.0,0.0,0.0,0.0,28.109827041625977,28.109827041625977,7.476258815586334e-06,0.0,0.0,5.279022693634033,2.357518196105957
val,conditioning_real_adv,20722,1,0.0,0.0,0.0,0.0,0.0,0.0,0.0,0.0,0.0,0.0,0.0,0.0,0.0,26.208675384521484,26.208675384521484,8.208080660534784e-16,0.0,0.0,4.601313591003418,2.055030584335327
val,conditioning_real_adv,20777,1,0.011189103126525879,0.011189103126525879,0.011189103126525879,0.011189103126525879,0.011189103126525879,1.0,0.0,0.0,0.0,0.0,0.0,0.0,0.0,10.513633728027344,10.513633728027344,0.011189077980816364,0.0,0.0,4.96346378326416,2.1845948696136475
val,conditioning_real_adv,20856,1,0.0020642876625061035,0.0020642876625061035,0.0020642876625061035,0.0020642876625061035,0.0020642876625061035,1.0,0.0,0.0,0.0,0.0,0.0,0.0,0.0,18.36174774169922,18.36174774169922,0.0020643107127398252,0.0,0.0,4.376214504241943,2.0520386695861816
val,conditioning_real_adv,20857,1,-1.0,-1.0,-1.0,-1.0,-1.0,0.0,0.0,0.0,0.0,0.0,1.0,1.0,0.0,33.043766021728516,33.043766021728516,8.50258752294053e-10,0.0,1.5,4.773110866546631,2.1644225120544434
val,conditioning_real_adv,20907,1,3.5762786865234375e-07,3.5762786865234375e-07,3.5762786865234375e-07,3.5762786865234375e-07,3.5762786865234375e-07,1.0,0.0,0.0,0.0,0.0,0.0,0.0,0.0,30.122724533081055,30.122724533081055,3.8035085481169517e-07,0.0,0.0,4.584455490112305,2.0747077465057373
val,conditioning_real_adv,20945,1,0.277201771736145,0.277201771736145,0.277201771736145,0.277201771736145,0.277201771736145,1.0,0.0,0.0,0.0,0.0,0.0,0.0,0.0,7.781895637512207,7.781895637512207,0.277201771736145,0.0,0.0,4.69072961807251,2.0957984924316406
val,conditioning_real_adv,20975,1,1.7881393432617188e-07,1.7881393432617188e-07,1.7881393432617188e-07,1.7881393432617188e-07,1.7881393432617188e-07,1.0,0.0,0.0,0.0,0.0,0.0,0.0,0.0,26.51051139831543,26.51051139831543,1.980444039872964e-07,0.0,0.0,6.011607646942139,2.498931884765625
val,conditioning_real_adv,21015,1,0.00021827220916748047,0.00021827220916748047,0.00021827220916748047,0.00021827220916748047,0.00021827220916748047,1.0,0.0,0.0,0.0,0.0,0.0,0.0,0.0,22.844005584716797,22.844005584716797,0.0002182725293096155,0.0,0.0,5.280012607574463,2.3581438064575195
val,conditioning_real_adv,21091,1,2.008676528930664e-05,2.008676528930664e-05,2.008676528930664e-05,2.008676528930664e-05,2.008676528930664e-05,1.0,0.0,0.0,0.0,0.0,0.0,0.0,0.0,18.710979461669922,18.710979461669922,2.0106957890675403e-05,0.0,0.0,5.837116241455078,2.451446533203125
val,conditioning_real_adv,21132,1,0.0,0.0,0.0,0.0,0.0,0.0,0.0,0.0,0.0,0.0,0.0,0.0,0.0,24.155338287353516,24.155338287353516,5.937620617402217e-09,0.0,0.0,4.549615383148193,2.0397543907165527
val,conditioning_real_adv,21163,1,-0.5,-0.5,-0.5,-0.5,-0.5,0.0,0.0,0.0,0.0,0.0,0.0,1.0,0.0,30.545886993408203,30.545886993408203,4.520488428028102e-09,0.0,0.5,4.149072647094727,1.9361246824264526
val,conditioning_real_adv,21227,1,0.0,0.0,0.0,0.0,0.0,0.0,0.0,0.0,0.0,0.0,0.0,0.0,0.0,26.61185073852539,26.61185073852539,1.0617883461350175e-08,0.0,0.0,4.370981216430664,2.0228636264801025
val,conditioning_real_adv,21254,1,0.8006632328033447,0.8006632328033447,0.8006632328033447,0.8006632328033447,0.8006632328033447,1.0,1.0,1.0,0.0,0.0,0.0,0.0,0.0,17.411251068115234,17.411251068115234,0.0033160089515149593,0.800000011920929,0.0,4.847872257232666,2.143594980239868
val,conditioning_real_adv,21266,1,-1.0,-1.0,-1.0,-1.0,-1.0,0.0,0.0,0.0,0.0,0.0,1.0,1.0,0.0,36.970726013183594,36.970726013183594,9.453145821680664e-09,0.0,1.5,4.704677581787109,2.137115716934204
val,conditioning_real_adv,21308,1,-1.0,-1.0,-1.0,-1.0,-1.0,0.0,0.0,0.0,0.0,0.0,1.0,1.0,0.0,39.99797821044922,39.99797821044922,1.9568732745334216e-10,0.0,1.5,4.61095666885376,2.076626777648926
val,conditioning_real_adv,21312,1,9.500980377197266e-05,9.500980377197266e-05,9.500980377197266e-05,9.500980377197266e-05,9.500980377197266e-05,1.0,0.0,0.0,0.0,0.0,0.0,0.0,0.0,24.438798904418945,24.438798904418945,9.500808664597571e-05,0.0,0.0,5.281962871551514,2.35764741897583
val,conditioning_real_adv,21361,1,-1.0,-1.0,-1.0,-1.0,-1.0,0.0,0.0,0.0,0.0,0.0,1.0,1.0,0.0,36.996910095214844,36.996910095214844,1.5142112563815147e-10,0.0,1.5,4.680819034576416,2.141228675842285
val,conditioning_real_adv,21429,1,-0.3493250906467438,-0.3493250906467438,-0.3493250906467438,-0.3493250906467438,-0.3493250906467438,0.0,0.0,0.0,0.0,0.0,0.0,0.0,1.0,15.607847213745117,15.607847213745117,1.8802362319547683e-05,0.0,0.349343866109848,0.9934036135673523,0.9005332589149475
val,conditioning_real_adv,21450,1,0.05612456798553467,0.05612456798553467,0.05612456798553467,0.05612456798553467,0.05612456798553467,1.0,0.0,0.0,0.0,0.0,0.0,0.0,0.0,11.532097816467285,11.532097816467285,0.05612454190850258,0.0,0.0,4.559326171875,2.0384151935577393
val,conditioning_real_adv,21488,1,-1.0,-1.0,-1.0,-1.0,-1.0,0.0,0.0,0.0,0.0,0.0,1.0,1.0,0.0,31.310815811157227,31.310815811157227,2.104632468302725e-09,0.0,1.5,4.6511735916137695,2.135474443435669
val,conditioning_real_adv,21529,1,0.019045889377593994,0.019045889377593994,0.019045889377593994,0.019045889377593994,0.019045889377593994,1.0,0.0,1.0,0.0,0.0,0.0,1.0,0.0,5.847513198852539,5.847513198852539,0.519045889377594,0.0,0.5,4.585870742797852,2.059370756149292
val,conditioning_real_adv,21639,1,0.00013720989227294922,0.00013720989227294922,0.00013720989227294922,0.00013720989227294922,0.00013720989227294922,1.0,0.0,0.0,0.0,0.0,0.0,0.0,0.0,23.741220474243164,23.741220474243164,0.00013719216804020107,0.0,0.0,4.717656135559082,2.1427507400512695
val,conditioning_real_adv,21665,1,-0.635826051235199,-0.635826051235199,-0.635826051235199,-0.635826051235199,-0.635826051235199,0.0,0.0,0.0,0.0,0.0,0.0,1.0,0.0,30.487869262695312,30.487869262695312,6.228498605764798e-09,0.0,0.635826051235199,4.751368045806885,2.089345693588257
val,conditioning_real_adv,21672,1,-1.0,-1.0,-1.0,-1.0,-1.0,0.0,0.0,0.0,0.0,0.0,1.0,1.0,0.0,32.80987548828125,32.80987548828125,1.8215426944578894e-09,0.0,1.5,5.2791852951049805,2.357914924621582
val,conditioning_real_adv,21793,1,0.0,0.0,0.0,0.0,0.0,0.0,0.0,0.0,0.0,0.0,0.0,0.0,0.0,29.528701782226562,29.528701782226562,2.5513252534942188e-12,0.0,0.0,4.8322248458862305,2.1235454082489014
val,conditioning_real_adv,21802,1,2.3365020751953125e-05,2.3365020751953125e-05,2.3365020751953125e-05,2.3365020751953125e-05,2.3365020751953125e-05,1.0,0.0,0.0,0.0,0.0,0.0,0.0,0.0,23.437196731567383,23.437196731567383,2.334250893909484e-05,0.0,0.0,4.656825065612793,2.041687250137329
val,conditioning_real_adv,21807,1,0.02947556972503662,0.02947556972503662,0.02947556972503662,0.02947556972503662,0.02947556972503662,1.0,0.0,0.0,0.0,0.0,0.0,0.0,0.0,6.964505672454834,6.964505672454834,0.029475567862391472,0.0,0.0,4.591058731079102,2.108822822570801
val,conditioning_real_adv,21832,1,-0.5,-0.5,-0.5,-0.5,-0.5,0.0,0.0,0.0,0.0,0.0,0.0,1.0,0.0,32.51194381713867,32.51194381713867,4.517002327730779e-09,0.0,0.5,4.41254186630249,2.0421319007873535
val,conditioning_real_adv,21850,1,0.2584002614021301,0.2584002614021301,0.2584002614021301,0.2584002614021301,0.2584002614021301,1.0,0.0,0.0,0.0,0.0,0.0,0.0,0.0,8.108599662780762,8.108599662780762,0.2584002614021301,0.0,0.0,4.570124626159668,2.0389790534973145
val,conditioning_real_adv,21890,1,0.0011324882507324219,0.0011324882507324219,0.0011324882507324219,0.0011324882507324219,0.0011324882507324219,1.0,0.0,0.0,0.0,0.0,0.0,0.0,0.0,19.56198501586914,19.56198501586914,0.0011325108353048563,0.0,0.0,4.808818817138672,2.1259052753448486
val,conditioning_real_adv,21915,1,0.00018149614334106445,0.00018149614334106445,0.00018149614334106445,0.00018149614334106445,0.00018149614334106445,1.0,0.0,0.0,0.0,0.0,0.0,0.0,0.0,23.216283798217773,23.216283798217773,0.00018148450180888176,0.0,0.0,4.4506449699401855,2.091555118560791
val,conditioning_real_adv,21955,1,4.172325134277344e-07,4.172325134277344e-07,4.172325134277344e-07,4.172325134277344e-07,4.172325134277344e-07,1.0,0.0,0.0,0.0,0.0,0.0,0.0,0.0,29.662487030029297,29.662487030029297,4.096373515949381e-07,0.0,0.0,5.286434650421143,2.359823226928711
val,conditioning_real_adv,21959,1,1.043081283569336e-05,1.043081283569336e-05,1.043081283569336e-05,1.043081283569336e-05,1.043081283569336e-05,1.0,0.0,0.0,0.0,0.0,0.0,0.0,0.0,27.61911392211914,27.61911392211914,1.0452541573613416e-05,0.0,0.0,4.678921222686768,2.0953829288482666
val,conditioning_real_adv,21972,1,-1.0,-1.0,-1.0,-1.0,-1.0,0.0,0.0,0.0,0.0,0.0,1.0,1.0,1.0,32.63363265991211,32.63363265991211,5.310787920542737e-10,0.0,1.5,0.835289716720581,0.8632237315177917
val,conditioning_real_adv,22014,1,0.0,0.0,0.0,0.0,0.0,0.0,0.0,0.0,0.0,0.0,0.0,0.0,0.0,26.94050407409668,26.94050407409668,1.5423124245905859e-15,0.0,0.0,5.006649971008301,2.223698854446411
val,conditioning_real_adv,22090,1,-1.0,-1.0,-1.0,-1.0,-1.0,0.0,0.0,0.0,0.0,0.0,1.0,1.0,0.0,34.943965911865234,34.943965911865234,2.768207352232821e-08,0.0,1.5,4.913000106811523,2.1801388263702393
val,conditioning_real_adv,22098,1,0.007190704345703125,0.007190704345703125,0.007190704345703125,0.007190704345703125,0.007190704345703125,1.0,0.0,0.0,0.0,0.0,0.0,0.0,0.0,10.802343368530273,10.802343368530273,0.007190696429461241,0.0,0.0,4.766114711761475,2.0998284816741943
val,conditioning_real_adv,22119,1,7.927417755126953e-06,7.927417755126953e-06,7.927417755126953e-06,7.927417755126953e-06,7.927417755126953e-06,1.0,0.0,0.0,0.0,0.0,0.0,0.0,0.0,27.025951385498047,27.025951385498047,7.948538950586226e-06,0.0,0.0,4.485672950744629,2.056370496749878
val,conditioning_real_adv,22142,1,-0.5,-0.5,-0.5,-0.5,-0.5,0.0,0.0,0.0,0.0,0.0,0.0,1.0,0.0,33.55721664428711,33.55721664428711,1.8579542071517352e-10,0.0,0.5,4.841020584106445,2.12632155418396
val,conditioning_real_adv,22167,1,-0.5,-0.5,-0.5,-0.5,-0.5,0.0,0.0,0.0,0.0,0.0,0.0,1.0,0.0,30.69417953491211,30.69417953491211,1.2151973871610267e-09,0.0,0.5,5.278167724609375,2.3590495586395264
val,conditioning_real_adv,22249,1,0.12925124168395996,0.12925124168395996,0.12925124168395996,0.12925124168395996,0.12925124168395996,1.0,0.0,0.0,0.0,0.0,0.0,0.0,0.0,3.518580198287964,3.518580198287964,0.12925122678279877,0.0,0.0,5.315633296966553,2.314251661300659
val,conditioning_real_adv,22275,1,-0.5,-0.5,-0.5,-0.5,-0.5,0.0,0.0,0.0,0.0,0.0,0.0,1.0,0.0,30.301345825195312,30.301345825195312,1.488334802624003e-11,0.0,0.5,4.581192493438721,2.1118361949920654
val,conditioning_real_adv,22296,1,7.152557373046875e-07,7.152557373046875e-07,7.152557373046875e-07,7.152557373046875e-07,7.152557373046875e-07,1.0,0.0,0.0,0.0,0.0,0.0,0.0,0.0,28.669599533081055,28.669599533081055,7.006714781709888e-07,0.0,0.0,4.750258922576904,2.1550703048706055
val,conditioning_real_adv,22307,1,0.0,0.0,0.0,0.0,0.0,0.0,0.0,0.0,0.0,0.0,0.0,0.0,0.0,26.272022247314453,26.272022247314453,1.0137213117544785e-11,0.0,0.0,4.7148542404174805,2.152747392654419
val,conditioning_real_adv,22433,1,2.2649765014648438e-06,2.2649765014648438e-06,2.2649765014648438e-06,2.2649765014648438e-06,2.2649765014648438e-06,1.0,0.0,0.0,0.0,0.0,0.0,0.0,0.0,22.66280174255371,22.66280174255371,2.2832418835605495e-06,0.0,0.0,4.672685146331787,2.0691497325897217
val,conditioning_real_adv,22521,1,-0.5,-0.5,-0.5,-0.5,-0.5,0.0,0.0,0.0,0.0,0.0,0.0,1.0,0.0,35.33858108520508,35.33858108520508,1.1031272784123303e-08,0.0,0.5,4.174371242523193,1.9816861152648926
val,conditioning_real_adv,22540,1,0.0,0.0,0.0,0.0,0.0,0.0,0.0,0.0,0.0,0.0,0.0,0.0,0.0,18.59777069091797,18.59777069091797,7.313914556460188e-13,0.0,0.0,4.387844085693359,2.0132534503936768
val,conditioning_real_adv,22573,1,1.8894672393798828e-05,1.8894672393798828e-05,1.8894672393798828e-05,1.8894672393798828e-05,1.8894672393798828e-05,1.0,0.0,0.0,0.0,0.0,0.0,0.0,0.0,22.870166778564453,22.870166778564453,1.8902903320849873e-05,0.0,0.0,5.283243179321289,2.3610620498657227
val,conditioning_real_adv,22639,1,-0.5,-0.5,-0.5,-0.5,-0.5,0.0,0.0,0.0,0.0,0.0,0.0,1.0,0.0,33.43349838256836,33.43349838256836,1.1596887894427255e-08,0.0,0.5,4.4387593269348145,2.0577962398529053
val,conditioning_real_adv,22658,1,-1.0,-1.0,-1.0,-1.0,-1.0,0.0,0.0,0.0,0.0,0.0,1.0,1.0,0.0,35.77044677734375,35.77044677734375,3.164380910081199e-11,0.0,1.5,4.6107048988342285,2.074810743331909
val,conditioning_real_adv,22719,1,0.00028580427169799805,0.00028580427169799805,0.00028580427169799805,0.00028580427169799805,0.00028580427169799805,1.0,0.0,0.0,0.0,0.0,0.0,0.0,0.0,22.31703758239746,22.31703758239746,0.0002858293300960213,0.0,0.0,4.7967305183410645,2.1380481719970703
val,conditioning_real_adv,22744,1,0.0007493495941162109,0.0007493495941162109,0.0007493495941162109,0.0007493495941162109,0.0007493495941162109,1.0,0.0,0.0,0.0,0.0,0.0,0.0,0.0,12.296371459960938,12.296371459960938,0.0007493235752917826,0.0,0.0,5.284493923187256,2.360222578048706
val,conditioning_real_adv,22798,1,1.0,1.0,1.0,1.0,1.0,1.0,1.0,1.0,1.0,0.0,0.0,0.0,0.0,4.046139717102051,4.046139717102051,0.726498544216156,0.9666666388511658,0.0,4.595456123352051,2.0741376876831055
val,conditioning_real_adv,22883,1,7.68899917602539e-06,7.68899917602539e-06,7.68899917602539e-06,7.68899917602539e-06,7.68899917602539e-06,1.0,0.0,0.0,0.0,0.0,0.0,0.0,0.0,26.308454513549805,26.308454513549805,7.680194357817527e-06,0.0,0.0,4.730391979217529,2.1007437705993652
val,conditioning_real_adv,22924,1,3.5762786865234375e-07,3.5762786865234375e-07,3.5762786865234375e-07,3.5762786865234375e-07,3.5762786865234375e-07,1.0,0.0,0.0,0.0,0.0,0.0,0.0,0.0,27.613534927368164,27.613534927368164,3.4438201623743225e-07,0.0,0.0,4.586099624633789,2.0891032218933105
val,conditioning_real_adv,22956,1,0.0,0.0,0.0,0.0,0.0,0.0,0.0,0.0,0.0,0.0,0.0,0.0,0.0,35.60425567626953,35.60425567626953,6.784632855527661e-09,0.0,0.0,5.274201393127441,2.3588554859161377
val,conditioning_real_adv,23075,1,-0.5,-0.5,-0.5,-0.5,-0.5,0.0,0.0,0.0,0.0,0.0,0.0,1.0,0.0,30.583158493041992,30.583158493041992,4.936580116042533e-13,0.0,0.5,4.905649185180664,2.1526682376861572
val,conditioning_real_adv,23083,1,-0.5755445957183838,-0.5755445957183838,-0.5755445957183838,-0.5755445957183838,-0.5755445957183838,0.0,0.0,0.0,0.0,0.0,0.0,1.0,0.0,28.8807430267334,28.8807430267334,5.963293414623649e-09,0.0,0.5755445957183838,5.017058849334717,2.225924015045166
val,conditioning_real_adv,23101,1,0.0,0.0,0.0,0.0,0.0,0.0,0.0,0.0,0.0,0.0,0.0,0.0,0.0,24.60607147216797,24.60607147216797,2.834363816542756e-17,0.0,0.0,4.8738837242126465,2.170109272003174
val,conditioning_real_adv,23119,1,0.0,0.0,0.0,0.0,0.0,0.0,0.0,0.0,0.0,0.0,0.0,0.0,0.0,27.37025260925293,27.37025260925293,5.650721860914198e-13,0.0,0.0,4.228242874145508,2.008018732070923
val,conditioning_real_adv,23138,1,-1.0,-1.0,-1.0,-1.0,-1.0,0.0,0.0,0.0,0.0,0.0,1.0,1.0,0.0,31.41286849975586,31.41286849975586,2.376072227860959e-09,0.0,1.5,4.856449127197266,2.129398822784424
val,conditioning_real_adv,23186,1,0.016953587532043457,0.016953587532043457,0.016953587532043457,0.016953587532043457,0.016953587532043457,1.0,0.0,0.0,0.0,0.0,0.0,0.0,0.0,13.782699584960938,13.782699584960938,0.01695357821881771,0.0,0.0,5.278139114379883,2.354541778564453
val,conditioning_real_adv,23188,1,-1.0,-1.0,-1.0,-1.0,-1.0,0.0,0.0,0.0,0.0,0.0,1.0,1.0,0.0,32.23588943481445,32.23588943481445,6.812762021191077e-10,0.0,1.5,4.584420680999756,2.08626389503479
val,conditioning_real_adv,23203,1,-0.5,-0.5,-0.5,-0.5,-0.5,0.0,0.0,0.0,0.0,0.0,0.0,1.0,0.0,31.694766998291016,31.694766998291016,5.565327310108614e-09,0.0,0.5,5.281704902648926,2.3535706996917725
val,conditioning_real_adv,23236,1,-1.0,-1.0,-1.0,-1.0,-1.0,0.0,0.0,0.0,0.0,0.0,1.0,1.0,0.0,14.374972343444824,14.374972343444824,9.048548963619396e-05,0.0,1.5,4.565810680389404,2.0532214641571045
val,conditioning_real_adv,23289,1,0.36060917377471924,0.36060917377471924,0.36060917377471924,0.36060917377471924,0.36060917377471924,1.0,1.0,0.0,0.0,0.0,0.0,0.0,0.0,7.082870006561279,7.082870006561279,0.36060917377471924,0.0,0.0,5.049958229064941,2.1813488006591797
val,conditioning_real_adv,23291,1,0.0003630518913269043,0.0003630518913269043,0.0003630518913269043,0.0003630518913269043,0.0003630518913269043,1.0,0.0,0.0,0.0,0.0,0.0,0.0,0.0,20.300342559814453,20.300342559814453,0.0003630671708378941,0.0,0.0,4.720106601715088,2.0984244346618652
val,conditioning_real_adv,23367,1,1.710653305053711e-05,1.710653305053711e-05,1.710653305053711e-05,1.710653305053711e-05,1.710653305053711e-05,1.0,0.0,0.0,0.0,0.0,0.0,0.0,0.0,11.788169860839844,11.788169860839844,1.711490585876163e-05,0.0,0.0,4.545544624328613,2.0608925819396973
val,conditioning_real_adv,23406,1,0.00011342763900756836,0.00011342763900756836,0.00011342763900756836,0.00011342763900756836,0.00011342763900756836,1.0,0.0,0.0,0.0,0.0,0.0,0.0,0.0,23.259475708007812,23.259475708007812,0.00011344652739353478,0.0,0.0,4.76470947265625,2.119805335998535
val,conditioning_real_adv,23420,1,6.264448165893555e-05,6.264448165893555e-05,6.264448165893555e-05,6.264448165893555e-05,6.264448165893555e-05,1.0,0.0,0.0,0.0,0.0,0.0,0.0,0.0,24.63674545288086,24.63674545288086,6.264713738346472e-05,0.0,0.0,4.684158802032471,2.07936429977417
val,conditioning_real_adv,23465,1,-1.0,-1.0,-1.0,-1.0,-1.0,0.0,0.0,0.0,0.0,0.0,1.0,1.0,0.0,24.935361862182617,24.935361862182617,6.382969264251415e-09,0.0,1.5,4.6917643547058105,2.0890040397644043
val,conditioning_real_adv,23495,1,4.708766937255859e-06,4.708766937255859e-06,4.708766937255859e-06,4.708766937255859e-06,4.708766937255859e-06,1.0,0.0,0.0,0.0,0.0,0.0,0.0,0.0,14.501754760742188,14.501754760742188,4.710555913334247e-06,0.0,0.0,5.281422138214111,2.3566720485687256
val,conditioning_real_adv,23498,1,-1.0,-1.0,-1.0,-1.0,-1.0,0.0,0.0,0.0,0.0,0.0,1.0,1.0,0.0,28.107919692993164,28.107919692993164,6.672202061963617e-07,0.0,1.5,4.728936195373535,2.125094175338745
val,conditioning_real_adv,23521,1,0.0,0.0,0.0,0.0,0.0,0.0,0.0,0.0,0.0,0.0,0.0,0.0,0.0,37.77237319946289,37.77237319946289,5.944710819635665e-17,0.0,0.0,4.833060264587402,2.1740496158599854
val,conditioning_real_adv,23540,1,-0.5,-0.5,-0.5,-0.5,-0.5,0.0,0.0,0.0,0.0,0.0,0.0,1.0,0.0,39.380287170410156,39.380287170410156,1.6906857858156599e-10,0.0,0.5,4.72104024887085,2.1032426357269287
val,conditioning_real_adv,23544,1,0.0006635785102844238,0.0006635785102844238,0.0006635785102844238,0.0006635785102844238,0.0006635785102844238,1.0,0.0,0.0,0.0,0.0,0.0,0.0,0.0,14.601207733154297,14.601207733154297,0.0006635723984800279,0.0,0.0,4.819860458374023,2.138758897781372
val,conditioning_real_adv,23652,1,5.781650543212891e-06,5.781650543212891e-06,5.781650543212891e-06,5.781650543212891e-06,5.781650543212891e-06,1.0,0.0,0.0,0.0,0.0,0.0,0.0,0.0,28.965219497680664,28.965219497680664,5.758136921940604e-06,0.0,0.0,4.561148166656494,2.0600109100341797
val,conditioning_real_adv,23676,1,-1.0,-1.0,-1.0,-1.0,-1.0,0.0,0.0,0.0,0.0,0.0,1.0,1.0,0.0,24.090856552124023,24.090856552124023,3.347063852743304e-07,0.0,1.5,4.578425884246826,2.0492279529571533
val,conditioning_real_adv,23700,1,-1.0,-1.0,-1.0,-1.0,-1.0,0.0,0.0,0.0,0.0,0.0,1.0,1.0,0.0,23.656023025512695,23.656023025512695,5.807785328215687e-06,0.0,1.5,4.644240379333496,2.069209575653076
val,conditioning_real_adv,23739,1,-1.0,-1.0,-1.0,-1.0,-1.0,0.0,0.0,0.0,0.0,0.0,1.0,1.0,0.0,17.26384735107422,17.26384735107422,4.161111792200245e-05,0.0,1.5,5.282006740570068,2.3612561225891113
val,conditioning_real_adv,23829,1,6.556510925292969e-07,6.556510925292969e-07,6.556510925292969e-07,6.556510925292969e-07,6.556510925292969e-07,1.0,0.0,0.0,0.0,0.0,0.0,0.0,0.0,11.853300094604492,11.853300094604492,6.618193424401397e-07,0.0,0.0,5.277604579925537,2.356137990951538
val,conditioning_real_adv,23973,1,0.0,0.0,0.0,0.0,0.0,0.0,0.0,0.0,0.0,0.0,0.0,0.0,0.0,27.36510467529297,27.36510467529297,1.4000484799270296e-11,0.0,0.0,4.647963047027588,2.1335747241973877
val,conditioning_real_adv,24044,1,0.5705751776695251,0.5705751776695251,0.5705751776695251,0.5705751776695251,0.5705751776695251,1.0,1.0,1.0,0.0,0.0,0.0,0.0,0.0,5.431602954864502,5.431602954864502,0.5705751776695251,0.0,0.0,4.591097831726074,2.0624375343322754
val,conditioning_real_adv,24064,1,-1.0,-1.0,-1.0,-1.0,-1.0,0.0,0.0,0.0,0.0,0.0,1.0,1.0,0.0,37.63174819946289,37.63174819946289,1.0607682732199919e-08,0.0,1.5,4.736001014709473,2.077864646911621
val,conditioning_real_adv,24138,1,-1.0,-1.0,-1.0,-1.0,-1.0,0.0,0.0,0.0,0.0,0.0,1.0,1.0,0.0,34.29645538330078,34.29645538330078,2.8424896984791115e-12,0.0,1.5,5.146495342254639,2.235609531402588
val,conditioning_real_adv,24163,1,-1.0,-1.0,-1.0,-1.0,-1.0,0.0,0.0,0.0,0.0,0.0,0.0,1.0,0.0,38.029903411865234,38.029903411865234,1.7239263350177225e-09,0.0,1.3652441501617432,4.458230018615723,2.0516536235809326
val,conditioning_real_adv,24191,1,-1.0,-1.0,-1.0,-1.0,-1.0,0.0,0.0,0.0,0.0,0.0,1.0,1.0,0.0,33.04920196533203,33.04920196533203,4.375729112382487e-09,0.0,1.5,4.563137054443359,2.0822746753692627
val,conditioning_real_adv,24199,1,5.364418029785156e-07,5.364418029785156e-07,5.364418029785156e-07,5.364418029785156e-07,5.364418029785156e-07,1.0,0.0,0.0,0.0,0.0,0.0,0.0,0.0,31.682165145874023,31.682165145874023,5.623267611554184e-07,0.0,0.0,5.28071928024292,2.359071969985962
val,conditioning_real_adv,24257,1,2.1457672119140625e-06,2.1457672119140625e-06,2.1457672119140625e-06,2.1457672119140625e-06,2.1457672119140625e-06,1.0,0.0,0.0,0.0,0.0,0.0,0.0,0.0,24.97055435180664,24.97055435180664,2.1710191049351124e-06,0.0,0.0,4.40503454208374,2.004554510116577
val,conditioning_real_adv,24334,1,0.0,0.0,0.0,0.0,0.0,0.0,0.0,0.0,0.0,0.0,0.0,0.0,0.0,30.972209930419922,30.972209930419922,8.651879461127054e-21,0.0,0.0,4.597901344299316,2.006060838699341
val,conditioning_real_adv,24351,1,-0.5,-0.5,-0.5,-0.5,-0.5,0.0,0.0,0.0,0.0,0.0,0.0,1.0,0.0,35.562217712402344,35.562217712402344,1.4195841550879162e-11,0.0,0.5,4.602713584899902,2.112619400024414
val,conditioning_real_adv,24352,1,-0.4999998211860657,-0.4999998211860657,-0.4999998211860657,-0.4999998211860657,-0.4999998211860657,0.0,0.0,0.0,0.0,0.0,0.0,1.0,0.0,18.337539672851562,18.337539672851562,1.526183837086137e-07,0.0,0.5,4.529158115386963,2.0774097442626953
val,conditioning_real_adv,24366,1,0.00034874677658081055,0.00034874677658081055,0.00034874677658081055,0.00034874677658081055,0.00034874677658081055,1.0,0.0,0.0,0.0,0.0,0.0,0.0,0.0,18.261926651000977,18.261926651000977,0.00034876211429946125,0.0,0.0,4.473483562469482,2.0111987590789795
val,conditioning_real_adv,24383,1,5.960464477539063e-08,5.960464477539063e-08,5.960464477539063e-08,5.960464477539063e-08,5.960464477539063e-08,1.0,0.0,0.0,0.0,0.0,0.0,0.0,0.0,21.603853225708008,21.603853225708008,8.409814711285435e-08,0.0,0.0,4.489151477813721,2.064741849899292
val,conditioning_real_adv,24408,1,0.09141963720321655,0.09141963720321655,0.09141963720321655,0.09141963720321655,0.09141963720321655,1.0,0.0,0.0,0.0,0.0,0.0,0.0,0.0,5.568237781524658,5.568237781524658,0.09141965210437775,0.0,0.0,4.807091236114502,2.153635025024414
val,conditioning_real_adv,24409,1,-0.5,-0.5,-0.5,-0.5,-0.5,0.0,0.0,0.0,0.0,0.0,0.0,1.0,0.0,31.852279663085938,31.852279663085938,1.963569168372814e-10,0.0,0.5,5.280354976654053,2.3574624061584473
val,conditioning_real_adv,24457,1,-1.0,-1.0,-1.0,-1.0,-1.0,0.0,0.0,0.0,0.0,0.0,1.0,1.0,0.0,21.658010482788086,21.658010482788086,1.440812525288493e-06,0.0,1.5,4.622527599334717,2.0511698722839355
val,conditioning_real_adv,24613,1,5.5789947509765625e-05,5.5789947509765625e-05,5.5789947509765625e-05,5.5789947509765625e-05,5.5789947509765625e-05,1.0,0.0,0.0,0.0,0.0,0.0,0.0,0.0,23.805601119995117,23.805601119995117,5.579782373388298e-05,0.0,0.0,4.3915510177612305,2.0251498222351074
val,conditioning_real_adv,24669,1,3.2782554626464844e-06,3.2782554626464844e-06,3.2782554626464844e-06,3.2782554626464844e-06,3.2782554626464844e-06,1.0,0.0,0.0,0.0,0.0,0.0,0.0,1.0,24.50018882751465,24.50018882751465,3.2526609174965415e-06,0.0,0.0,1.9442038536071777,0.8897235989570618
val,conditioning_real_adv,24680,1,-0.4999999403953552,-0.4999999403953552,-0.4999999403953552,-0.4999999403953552,-0.4999999403953552,0.0,0.0,0.0,0.0,0.0,0.0,1.0,0.0,31.88294219970703,31.88294219970703,8.473448787071902e-08,0.0,0.5,4.63247013092041,2.10434889793396
val,conditioning_real_adv,24774,1,-1.0,-1.0,-1.0,-1.0,-1.0,0.0,0.0,0.0,0.0,0.0,1.0,1.0,1.0,37.04582214355469,37.04582214355469,1.6780868916654867e-09,0.0,1.5,1.8269867897033691,0.8237046599388123
val,conditioning_real_adv,24815,1,-1.0,-1.0,-1.0,-1.0,-1.0,0.0,0.0,0.0,0.0,0.0,1.0,1.0,0.0,40.76896286010742,40.76896286010742,2.185222922751473e-12,0.0,1.5,4.880794048309326,2.174119710922241
val,conditioning_real_adv,24838,1,-0.9999850988388062,-0.9999850988388062,-0.9999850988388062,-0.9999850988388062,-0.9999850988388062,0.0,0.0,0.0,0.0,0.0,1.0,0.0,0.0,19.250097274780273,19.250097274780273,1.4893342267896514e-05,0.0,1.0,4.576307773590088,2.10360050201416
val,conditioning_real_adv,24997,1,-1.0,-1.0,-1.0,-1.0,-1.0,0.0,0.0,0.0,0.0,0.0,0.0,1.0,0.0,24.08477020263672,24.08477020263672,2.2906396779376337e-09,0.0,1.389263391494751,5.275774955749512,2.3580455780029297
val,conditioning_real_adv,25049,1,-0.49999839067459106,-0.49999839067459106,-0.49999839067459106,-0.49999839067459106,-0.49999839067459106,0.0,0.0,0.0,0.0,0.0,0.0,1.0,0.0,19.97146224975586,19.97146224975586,1.624729065952124e-06,0.0,0.5,4.976727485656738,2.212683916091919
val,conditioning_real_adv,25127,1,-1.0,-1.0,-1.0,-1.0,-1.0,0.0,0.0,0.0,0.0,0.0,1.0,1.0,0.0,38.94890594482422,38.94890594482422,3.7653765522227545e-11,0.0,1.5,5.2805047035217285,2.356511116027832
val,conditioning_real_adv,25144,1,0.2519700527191162,0.2519700527191162,0.2519700527191162,0.2519700527191162,0.2519700527191162,1.0,0.0,0.0,0.0,0.0,0.0,0.0,0.0,5.36754035949707,5.36754035949707,0.2519700229167938,0.0,0.0,4.871443271636963,2.1536200046539307
val,conditioning_real_adv,25174,1,-0.9999974966049194,-0.9999974966049194,-0.9999974966049194,-0.9999974966049194,-0.9999974966049194,0.0,0.0,0.0,0.0,0.0,1.0,0.0,0.0,30.2570858001709,30.2570858001709,2.529218363633845e-06,0.0,1.0,4.648044109344482,2.1047348976135254
val,conditioning_real_adv,25176,1,-1.0,-1.0,-1.0,-1.0,-1.0,0.0,0.0,0.0,0.0,0.0,0.0,1.0,0.0,13.406256675720215,13.406256675720215,0.0001633242063689977,0.0,1.0656514167785645,5.281233787536621,2.358736276626587
val,conditioning_real_adv,25209,1,-0.657930314540863,-0.657930314540863,-0.657930314540863,-0.657930314540863,-0.657930314540863,0.0,0.0,0.0,0.0,0.0,0.0,0.0,0.0,25.06955337524414,25.06955337524414,3.8145276448631193e-07,0.0,0.6579306721687317,4.756982326507568,2.1102349758148193
val,conditioning_real_adv,25211,1,-1.0,-1.0,-1.0,-1.0,-1.0,0.0,0.0,0.0,0.0,0.0,1.0,1.0,0.0,13.050978660583496,13.050978660583496,0.026824623346328735,0.0,1.5,4.445187568664551,2.038226366043091
val,conditioning_real_adv,25219,1,0.0,0.0,0.0,0.0,0.0,0.0,0.0,0.0,0.0,0.0,0.0,0.0,0.0,31.318058013916016,31.318058013916016,7.457489487050495e-13,0.0,0.0,5.273037433624268,2.356545925140381
val,conditioning_real_adv,25224,1,-0.5,-0.5,-0.5,-0.5,-0.5,0.0,0.0,0.0,0.0,0.0,0.0,1.0,0.0,30.3919620513916,30.3919620513916,2.2632256957422214e-08,0.0,0.5,4.596869945526123,2.041590929031372
val,conditioning_real_adv,25247,1,1.4603137969970703e-05,1.4603137969970703e-05,1.4603137969970703e-05,1.4603137969970703e-05,1.4603137969970703e-05,1.0,0.0,0.0,0.0,0.0,0.0,0.0,0.0,10.681156158447266,10.681156158447266,1.4580774404748809e-05,0.0,0.0,4.5794172286987305,2.0685999393463135
val,conditioning_real_adv,25341,1,-1.0,-1.0,-1.0,-1.0,-1.0,0.0,0.0,0.0,0.0,0.0,1.0,1.0,0.0,28.98458480834961,28.98458480834961,2.2227254758977466e-11,0.0,1.5,4.825072765350342,2.139660596847534
val,conditioning_real_adv,25404,1,-1.0,-1.0,-1.0,-1.0,-1.0,0.0,0.0,0.0,0.0,0.0,1.0,1.0,0.0,34.721927642822266,34.721927642822266,1.9347161372973432e-10,0.0,1.5,4.55942964553833,2.1000325679779053
val,conditioning_real_adv,25429,1,-0.5,-0.5,-0.5,-0.5,-0.5,0.0,0.0,0.0,0.0,0.0,0.0,1.0,0.0,30.042123794555664,30.042123794555664,6.582328015980465e-09,0.0,0.5,4.395322799682617,2.036496162414551
val,conditioning_real_adv,25450,1,-1.0,-1.0,-1.0,-1.0,-1.0,0.0,0.0,0.0,0.0,0.0,1.0,1.0,0.0,28.941085815429688,28.941085815429688,9.692792346527312e-09,0.0,1.5,4.63603401184082,2.1058504581451416
val,conditioning_real_adv,25465,1,1.2636184692382812e-05,1.2636184692382812e-05,1.2636184692382812e-05,1.2636184692382812e-05,1.2636184692382812e-05,1.0,0.0,0.0,0.0,0.0,0.0,0.0,0.0,24.62941551208496,24.62941551208496,1.2619882909348235e-05,0.0,0.0,4.664269924163818,2.1566121578216553
val,conditioning_real_adv,25470,1,2.378225326538086e-05,2.378225326538086e-05,2.378225326538086e-05,2.378225326538086e-05,2.378225326538086e-05,1.0,0.0,0.0,0.0,0.0,0.0,0.0,0.0,20.853105545043945,20.853105545043945,2.3801256247679703e-05,0.0,0.0,5.279335975646973,2.3577497005462646
val,conditioning_real_adv,25485,1,0.0018474459648132324,0.0018474459648132324,0.0018474459648132324,0.0018474459648132324,0.0018474459648132324,1.0,0.0,0.0,0.0,0.0,0.0,0.0,0.0,12.743064880371094,12.743064880371094,0.0018474688986316323,0.0,0.0,4.53654670715332,2.0659046173095703
val,conditioning_real_adv,25528,1,0.057786524295806885,0.057786524295806885,0.057786524295806885,0.057786524295806885,0.057786524295806885,1.0,0.0,0.0,0.0,0.0,0.0,0.0,0.0,11.582947731018066,11.582947731018066,0.057786546647548676,0.0,0.0,5.490067958831787,2.370908737182617
val,conditioning_real_adv,25622,1,-1.0,-1.0,-1.0,-1.0,-1.0,0.0,0.0,0.0,0.0,0.0,1.0,1.0,0.0,36.88215637207031,36.88215637207031,5.388332890987613e-09,0.0,1.5,4.283808708190918,1.9949498176574707
val,conditioning_real_adv,25638,1,-1.0,-1.0,-1.0,-1.0,-1.0,0.0,0.0,0.0,0.0,0.0,1.0,1.0,0.0,19.25522232055664,19.25522232055664,2.6687331455832464e-08,0.0,1.5,5.0084547996521,2.1892287731170654
val,conditioning_real_adv,25642,1,-1.0,-1.0,-1.0,-1.0,-1.0,0.0,0.0,0.0,0.0,0.0,1.0,1.0,0.0,33.41701889038086,33.41701889038086,5.1526196503948185e-11,0.0,1.5,4.730949878692627,2.10124135017395
val,conditioning_real_adv,25643,1,-1.0,-1.0,-1.0,-1.0,-1.0,0.0,0.0,0.0,0.0,0.0,1.0,1.0,0.0,35.18331527709961,35.18331527709961,4.297327382829508e-09,0.0,1.5,5.280285358428955,2.358332395553589
val,conditioning_real_adv,25691,1,-0.999990701675415,-0.999990701675415,-0.999990701675415,-0.999990701675415,-0.999990701675415,0.0,0.0,0.0,0.0,0.0,1.0,0.0,0.0,18.53986930847168,18.53986930847168,9.271475391869899e-06,0.0,1.0,4.615533351898193,2.100938320159912
val,conditioning_real_adv,25808,1,0.00024569034576416016,0.00024569034576416016,0.00024569034576416016,0.00024569034576416016,0.00024569034576416016,1.0,0.0,0.0,0.0,0.0,0.0,0.0,0.0,22.34810447692871,22.34810447692871,0.00024566269712522626,0.0,0.0,5.282290935516357,2.356989860534668
val,conditioning_real_adv,25852,1,1.1920928955078125e-07,1.1920928955078125e-07,1.1920928955078125e-07,1.1920928955078125e-07,1.1920928955078125e-07,1.0,0.0,0.0,0.0,0.0,0.0,0.0,0.0,27.30817413330078,27.30817413330078,1.2193619625122665e-07,0.0,0.0,4.755289077758789,2.1561336517333984
val,conditioning_real_adv,25873,1,0.0,0.0,0.0,0.0,0.0,0.0,0.0,0.0,0.0,0.0,0.0,0.0,0.0,29.946210861206055,29.946210861206055,8.915788107799472e-10,0.0,0.0,4.883053302764893,2.1542787551879883
val,conditioning_real_adv,25894,1,-0.49999934434890747,-0.49999934434890747,-0.49999934434890747,-0.49999934434890747,-0.49999934434890747,0.0,0.0,0.0,0.0,0.0,0.0,1.0,0.0,28.149229049682617,28.149229049682617,6.791822215745924e-07,0.0,0.5,4.46776008605957,2.0883874893188477
val,conditioning_real_adv,25967,1,2.0265579223632812e-06,2.0265579223632812e-06,2.0265579223632812e-06,2.0265579223632812e-06,2.0265579223632812e-06,1.0,0.0,0.0,0.0,0.0,0.0,0.0,0.0,28.045488357543945,28.045488357543945,2.047683210548712e-06,0.0,0.0,5.2811665534973145,2.3590586185455322
val,conditioning_real_adv,25985,1,0.0,0.0,0.0,0.0,0.0,0.0,0.0,0.0,0.0,0.0,0.0,0.0,0.0,28.470170974731445,28.470170974731445,1.4972020068171332e-08,0.0,0.0,5.537740230560303,2.398752450942993
val,conditioning_real_adv,25997,1,-1.0,-1.0,-1.0,-1.0,-1.0,0.0,0.0,0.0,0.0,0.0,1.0,1.0,0.0,13.398515701293945,13.398515701293945,0.0003601163043640554,0.0,1.5,4.498514652252197,2.0905730724334717
val,conditioning_real_adv,26080,1,0.0020517706871032715,0.0020517706871032715,0.0020517706871032715,0.0020517706871032715,0.0020517706871032715,1.0,0.0,0.0,0.0,0.0,0.0,0.0,0.0,18.3735408782959,18.3735408782959,0.0020517827942967415,0.0,0.0,4.829174518585205,2.146751642227173
val,conditioning_real_adv,26111,1,-1.0,-1.0,-1.0,-1.0,-1.0,0.0,0.0,0.0,0.0,0.0,0.0,1.0,0.0,28.391738891601562,28.391738891601562,6.367994132006061e-08,0.0,1.4068005084991455,5.285689830780029,2.360163688659668
val,conditioning_real_adv,26134,1,-0.9999998807907104,-0.9999998807907104,-0.9999998807907104,-0.9999998807907104,-0.9999998807907104,0.0,0.0,0.0,0.0,0.0,1.0,0.0,1.0,33.17395782470703,33.17395782470703,1.4134657533304562e-07,0.0,1.0,0.8831974267959595,0.8532480001449585
val,conditioning_real_adv,26137,1,0.04081767797470093,0.04081767797470093,0.04081767797470093,0.04081767797470093,0.04081767797470093,1.0,0.0,0.0,0.0,0.0,0.0,0.0,0.0,9.185896873474121,9.185896873474121,0.040817681699991226,0.0,0.0,4.736084938049316,2.143052577972412
val,conditioning_real_adv,26294,1,-0.5,-0.5,-0.5,-0.5,-0.5,0.0,0.0,0.0,0.0,0.0,0.0,1.0,0.0,31.667604446411133,31.667604446411133,1.0475807998844289e-09,0.0,0.5,4.251194000244141,2.0091819763183594
val,conditioning_real_adv,26333,1,-1.0,-1.0,-1.0,-1.0,-1.0,0.0,0.0,0.0,0.0,0.0,1.0,1.0,0.0,33.61604690551758,33.61604690551758,3.5365722936969712e-12,0.0,1.5,4.631381034851074,2.141092300415039
val,conditioning_real_adv,26362,1,0.00035881996154785156,0.00035881996154785156,0.00035881996154785156,0.00035881996154785156,0.00035881996154785156,1.0,0.0,0.0,0.0,0.0,0.0,0.0,0.0,8.927132606506348,8.927132606506348,0.00035882697557099164,0.0,0.0,4.74314022064209,2.1107332706451416
val,conditioning_real_adv,26422,1,5.960464477539063e-08,5.960464477539063e-08,5.960464477539063e-08,5.960464477539063e-08,5.960464477539063e-08,1.0,0.0,0.0,0.0,0.0,0.0,0.0,0.0,31.615013122558594,31.615013122558594,7.83973064244492e-08,0.0,0.0,4.485973358154297,2.013929843902588
val,conditioning_real_adv,26438,1,-1.0,-1.0,-1.0,-1.0,-1.0,0.0,0.0,0.0,0.0,0.0,1.0,0.0,0.0,26.244522094726562,26.244522094726562,6.853040357412965e-11,0.0,1.0,4.655250072479248,2.076287269592285
val,conditioning_real_adv,26537,1,0.0003933906555175781,0.0003933906555175781,0.0003933906555175781,0.0003933906555175781,0.0003933906555175781,1.0,0.0,0.0,0.0,0.0,0.0,0.0,0.0,18.99335479736328,18.99335479736328,0.0003933986008632928,0.0,0.0,5.2758612632751465,2.3571691513061523
val,conditioning_real_adv,26562,1,-1.0,-1.0,-1.0,-1.0,-1.0,0.0,0.0,0.0,0.0,0.0,1.0,1.0,0.0,30.167051315307617,30.167051315307617,1.1947351996610678e-09,0.0,1.5,4.443288326263428,2.014909505844116
val,conditioning_real_adv,26601,1,-1.0,-1.0,-1.0,-1.0,-1.0,0.0,0.0,0.0,0.0,0.0,1.0,1.0,0.0,34.20246124267578,34.20246124267578,4.5490869404751777e-10,0.0,1.5,5.299493312835693,2.363842725753784
val,conditioning_real_adv,26743,1,-1.0,-1.0,-1.0,-1.0,-1.0,0.0,0.0,0.0,0.0,0.0,1.0,1.0,0.0,34.34677505493164,34.34677505493164,8.447744725970097e-09,0.0,1.5,4.35641622543335,2.032149076461792
val,conditioning_real_adv,26779,1,0.00014495849609375,0.00014495849609375,0.00014495849609375,0.00014495849609375,0.00014495849609375,1.0,0.0,0.0,0.0,0.0,0.0,0.0,0.0,19.01947593688965,19.01947593688965,0.000144986915984191,0.0,0.0,4.782800674438477,2.1509151458740234
val,conditioning_real_adv,26863,1,-0.4999997615814209,-0.4999997615814209,-0.4999997615814209,-0.4999997615814209,-0.4999997615814209,0.0,0.0,0.0,0.0,0.0,0.0,1.0,0.0,29.727453231811523,29.727453231811523,2.5561422489772667e-07,0.0,0.5,4.681887626647949,2.1270604133605957
val,conditioning_real_adv,26922,1,9.5367431640625e-07,9.5367431640625e-07,9.5367431640625e-07,9.5367431640625e-07,9.5367431640625e-07,1.0,0.0,0.0,0.0,0.0,0.0,0.0,0.0,24.45425033569336,24.45425033569336,9.513937015981355e-07,0.0,0.0,4.391475677490234,2.0127007961273193
val,conditioning_real_adv,26944,1,-0.5,-0.5,-0.5,-0.5,-0.5,0.0,0.0,0.0,0.0,0.0,0.0,1.0,0.0,26.562070846557617,26.562070846557617,1.0064235667073262e-08,0.0,0.5,4.840748310089111,2.176487445831299
val,conditioning_real_adv,26963,1,1.2218952178955078e-05,1.2218952178955078e-05,1.2218952178955078e-05,1.2218952178955078e-05,1.2218952178955078e-05,1.0,0.0,0.0,0.0,0.0,0.0,0.0,0.0,22.23773193359375,22.23773193359375,1.220281410496682e-05,0.0,0.0,5.281525135040283,2.35420823097229
val,conditioning_real_adv,27008,1,7.748603820800781e-07,7.748603820800781e-07,7.748603820800781e-07,7.748603820800781e-07,7.748603820800781e-07,1.0,0.0,0.0,0.0,0.0,0.0,0.0,0.0,28.66719627380371,28.66719627380371,7.610429406668118e-07,0.0,0.0,4.487538814544678,1.9866379499435425
val,conditioning_real_adv,27132,1,-1.0,-1.0,-1.0,-1.0,-1.0,0.0,0.0,0.0,0.0,0.0,0.0,1.0,0.0,37.07258605957031,37.07258605957031,8.762636727333017e-10,0.0,1.4913074970245361,5.209812164306641,2.244041681289673
val,conditioning_real_adv,27158,1,0.0,0.0,0.0,0.0,0.0,0.0,0.0,0.0,0.0,0.0,0.0,0.0,0.0,33.810340881347656,33.810340881347656,1.172135632998561e-08,0.0,0.0,4.804638862609863,2.116441488265991
val,conditioning_real_adv,27159,1,0.0,0.0,0.0,0.0,0.0,0.0,0.0,0.0,0.0,0.0,0.0,0.0,0.0,29.825716018676758,29.825716018676758,4.713347699874908e-14,0.0,0.0,4.868076324462891,2.2097461223602295
val,conditioning_real_adv,27175,1,0.15920716524124146,0.15920716524124146,0.15920716524124146,0.15920716524124146,0.15920716524124146,1.0,0.0,0.0,0.0,0.0,0.0,0.0,0.0,9.299832344055176,9.299832344055176,0.15920718014240265,0.0,0.0,4.438470840454102,2.061410427093506
val,conditioning_real_adv,27179,1,-1.0,-1.0,-1.0,-1.0,-1.0,0.0,0.0,0.0,0.0,0.0,1.0,1.0,0.0,31.16767692565918,31.16767692565918,2.1833271190985215e-08,0.0,1.5,4.630436420440674,2.0857861042022705
val,conditioning_real_adv,27186,1,-0.5,-0.5,-0.5,-0.5,-0.5,0.0,0.0,0.0,0.0,0.0,0.0,1.0,0.0,31.11475372314453,31.11475372314453,5.855441131963346e-10,0.0,0.5,4.878639221191406,2.154465675354004
val,conditioning_real_adv,27204,1,6.139278411865234e-06,6.139278411865234e-06,6.139278411865234e-06,6.139278411865234e-06,6.139278411865234e-06,1.0,0.0,0.0,0.0,0.0,0.0,0.0,0.0,10.264409065246582,10.264409065246582,6.128229870228097e-06,0.0,0.0,5.277637481689453,2.355961322784424
val,conditioning_real_adv,27206,1,0.0,0.0,0.0,0.0,0.0,0.0,0.0,0.0,0.0,0.0,0.0,0.0,0.0,27.55663299560547,27.55663299560547,3.984066477739174e-15,0.0,0.0,4.84597635269165,2.1755316257476807
val,conditioning_real_adv,27208,1,-0.000605112814810127,-0.000605112814810127,-0.000605112814810127,-0.000605112814810127,-0.000605112814810127,0.0,0.0,0.0,0.0,0.0,0.0,0.0,0.0,39.5010986328125,39.5010986328125,2.6670443400967324e-14,0.0,0.000605112814810127,4.607811450958252,2.0899605751037598
val,conditioning_real_adv,27239,1,1.1920928955078125e-07,1.1920928955078125e-07,1.1920928955078125e-07,1.1920928955078125e-07,1.1920928955078125e-07,1.0,0.0,0.0,0.0,0.0,0.0,0.0,0.0,31.726390838623047,31.726390838623047,1.3982091218167625e-07,0.0,0.0,5.259588718414307,2.3608813285827637
val,conditioning_real_adv,27312,1,-1.0,-1.0,-1.0,-1.0,-1.0,0.0,0.0,0.0,0.0,0.0,0.0,1.0,0.0,30.410186767578125,30.410186767578125,7.280418401478528e-08,0.0,1.4514251947402954,5.034940242767334,2.231708526611328
val,conditioning_real_adv,27329,1,-0.5,-0.5,-0.5,-0.5,-0.5,0.0,0.0,0.0,0.0,0.0,0.0,1.0,0.0,37.56691360473633,37.56691360473633,5.841112038496021e-10,0.0,0.5,4.742041110992432,2.118739128112793
val,conditioning_real_adv,27343,1,-1.0,-1.0,-1.0,-1.0,-1.0,0.0,0.0,0.0,0.0,0.0,0.0,1.0,0.0,36.72193145751953,36.72193145751953,5.065565744644118e-10,0.0,1.092134714126587,4.653036594390869,2.0896248817443848
val,conditioning_real_adv,27360,1,0.013323605060577393,0.013323605060577393,0.013323605060577393,0.013323605060577393,0.013323605060577393,1.0,0.0,0.0,0.0,0.0,0.0,0.0,0.0,14.593056678771973,14.593056678771973,0.013323615305125713,0.0,0.0,4.8588643074035645,2.1796586513519287
val,conditioning_real_adv,27383,1,-1.0,-1.0,-1.0,-1.0,-1.0,0.0,0.0,0.0,0.0,0.0,1.0,1.0,0.0,35.27507400512695,35.27507400512695,4.9176770294812044e-11,0.0,1.5,5.27389669418335,2.3656136989593506
val,conditioning_real_adv,27385,1,1.430511474609375e-06,1.430511474609375e-06,1.430511474609375e-06,1.430511474609375e-06,1.430511474609375e-06,1.0,0.0,0.0,0.0,0.0,0.0,0.0,0.0,27.215534210205078,27.215534210205078,1.4515505881718127e-06,0.0,0.0,4.575099945068359,2.0963151454925537
val,conditioning_real_adv,27408,1,4.172325134277344e-06,4.172325134277344e-06,4.172325134277344e-06,4.172325134277344e-06,4.172325134277344e-06,1.0,0.0,0.0,0.0,0.0,0.0,0.0,0.0,29.2742977142334,29.2742977142334,4.197846919851145e-06,0.0,0.0,4.608701705932617,2.104156255722046
val,conditioning_real_adv,27487,1,0.08012497425079346,0.08012497425079346,0.08012497425079346,0.08012497425079346,0.08012497425079346,1.0,0.0,0.0,0.0,0.0,0.0,0.0,0.0,3.9357616901397705,3.9357616901397705,0.08012499660253525,0.0,0.0,5.277954578399658,2.356656312942505
val,conditioning_real_adv,27511,1,-0.9999997019767761,-0.9999997019767761,-0.9999997019767761,-0.9999997019767761,-0.9999997019767761,0.0,0.0,0.0,0.0,0.0,1.0,0.0,0.0,21.849821090698242,21.849821090698242,3.2347142564503883e-07,0.0,1.0,4.727566242218018,2.1165518760681152
val,conditioning_real_adv,27532,1,2.580881118774414e-05,2.580881118774414e-05,2.580881118774414e-05,2.580881118774414e-05,2.580881118774414e-05,1.0,0.0,0.0,0.0,0.0,0.0,0.0,0.0,22.40638542175293,22.40638542175293,2.5825002012425102e-05,0.0,0.0,5.2818193435668945,2.357997417449951
val,conditioning_real_adv,27540,1,5.8531761169433594e-05,5.8531761169433594e-05,5.8531761169433594e-05,5.8531761169433594e-05,5.8531761169433594e-05,1.0,0.0,0.0,0.0,0.0,0.0,0.0,0.0,25.092187881469727,25.092187881469727,5.85553607379552e-05,0.0,0.0,5.961778163909912,2.5272064208984375
val,conditioning_real_adv,27562,1,-1.0,-1.0,-1.0,-1.0,-1.0,0.0,0.0,0.0,0.0,0.0,1.0,1.0,1.0,37.06219482421875,37.06219482421875,4.386485341623114e-10,0.0,1.5,0.8911305665969849,0.8460044860839844
val,conditioning_real_adv,27636,1,-0.8828983306884766,-0.8828983306884766,-0.8828983306884766,-0.8828983306884766,-0.8828983306884766,0.0,0.0,0.0,0.0,0.0,0.0,0.0,0.0,31.668479919433594,31.668479919433594,4.171998924107356e-08,0.0,0.8828983902931213,5.283048629760742,2.3592875003814697
val,conditioning_real_adv,27637,1,2.2649765014648438e-06,2.2649765014648438e-06,2.2649765014648438e-06,2.2649765014648438e-06,2.2649765014648438e-06,1.0,0.0,0.0,0.0,0.0,0.0,0.0,0.0,20.92328453063965,20.92328453063965,2.2843662463856163e-06,0.0,0.0,4.889693737030029,2.168944835662842
val,conditioning_real_adv,27659,1,-0.5,-0.5,-0.5,-0.5,-0.5,0.0,0.0,0.0,0.0,0.0,0.0,1.0,0.0,37.87525177001953,37.87525177001953,1.1485172188296922e-11,0.0,0.5,4.46010684967041,2.0553650856018066
val,conditioning_real_adv,27668,1,1.3709068298339844e-06,1.3709068298339844e-06,1.3709068298339844e-06,1.3709068298339844e-06,1.3709068298339844e-06,1.0,0.0,0.0,0.0,0.0,0.0,0.0,0.0,28.262195587158203,28.262195587158203,1.380804064865515e-06,0.0,0.0,5.282663345336914,2.3586153984069824
val,conditioning_real_adv,27724,1,-1.0,-1.0,-1.0,-1.0,-1.0,0.0,0.0,0.0,0.0,0.0,1.0,1.0,0.0,22.746646881103516,22.746646881103516,3.274924529250711e-05,0.0,1.5,4.540863037109375,2.093654155731201
val,conditioning_real_adv,27737,1,-0.7449244856834412,-0.7449244856834412,-0.7449244856834412,-0.7449244856834412,-0.7449244856834412,0.0,0.0,0.0,0.0,0.0,0.0,0.0,0.0,28.68083381652832,28.68083381652832,2.754792838288722e-08,0.0,0.7449244856834412,4.684258937835693,2.1320114135742188
val,conditioning_real_adv,27800,1,-1.0,-1.0,-1.0,-1.0,-1.0,0.0,0.0,0.0,0.0,0.0,1.0,1.0,0.0,35.05731201171875,35.05731201171875,2.3841302265736886e-09,0.0,1.5,4.619295597076416,2.134244918823242
val,conditioning_real_adv,27893,1,2.1219253540039062e-05,2.1219253540039062e-05,2.1219253540039062e-05,2.1219253540039062e-05,2.1219253540039062e-05,1.0,0.0,0.0,0.0,0.0,0.0,0.0,0.0,26.977092742919922,26.977092742919922,2.124288039340172e-05,0.0,0.0,4.519903182983398,2.0810129642486572
val,conditioning_real_adv,27916,1,0.003474891185760498,0.003474891185760498,0.003474891185760498,0.003474891185760498,0.003474891185760498,1.0,0.0,0.0,0.0,0.0,0.0,0.0,0.0,15.853368759155273,15.853368759155273,0.003474906785413623,0.0,0.0,5.2786736488342285,2.3584976196289062
val,conditioning_real_adv,27926,1,0.08124363422393799,0.08124363422393799,0.08124363422393799,0.08124363422393799,0.08124363422393799,1.0,0.0,0.0,0.0,0.0,0.0,0.0,0.0,10.851136207580566,10.851136207580566,0.08124366402626038,0.0,0.0,4.473520755767822,2.0763769149780273
val,conditioning_real_adv,27942,1,-1.0,-1.0,-1.0,-1.0,-1.0,0.0,0.0,0.0,0.0,0.0,1.0,1.0,0.0,40.896934509277344,40.896934509277344,1.9941463411110583e-11,0.0,1.5,4.46651029586792,2.057100772857666
val,conditioning_real_adv,27953,1,-0.029013250023126602,-0.029013250023126602,-0.029013250023126602,-0.029013250023126602,-0.029013250023126602,0.0,0.0,0.0,0.0,0.0,0.0,0.0,0.0,31.034515380859375,31.034515380859375,7.617823030159343e-07,0.0,0.029014024883508682,4.4288740158081055,2.0490195751190186
val,conditioning_real_adv,27979,1,3.5762786865234375e-07,3.5762786865234375e-07,3.5762786865234375e-07,3.5762786865234375e-07,3.5762786865234375e-07,1.0,0.0,0.0,0.0,0.0,0.0,0.0,0.0,30.987377166748047,30.987377166748047,3.7879757996961416e-07,0.0,0.0,4.63756799697876,2.0323643684387207
val,conditioning_real_adv,28002,1,-0.4999998211860657,-0.4999998211860657,-0.4999998211860657,-0.4999998211860657,-0.4999998211860657,0.0,0.0,0.0,0.0,0.0,0.0,1.0,0.0,24.636003494262695,24.636003494262695,1.521620305311444e-07,0.0,0.5,4.859603404998779,2.15224552154541
val,conditioning_real_adv,28032,1,7.748603820800781e-07,7.748603820800781e-07,7.748603820800781e-07,7.748603820800781e-07,7.748603820800781e-07,1.0,0.0,0.0,0.0,0.0,0.0,0.0,0.0,31.17500114440918,31.17500114440918,7.831623065612803e-07,0.0,0.0,4.6867876052856445,2.16929030418396
val,conditioning_real_adv,28067,1,-0.9999998807907104,-0.9999998807907104,-0.9999998807907104,-0.9999998807907104,-0.9999998807907104,0.0,0.0,0.0,0.0,0.0,1.0,0.0,1.0,24.242897033691406,24.242897033691406,9.470412010159635e-08,0.0,1.0,0.8779729604721069,0.880824863910675
val,conditioning_real_adv,28220,1,3.3974647521972656e-06,3.3974647521972656e-06,3.3974647521972656e-06,3.3974647521972656e-06,3.3974647521972656e-06,1.0,0.0,0.0,0.0,0.0,0.0,0.0,0.0,24.373292922973633,24.373292922973633,3.380973794264719e-06,0.0,0.0,5.2751078605651855,2.357895612716675
val,conditioning_real_adv,28251,1,-0.5,-0.5,-0.5,-0.5,-0.5,0.0,0.0,0.0,0.0,0.0,0.0,1.0,0.0,31.573087692260742,31.573087692260742,2.2730654164471176e-12,0.0,0.5,4.762477874755859,2.134286880493164
val,conditioning_real_adv,28260,1,0.0001087188720703125,0.0001087188720703125,0.0001087188720703125,0.0001087188720703125,0.0001087188720703125,1.0,0.0,0.0,0.0,0.0,0.0,0.0,0.0,16.746156692504883,16.746156692504883,0.00010871291306102648,0.0,0.0,5.9987993240356445,2.4329795837402344
val,conditioning_real_adv,28292,1,-0.5,-0.5,-0.5,-0.5,-0.5,0.0,0.0,0.0,0.0,0.0,0.0,1.0,0.0,31.84823989868164,31.84823989868164,1.4345173660057498e-10,0.0,0.5,4.878812313079834,2.215271472930908
val,conditioning_real_adv,28443,1,-1.0,-1.0,-1.0,-1.0,-1.0,0.0,0.0,0.0,0.0,0.0,1.0,0.0,0.0,37.64088821411133,37.64088821411133,1.1232908700420374e-11,0.0,1.0,4.7885355949401855,2.1844139099121094
val,conditioning_real_adv,28453,1,-1.0,-1.0,-1.0,-1.0,-1.0,0.0,0.0,0.0,0.0,0.0,1.0,1.0,0.0,20.192005157470703,20.192005157470703,1.2207918189233169e-05,0.0,1.5,4.53959846496582,2.068742513656616
val,conditioning_real_adv,28497,1,0.00023865699768066406,0.00023865699768066406,0.00023865699768066406,0.00023865699768066406,0.00023865699768066406,1.0,0.0,0.0,0.0,0.0,0.0,0.0,0.0,18.45941925048828,18.45941925048828,0.0002386511623626575,0.0,0.0,5.280070781707764,2.3562421798706055
val,conditioning_real_adv,28525,1,-0.897564709186554,-0.897564709186554,-0.897564709186554,-0.897564709186554,-0.897564709186554,0.0,0.0,0.0,0.0,0.0,0.0,0.0,0.0,31.807584762573242,31.807584762573242,9.831107661284477e-08,0.0,0.8975648283958435,4.688998699188232,2.130617618560791
val,conditioning_real_adv,28537,1,-1.0,-1.0,-1.0,-1.0,-1.0,0.0,0.0,0.0,0.0,0.0,1.0,1.0,0.0,43.87823486328125,43.87823486328125,4.036121819248929e-14,0.0,1.5,5.279265880584717,2.3590915203094482
val,conditioning_real_adv,28578,1,-1.0,-1.0,-1.0,-1.0,-1.0,0.0,0.0,0.0,0.0,0.0,1.0,1.0,0.0,22.273523330688477,22.273523330688477,2.5790632207645103e-07,0.0,1.5,4.6334710121154785,2.0920519828796387
val,conditioning_real_adv,28717,1,-1.0,-1.0,-1.0,-1.0,-1.0,0.0,0.0,0.0,0.0,0.0,1.0,1.0,0.0,31.406291961669922,31.406291961669922,1.1224724261182928e-08,0.0,1.5,4.5598297119140625,2.107388973236084
val,conditioning_real_adv,28788,1,0.0001634359359741211,0.0001634359359741211,0.0001634359359741211,0.0001634359359741211,0.0001634359359741211,1.0,0.0,0.0,0.0,0.0,0.0,0.0,0.0,20.515026092529297,20.515026092529297,0.00016345447511412203,0.0,0.0,4.536923885345459,2.110201597213745
val,conditioning_real_adv,28842,1,9.5367431640625e-07,9.5367431640625e-07,9.5367431640625e-07,9.5367431640625e-07,9.5367431640625e-07,1.0,0.0,0.0,0.0,0.0,0.0,0.0,0.0,27.70749855041504,27.70749855041504,9.81676635092299e-07,0.0,0.0,4.467747688293457,2.081408977508545
val,conditioning_real_adv,28877,1,2.4378299713134766e-05,2.4378299713134766e-05,2.4378299713134766e-05,2.4378299713134766e-05,2.4378299713134766e-05,1.0,0.0,0.0,0.0,0.0,0.0,0.0,0.0,20.269590377807617,20.269590377807617,2.4361010218854062e-05,0.0,0.0,5.283114433288574,2.362154960632324
val,conditioning_real_adv,28920,1,-0.5,-0.5,-0.5,-0.5,-0.5,0.0,0.0,0.0,0.0,0.0,0.0,1.0,0.0,36.98635482788086,36.98635482788086,2.0750517623624454e-11,0.0,0.5,4.7639546394348145,2.1780660152435303
val,conditioning_real_adv,28952,1,-0.5,-0.5,-0.5,-0.5,-0.5,0.0,0.0,0.0,0.0,0.0,0.0,1.0,0.0,31.06648063659668,31.06648063659668,2.6400652775038225e-09,0.0,0.5,4.513524532318115,2.056210517883301
val,conditioning_real_adv,28987,1,-1.0,-1.0,-1.0,-1.0,-1.0,0.0,0.0,0.0,0.0,0.0,1.0,1.0,0.0,38.260414123535156,38.260414123535156,1.5215131238255353e-11,0.0,1.5,5.278106689453125,2.3575189113616943
val,conditioning_real_adv,28990,1,0.013860464096069336,0.013860464096069336,0.013860464096069336,0.013860464096069336,0.013860464096069336,1.0,0.0,0.0,0.0,0.0,0.0,0.0,0.0,13.863372802734375,13.863372802734375,0.013860492035746574,0.0,0.0,4.523683071136475,2.080228328704834
val,conditioning_real_adv,29012,1,0.08284610509872437,0.08284610509872437,0.08284610509872437,0.08284610509872437,0.08284610509872437,1.0,0.0,0.0,0.0,0.0,0.0,0.0,0.0,9.6654634475708,9.6654634475708,0.08284608274698257,0.0,0.0,4.767614364624023,2.0768585205078125
val,conditioning_real_adv,29096,1,1.5497207641601562e-05,1.5497207641601562e-05,1.5497207641601562e-05,1.5497207641601562e-05,1.5497207641601562e-05,1.0,0.0,0.0,0.0,0.0,0.0,0.0,0.0,27.3043212890625,27.3043212890625,1.5505043847952038e-05,0.0,0.0,4.680126667022705,2.063215732574463
val,conditioning_real_adv,29106,1,-1.0,-1.0,-1.0,-1.0,-1.0,0.0,0.0,0.0,0.0,0.0,1.0,1.0,0.0,29.892475128173828,29.892475128173828,4.3183781883726624e-08,0.0,1.5,4.427196979522705,2.005105972290039
val,conditioning_real_adv,29135,1,0.08105504512786865,0.08105504512786865,0.08105504512786865,0.08105504512786865,0.08105504512786865,1.0,0.0,0.0,0.0,0.0,0.0,0.0,0.0,10.366436004638672,10.366436004638672,0.08105503022670746,0.0,0.0,4.810146808624268,2.1724181175231934
val,conditioning_real_adv,29136,1,-0.4999999403953552,-0.4999999403953552,-0.4999999403953552,-0.4999999403953552,-0.4999999403953552,0.0,0.0,0.0,0.0,0.0,0.0,1.0,0.0,31.327714920043945,31.327714920043945,7.493393638924317e-08,0.0,0.5,4.858979225158691,2.129638433456421
val,conditioning_real_adv,29151,1,1.5854835510253906e-05,1.5854835510253906e-05,1.5854835510253906e-05,1.5854835510253906e-05,1.5854835510253906e-05,1.0,0.0,0.0,0.0,0.0,0.0,0.0,0.0,22.02878761291504,22.02878761291504,1.5857134712859988e-05,0.0,0.0,4.666570663452148,2.0780179500579834
val,conditioning_real_adv,29162,1,0.0005897283554077148,0.0005897283554077148,0.0005897283554077148,0.0005897283554077148,0.0005897283554077148,1.0,0.0,0.0,0.0,0.0,0.0,0.0,0.0,14.3923978805542,14.3923978805542,0.0005897246883250773,0.0,0.0,5.285445690155029,2.3582663536071777
val,conditioning_real_adv,29186,1,1.1920928955078125e-07,1.1920928955078125e-07,1.1920928955078125e-07,1.1920928955078125e-07,1.1920928955078125e-07,1.0,0.0,0.0,0.0,0.0,0.0,0.0,0.0,30.394609451293945,30.394609451293945,1.1154813961411492e-07,0.0,0.0,4.363807678222656,2.0321171283721924
val,conditioning_real_adv,29239,1,-0.5,-0.5,-0.5,-0.5,-0.5,0.0,0.0,0.0,0.0,0.0,0.0,1.0,0.0,25.217119216918945,25.217119216918945,2.522748232536287e-09,0.0,0.5,4.447018623352051,1.9973794221878052
val,conditioning_real_adv,29252,1,2.5033950805664062e-06,2.5033950805664062e-06,2.5033950805664062e-06,2.5033950805664062e-06,2.5033950805664062e-06,1.0,0.0,0.0,0.0,0.0,0.0,0.0,1.0,24.78876495361328,24.78876495361328,2.5109006855927873e-06,0.0,0.0,0.8801435828208923,0.8788083791732788
val,conditioning_real_adv,29276,1,-0.5,-0.5,-0.5,-0.5,-0.5,0.0,0.0,0.0,0.0,0.0,0.0,1.0,0.0,24.850053787231445,24.850053787231445,1.7164392129842554e-09,0.0,0.5,4.60845422744751,2.1110363006591797
val,conditioning_real_adv,29313,1,1.1682510375976562e-05,1.1682510375976562e-05,1.1682510375976562e-05,1.1682510375976562e-05,1.1682510375976562e-05,1.0,0.0,0.0,0.0,0.0,0.0,0.0,0.0,23.59642219543457,23.59642219543457,1.1679638191708364e-05,0.0,0.0,4.981648921966553,2.185032606124878
val,conditioning_real_adv,29358,1,0.07383847236633301,0.07383847236633301,0.07383847236633301,0.07383847236633301,0.07383847236633301,1.0,0.0,0.0,0.0,0.0,0.0,0.0,0.0,7.958693027496338,7.958693027496338,0.07383845001459122,0.0,0.0,4.518214702606201,2.0979809761047363
val,conditioning_real_adv,29368,1,-1.0,-1.0,-1.0,-1.0,-1.0,0.0,0.0,0.0,0.0,0.0,1.0,1.0,0.0,40.72764587402344,40.72764587402344,8.364374188933599e-13,0.0,1.5,4.528414249420166,2.100700855255127
val,conditioning_real_adv,29395,1,-0.4999813437461853,-0.4999813437461853,-0.4999813437461853,-0.4999813437461853,-0.4999813437461853,0.0,0.0,0.0,0.0,0.0,0.0,1.0,0.0,27.441091537475586,27.441091537475586,1.8670330973691307e-05,0.0,0.5,5.272561073303223,2.3600432872772217
val,conditioning_real_adv,29398,1,-1.0,-1.0,-1.0,-1.0,-1.0,0.0,0.0,0.0,0.0,1.0,0.0,1.0,0.0,27.586681365966797,27.586681365966797,1.6885964848611934e-11,0.0,0.5,4.626216888427734,2.0589041709899902
val,conditioning_real_adv,29431,1,0.06911033391952515,0.06911033391952515,0.06911033391952515,0.06911033391952515,0.06911033391952515,1.0,0.0,0.0,0.0,0.0,0.0,0.0,0.0,11.192566871643066,11.192566871643066,0.06911033391952515,0.0,0.0,4.685587406158447,2.0748064517974854
val,conditioning_real_adv,29528,1,0.001284956932067871,0.001284956932067871,0.001284956932067871,0.001284956932067871,0.001284956932067871,1.0,0.0,0.0,0.0,0.0,0.0,0.0,0.0,19.264726638793945,19.264726638793945,0.0012849305057898164,0.0,0.0,4.5494489669799805,2.0550949573516846
val,conditioning_real_adv,29596,1,4.76837158203125e-07,4.76837158203125e-07,4.76837158203125e-07,4.76837158203125e-07,4.76837158203125e-07,1.0,0.0,0.0,0.0,0.0,0.0,0.0,0.0,30.18653678894043,30.18653678894043,4.664882453653263e-07,0.0,0.0,4.665740013122559,2.131483793258667
val,conditioning_real_adv,29686,1,1.0132789611816406e-06,1.0132789611816406e-06,1.0132789611816406e-06,1.0132789611816406e-06,1.0132789611816406e-06,1.0,0.0,0.0,0.0,0.0,0.0,0.0,0.0,29.94853973388672,29.94853973388672,1.0020967238233425e-06,0.0,0.0,4.557798385620117,2.0466909408569336
val,conditioning_real_adv,29717,1,0.0,0.0,0.0,0.0,0.0,0.0,0.0,0.0,0.0,0.0,0.0,0.0,0.0,26.224056243896484,26.224056243896484,3.5425560596970274e-15,0.0,0.0,5.275781154632568,2.3548433780670166
val,conditioning_real_adv,29733,1,0.0009227395057678223,0.0009227395057678223,0.0009227395057678223,0.0009227395057678223,0.0009227395057678223,1.0,0.0,0.0,0.0,0.0,0.0,0.0,0.0,19.96920394897461,19.96920394897461,0.00092273362679407,0.0,0.0,4.688365459442139,2.1086418628692627
val,conditioning_real_adv,29756,1,-0.5,-0.5,-0.5,-0.5,-0.5,0.0,0.0,0.0,0.0,0.0,0.0,1.0,0.0,32.08005905151367,32.08005905151367,6.023408882782633e-09,0.0,0.5,5.274713039398193,2.362926721572876
val,conditioning_real_adv,29792,1,-1.0,-1.0,-1.0,-1.0,-1.0,0.0,0.0,0.0,0.0,0.0,1.0,0.0,0.0,23.487173080444336,23.487173080444336,1.8987121208624558e-08,0.0,1.0,4.616392612457275,2.085552215576172
val,conditioning_real_adv,29849,1,6.961822509765625e-05,6.961822509765625e-05,6.961822509765625e-05,6.961822509765625e-05,6.961822509765625e-05,1.0,0.0,0.0,0.0,0.0,0.0,0.0,0.0,18.80843734741211,18.80843734741211,6.962486077100039e-05,0.0,0.0,4.692656993865967,2.119804620742798
val,conditioning_real_adv,29867,1,4.172325134277344e-07,4.172325134277344e-07,4.172325134277344e-07,4.172325134277344e-07,4.172325134277344e-07,1.0,0.0,0.0,0.0,0.0,0.0,0.0,0.0,28.16017723083496,28.16017723083496,4.2655003085201315e-07,0.0,0.0,4.673043727874756,2.0647199153900146
val,conditioning_real_adv,30012,1,0.10651224851608276,0.10651224851608276,0.10651224851608276,0.10651224851608276,0.10651224851608276,1.0,0.0,0.0,0.0,0.0,0.0,0.0,0.0,9.78075885772705,9.78075885772705,0.10651225596666336,0.0,0.0,5.702002048492432,2.4251604080200195
val,conditioning_real_adv,30034,1,0.1507866382598877,0.1507866382598877,0.1507866382598877,0.1507866382598877,0.1507866382598877,1.0,0.0,0.0,0.0,0.0,0.0,0.0,0.0,9.456851959228516,9.456851959228516,0.15078666806221008,0.0,0.0,4.8783674240112305,2.144904136657715
val,conditioning_real_adv,30042,1,0.0,0.0,0.0,0.0,0.0,0.0,0.0,0.0,0.0,0.0,0.0,0.0,1.0,14.973871231079102,14.973871231079102,1.0353699668452787e-11,0.0,0.0,1.8208757638931274,0.9087058901786804
val,conditioning_real_adv,30059,1,-0.4999999403953552,-0.4999999403953552,-0.4999999403953552,-0.4999999403953552,-0.4999999403953552,0.0,0.0,0.0,0.0,0.0,0.0,1.0,1.0,28.335054397583008,28.335054397583008,8.2147451507808e-08,0.0,0.5,0.9472272992134094,0.8690812587738037
val,conditioning_real_adv,30073,1,0.0,0.0,0.0,0.0,0.0,0.0,0.0,0.0,0.0,0.0,0.0,0.0,0.0,26.942401885986328,26.942401885986328,6.243907474390298e-11,0.0,0.0,5.279683589935303,2.3579611778259277
val,conditioning_real_adv,30180,1,2.980232238769531e-07,2.980232238769531e-07,2.980232238769531e-07,2.980232238769531e-07,2.980232238769531e-07,1.0,0.0,0.0,0.0,0.0,0.0,0.0,0.0,27.869258880615234,27.869258880615234,2.927688740328449e-07,0.0,0.0,4.583126068115234,2.109588146209717
val,conditioning_real_adv,30194,1,6.979703903198242e-05,6.979703903198242e-05,6.979703903198242e-05,6.979703903198242e-05,6.979703903198242e-05,1.0,0.0,0.0,0.0,0.0,0.0,0.0,0.0,23.31209373474121,23.31209373474121,6.97885116096586e-05,0.0,0.0,4.865210056304932,2.1673507690429688
val,conditioning_real_adv,30205,1,7.236003875732422e-05,7.236003875732422e-05,7.236003875732422e-05,7.236003875732422e-05,7.236003875732422e-05,1.0,0.0,0.0,0.0,0.0,0.0,0.0,0.0,25.034194946289062,25.034194946289062,7.233331416500732e-05,0.0,0.0,6.047308921813965,2.5279266834259033
val,conditioning_real_adv,30207,1,0.0011966228485107422,0.0011966228485107422,0.0011966228485107422,0.0011966228485107422,0.0011966228485107422,1.0,0.0,0.0,0.0,0.0,0.0,0.0,0.0,4.302368640899658,4.302368640899658,0.0011966271558776498,0.0,0.0,5.2779130935668945,2.35722017288208
val,conditioning_real_adv,30278,1,5.960464477539063e-08,5.960464477539063e-08,5.960464477539063e-08,5.960464477539063e-08,5.960464477539063e-08,1.0,0.0,0.0,0.0,0.0,0.0,0.0,0.0,28.263042449951172,28.263042449951172,7.572612048534211e-08,0.0,0.0,4.6787638664245605,2.10420298576355
val,conditioning_real_adv,30282,1,5.6743621826171875e-05,5.6743621826171875e-05,5.6743621826171875e-05,5.6743621826171875e-05,5.6743621826171875e-05,1.0,0.0,0.0,0.0,0.0,0.0,0.0,0.0,19.139453887939453,19.139453887939453,5.676471482729539e-05,0.0,0.0,4.352105617523193,2.0026187896728516
val,conditioning_real_adv,30306,1,5.960464477539063e-08,5.960464477539063e-08,5.960464477539063e-08,5.960464477539063e-08,5.960464477539063e-08,1.0,0.0,0.0,0.0,0.0,0.0,0.0,0.0,28.955541610717773,28.955541610717773,7.13910210947688e-08,0.0,0.0,5.8091936111450195,2.4564802646636963
val,conditioning_real_adv,30558,1,-0.5,-0.5,-0.5,-0.5,-0.5,0.0,0.0,0.0,0.0,0.0,0.0,1.0,0.0,35.013221740722656,35.013221740722656,3.1344268543523346e-13,0.0,0.5,5.283480167388916,2.358110189437866
val,conditioning_real_adv,30598,1,0.0011742711067199707,0.0011742711067199707,0.0011742711067199707,0.0011742711067199707,0.0011742711067199707,1.0,0.0,0.0,0.0,0.0,0.0,0.0,0.0,18.819398880004883,18.819398880004883,0.0011742743663489819,0.0,0.0,4.3408122062683105,2.037288188934326
val,conditioning_real_adv,30613,1,7.152557373046875e-07,7.152557373046875e-07,7.152557373046875e-07,7.152557373046875e-07,7.152557373046875e-07,1.0,0.0,0.0,0.0,0.0,0.0,0.0,0.0,25.083539962768555,25.083539962768555,7.045092047519574e-07,0.0,0.0,4.527289390563965,2.080063819885254
val,conditioning_real_adv,30617,1,0.04187196493148804,0.04187196493148804,0.04187196493148804,0.04187196493148804,0.04187196493148804,1.0,0.0,0.0,0.0,0.0,0.0,0.0,0.0,12.259664535522461,12.259664535522461,0.04187196120619774,0.0,0.0,4.261407852172852,1.9739203453063965
val,conditioning_real_adv,30667,1,-0.5,-0.5,-0.5,-0.5,-0.5,0.0,0.0,0.0,0.0,0.0,0.0,1.0,0.0,24.485198974609375,24.485198974609375,2.444709856774807e-08,0.0,0.5,4.683587551116943,2.106703758239746
val,conditioning_real_adv,30816,1,5.4836273193359375e-06,5.4836273193359375e-06,5.4836273193359375e-06,5.4836273193359375e-06,5.4836273193359375e-06,1.0,0.0,0.0,0.0,0.0,0.0,0.0,0.0,29.467403411865234,29.467403411865234,5.46567389392294e-06,0.0,0.0,5.760794639587402,2.4530467987060547
val,conditioning_real_adv,30830,1,1.8835067749023438e-05,1.8835067749023438e-05,1.8835067749023438e-05,1.8835067749023438e-05,1.8835067749023438e-05,1.0,0.0,0.0,0.0,0.0,0.0,0.0,1.0,18.837465286254883,18.837465286254883,1.883167351479642e-05,0.0,0.0,1.86296808719635,0.8371872305870056
val,conditioning_real_adv,30860,1,-1.0,-1.0,-1.0,-1.0,-1.0,0.0,0.0,0.0,0.0,0.0,1.0,1.0,0.0,37.49500274658203,37.49500274658203,4.213940654751447e-11,0.0,1.5,4.353059768676758,2.0136609077453613
val,conditioning_real_adv,30895,1,0.00023353099822998047,0.00023353099822998047,0.00023353099822998047,0.00023353099822998047,0.00023353099822998047,1.0,0.0,0.0,0.0,0.0,0.0,0.0,0.0,22.26713752746582,22.26713752746582,0.00023355231678579003,0.0,0.0,5.276474952697754,2.3607211112976074
val,conditioning_real_adv,30902,1,0.0,0.0,0.0,0.0,0.0,0.0,0.0,0.0,0.0,0.0,0.0,0.0,0.0,27.097698211669922,27.097698211669922,3.3749966796975395e-14,0.0,0.0,4.911849498748779,2.1697428226470947
val,conditioning_real_adv,30908,1,4.172325134277344e-07,4.172325134277344e-07,4.172325134277344e-07,4.172325134277344e-07,4.172325134277344e-07,1.0,0.0,0.0,0.0,0.0,0.0,0.0,0.0,23.924509048461914,23.924509048461914,4.2945259792759316e-07,0.0,0.0,5.585211277008057,2.3977365493774414
val,conditioning_real_adv,30942,1,-0.5,-0.5,-0.5,-0.5,-0.5,0.0,0.0,0.0,0.0,0.0,0.0,1.0,0.0,31.42509651184082,31.42509651184082,9.106521960122738e-13,0.0,0.5,4.7347092628479,2.1316416263580322
val,conditioning_real_adv,30976,1,-1.0,-1.0,-1.0,-1.0,-1.0,0.0,0.0,0.0,0.0,0.0,1.0,1.0,0.0,8.996686935424805,8.996686935424805,0.1826629936695099,0.0,1.5,5.281918048858643,2.360839366912842
val,conditioning_real_adv,31022,1,0.000807344913482666,0.000807344913482666,0.000807344913482666,0.000807344913482666,0.000807344913482666,1.0,0.0,0.0,0.0,0.0,0.0,0.0,0.0,20.241714477539062,20.241714477539062,0.0008073478820733726,0.0,0.0,4.527462482452393,2.119293689727783
val,conditioning_real_adv,31064,1,-1.0,-1.0,-1.0,-1.0,-1.0,0.0,0.0,0.0,0.0,0.0,1.0,1.0,0.0,38.71102523803711,38.71102523803711,1.0443246961644448e-11,0.0,1.5,5.273989677429199,2.355217933654785
val,conditioning_real_adv,31169,1,0.001841425895690918,0.001841425895690918,0.001841425895690918,0.001841425895690918,0.001841425895690918,1.0,0.0,0.0,0.0,0.0,0.0,0.0,0.0,8.450740814208984,8.450740814208984,0.0018414047081023455,0.0,0.0,4.708645820617676,2.0934994220733643
val,conditioning_real_adv,31172,1,0.0,0.0,0.0,0.0,0.0,0.0,0.0,0.0,0.0,0.0,0.0,0.0,0.0,21.593826293945312,21.593826293945312,7.431656337411954e-14,0.0,0.0,5.2798752784729,2.3582212924957275
val,conditioning_real_adv,31229,1,-0.5,-0.5,-0.5,-0.5,-0.5,0.0,0.0,0.0,0.0,0.0,0.0,1.0,0.0,35.93809509277344,35.93809509277344,5.258504677703446e-13,0.0,0.5,4.489779472351074,2.006227493286133
val,conditioning_real_adv,31234,1,-1.0,-1.0,-1.0,-1.0,-1.0,0.0,0.0,0.0,0.0,0.0,1.0,1.0,0.0,36.16074752807617,36.16074752807617,1.7756784541009263e-12,0.0,1.5,4.760836124420166,2.149869680404663
val,conditioning_real_adv,31240,1,-1.0,-1.0,-1.0,-1.0,-1.0,0.0,0.0,0.0,0.0,0.0,1.0,1.0,0.0,14.892531394958496,14.892531394958496,0.0012610796838998795,0.0,1.5,4.616300582885742,2.1003122329711914
val,conditioning_real_adv,31242,1,-0.5446634888648987,-0.5446634888648987,-0.5446634888648987,-0.5446634888648987,-0.5446634888648987,0.0,0.0,0.0,0.0,0.0,0.0,1.0,0.0,29.99662208557129,29.99662208557129,2.4735996584368536e-10,0.0,0.5446634888648987,4.5634846687316895,2.042933464050293
val,conditioning_real_adv,31261,1,1.1920928955078125e-07,1.1920928955078125e-07,1.1920928955078125e-07,1.1920928955078125e-07,1.1920928955078125e-07,1.0,0.0,0.0,0.0,0.0,0.0,0.0,0.0,28.0821533203125,28.0821533203125,1.3900866235871945e-07,0.0,0.0,4.82681941986084,2.1725025177001953
val,conditioning_real_adv,31330,1,-1.0,-1.0,-1.0,-1.0,-1.0,0.0,0.0,0.0,0.0,0.0,1.0,1.0,0.0,27.810081481933594,27.810081481933594,5.245864542757772e-08,0.0,1.5,5.280160903930664,2.3588755130767822
val,conditioning_real_adv,31397,1,2.384185791015625e-07,2.384185791015625e-07,2.384185791015625e-07,2.384185791015625e-07,2.384185791015625e-07,1.0,0.0,0.0,0.0,0.0,0.0,0.0,0.0,27.253555297851562,27.253555297851562,2.1083279477807082e-07,0.0,0.0,4.6909708976745605,2.1287896633148193
val,conditioning_real_adv,31407,1,0.5719135999679565,0.5719135999679565,0.5719135999679565,0.5719135999679565,0.5719135999679565,1.0,1.0,1.0,0.0,0.0,0.0,0.0,0.0,5.419537544250488,5.419537544250488,0.5719135999679565,0.0,0.0,5.2785797119140625,2.3574392795562744
val,conditioning_real_adv,31474,1,0.0002925395965576172,0.0002925395965576172,0.0002925395965576172,0.0002925395965576172,0.0002925395965576172,1.0,0.0,0.0,0.0,0.0,0.0,0.0,0.0,18.571746826171875,18.571746826171875,0.00029253470711410046,0.0,0.0,4.762565612792969,2.1094324588775635
val,conditioning_real_adv,31534,1,-0.4999998211860657,-0.4999998211860657,-0.4999998211860657,-0.4999998211860657,-0.4999998211860657,0.0,0.0,0.0,0.0,0.0,0.0,1.0,0.0,30.259477615356445,30.259477615356445,2.0526196919945505e-07,0.0,0.5,5.224353313446045,2.309303045272827
val,conditioning_real_adv,31544,1,0.0,0.0,0.0,0.0,0.0,0.0,0.0,0.0,0.0,0.0,0.0,0.0,1.0,32.247650146484375,32.247650146484375,2.491912454161138e-09,0.0,0.0,0.8365949988365173,0.8502782583236694
val,conditioning_real_adv,31577,1,5.960464477539063e-08,5.960464477539063e-08,5.960464477539063e-08,5.960464477539063e-08,5.960464477539063e-08,1.0,0.0,0.0,0.0,0.0,0.0,0.0,0.0,29.39146614074707,29.39146614074707,6.459785595325229e-08,0.0,0.0,4.810808181762695,2.1600775718688965
val,conditioning_real_adv,31593,1,8.440017700195312e-05,8.440017700195312e-05,8.440017700195312e-05,8.440017700195312e-05,8.440017700195312e-05,1.0,0.0,0.0,0.0,0.0,0.0,0.0,0.0,21.359516143798828,21.359516143798828,8.441354293609038e-05,0.0,0.0,4.432429313659668,2.0140419006347656
val,conditioning_real_adv,31602,1,0.0,0.0,0.0,0.0,0.0,0.0,0.0,0.0,0.0,0.0,0.0,0.0,0.0,16.937244415283203,16.937244415283203,8.408337359711027e-10,0.0,0.0,5.282721042633057,2.354978561401367
val,conditioning_real_adv,31672,1,-1.0,-1.0,-1.0,-1.0,-1.0,0.0,0.0,0.0,0.0,0.0,1.0,1.0,0.0,21.95911407470703,21.95911407470703,3.752160182557418e-08,0.0,1.5,4.691160678863525,2.094175100326538
val,conditioning_real_adv,31845,1,-0.49997133016586304,-0.49997133016586304,-0.49997133016586304,-0.49997133016586304,-0.49997133016586304,0.0,0.0,0.0,0.0,0.0,0.0,1.0,0.0,20.480119705200195,20.480119705200195,2.8689626560662873e-05,0.0,0.5,5.278142929077148,2.3568501472473145
val,conditioning_real_adv,31861,1,-1.0,-1.0,-1.0,-1.0,-1.0,0.0,0.0,0.0,0.0,0.0,1.0,1.0,0.0,27.65988540649414,27.65988540649414,5.6760877248374086e-11,0.0,1.5,4.87830924987793,2.2413735389709473
val,conditioning_real_adv,31879,1,-1.0,-1.0,-1.0,-1.0,-1.0,0.0,0.0,0.0,0.0,0.0,1.0,1.0,0.0,36.35551071166992,36.35551071166992,2.841823165677937e-10,0.0,1.5,4.733384609222412,2.142683506011963
val,conditioning_real_adv,31933,1,-1.0,-1.0,-1.0,-1.0,-1.0,0.0,0.0,0.0,0.0,0.0,1.0,1.0,0.0,11.696958541870117,11.696958541870117,0.002711681416258216,0.0,1.5,5.2767205238342285,2.3625521659851074
val,conditioning_real_adv,31975,1,-1.0,-1.0,-1.0,-1.0,-1.0,0.0,0.0,0.0,0.0,0.0,1.0,1.0,0.0,37.38739776611328,37.38739776611328,2.0181974147437387e-10,0.0,1.5,4.752533912658691,2.1597752571105957
val,conditioning_real_adv,32022,1,2.384185791015625e-07,2.384185791015625e-07,2.384185791015625e-07,2.384185791015625e-07,2.384185791015625e-07,1.0,0.0,0.0,0.0,0.0,0.0,0.0,0.0,30.55356788635254,30.55356788635254,2.4115888663800433e-07,0.0,0.0,4.58401346206665,2.010744571685791
val,conditioning_real_adv,32037,1,1.615285873413086e-05,1.615285873413086e-05,1.615285873413086e-05,1.615285873413086e-05,1.615285873413086e-05,1.0,0.0,0.0,0.0,0.0,0.0,0.0,1.0,23.1694393157959,23.1694393157959,1.6167045032489114e-05,0.0,0.0,1.0495551824569702,0.9125332236289978
val,conditioning_real_adv,32065,1,0.0,0.0,0.0,0.0,0.0,0.0,0.0,0.0,0.0,0.0,0.0,0.0,0.0,33.52478790283203,33.52478790283203,2.19702051690307e-11,0.0,0.0,4.632296085357666,2.099836826324463
val,conditioning_real_adv,32113,1,-0.5,-0.5,-0.5,-0.5,-0.5,0.0,0.0,0.0,0.0,0.0,0.0,1.0,0.0,32.4344367980957,32.4344367980957,5.65586726758438e-12,0.0,0.5,5.279895782470703,2.357966423034668
val,conditioning_real_adv,32125,1,0.0,0.0,0.0,0.0,0.0,0.0,0.0,0.0,0.0,0.0,0.0,0.0,0.0,25.832380294799805,25.832380294799805,1.377295955236335e-12,0.0,0.0,5.459402561187744,2.3440773487091064
val,conditioning_real_adv,32133,1,0.019401192665100098,0.019401192665100098,0.019401192665100098,0.019401192665100098,0.019401192665100098,1.0,0.0,0.0,0.0,0.0,0.0,0.0,0.0,13.320488929748535,13.320488929748535,0.019401205703616142,0.0,0.0,4.724679470062256,2.1693179607391357
val,conditioning_real_adv,32232,1,0.0003249645233154297,0.0003249645233154297,0.0003249645233154297,0.0003249645233154297,0.0003249645233154297,1.0,0.0,0.0,0.0,0.0,0.0,0.0,0.0,14.251978874206543,14.251978874206543,0.0003249437140766531,0.0,0.0,4.62921142578125,2.073490858078003
val,conditioning_real_adv,32240,1,1.2516975402832031e-06,1.2516975402832031e-06,1.2516975402832031e-06,1.2516975402832031e-06,1.2516975402832031e-06,1.0,0.0,0.0,0.0,0.0,0.0,0.0,0.0,30.37786865234375,30.37786865234375,1.2712979469142738e-06,0.0,0.0,5.17671012878418,2.236107587814331
val,conditioning_real_adv,32286,1,0.3110908269882202,0.3110908269882202,0.3110908269882202,0.3110908269882202,0.3110908269882202,1.0,1.0,0.0,0.0,0.0,0.0,0.0,0.0,6.03116512298584,6.03116512298584,0.3110907971858978,0.0,0.0,4.232079029083252,1.9319806098937988
val,conditioning_real_adv,32290,1,0.0002238750457763672,0.0002238750457763672,0.0002238750457763672,0.0002238750457763672,0.0002238750457763672,1.0,0.0,0.0,0.0,0.0,0.0,0.0,0.0,22.26036834716797,22.26036834716797,0.0002238713641418144,0.0,0.0,4.621748924255371,2.1283600330352783
val,conditioning_real_adv,32342,1,-1.0,-1.0,-1.0,-1.0,-1.0,0.0,0.0,0.0,0.0,0.0,1.0,1.0,0.0,33.95094299316406,33.95094299316406,2.4688088018365306e-08,0.0,1.5,5.477989673614502,2.3625688552856445
val,conditioning_real_adv,32347,1,-1.0,-1.0,-1.0,-1.0,-1.0,0.0,0.0,0.0,0.0,0.0,0.0,1.0,0.0,19.103374481201172,19.103374481201172,4.875779723079177e-06,0.0,1.3967621326446533,5.278050422668457,2.358182668685913
val,conditioning_real_adv,32406,1,2.3245811462402344e-06,2.3245811462402344e-06,2.3245811462402344e-06,2.3245811462402344e-06,2.3245811462402344e-06,1.0,0.0,0.0,0.0,0.0,0.0,0.0,0.0,17.654495239257812,17.654495239257812,2.3483812583435792e-06,0.0,0.0,7.562027931213379,2.922974109649658
val,conditioning_real_adv,32412,1,-1.0,-1.0,-1.0,-1.0,-1.0,0.0,0.0,0.0,0.0,0.0,1.0,1.0,0.0,44.40876388549805,44.40876388549805,3.9557543167739045e-14,0.0,1.5,4.85795259475708,2.122530221939087
val,conditioning_real_adv,32460,1,2.378225326538086e-05,2.378225326538086e-05,2.378225326538086e-05,2.378225326538086e-05,2.378225326538086e-05,1.0,0.0,0.0,0.0,0.0,0.0,0.0,0.0,27.15363883972168,27.15363883972168,2.3761111151543446e-05,0.0,0.0,4.620013236999512,2.100111722946167
val,conditioning_real_adv,32466,1,0.0,0.0,0.0,0.0,0.0,0.0,0.0,0.0,0.0,0.0,0.0,0.0,0.0,31.143367767333984,31.143367767333984,1.1510904229794505e-08,0.0,0.0,4.6045002937316895,2.0451178550720215
val,conditioning_real_adv,32474,1,2.980232238769531e-07,2.980232238769531e-07,2.980232238769531e-07,2.980232238769531e-07,2.980232238769531e-07,1.0,0.0,0.0,0.0,0.0,0.0,0.0,0.0,29.99127960205078,29.99127960205078,2.6847416734199214e-07,0.0,0.0,4.170088768005371,1.9560924768447876
val,conditioning_real_adv,32546,1,0.629578709602356,0.629578709602356,0.629578709602356,0.629578709602356,0.629578709602356,1.0,1.0,1.0,0.0,0.0,0.0,0.0,0.0,4.393133163452148,4.393133163452148,0.629578709602356,0.0,0.0,4.287775993347168,2.0122814178466797
val,conditioning_real_adv,32577,1,-0.49999910593032837,-0.49999910593032837,-0.49999910593032837,-0.49999910593032837,-0.49999910593032837,0.0,0.0,0.0,0.0,0.0,0.0,1.0,0.0,27.671855926513672,27.671855926513672,8.688019192959473e-07,0.0,0.5,4.546474456787109,2.0750935077667236
val,conditioning_real_adv,32615,1,-1.0,-1.0,-1.0,-1.0,-1.0,0.0,0.0,0.0,0.0,1.0,1.0,1.0,0.0,34.75526809692383,34.75526809692383,5.417426791609614e-07,0.0,1.5,5.271090507507324,2.361510992050171
val,conditioning_real_adv,32619,1,0.4454624652862549,0.4454624652862549,0.4454624652862549,0.4454624652862549,0.4454624652862549,1.0,1.0,0.0,0.0,0.0,0.0,0.0,0.0,6.4338274002075195,6.4338274002075195,0.44546249508857727,0.0,0.0,5.282175540924072,2.35821795463562
val,conditioning_real_adv,32665,1,0.24159622192382812,0.24159622192382812,0.24159622192382812,0.24159622192382812,0.24159622192382812,1.0,0.0,0.0,0.0,0.0,0.0,0.0,0.0,8.231237411499023,8.231237411499023,0.24159623682498932,0.0,0.0,4.687196731567383,2.0743408203125
val,conditioning_real_adv,32679,1,-1.0,-1.0,-1.0,-1.0,-1.0,0.0,0.0,0.0,0.0,0.0,1.0,1.0,0.0,38.23815155029297,38.23815155029297,9.888360963383747e-12,0.0,1.5,4.859443187713623,2.182811975479126
val,conditioning_real_adv,32870,1,1.239776611328125e-05,1.239776611328125e-05,1.239776611328125e-05,1.239776611328125e-05,1.239776611328125e-05,1.0,0.0,0.0,0.0,0.0,0.0,0.0,0.0,27.71278953552246,27.71278953552246,1.2393669749144465e-05,0.0,0.0,5.0566020011901855,2.239449977874756
val,conditioning_real_adv,32926,1,0.7597638368606567,0.7597638368606567,0.7597638368606567,0.7597638368606567,0.7597638368606567,1.0,1.0,1.0,0.0,0.0,0.0,0.0,0.0,3.6967427730560303,3.6967427730560303,0.7597638368606567,0.0,0.0,4.703014850616455,2.0618743896484375
val,conditioning_real_adv,32927,1,0.07080709934234619,0.07080709934234619,0.07080709934234619,0.07080709934234619,0.07080709934234619,1.0,0.0,0.0,0.0,0.0,0.0,0.0,1.0,5.2406206130981445,5.2406206130981445,0.0708070918917656,0.0,0.0,1.0098949670791626,0.9130441546440125
val,conditioning_real_adv,33006,1,-1.0,-1.0,-1.0,-1.0,-1.0,0.0,0.0,0.0,0.0,0.0,1.0,1.0,0.0,22.31904411315918,22.31904411315918,9.847622095549013e-07,0.0,1.5,4.716540813446045,2.094792366027832
val,conditioning_real_adv,33075,1,-1.0,-1.0,-1.0,-1.0,-1.0,0.0,0.0,0.0,0.0,0.0,1.0,1.0,0.0,40.185699462890625,40.185699462890625,1.4832460815128456e-09,0.0,1.5,5.285210132598877,2.3570683002471924
val,conditioning_real_adv,33085,1,-1.0,-1.0,-1.0,-1.0,-1.0,0.0,0.0,0.0,0.0,1.0,1.0,1.0,0.0,37.05728530883789,37.05728530883789,4.649820892904666e-12,0.0,1.5,4.99772834777832,2.228562831878662
val,conditioning_real_adv,33095,1,-1.0,-1.0,-1.0,-1.0,-1.0,0.0,0.0,0.0,0.0,0.0,1.0,1.0,0.0,40.79595184326172,40.79595184326172,1.6913623279712908e-10,0.0,1.5,4.6760735511779785,2.0984606742858887
val,conditioning_real_adv,33217,1,5.960464477539062e-07,5.960464477539062e-07,5.960464477539062e-07,5.960464477539062e-07,5.960464477539062e-07,1.0,0.0,0.0,0.0,0.0,0.0,0.0,0.0,15.443083763122559,15.443083763122559,6.217681516318407e-07,0.0,0.0,4.55686092376709,2.032907485961914
val,conditioning_real_adv,33233,1,3.0994415283203125e-06,3.0994415283203125e-06,3.0994415283203125e-06,3.0994415283203125e-06,3.0994415283203125e-06,1.0,0.0,0.0,0.0,0.0,0.0,0.0,0.0,27.987972259521484,27.987972259521484,3.1114705052459612e-06,0.0,0.0,7.928741931915283,2.9247331619262695
val,conditioning_real_adv,33288,1,-1.0,-1.0,-1.0,-1.0,-1.0,0.0,0.0,0.0,0.0,0.0,1.0,1.0,0.0,34.17021560668945,34.17021560668945,7.48035063224961e-07,0.0,1.5,5.381732940673828,2.313754081726074
val,conditioning_real_adv,33314,1,0.0003216862678527832,0.0003216862678527832,0.0003216862678527832,0.0003216862678527832,0.0003216862678527832,1.0,0.0,0.0,0.0,0.0,0.0,0.0,0.0,14.509406089782715,14.509406089782715,0.0003216738405171782,0.0,0.0,4.505775451660156,2.016624689102173
val,conditioning_real_adv,33331,1,-1.0,-1.0,-1.0,-1.0,-1.0,0.0,0.0,0.0,0.0,0.0,1.0,1.0,0.0,8.695068359375,8.695068359375,0.0029115972574800253,0.0,1.5,5.1553730964660645,2.344865083694458
val,conditioning_real_adv,33506,1,-0.5,-0.5,-0.5,-0.5,-0.5,0.0,0.0,0.0,0.0,0.0,0.0,1.0,0.0,30.975147247314453,30.975147247314453,3.747523180663848e-09,0.0,0.5,5.279017448425293,2.357889413833618
val,conditioning_real_adv,33562,1,4.827976226806641e-06,4.827976226806641e-06,4.827976226806641e-06,4.827976226806641e-06,4.827976226806641e-06,1.0,0.0,0.0,0.0,0.0,0.0,0.0,0.0,26.665414810180664,26.665414810180664,4.801616341865156e-06,0.0,0.0,4.728583335876465,2.131854772567749
val,conditioning_real_adv,33687,1,-1.0,-1.0,-1.0,-1.0,-1.0,0.0,0.0,0.0,0.0,0.0,1.0,1.0,0.0,25.09708595275879,25.09708595275879,1.779495590881197e-07,0.0,1.5,4.477397441864014,2.0783307552337646
val,conditioning_real_adv,33769,1,1.3232231140136719e-05,1.3232231140136719e-05,1.3232231140136719e-05,1.3232231140136719e-05,1.3232231140136719e-05,1.0,0.0,0.0,0.0,0.0,0.0,0.0,0.0,26.722322463989258,26.722322463989258,1.3215311810199637e-05,0.0,0.0,4.519118309020996,2.050478935241699
val,conditioning_real_adv,33824,1,0.013050496578216553,0.013050496578216553,0.013050496578216553,0.013050496578216553,0.013050496578216553,1.0,0.0,0.0,0.0,0.0,0.0,0.0,0.0,7.166623592376709,7.166623592376709,0.013050478883087635,0.0,0.0,11.361469268798828,3.1215293407440186
val,conditioning_real_adv,33851,1,1.3113021850585938e-06,1.3113021850585938e-06,1.3113021850585938e-06,1.3113021850585938e-06,1.3113021850585938e-06,1.0,0.0,0.0,0.0,0.0,0.0,0.0,0.0,26.537227630615234,26.537227630615234,1.3097172768539167e-06,0.0,0.0,4.394247531890869,2.0106189250946045
val,conditioning_real_adv,33875,1,0.919775128364563,0.919775128364563,0.919775128364563,0.919775128364563,0.919775128364563,1.0,1.0,1.0,0.0,0.0,0.0,0.0,0.0,5.198435306549072,5.198435306549072,0.5988756418228149,0.800000011920929,0.0,4.623322010040283,2.1030712127685547
val,conditioning_real_adv,33947,1,-0.4999999403953552,-0.4999999403953552,-0.4999999403953552,-0.4999999403953552,-0.4999999403953552,0.0,0.0,0.0,0.0,0.0,0.0,1.0,0.0,31.265201568603516,31.265201568603516,4.29921023226143e-08,0.0,0.5,5.923865795135498,2.484802007675171
val,conditioning_real_adv,33957,1,4.172325134277344e-07,4.172325134277344e-07,4.172325134277344e-07,4.172325134277344e-07,4.172325134277344e-07,1.0,0.0,0.0,0.0,0.0,0.0,0.0,0.0,30.57937240600586,30.57937240600586,4.1298142150481e-07,0.0,0.0,5.280824184417725,2.3590281009674072
val,conditioning_real_adv,34013,1,0.001036226749420166,0.001036226749420166,0.001036226749420166,0.001036226749420166,0.001036226749420166,1.0,0.0,0.0,0.0,0.0,0.0,0.0,0.0,16.246763229370117,16.246763229370117,0.0010361982276663184,0.0,0.0,5.293821811676025,2.2613348960876465
val,conditioning_real_adv,34067,1,1.704692840576172e-05,1.704692840576172e-05,1.704692840576172e-05,1.704692840576172e-05,1.704692840576172e-05,1.0,0.0,0.0,0.0,0.0,0.0,0.0,0.0,26.996171951293945,26.996171951293945,1.705340764601715e-05,0.0,0.0,4.784337997436523,2.154649496078491
val,conditioning_real_adv,34082,1,-1.0,-1.0,-1.0,-1.0,-1.0,0.0,0.0,0.0,0.0,0.0,1.0,1.0,0.0,30.504484176635742,30.504484176635742,6.425818810384953e-08,0.0,1.5,4.448323726654053,1.9971641302108765
val,conditioning_real_adv,34135,1,0.000580132007598877,0.000580132007598877,0.000580132007598877,0.000580132007598877,0.000580132007598877,1.0,0.0,0.0,0.0,0.0,0.0,0.0,0.0,17.006328582763672,17.006328582763672,0.0005801353836432099,0.0,0.0,4.574650287628174,2.0645580291748047
val,conditioning_real_adv,34159,1,-1.0,-1.0,-1.0,-1.0,-1.0,0.0,0.0,0.0,0.0,0.0,1.0,1.0,0.0,25.576068878173828,25.576068878173828,2.804234327413724e-06,0.0,1.5,4.351590156555176,2.0182266235351562
val,conditioning_real_adv,34167,1,-0.5,-0.5,-0.5,-0.5,-0.5,0.0,0.0,0.0,0.0,0.0,0.0,1.0,0.0,24.31464385986328,24.31464385986328,4.6195870045950826e-11,0.0,0.5,4.675297737121582,2.0755598545074463
val,conditioning_real_adv,34196,1,-0.5,-0.5,-0.5,-0.5,-0.5,0.0,0.0,0.0,0.0,0.0,0.0,1.0,0.0,40.96099853515625,40.96099853515625,1.1787609777158536e-10,0.0,0.5,4.573868751525879,2.0532352924346924
val,conditioning_real_adv,34209,1,-1.0,-1.0,-1.0,-1.0,-1.0,0.0,0.0,0.0,0.0,1.0,0.0,1.0,0.0,22.66537094116211,22.66537094116211,8.910982529641842e-08,0.0,0.5,5.285348892211914,2.3560831546783447
val,conditioning_real_adv,34278,1,0.0,0.0,0.0,0.0,0.0,0.0,0.0,0.0,0.0,0.0,0.0,0.0,0.0,25.64136505126953,25.64136505126953,2.8641135327093484e-16,0.0,0.0,5.069154739379883,2.2678563594818115
val,conditioning_real_adv,34279,1,-0.5,-0.5,-0.5,-0.5,-0.5,0.0,0.0,0.0,0.0,0.0,0.0,1.0,0.0,33.044525146484375,33.044525146484375,9.395981770410344e-10,0.0,0.5,4.538424015045166,2.0484347343444824
val,conditioning_real_adv,34298,1,0.1967880129814148,0.1967880129814148,0.1967880129814148,0.1967880129814148,0.1967880129814148,1.0,0.0,0.0,0.0,0.0,0.0,0.0,0.0,8.56787109375,8.56787109375,0.1967880129814148,0.0,0.0,4.807494163513184,2.11044979095459
val,conditioning_real_adv,34321,1,1.7583370208740234e-05,1.7583370208740234e-05,1.7583370208740234e-05,1.7583370208740234e-05,1.7583370208740234e-05,1.0,0.0,0.0,0.0,0.0,0.0,0.0,0.0,26.197317123413086,26.197317123413086,1.7607362678973004e-05,0.0,0.0,4.863595008850098,2.2412211894989014
val,conditioning_real_adv,34351,1,0.031655848026275635,0.031655848026275635,0.031655848026275635,0.031655848026275635,0.031655848026275635,1.0,0.0,0.0,0.0,0.0,0.0,0.0,0.0,11.624861717224121,11.624861717224121,0.031655848026275635,0.0,0.0,4.583861827850342,2.1053173542022705
val,conditioning_real_adv,34374,1,-1.0,-1.0,-1.0,-1.0,-1.0,0.0,0.0,0.0,0.0,0.0,1.0,1.0,0.0,27.546770095825195,27.546770095825195,1.5362817862296652e-07,0.0,1.5,5.6234450340271,2.4113285541534424
val,conditioning_real_adv,34378,1,0.0064896345138549805,0.0064896345138549805,0.0064896345138549805,0.0064896345138549805,0.0064896345138549805,1.0,0.0,0.0,0.0,0.0,0.0,0.0,0.0,11.005911827087402,11.005911827087402,0.006489621941000223,0.0,0.0,4.678560733795166,2.095775604248047
val,conditioning_real_adv,34413,1,-1.0,-1.0,-1.0,-1.0,-1.0,0.0,0.0,0.0,0.0,0.0,1.0,1.0,0.0,36.90744400024414,36.90744400024414,2.4512841843155053e-12,0.0,1.5,5.279119491577148,2.356710910797119
val,conditioning_real_adv,34459,1,-1.0,-1.0,-1.0,-1.0,-1.0,0.0,0.0,0.0,0.0,0.0,1.0,1.0,0.0,36.13923645019531,36.13923645019531,2.429598015829537e-11,0.0,1.5,4.717831134796143,2.115701675415039
val,conditioning_real_adv,34478,1,-0.5,-0.5,-0.5,-0.5,-0.5,0.0,0.0,0.0,0.0,0.0,0.0,1.0,0.0,30.682987213134766,30.682987213134766,1.3025344358652546e-08,0.0,0.5,4.687722206115723,2.1574997901916504
val,conditioning_real_adv,34526,1,2.47955322265625e-05,2.47955322265625e-05,2.47955322265625e-05,2.47955322265625e-05,2.47955322265625e-05,1.0,0.0,0.0,0.0,0.0,0.0,0.0,0.0,23.09200668334961,23.09200668334961,2.4799750462989323e-05,0.0,0.0,5.282714366912842,2.3575172424316406
val,conditioning_real_adv,34575,1,-1.0,-1.0,-1.0,-1.0,-1.0,0.0,0.0,0.0,0.0,0.0,1.0,1.0,0.0,31.018415451049805,31.018415451049805,2.0994384897221607e-07,0.0,1.5,4.5050272941589355,2.019132137298584
val,conditioning_real_adv,34625,1,0.0,0.0,0.0,0.0,0.0,0.0,0.0,0.0,0.0,0.0,0.0,0.0,0.0,16.350852966308594,16.350852966308594,2.8055510692404084e-10,0.0,0.0,4.557024955749512,2.038402557373047
val,conditioning_real_adv,34682,1,2.384185791015625e-07,2.384185791015625e-07,2.384185791015625e-07,2.384185791015625e-07,2.384185791015625e-07,1.0,0.0,0.0,0.0,0.0,0.0,0.0,0.0,30.577484130859375,30.577484130859375,2.3541490179468383e-07,0.0,0.0,4.914126396179199,2.1566567420959473
val,conditioning_real_adv,34699,1,5.364418029785156e-07,5.364418029785156e-07,5.364418029785156e-07,5.364418029785156e-07,5.364418029785156e-07,1.0,0.0,0.0,0.0,0.0,0.0,0.0,0.0,22.495634078979492,22.495634078979492,5.15001204348664e-07,0.0,0.0,5.289292812347412,2.242037296295166
val,conditioning_real_adv,34721,1,1.2695789337158203e-05,1.2695789337158203e-05,1.2695789337158203e-05,1.2695789337158203e-05,1.2695789337158203e-05,1.0,0.0,0.0,0.0,0.0,0.0,0.0,0.0,13.165885925292969,13.165885925292969,1.2704408618446905e-05,0.0,0.0,5.28825044631958,2.366734027862549
val,conditioning_real_adv,34746,1,-1.0,-1.0,-1.0,-1.0,-1.0,0.0,0.0,0.0,0.0,0.0,1.0,1.0,0.0,32.71759796142578,32.71759796142578,1.7939273400102707e-09,0.0,1.5,4.7946577072143555,2.1924548149108887
val,conditioning_real_adv,34824,1,0.0,0.0,0.0,0.0,0.0,0.0,0.0,0.0,0.0,0.0,0.0,0.0,0.0,28.860363006591797,28.860363006591797,7.680550531512231e-14,0.0,0.0,5.0832977294921875,2.2121875286102295
val,conditioning_real_adv,34902,1,0.0,0.0,0.0,0.0,0.0,0.0,0.0,0.0,0.0,0.0,0.0,0.0,0.0,28.25590705871582,28.25590705871582,7.580728884524438e-16,0.0,0.0,4.8778791427612305,2.2083961963653564
val,conditioning_real_adv,34945,1,0.00035077333450317383,0.00035077333450317383,0.00035077333450317383,0.00035077333450317383,0.00035077333450317383,1.0,0.0,0.0,0.0,0.0,0.0,0.0,0.0,21.56366539001465,21.56366539001465,0.0003507592773530632,0.0,0.0,4.429600715637207,2.0605688095092773
val,conditioning_real_adv,34972,1,0.0014987587928771973,0.0014987587928771973,0.0014987587928771973,0.0014987587928771973,0.0014987587928771973,1.0,0.0,0.0,0.0,0.0,0.0,0.0,0.0,18.996339797973633,18.996339797973633,0.001498761004768312,0.0,0.0,4.804628372192383,2.1502060890197754
val,conditioning_real_adv,35009,1,-0.5,-0.5,-0.5,-0.5,-0.5,0.0,0.0,0.0,0.0,0.0,0.0,1.0,1.0,31.31459617614746,31.31459617614746,1.4425870276113528e-08,0.0,0.5,0.8956790566444397,0.8796133995056152
val,conditioning_real_adv,35089,1,6.616115570068359e-06,6.616115570068359e-06,6.616115570068359e-06,6.616115570068359e-06,6.616115570068359e-06,1.0,0.0,0.0,0.0,0.0,0.0,0.0,0.0,28.87330436706543,28.87330436706543,6.634805231442442e-06,0.0,0.0,4.579007148742676,2.1084177494049072
val,conditioning_real_adv,35096,1,0.015181124210357666,0.015181124210357666,0.015181124210357666,0.015181124210357666,0.015181124210357666,1.0,0.0,0.0,0.0,0.0,0.0,0.0,0.0,12.736696243286133,12.736696243286133,0.015181144699454308,0.0,0.0,5.280508518218994,2.3571765422821045
val,conditioning_real_adv,35120,1,2.980232238769531e-07,2.980232238769531e-07,2.980232238769531e-07,2.980232238769531e-07,2.980232238769531e-07,1.0,0.0,0.0,0.0,0.0,0.0,0.0,0.0,25.927156448364258,25.927156448364258,3.1439236636288115e-07,0.0,0.0,5.122957706451416,2.261573076248169
val,conditioning_real_adv,35138,1,0.0,0.0,0.0,0.0,0.0,0.0,0.0,0.0,0.0,0.0,0.0,0.0,0.0,42.01469421386719,42.01469421386719,1.8233802055039883e-12,0.0,0.0,4.3765435218811035,1.9823404550552368
val,conditioning_real_adv,35253,1,7.891654968261719e-05,7.891654968261719e-05,7.891654968261719e-05,7.891654968261719e-05,7.891654968261719e-05,1.0,0.0,0.0,0.0,0.0,0.0,0.0,0.0,17.904624938964844,17.904624938964844,7.89259429438971e-05,0.0,0.0,6.48673677444458,2.720036745071411
val,conditioning_real_adv,35408,1,-1.0,-1.0,-1.0,-1.0,-1.0,0.0,0.0,0.0,0.0,0.0,0.0,1.0,0.0,36.001548767089844,36.001548767089844,4.094017569400421e-09,0.0,1.4520622491836548,4.453906536102295,2.0928449630737305
val,conditioning_real_adv,35428,1,3.170967102050781e-05,3.170967102050781e-05,3.170967102050781e-05,3.170967102050781e-05,3.170967102050781e-05,1.0,0.0,0.0,0.0,0.0,0.0,0.0,0.0,26.66945457458496,26.66945457458496,3.1710442272014916e-05,0.0,0.0,4.77565336227417,2.1326494216918945
val,conditioning_real_adv,35459,1,-1.0,-1.0,-1.0,-1.0,-1.0,0.0,0.0,0.0,0.0,0.0,1.0,1.0,0.0,27.547266006469727,27.547266006469727,1.1391235732460814e-09,0.0,1.5,4.699560165405273,2.105215072631836
val,conditioning_real_adv,35573,1,-1.0,-1.0,-1.0,-1.0,-1.0,0.0,0.0,0.0,0.0,0.0,1.0,1.0,0.0,35.5638542175293,35.5638542175293,6.944821020343772e-12,0.0,1.5,4.9357757568359375,2.1944968700408936
val,conditioning_real_adv,35585,1,-0.4999995231628418,-0.4999995231628418,-0.4999995231628418,-0.4999995231628418,-0.4999995231628418,0.0,0.0,0.0,0.0,0.0,0.0,1.0,0.0,28.815099716186523,28.815099716186523,4.887603495262738e-07,0.0,0.5,5.283372402191162,2.358142375946045
val,conditioning_real_adv,35623,1,2.5033950805664062e-06,2.5033950805664062e-06,2.5033950805664062e-06,2.5033950805664062e-06,2.5033950805664062e-06,1.0,0.0,0.0,0.0,0.0,0.0,0.0,0.0,24.128965377807617,24.128965377807617,2.530744040996069e-06,0.0,0.0,4.516139030456543,2.0470376014709473
val,conditioning_real_adv,35634,1,-1.0,-1.0,-1.0,-1.0,-1.0,0.0,0.0,0.0,0.0,0.0,1.0,1.0,0.0,36.82793045043945,36.82793045043945,6.3053616147779046e-12,0.0,1.5,4.776611804962158,2.1453616619110107
val,conditioning_real_adv,35667,1,0.08661013841629028,0.08661013841629028,0.08661013841629028,0.08661013841629028,0.08661013841629028,1.0,0.0,0.0,0.0,0.0,0.0,0.0,1.0,10.711341857910156,10.711341857910156,0.08661016076803207,0.0,0.0,1.0035046339035034,0.9011067748069763
val,conditioning_real_adv,35672,1,-0.7975650429725647,-0.7975650429725647,-0.7975650429725647,-0.7975650429725647,-0.7975650429725647,0.0,0.0,0.0,0.0,0.0,0.0,0.0,1.0,29.510974884033203,29.510974884033203,3.294225781047544e-09,0.0,0.7975650429725647,0.8624491095542908,0.8416796326637268
val,conditioning_real_adv,35730,1,-0.5,-0.5,-0.5,-0.5,-0.5,0.0,0.0,0.0,0.0,0.0,0.0,1.0,0.0,32.49443817138672,32.49443817138672,2.196146819954947e-09,0.0,0.5,4.359359264373779,2.0291614532470703
val,conditioning_real_adv,35808,1,0.00010693073272705078,0.00010693073272705078,0.00010693073272705078,0.00010693073272705078,0.00010693073272705078,1.0,0.0,0.0,0.0,0.0,0.0,0.0,0.0,17.07522964477539,17.07522964477539,0.00010690503404475749,0.0,0.0,4.818400859832764,2.128840446472168
val,conditioning_real_adv,35824,1,-1.0,-1.0,-1.0,-1.0,-1.0,0.0,0.0,0.0,0.0,0.0,1.0,1.0,1.0,18.73375129699707,18.73375129699707,9.958571899915114e-05,0.0,1.5,0.9769580960273743,0.8596823811531067
val,conditioning_real_adv,35860,1,0.0,0.0,0.0,0.0,0.0,0.0,0.0,0.0,0.0,0.0,0.0,0.0,0.0,21.610733032226562,21.610733032226562,3.05321878890652e-10,0.0,0.0,5.278842926025391,2.354238748550415
val,conditioning_real_adv,35863,1,0.0,0.0,0.0,0.0,0.0,0.0,0.0,0.0,0.0,0.0,0.0,0.0,0.0,27.27071762084961,27.27071762084961,4.78294941359033e-14,0.0,0.0,6.091516017913818,2.5593760013580322
val,conditioning_real_adv,35877,1,-1.0,-1.0,-1.0,-1.0,-1.0,0.0,0.0,0.0,0.0,0.0,1.0,1.0,1.0,32.29827117919922,32.29827117919922,3.7610888625749794e-08,0.0,1.5,0.9291369318962097,0.8818470239639282
val,conditioning_real_adv,35945,1,1.4841556549072266e-05,1.4841556549072266e-05,1.4841556549072266e-05,1.4841556549072266e-05,1.4841556549072266e-05,1.0,0.0,0.0,0.0,0.0,0.0,0.0,0.0,21.705089569091797,21.705089569091797,1.4840029507467989e-05,0.0,0.0,4.4185662269592285,2.047194719314575
val,conditioning_real_adv,35950,1,-0.5,-0.5,-0.5,-0.5,-0.5,0.0,0.0,0.0,0.0,0.0,0.0,1.0,0.0,31.751407623291016,31.751407623291016,1.1695331335326298e-11,0.0,0.5,4.507429122924805,2.001962661743164
val,conditioning_real_adv,35959,1,0.003133416175842285,0.003133416175842285,0.003133416175842285,0.003133416175842285,0.003133416175842285,1.0,0.0,0.0,0.0,0.0,0.0,0.0,0.0,15.265124320983887,15.265124320983887,0.003133395453915,0.0,0.0,4.76813268661499,2.1424193382263184
val,conditioning_real_adv,35988,1,0.0,0.0,0.0,0.0,0.0,0.0,0.0,0.0,0.0,0.0,0.0,0.0,0.0,35.33602523803711,35.33602523803711,1.4914203552707228e-11,0.0,0.0,4.79347038269043,2.1645560264587402
val,conditioning_real_adv,36095,1,-1.0,-1.0,-1.0,-1.0,-1.0,0.0,0.0,0.0,0.0,0.0,1.0,1.0,0.0,23.42628288269043,23.42628288269043,9.139546818914823e-06,0.0,1.5,4.493727207183838,2.0455076694488525
val,conditioning_real_adv,36127,1,0.0027078986167907715,0.0027078986167907715,0.0027078986167907715,0.0027078986167907715,0.0027078986167907715,1.0,0.0,0.0,0.0,0.0,0.0,0.0,0.0,13.481412887573242,13.481412887573242,0.002707876730710268,0.0,0.0,5.284792900085449,2.3580870628356934
val,conditioning_real_adv,36174,1,2.384185791015625e-07,2.384185791015625e-07,2.384185791015625e-07,2.384185791015625e-07,2.384185791015625e-07,1.0,0.0,0.0,0.0,0.0,0.0,0.0,0.0,19.479808807373047,19.479808807373047,2.148585025452121e-07,0.0,0.0,5.278831481933594,2.356797456741333
val,conditioning_real_adv,36210,1,0.023752152919769287,0.023752152919769287,0.023752152919769287,0.023752152919769287,0.023752152919769287,1.0,0.0,0.0,0.0,0.0,0.0,0.0,0.0,13.350147247314453,13.350147247314453,0.023752138018608093,0.0,0.0,4.745631694793701,2.1130528450012207
val,conditioning_real_adv,36249,1,-0.5,-0.5,-0.5,-0.5,-0.5,0.0,0.0,0.0,0.0,0.0,0.0,1.0,0.0,31.37843894958496,31.37843894958496,2.004843047131999e-08,0.0,0.5,4.9364495277404785,2.2255024909973145
val,conditioning_real_adv,36254,1,-1.0,-1.0,-1.0,-1.0,-1.0,0.0,0.0,0.0,0.0,0.0,1.0,1.0,0.0,28.435199737548828,28.435199737548828,2.2064253357712005e-07,0.0,1.5,4.699925422668457,2.073829412460327
val,conditioning_real_adv,36469,1,3.814697265625e-06,3.814697265625e-06,3.814697265625e-06,3.814697265625e-06,3.814697265625e-06,1.0,0.0,0.0,0.0,0.0,0.0,0.0,0.0,25.731800079345703,25.731800079345703,3.844016191578703e-06,0.0,0.0,4.585288047790527,2.1073124408721924
val,conditioning_real_adv,36507,1,-0.4999998211860657,-0.4999998211860657,-0.4999998211860657,-0.4999998211860657,-0.4999998211860657,0.0,0.0,0.0,0.0,0.0,0.0,1.0,0.0,31.060405731201172,31.060405731201172,1.6316180051489937e-07,0.0,0.5,4.887423992156982,2.199507713317871
val,conditioning_real_adv,36553,1,-1.0,-1.0,-1.0,-1.0,-1.0,0.0,0.0,0.0,0.0,0.0,1.0,0.0,0.0,37.6163444519043,37.6163444519043,1.0932906327216357e-13,0.0,1.0,4.443188190460205,2.0807816982269287
val,conditioning_real_adv,36580,1,-1.0,-1.0,-1.0,-1.0,-1.0,0.0,0.0,0.0,0.0,0.0,1.0,1.0,0.0,16.387386322021484,16.387386322021484,0.0002544191083870828,0.0,1.5,5.279359817504883,2.357990026473999
val,conditioning_real_adv,36592,1,-1.0,-1.0,-1.0,-1.0,-1.0,0.0,0.0,0.0,0.0,0.0,1.0,1.0,1.0,32.39262390136719,32.39262390136719,2.7623912046692567e-09,0.0,1.5,0.8562034368515015,0.8510370254516602
val,conditioning_real_adv,36635,1,-1.0,-1.0,-1.0,-1.0,-1.0,0.0,0.0,0.0,0.0,0.0,1.0,1.0,0.0,13.299424171447754,13.299424171447754,0.001426936942152679,0.0,1.5,4.459651470184326,2.038037061691284
val,conditioning_real_adv,36674,1,2.3365020751953125e-05,2.3365020751953125e-05,2.3365020751953125e-05,2.3365020751953125e-05,2.3365020751953125e-05,1.0,0.0,0.0,0.0,0.0,0.0,0.0,0.0,25.965110778808594,25.965110778808594,2.3345359295490198e-05,0.0,0.0,5.290040016174316,2.361900806427002
val,conditioning_real_adv,36687,1,-1.0,-1.0,-1.0,-1.0,-1.0,0.0,0.0,0.0,0.0,0.0,1.0,1.0,1.0,22.802200317382812,22.802200317382812,2.2517258912557736e-05,0.0,1.5,1.016676664352417,0.9030691385269165
val,conditioning_real_adv,36739,1,8.618831634521484e-05,8.618831634521484e-05,8.618831634521484e-05,8.618831634521484e-05,8.618831634521484e-05,1.0,0.0,0.0,0.0,0.0,0.0,0.0,0.0,24.474143981933594,24.474143981933594,8.616958803031594e-05,0.0,0.0,4.7104573249816895,2.145751476287842
val,conditioning_real_adv,36754,1,1.430511474609375e-06,1.430511474609375e-06,1.430511474609375e-06,1.430511474609375e-06,1.430511474609375e-06,1.0,0.0,0.0,0.0,0.0,0.0,0.0,0.0,27.666818618774414,27.666818618774414,1.4187327224135515e-06,0.0,0.0,4.730939865112305,2.139622449874878
val,conditioning_real_adv,36792,1,5.960464477539063e-08,5.960464477539063e-08,5.960464477539063e-08,5.960464477539063e-08,5.960464477539063e-08,1.0,0.0,0.0,0.0,0.0,0.0,0.0,0.0,16.124601364135742,16.124601364135742,3.5770437278870304e-08,0.0,0.0,4.608087062835693,2.1101865768432617
val,conditioning_real_adv,36956,1,-0.9999999403953552,-0.9999999403953552,-0.9999999403953552,-0.9999999403953552,-0.9999999403953552,0.0,0.0,0.0,0.0,0.0,1.0,0.0,0.0,32.031795501708984,32.031795501708984,3.8742403063452e-08,0.0,1.0,5.280151844024658,2.3580071926116943
val,conditioning_real_adv,36994,1,-1.0,-1.0,-1.0,-1.0,-1.0,0.0,0.0,0.0,0.0,0.0,1.0,1.0,0.0,41.15933609008789,41.15933609008789,8.756611408200499e-11,0.0,1.5,4.5847601890563965,2.086709976196289
val,conditioning_real_adv,37006,1,-1.0,-1.0,-1.0,-1.0,-1.0,0.0,0.0,0.0,0.0,1.0,1.0,1.0,0.0,20.779537200927734,20.779537200927734,7.785328648424183e-08,0.0,1.5,5.939126491546631,2.4973840713500977
val,conditioning_real_adv,37094,1,0.0,0.0,0.0,0.0,0.0,0.0,0.0,0.0,0.0,0.0,0.0,0.0,0.0,31.356611251831055,31.356611251831055,2.395869813653917e-08,0.0,0.0,4.541204929351807,2.0919477939605713
val,conditioning_real_adv,37189,1,1.1563301086425781e-05,1.1563301086425781e-05,1.1563301086425781e-05,1.1563301086425781e-05,1.1563301086425781e-05,1.0,0.0,0.0,0.0,0.0,0.0,0.0,0.0,4.6384806632995605,4.6384806632995605,1.1560948223632295e-05,0.0,0.0,4.664972305297852,2.1032166481018066
val,conditioning_real_adv,37192,1,-1.0,-1.0,-1.0,-1.0,-1.0,0.0,0.0,0.0,0.0,0.0,1.0,1.0,0.0,33.16938400268555,33.16938400268555,3.4726603814760892e-09,0.0,1.5,6.069058895111084,2.527714729309082
val,conditioning_real_adv,37234,1,-0.7718598246574402,-0.7718598246574402,-0.7718598246574402,-0.7718598246574402,-0.7718598246574402,0.0,0.0,0.0,0.0,0.0,0.0,1.0,0.0,23.346223831176758,23.346223831176758,5.358014277589973e-06,0.0,0.77186518907547,4.532963752746582,2.0413501262664795
val,conditioning_real_adv,37239,1,0.0,0.0,0.0,0.0,0.0,0.0,0.0,0.0,0.0,0.0,0.0,0.0,0.0,28.943113327026367,28.943113327026367,1.3538066223617307e-09,0.0,0.0,4.821015357971191,2.141033411026001
val,conditioning_real_adv,37297,1,0.23546159267425537,0.23546159267425537,0.23546159267425537,0.23546159267425537,0.23546159267425537,1.0,0.0,0.0,0.0,0.0,0.0,0.0,0.0,8.310417175292969,8.310417175292969,0.23546160757541656,0.0,0.0,5.284534931182861,2.358884334564209
val,conditioning_real_adv,37306,1,0.0,0.0,0.0,0.0,0.0,0.0,0.0,0.0,0.0,0.0,0.0,0.0,0.0,30.91509437561035,30.91509437561035,6.415050157748681e-10,0.0,0.0,4.644186019897461,2.0874791145324707
val,conditioning_real_adv,37340,1,-1.0,-1.0,-1.0,-1.0,-1.0,0.0,0.0,0.0,0.0,0.0,1.0,1.0,0.0,28.905603408813477,28.905603408813477,1.3180967073367356e-07,0.0,1.5,4.256045341491699,1.95991051197052
val,conditioning_real_adv,37372,1,3.796815872192383e-05,3.796815872192383e-05,3.796815872192383e-05,3.796815872192383e-05,3.796815872192383e-05,1.0,0.0,0.0,0.0,0.0,0.0,0.0,0.0,10.952078819274902,10.952078819274902,3.795806333073415e-05,0.0,0.0,4.592222690582275,2.0588009357452393
val,conditioning_real_adv,37473,1,4.762411117553711e-05,4.762411117553711e-05,4.762411117553711e-05,4.762411117553711e-05,4.762411117553711e-05,1.0,0.0,0.0,0.0,0.0,0.0,0.0,0.0,20.656009674072266,20.656009674072266,4.761650779983029e-05,0.0,0.0,4.372295379638672,2.055011034011841
val,conditioning_real_adv,37542,1,0.0003827810287475586,0.0003827810287475586,0.0003827810287475586,0.0003827810287475586,0.0003827810287475586,1.0,0.0,0.0,0.0,0.0,0.0,0.0,0.0,17.328378677368164,17.328378677368164,0.00038276551640592515,0.0,0.0,5.933769226074219,2.4395978450775146
val,conditioning_real_adv,37608,1,-0.5,-0.5,-0.5,-0.5,-0.5,0.0,0.0,0.0,0.0,0.0,0.0,1.0,0.0,33.52718734741211,33.52718734741211,1.2299695983930548e-10,0.0,0.5,10.996073722839355,3.1377127170562744
val,conditioning_real_adv,37609,1,-0.5,-0.5,-0.5,-0.5,-0.5,0.0,0.0,0.0,0.0,0.0,0.0,1.0,0.0,31.639286041259766,31.639286041259766,7.050223577685644e-13,0.0,0.5,4.427475929260254,2.0233004093170166
val,conditioning_real_adv,37616,1,1.0132789611816406e-06,1.0132789611816406e-06,1.0132789611816406e-06,1.0132789611816406e-06,1.0132789611816406e-06,1.0,0.0,0.0,0.0,0.0,0.0,0.0,0.0,29.871732711791992,29.871732711791992,9.915887630995712e-07,0.0,0.0,5.286471366882324,2.3580894470214844
val,conditioning_real_adv,37725,1,0.00018227100372314453,0.00018227100372314453,0.00018227100372314453,0.00018227100372314453,0.00018227100372314453,1.0,0.0,0.0,0.0,0.0,0.0,0.0,0.0,23.208248138427734,23.208248138427734,0.00018224530504085124,0.0,0.0,5.348737716674805,2.3175764083862305
val,conditioning_real_adv,37745,1,-1.0,-1.0,-1.0,-1.0,-1.0,0.0,0.0,0.0,0.0,0.0,1.0,1.0,0.0,20.71955108642578,20.71955108642578,5.880272965441691e-06,0.0,1.5,4.6897969245910645,2.0752594470977783
val,conditioning_real_adv,37990,1,-1.0,-1.0,-1.0,-1.0,-1.0,0.0,0.0,0.0,0.0,0.0,1.0,0.0,0.0,32.59278869628906,32.59278869628906,8.370328430373775e-09,0.0,1.0,4.389108180999756,2.0302608013153076
val,conditioning_real_adv,38066,1,5.960464477539063e-08,5.960464477539063e-08,5.960464477539063e-08,5.960464477539063e-08,5.960464477539063e-08,1.0,0.0,0.0,0.0,0.0,0.0,0.0,0.0,28.886234283447266,28.886234283447266,4.811441201013622e-08,0.0,0.0,5.276088237762451,2.358203411102295
val,conditioning_real_adv,38073,1,2.8014183044433594e-06,2.8014183044433594e-06,2.8014183044433594e-06,2.8014183044433594e-06,2.8014183044433594e-06,1.0,0.0,0.0,0.0,0.0,0.0,0.0,0.0,27.137338638305664,27.137338638305664,2.778094540190068e-06,0.0,0.0,4.870635032653809,2.138838529586792
val,conditioning_real_adv,38116,1,0.0,0.0,0.0,0.0,0.0,0.0,0.0,0.0,0.0,0.0,0.0,0.0,0.0,32.68940734863281,32.68940734863281,1.644007941391766e-14,0.0,0.0,5.281949996948242,2.356616735458374
val,conditioning_real_adv,38145,1,8.344650268554688e-07,8.344650268554688e-07,8.344650268554688e-07,8.344650268554688e-07,8.344650268554688e-07,1.0,0.0,0.0,0.0,0.0,0.0,0.0,0.0,28.87626075744629,28.87626075744629,8.207710493479681e-07,0.0,0.0,4.740591049194336,2.1138968467712402
val,conditioning_real_adv,38204,1,-0.49999934434890747,-0.49999934434890747,-0.49999934434890747,-0.49999934434890747,-0.49999934434890747,0.0,0.0,0.0,0.0,0.0,0.0,1.0,0.0,26.35303497314453,26.35303497314453,6.623884019063553e-07,0.0,0.5,5.281301975250244,2.359431505203247
val,conditioning_real_adv,38232,1,1.0848045349121094e-05,1.0848045349121094e-05,1.0848045349121094e-05,1.0848045349121094e-05,1.0848045349121094e-05,1.0,0.0,0.0,0.0,0.0,0.0,0.0,0.0,23.027475357055664,23.027475357055664,1.0827036021510139e-05,0.0,0.0,4.539255142211914,2.06852126121521
val,conditioning_real_adv,38237,1,-1.0,-1.0,-1.0,-1.0,-1.0,0.0,0.0,0.0,0.0,0.0,1.0,1.0,0.0,14.723367691040039,14.723367691040039,2.323153239558451e-05,0.0,1.5,4.893492698669434,2.149251699447632
val,conditioning_real_adv,38331,1,1.0132789611816406e-06,1.0132789611816406e-06,1.0132789611816406e-06,1.0132789611816406e-06,1.0132789611816406e-06,1.0,0.0,0.0,0.0,0.0,0.0,0.0,1.0,16.908449172973633,16.908449172973633,1.0186370218434604e-06,0.0,0.0,0.9514780640602112,0.887887179851532
val,conditioning_real_adv,38353,1,-1.0,-1.0,-1.0,-1.0,-1.0,0.0,0.0,0.0,0.0,0.0,1.0,1.0,0.0,37.25916290283203,37.25916290283203,6.357859551331391e-12,0.0,1.5,4.3689985275268555,2.0355491638183594
val,conditioning_real_adv,38429,1,0.0002231001853942871,0.0002231001853942871,0.0002231001853942871,0.0002231001853942871,0.0002231001853942871,1.0,0.0,0.0,0.0,0.0,0.0,0.0,0.0,22.773529052734375,22.773529052734375,0.00022307179460767657,0.0,0.0,5.281039714813232,2.358751058578491
val,conditioning_real_adv,38438,1,1.2874603271484375e-05,1.2874603271484375e-05,1.2874603271484375e-05,1.2874603271484375e-05,1.2874603271484375e-05,1.0,0.0,0.0,0.0,0.0,0.0,0.0,0.0,10.081201553344727,10.081201553344727,1.2853861335315742e-05,0.0,0.0,4.600757598876953,2.121134042739868
val,conditioning_real_adv,38474,1,-0.4999999403953552,-0.4999999403953552,-0.4999999403953552,-0.4999999403953552,-0.4999999403953552,0.0,0.0,0.0,0.0,0.0,0.0,1.0,0.0,31.100345611572266,31.100345611572266,4.7753289322827186e-08,0.0,0.5,4.999330997467041,2.193988561630249
val,conditioning_real_adv,38477,1,0.0,0.0,0.0,0.0,0.0,0.0,0.0,0.0,0.0,0.0,0.0,0.0,0.0,38.9251594543457,38.9251594543457,1.1133741928404106e-08,0.0,0.0,5.27603006362915,2.3620104789733887
val,conditioning_real_adv,38510,1,0.17245382070541382,0.17245382070541382,0.17245382070541382,0.17245382070541382,0.17245382070541382,1.0,0.0,0.0,0.0,0.0,0.0,0.0,0.0,8.772307395935059,8.772307395935059,0.17245380580425262,0.0,0.0,5.210341453552246,2.2859339714050293
val,conditioning_real_adv,38653,1,-0.9999980926513672,-0.9999980926513672,-0.9999980926513672,-0.9999980926513672,-0.9999980926513672,0.0,0.0,0.0,0.0,0.0,1.0,0.0,0.0,13.177783966064453,13.177783966064453,1.925930064317072e-06,0.0,1.0,4.668483257293701,2.1505424976348877
val,conditioning_real_adv,38684,1,-0.49999988079071045,-0.49999988079071045,-0.49999988079071045,-0.49999988079071045,-0.49999988079071045,0.0,0.0,0.0,0.0,0.0,0.0,1.0,0.0,31.498371124267578,31.498371124267578,1.2208688815462665e-07,0.0,0.5,4.426548480987549,2.038668632507324
val,conditioning_real_adv,38735,1,1.1920928955078125e-07,1.1920928955078125e-07,1.1920928955078125e-07,1.1920928955078125e-07,1.1920928955078125e-07,1.0,0.0,0.0,0.0,0.0,0.0,0.0,0.0,32.427364349365234,32.427364349365234,1.0260334448730646e-07,0.0,0.0,4.8092265129089355,2.147726535797119
val,conditioning_real_adv,38736,1,0.002535879611968994,0.002535879611968994,0.002535879611968994,0.002535879611968994,0.002535879611968994,1.0,0.0,0.0,0.0,0.0,0.0,0.0,0.0,17.948667526245117,17.948667526245117,0.0025358612183481455,0.0,0.0,4.7787861824035645,2.080866575241089
val,conditioning_real_adv,38864,1,-1.0,-1.0,-1.0,-1.0,-1.0,0.0,0.0,0.0,0.0,0.0,1.0,1.0,0.0,36.696685791015625,36.696685791015625,6.763541007641372e-13,0.0,1.5,4.499950885772705,2.016126871109009
val,conditioning_real_adv,38966,1,-1.0,-1.0,-1.0,-1.0,-1.0,0.0,0.0,0.0,0.0,0.0,1.0,1.0,0.0,40.67319107055664,40.67319107055664,5.098494597430975e-14,0.0,1.5,4.5475335121154785,2.054802656173706
val,conditioning_real_adv,39020,1,2.980232238769531e-07,2.980232238769531e-07,2.980232238769531e-07,2.980232238769531e-07,2.980232238769531e-07,1.0,0.0,0.0,0.0,0.0,0.0,0.0,0.0,30.839317321777344,30.839317321777344,3.207163388196932e-07,0.0,0.0,5.280772686004639,2.362086772918701
val,conditioning_real_adv,39075,1,9.959936141967773e-05,9.959936141967773e-05,9.959936141967773e-05,9.959936141967773e-05,9.959936141967773e-05,1.0,0.0,0.0,0.0,0.0,0.0,0.0,0.0,24.415111541748047,24.415111541748047,9.957879956346005e-05,0.0,0.0,4.851985931396484,2.1726233959198
val,conditioning_real_adv,39078,1,-0.5,-0.5,-0.5,-0.5,-0.5,0.0,0.0,0.0,0.0,0.0,0.0,1.0,0.0,31.747495651245117,31.747495651245117,4.0684970947779675e-09,0.0,0.5,4.494786262512207,2.061368942260742
val,conditioning_real_adv,39091,1,-1.0,-1.0,-1.0,-1.0,-1.0,0.0,0.0,0.0,0.0,0.0,1.0,1.0,0.0,33.57613754272461,33.57613754272461,3.60993901438178e-10,0.0,1.5,4.6596198081970215,2.1360983848571777
val,conditioning_real_adv,39098,1,0.002662062644958496,0.002662062644958496,0.002662062644958496,0.002662062644958496,0.002662062644958496,1.0,0.0,0.0,0.0,0.0,0.0,0.0,0.0,15.936264038085938,15.936264038085938,0.0026620852295309305,0.0,0.0,4.985393524169922,2.329296588897705
val,conditioning_real_adv,39111,1,0.0001017451286315918,0.0001017451286315918,0.0001017451286315918,0.0001017451286315918,0.0001017451286315918,1.0,0.0,0.0,0.0,0.0,0.0,0.0,0.0,23.943767547607422,23.943767547607422,0.00010172367183258757,0.0,0.0,4.284873008728027,2.0389373302459717
val,conditioning_real_adv,39210,1,-1.0,-1.0,-1.0,-1.0,-1.0,0.0,0.0,0.0,0.0,0.0,1.0,1.0,0.0,25.792917251586914,25.792917251586914,2.390687541264924e-07,0.0,1.5,4.779883861541748,2.1338186264038086
val,conditioning_real_adv,39230,1,-1.0,-1.0,-1.0,-1.0,-1.0,0.0,0.0,0.0,0.0,0.0,1.0,0.0,1.0,36.15635681152344,36.15635681152344,8.70667926644586e-10,0.0,1.0,1.0498043298721313,0.8485800623893738
val,conditioning_real_adv,39330,1,-1.0,-1.0,-1.0,-1.0,-1.0,0.0,0.0,0.0,0.0,1.0,1.0,1.0,0.0,40.14022445678711,40.14022445678711,1.0644177379781627e-11,0.0,1.5,5.277376651763916,2.355834722518921
val,conditioning_real_adv,39400,1,3.695487976074219e-05,3.695487976074219e-05,3.695487976074219e-05,3.695487976074219e-05,3.695487976074219e-05,1.0,0.0,0.0,0.0,0.0,0.0,0.0,0.0,26.33759880065918,26.33759880065918,3.696193016367033e-05,0.0,0.0,4.466005325317383,2.0111966133117676
val,conditioning_real_adv,39446,1,1.7285346984863281e-06,1.7285346984863281e-06,1.7285346984863281e-06,1.7285346984863281e-06,1.7285346984863281e-06,1.0,0.0,0.0,0.0,0.0,0.0,0.0,0.0,25.670740127563477,25.670740127563477,1.7570766885910416e-06,0.0,0.0,4.977708339691162,2.209975242614746
val,conditioning_real_adv,39450,1,2.980232238769531e-07,2.980232238769531e-07,2.980232238769531e-07,2.980232238769531e-07,2.980232238769531e-07,1.0,0.0,0.0,0.0,0.0,0.0,0.0,0.0,30.727718353271484,30.727718353271484,3.168276805354253e-07,0.0,0.0,4.636449337005615,2.0804665088653564
val,conditioning_real_adv,39463,1,0.00013071298599243164,0.00013071298599243164,0.00013071298599243164,0.00013071298599243164,0.00013071298599243164,1.0,0.0,0.0,0.0,0.0,0.0,0.0,1.0,22.948179244995117,22.948179244995117,0.00013073698210064322,0.0,0.0,1.8871833086013794,0.8492053747177124
val,conditioning_real_adv,39491,1,0.0,0.0,0.0,0.0,0.0,0.0,0.0,0.0,0.0,0.0,0.0,0.0,0.0,39.25766372680664,39.25766372680664,1.1018763619629127e-14,0.0,0.0,5.298765659332275,2.3077051639556885
val,conditioning_real_adv,39530,1,0.0,0.0,0.0,0.0,0.0,0.0,0.0,0.0,0.0,0.0,0.0,0.0,0.0,28.606672286987305,28.606672286987305,2.027883971855715e-10,0.0,0.0,4.650445938110352,2.121086835861206
val,conditioning_real_adv,39582,1,-1.0,-1.0,-1.0,-1.0,-1.0,0.0,0.0,0.0,0.0,0.0,1.0,1.0,0.0,33.2701530456543,33.2701530456543,6.478399594556095e-09,0.0,1.5,4.624858379364014,2.1117451190948486
val,conditioning_real_adv,39627,1,6.318092346191406e-06,6.318092346191406e-06,6.318092346191406e-06,6.318092346191406e-06,6.318092346191406e-06,1.0,0.0,0.0,0.0,0.0,0.0,0.0,0.0,24.473608016967773,24.473608016967773,6.338233106362168e-06,0.0,0.0,5.278756618499756,2.3550801277160645
val,conditioning_real_adv,39639,1,2.980232238769531e-07,2.980232238769531e-07,2.980232238769531e-07,2.980232238769531e-07,2.980232238769531e-07,1.0,0.0,0.0,0.0,0.0,0.0,0.0,0.0,29.7253475189209,29.7253475189209,3.201058405011281e-07,0.0,0.0,4.528314113616943,2.0381367206573486
val,conditioning_real_adv,39682,1,-0.6195293068885803,-0.6195293068885803,-0.6195293068885803,-0.6195293068885803,-0.6195293068885803,0.0,0.0,0.0,0.0,0.0,0.0,1.0,0.0,28.541128158569336,28.541128158569336,3.0409402995701384e-08,0.0,0.6195293664932251,4.439640045166016,2.0275051593780518
val,conditioning_real_adv,39685,1,0.0037702322006225586,0.0037702322006225586,0.0037702322006225586,0.0037702322006225586,0.0037702322006225586,1.0,0.0,0.0,0.0,0.0,0.0,0.0,0.0,7.334800720214844,7.334800720214844,0.0037702478002756834,0.0,0.0,4.459313869476318,2.040957450866699
val,conditioning_real_adv,39736,1,-1.0,-1.0,-1.0,-1.0,-1.0,0.0,0.0,0.0,0.0,0.0,1.0,1.0,0.0,28.378433227539062,28.378433227539062,4.120646879268719e-11,0.0,1.5,4.643266677856445,2.0846149921417236
val,conditioning_real_adv,39738,1,0.000550687313079834,0.000550687313079834,0.000550687313079834,0.000550687313079834,0.000550687313079834,1.0,0.0,0.0,0.0,0.0,0.0,0.0,0.0,20.983543395996094,20.983543395996094,0.0005506988381966949,0.0,0.0,4.736385345458984,2.1805906295776367
val,conditioning_real_adv,39808,1,-1.0,-1.0,-1.0,-1.0,-1.0,0.0,0.0,0.0,0.0,0.0,0.0,1.0,0.0,24.988662719726562,24.988662719726562,3.1680940537626157e-07,0.0,1.3113034963607788,4.800751209259033,2.1194331645965576
val,conditioning_real_adv,39819,1,6.556510925292969e-07,6.556510925292969e-07,6.556510925292969e-07,6.556510925292969e-07,6.556510925292969e-07,1.0,0.0,0.0,0.0,0.0,0.0,0.0,0.0,28.277963638305664,28.277963638305664,6.552583045049687e-07,0.0,0.0,4.600071907043457,2.082794189453125
val,conditioning_real_adv,39866,1,0.0,0.0,0.0,0.0,0.0,0.0,0.0,0.0,0.0,0.0,0.0,0.0,0.0,30.140657424926758,30.140657424926758,1.932795503506446e-12,0.0,0.0,5.2812957763671875,2.35957932472229
val,conditioning_real_adv,39869,1,-1.0,-1.0,-1.0,-1.0,-1.0,0.0,0.0,0.0,0.0,0.0,1.0,1.0,0.0,29.947078704833984,29.947078704833984,1.3361215467355692e-09,0.0,1.5,4.725070476531982,2.099914312362671
val,conditioning_real_adv,39887,1,0.0,0.0,0.0,0.0,0.0,0.0,0.0,0.0,0.0,0.0,0.0,0.0,0.0,32.595035552978516,32.595035552978516,0.0,0.0,0.0,4.672058582305908,2.0794219970703125
val,conditioning_real_adv,39921,1,0.013037919998168945,0.013037919998168945,0.013037919998168945,0.013037919998168945,0.013037919998168945,1.0,0.0,0.0,0.0,0.0,0.0,0.0,0.0,13.778972625732422,13.778972625732422,0.013037944212555885,0.0,0.0,4.71456241607666,2.0846495628356934
val,conditioning_real_adv,39961,1,-1.0,-1.0,-1.0,-1.0,-1.0,0.0,0.0,0.0,0.0,0.0,0.0,1.0,0.0,32.3793830871582,32.3793830871582,4.0184248289998337e-11,0.0,1.3182384967803955,4.674103736877441,2.1221694946289062
val,conditioning_real_adv,39982,1,-0.7238878011703491,-0.7238878011703491,-0.7238878011703491,-0.7238878011703491,-0.7238878011703491,0.0,0.0,0.0,0.0,0.0,0.0,1.0,0.0,31.636262893676758,31.636262893676758,2.977478885668461e-08,0.0,0.7238878011703491,4.633464813232422,2.0943336486816406
val,conditioning_real_adv,39984,1,-1.0,-1.0,-1.0,-1.0,-1.0,0.0,0.0,0.0,0.0,0.0,1.0,1.0,1.0,31.83515167236328,31.83515167236328,4.246805573870915e-09,0.0,1.5,0.8098769187927246,0.8293058276176453
val,conditioning_real_adv,39985,1,1.5497207641601562e-06,1.5497207641601562e-06,1.5497207641601562e-06,1.5497207641601562e-06,1.5497207641601562e-06,1.0,0.0,0.0,0.0,0.0,0.0,0.0,0.0,28.283470153808594,28.283470153808594,1.5220198292809073e-06,0.0,0.0,4.890712738037109,2.137794017791748
