split,policy,pool_idx,n_samples,reward_mean,reward_max,reward_p50,reward_p90,reward_p95,positive_rate,high_reward_rate,near_miss_rate,collision_rate,init_invalid_rate,goal_offlane_rate,controlled_parking_rate,small_vehicle_rate,ego_adv_min_dist_mean,ego_adv_min_dist_min,r_approach_mean,r_ttc_mean,constraint_mean,adv_length_mean,adv_width_mean
train,base,4,8,0.1346212401986122,0.3570866584777832,0.0894327163696289,0.24834885597229,0.3027177572250365,1.0,0.125,0.125,0.125,0.0,0.125,0.0,0.375,6.222149699926376,2.8157498836517334,0.18834677780978382,0.09166666865348816,0.125,3.9469422698020935,1.7680474147200584
train,base,15,8,0.2396726980805397,0.6426731944084167,0.1236567497253418,0.5349866092205048,0.5888299018144607,1.0,0.375,0.125,0.0,0.0,0.0,0.0,0.25,8.171804070472717,4.072440147399902,0.23967269968086313,0.0,0.0,3.930011697113514,1.8644488528370857
train,base,16,8,-0.5648280084133148,0.38148266077041626,-1.0,0.18423891067504877,0.2828607857227324,0.375,0.125,0.0,0.0,0.625,0.0,0.0,0.0,8.886219561100006,3.60862135887146,0.07032341588637792,0.0,0.0,4.6653494238853455,2.13167405128479
train,base,74,8,-0.42570968717336655,0.23095250129699707,-0.3444446623325348,0.10129253268241879,0.16612251698970784,0.375,0.0,0.125,0.25,0.375,0.125,0.0,0.0,6.368401229381561,2.704371452331543,0.1033854786073789,0.10000000149011612,0.21366889029741287,5.004785239696503,2.218133121728897
train,base,99,8,-0.002908895490691066,0.0016225576400756836,0.00013703107833862305,0.0008254766464233397,0.0012240171432495112,0.75,0.0,0.0,0.0,0.0,0.0,0.0,0.0,18.446251392364502,13.971893310546875,0.0003488262750180786,0.0,0.0032577242236584425,4.777029037475586,2.161569267511368
train,base,120,8,-0.08427655696868896,0.5339478254318237,2.828240394592285e-05,0.43307898640632625,0.48351340591907493,0.75,0.25,0.125,0.0,0.125,0.0,0.0,0.0,19.167830109596252,6.895890235900879,0.07210113160211051,0.05416666716337204,0.07592643052339554,4.932570993900299,2.2285736203193665
train,base,154,8,0.1449805274605751,0.6037188172340393,0.04444479942321777,0.4192383348941803,0.5114785760641096,1.0,0.25,0.125,0.0,0.0,0.0,0.0,0.0,5.696505308151245,3.498452663421631,0.14498053397983313,0.0,0.0,4.662079453468323,2.118316411972046
train,base,211,8,-0.375,0.0,0.0,0.0,0.0,0.0,0.0,0.0,0.0,0.375,0.0,0.0,0.0,14.940162777900696,6.320596694946289,0.0,0.0,0.0,4.920106887817383,2.2090848982334137
train,base,222,8,0.0633210837841034,0.11747527122497559,0.07269197702407837,0.10707433223724365,0.11227480173110961,1.0,0.0,0.0,0.0,0.0,0.0,0.0,0.0,6.089693605899811,3.7410476207733154,0.06332107580965385,0.0,0.0,4.766104161739349,2.1473827362060547
train,base,245,8,-0.3161303177475929,0.8412073850631714,-0.4882552921772003,0.6564517378807068,0.7488295614719389,0.5,0.25,0.25,0.0,0.5,0.0,0.0,0.0,7.58091801404953,4.897402286529541,0.10187155148014426,0.11666665971279144,7.228978211060166e-05,4.9791640639305115,2.2063016295433044
train,base,253,8,-0.03977759857662022,0.01114875078201294,0.00027611851692199707,0.004021584987640379,0.007585167884826655,0.75,0.0,0.0,0.0,0.0,0.0,0.0,0.125,17.848265051841736,13.567044258117676,0.003064276936584065,0.0,0.042841865913942456,4.620079413056374,2.061051845550537
train,base,420,8,-0.4542554169893265,0.7353108525276184,-1.0,0.6618071675300597,0.698559010028839,0.375,0.25,0.375,0.0,0.625,0.0,0.0,0.375,10.602516382932663,2.9542148113250732,0.28699499987124,0.03750000149011612,0.01947261078748852,3.481463484466076,1.6521831378340721
train,base,422,8,0.09675847738981247,0.7256687879562378,0.003929257392883301,0.23722924590110767,0.4814490169286724,1.0,0.125,0.125,0.0,0.0,0.0,0.0,0.0,8.88209867477417,6.609643459320068,0.016745206644372956,0.08750000596046448,0.0,4.716446816921234,2.135929509997368
train,base,467,8,0.3503134250640869,0.9588247537612915,0.14330044388771057,0.9103710412979126,0.934597897529602,1.0,0.375,0.375,0.0,0.0,0.0,0.0,0.125,6.970236301422119,3.259723424911499,0.28438507788814604,0.19583333283662796,0.0,4.32979903370142,2.0032043755054474
train,base,470,8,-0.12097220122814178,0.027965247631072998,0.00024187564849853516,0.010777938365936275,0.019371592998504626,0.625,0.0,0.0,0.0,0.125,0.0,0.0,0.0,13.547038078308105,1.3263540267944336,0.004027799375297526,0.0,0.0,4.812831878662109,2.1642825305461884
train,base,509,8,0.01357179880142212,0.08380234241485596,0.002936720848083496,0.034960520267486556,0.05938143134117123,0.875,0.0,0.0,0.0,0.0,0.0,0.0,0.0,14.866531252861023,10.391932487487793,0.013571799785851046,0.0,0.0,4.780768930912018,2.1632561087608337
train,base,514,8,-0.12053830176591873,0.025633573532104492,3.793835639953613e-05,0.014017194509506222,0.019825384020805352,0.5,0.0,0.0,0.0,0.125,0.0,0.0,0.0,15.059444189071655,8.49580192565918,0.010215669057314674,0.0,0.0,4.755792140960693,2.1260507106781006
train,base,552,8,0.15135066211223602,0.8488491177558899,0.08971765637397766,0.7952439606189727,0.8220465391874313,0.875,0.25,0.25,0.0,0.0,0.125,0.0,0.0,6.729343563318253,3.501286268234253,0.24370370607357472,0.08750000596046448,0.1284316184464842,4.746748149394989,2.1540560126304626
train,base,583,8,-0.22320903092622757,0.11462414264678955,0.014014989137649536,0.0647948145866394,0.08970947861671444,0.625,0.0,0.0,0.0,0.25,0.0,0.0,0.0,6.254463169723749,0.3206470310688019,0.026790982569973698,0.0,0.0,4.726744174957275,2.116159677505493
train,base,603,8,-0.09549471735954285,0.7564594745635986,0.070794016122818,0.3477139711380004,0.5520867228507993,0.625,0.125,0.125,0.0,0.25,0.0,0.0,0.0,5.520729579031467,0.5015566945075989,0.110184355875102,0.07500000298023224,0.0,4.764038622379303,2.143478572368622
train,base,636,8,-0.8230591341853142,0.40686458349227905,-1.0,-0.5718769848346712,-0.08250620067119674,0.125,0.125,0.25,0.0,0.75,0.125,0.0,0.0,5.8974593579769135,3.040757894515991,0.20578236505389214,0.0833333283662796,0.125,4.596596896648407,2.0940215289592743
train,base,653,8,0.144083172082901,0.525048553943634,0.0539531409740448,0.4414601504802704,0.4832543522119521,1.0,0.25,0.125,0.0,0.0,0.0,0.0,0.0,5.330156624317169,3.2979512214660645,0.14408317562566708,0.0,0.0,4.670605957508087,2.1111936569213867
train,base,662,8,-0.7068342417478561,0.026367604732513428,-0.9360599219799042,0.016413605213165282,0.021390604972839348,0.25,0.0,0.0,0.0,0.125,0.625,0.0,0.125,6.866565704345703,5.60383415222168,0.08082752139307559,0.0,0.6479507312178612,4.354935444891453,2.022144891321659
train,base,815,8,-0.019055403769016266,0.8231063485145569,0.0022782087326049805,0.2569232463836668,0.5400147974491115,0.75,0.125,0.125,0.125,0.0,0.125,0.125,0.0,17.98395812511444,5.8150177001953125,0.06844475275406314,0.0,0.1875,4.730845808982849,2.1564293801784515
train,base,865,8,0.16402306407690048,0.9360234141349792,0.061417996883392334,0.3434069216251372,0.6397151678800579,1.0,0.125,0.125,0.0,0.0,0.0,0.0,0.0,5.808605223894119,3.4209237098693848,0.052064059767872095,0.11666666716337204,0.0,5.0690964460372925,2.254125475883484
train,base,920,8,-0.03265341371297836,0.6070771217346191,0.020658791065216064,0.5310149252414703,0.5690460234880447,0.75,0.25,0.125,0.0,0.125,0.0,0.0,0.0,5.288825243711472,2.5186100006103516,0.15985923586413264,0.0,0.05982884019613266,5.821982026100159,2.3820708990097046
train,base,936,8,-0.1220601424574852,0.022960782051086426,3.9130449295043945e-05,0.007168698310852047,0.015064740180969226,0.875,0.0,0.0,0.0,0.125,0.0,0.0,0.0,15.152085304260254,8.918691635131836,0.01571263986981819,0.0,0.0,4.856329917907715,2.1502017974853516
train,base,965,8,-0.4367617145180702,0.6389496922492981,-0.5665351152420044,0.19170368313789357,0.41532668769359554,0.25,0.125,0.25,0.0,0.0,0.625,0.0,0.0,24.220581233501434,4.8583831787109375,0.15497044174696134,0.0833333283662796,0.625,4.949557900428772,2.176709830760956
train,base,1001,8,0.02829509973526001,0.0722728967666626,0.017120838165283203,0.06452701687812805,0.06839995682239532,1.0,0.0,0.0,0.0,0.0,0.0,0.0,0.125,12.798499345779419,10.509720802307129,0.028295100549712515,0.0,0.0,4.46531468629837,2.030506692826748
train,base,1015,8,-0.3252613563090563,0.004657268524169922,-0.008262939751148224,0.002044308185577392,0.003350788354873655,0.5,0.0,0.125,0.0,0.125,0.125,0.0,0.125,14.750628411769867,4.237271785736084,0.09073301148745694,0.0,0.20260810293257236,4.675791144371033,2.0694944262504578
train,base,1062,8,-0.02405323088169098,0.3118917942047119,0.05203753709793091,0.28076891899108886,0.29633035659790036,0.875,0.125,0.0,0.0,0.125,0.0,0.0,0.0,5.405192136764526,3.0334513187408447,0.11188862926792353,0.0,0.0,5.452489972114563,2.2936231940984726
train,base,1085,8,-0.18870537728071213,0.2185261845588684,0.0009004473686218262,0.06911317706108089,0.14381968080997454,0.75,0.0,0.0,0.0,0.125,0.0,0.0,0.0,12.25289586186409,3.875002145767212,0.06483801717240567,0.0,0.09344933927059174,4.950154423713684,2.1958124339580536
train,base,1217,8,-0.5895791575312614,0.28249192237854004,-1.0,0.08514494895935054,0.18381843566894518,0.375,0.0,0.125,0.125,0.625,0.125,0.0,0.0,12.524153739213943,3.252603769302368,0.060412612030177115,0.12083332985639572,0.125,4.614058971405029,2.107499748468399
train,base,1325,8,0.011139996349811554,0.05406832695007324,0.00010895729064941406,0.040425992012023924,0.04724715948104857,1.0,0.0,0.0,0.0,0.0,0.0,0.0,0.0,22.128897547721863,11.723840713500977,0.011140002266269988,0.0,0.0,4.86040735244751,2.1601994037628174
train,base,1342,8,0.333862341940403,0.7592412233352661,0.2704726457595825,0.6482210755348206,0.7037311494350432,1.0,0.5,0.375,0.0,0.0,0.0,0.0,0.125,12.401097655296326,3.7029519081115723,0.23597000667905377,0.12083332985639572,0.0,4.34176379442215,2.0101621076464653
train,base,1346,8,-0.5037187188863754,0.18111854791641235,-0.6474293768405914,0.10826920866966246,0.14469387829303737,0.375,0.0,0.0,0.0,0.25,0.125,0.0,0.0,14.400325775146484,6.794074058532715,0.11215062380233576,0.012499995529651642,0.34877023100852966,4.771938979625702,2.1480269730091095
train,base,1416,8,-0.696732260286808,0.42606842517852783,-1.0,0.12787197232246392,0.27697019875049567,0.25,0.125,0.125,0.0,0.75,0.0,0.0,0.0,12.920248121023178,3.181368112564087,0.058330373219178,0.125,0.0,4.70035457611084,2.1256574988365173
train,base,1417,8,-0.34873662143945694,0.040268898010253906,0.007625609636306763,0.022617918252944944,0.03144340813159941,0.625,0.0,0.0,0.0,0.25,0.125,0.0,0.0,7.969714522361755,6.002438068389893,0.038528972945641726,0.0,0.125,5.061539590358734,2.2447115778923035
train,base,1431,8,-0.08755100518465042,0.15987002849578857,0.004403889179229736,0.11477850079536436,0.13732426464557645,0.875,0.0,0.0,0.0,0.125,0.0,0.0,0.375,14.584704756736755,8.749853134155273,0.06267712126737024,0.0,0.0,3.3890587091445923,1.700385220348835
train,base,1493,8,0.20702563226222992,1.0,0.07373571395874023,0.9809526264667511,0.9904763132333755,0.875,0.375,0.375,0.125,0.0,0.125,0.0,0.25,10.782661318778992,3.2779736518859863,0.2644335877657795,0.22500000149011612,0.125,3.773055136203766,1.813730202615261
train,base,1615,8,0.21362902224063873,0.885758638381958,0.04691031575202942,0.6849316954612732,0.7853451669216155,1.0,0.25,0.25,0.0,0.0,0.0,0.0,0.0,7.4110607504844666,5.446200370788574,0.055237425956875086,0.17916667461395264,0.0,5.35613489151001,2.3510231971740723
train,base,1674,8,-0.3039629552513361,0.08717310428619385,-0.029397375881671906,0.026686865091323838,0.0569299846887588,0.25,0.0,0.0,0.0,0.0,0.25,0.0,0.125,13.72120726108551,8.018373489379883,0.06669778236564117,0.0,0.37066073156893253,5.195106506347656,2.231650121510029
train,base,1746,8,0.0008566677570343018,0.0026615262031555176,4.813075065612793e-05,0.002322900295257568,0.0024922132492065426,1.0,0.0,0.0,0.0,0.0,0.0,0.0,0.0,24.085968732833862,17.852258682250977,0.0008566665090867787,0.0,0.0,4.75558340549469,2.1305411756038666
train,base,1749,8,-0.44135988503694534,0.4687862992286682,-0.49993476271629333,0.1407773315906524,0.3047818154096601,0.375,0.125,0.0,0.0,0.375,0.125,0.0,0.0,17.20315372943878,11.299630165100098,0.008433682890091818,0.05416666716337204,0.125,4.73516047000885,2.133284032344818
train,base,1810,8,-0.008606776595115662,0.3874075412750244,0.05415159463882446,0.3503376007080078,0.3688725709915161,0.875,0.25,0.0,0.0,0.125,0.0,0.0,0.25,6.909220516681671,4.680490970611572,0.1222537840512814,0.0,0.0,3.703475221991539,1.7910701110959053
train,base,1830,8,-0.3892524861730635,0.013839960098266602,-0.29188671708106995,0.013374578952789307,0.013607269525527954,0.25,0.0,0.125,0.0,0.125,0.0,0.0,0.25,8.195383369922638,1.5154461860656738,0.004633331066543178,0.125,0.2688858159817755,3.99648454785347,1.8189377784729004
train,base,1889,8,-0.4882732406258583,0.05445677042007446,-0.4971148371696472,0.033075439929962154,0.04376610517501829,0.5,0.0,0.0,0.0,0.5,0.0,0.0,0.25,7.272242307662964,2.9559645652770996,0.04838882345939055,0.0,0.0,3.930177293717861,1.8103552758693695
train,base,1925,8,-0.23877985775470734,0.8720300197601318,-0.13312900066375732,0.4095481395721434,0.6407890796661373,0.5,0.125,0.25,0.0,0.25,0.375,0.0,0.0,6.913385570049286,4.331050872802734,0.22612259001471102,0.08750000596046448,0.37500326244048665,4.849043846130371,2.1775625348091125
train,base,1974,8,-0.24661894142627716,0.018613100051879883,0.0012593567371368408,0.007362717390060422,0.012987908720970144,0.75,0.0,0.0,0.0,0.0,0.25,0.0,0.0,19.279263973236084,13.93020248413086,0.0033810615677793976,0.0,0.25,4.9423200488090515,2.2099435329437256
train,base,2012,8,-0.501720180734992,0.0006909966468811035,-0.5107794627547264,0.0002076327800750731,0.000449314713478088,0.25,0.0,0.0,0.0,0.125,0.375,0.125,0.125,20.590137481689453,13.24238109588623,0.006011414837175306,0.0,0.44193009100854397,4.448044039309025,2.0320695489645004
train,base,2067,8,0.20208614319562912,0.9702957272529602,0.002007097005844116,0.7356094896793365,0.8529526084661482,1.0,0.25,0.25,0.0,0.0,0.0,0.0,0.625,18.225224554538727,4.277010440826416,0.08986847309256518,0.19166666269302368,0.0,2.6641267240047455,1.3236596435308456
train,base,2127,8,0.0665222555398941,0.21740728616714478,0.047337353229522705,0.1410532772541046,0.17923028171062463,1.0,0.0,0.0,0.0,0.0,0.0,0.0,0.0,6.901668608188629,4.101589679718018,0.06652225623838603,0.0,0.0,4.8719481229782104,2.2034649550914764
train,base,2160,8,-0.0307206577854231,0.03329312801361084,9.399652481079102e-05,0.01184892058372497,0.02257102429866789,0.625,0.0,0.0,0.0,0.0,0.0,0.0,0.125,16.006866335868835,8.93537712097168,0.0065488450320118265,0.0,0.03726949461270124,4.436120390892029,2.022723525762558
train,base,2180,8,-0.2782519832253456,0.9936938285827637,-0.34450462460517883,0.6266171693801879,0.8101554989814755,0.375,0.25,0.25,0.0,0.25,0.25,0.0,0.125,10.287026703357697,3.0893564224243164,0.2188146605809892,0.20416665822267532,0.33612820506095886,5.463975429534912,2.154233768582344
train,base,2203,8,-0.07177908718585968,0.5556613206863403,0.08259156346321106,0.5504069030284882,0.5530341118574142,0.5,0.375,0.375,0.0,0.125,0.125,0.0,0.0,9.286679357290268,3.2236225605010986,0.3599121688982052,0.0,0.2213543750185636,5.5102726221084595,2.244869142770767
train,base,2305,8,0.00938396155834198,0.02433830499649048,0.0038837194442749023,0.022130101919174194,0.023234203457832336,1.0,0.0,0.0,0.0,0.0,0.0,0.0,0.0,15.681269526481628,11.93681812286377,0.009383960713194028,0.0,0.0,5.5975911021232605,2.2117329835891724
train,base,2323,8,0.16279634833335876,0.7411136031150818,0.14950543642044067,0.7393843829631805,0.7402489930391312,0.875,0.375,0.375,0.0,0.125,0.0,0.0,0.0,3.7172770500183105,2.0853309631347656,0.28779634766397066,0.0,0.0,4.673461139202118,2.1152441799640656
train,base,2324,8,-0.24789540469646454,0.011810481548309326,0.0002771615982055664,0.005297440290451048,0.008553960919380182,0.75,0.0,0.0,0.0,0.25,0.0,0.0,0.0,19.210456609725952,14.853772163391113,0.003435723362599674,0.0,0.0,4.858775794506073,2.1971543431282043
train,base,2337,8,-0.4857237935066223,0.08855712413787842,-0.49188193678855896,0.026804918050765975,0.05768102109432216,0.5,0.0,0.0,0.0,0.0,0.5,0.0,0.0,19.28705194592476,3.678711175918579,0.014276201101921515,0.0,0.5,4.966140687465668,2.217941641807556
train,base,2354,8,0.17942915856838226,0.9405344128608704,0.41203567385673523,0.8899060428142548,0.9152202278375625,0.75,0.625,0.5,0.0,0.25,0.0,0.0,0.125,4.642622470855713,2.4655323028564453,0.3338053747647791,0.22083333134651184,0.0,4.279436036944389,1.9396621584892273
train,base,2384,8,-0.6037817522883415,0.16950225830078125,-0.9998889565467834,0.05085071921348569,0.1101764887571334,0.25,0.0,0.0,0.0,0.0,0.625,0.0,0.0,25.327834367752075,9.17831802368164,0.021218240651809994,0.0,0.625,4.814731955528259,2.159218966960907
train,base,2478,8,-0.11335013061761856,0.5911619663238525,7.152557373046875e-07,0.5459221124649047,0.5685420393943786,0.625,0.25,0.375,0.0,0.0,0.25,0.0,0.0,18.97431868314743,4.5677714347839355,0.22368132505983773,0.03750000149011612,0.3493408113718033,4.715465784072876,2.144840747117996
train,base,2502,8,0.03473959118127823,0.6498575806617737,3.874301910400391e-06,0.19498518705368031,0.4224213838577267,0.875,0.125,0.25,0.0,0.0,0.125,0.0,0.0,22.08666056394577,4.763173580169678,0.15973958740236327,0.0,0.125,4.915984809398651,2.195779711008072
train,base,2532,8,-0.2337101623415947,0.9668316841125488,0.004850655794143677,0.3452420234680174,0.6560368537902828,0.625,0.125,0.125,0.0,0.25,0.125,0.0,0.0,10.482059061527252,3.7895450592041016,0.11596037134586368,0.10833333432674408,0.125,4.702742576599121,2.134629338979721
train,base,2550,8,0.07235672324895859,0.24656403064727783,0.041619062423706055,0.1563409626483917,0.2014524966478347,1.0,0.0,0.0,0.0,0.0,0.0,0.0,0.0,5.336903274059296,3.110769033432007,0.072356719058007,0.0,0.0,5.135312020778656,2.27640163898468
train,base,2578,8,-0.33683106303215027,0.19312119483947754,0.007169634103775024,0.0793291628360748,0.1362251788377761,0.625,0.0,0.125,0.125,0.25,0.25,0.0,0.0,11.033703446388245,5.663626194000244,0.09067251523629238,0.09583333134651184,0.25,4.859457492828369,2.1643327474594116
train,base,2580,8,0.5231272876262665,1.0,0.6116205453872681,0.9559946537017823,0.977997326850891,0.875,0.625,0.875,0.125,0.0,0.0,0.0,0.0,5.092321515083313,4.1712141036987305,0.606230840086937,0.6666666567325592,0.31938112806528807,5.5631020069122314,2.3887775987386703
train,base,2583,8,-0.20721757016144693,0.6695976853370667,-0.008141382597386837,0.3478210031986236,0.508709344267845,0.5,0.125,0.25,0.125,0.0,0.375,0.0,0.0,7.244498908519745,4.096461296081543,0.11156981702151825,0.12083332985639572,0.43962071440182626,4.619744718074799,2.102113887667656
train,base,2620,8,0.236577570438385,0.5391340851783752,0.21668076515197754,0.4854389727115631,0.5122865289449692,1.0,0.5,0.125,0.0,0.0,0.0,0.0,0.0,10.974111437797546,5.6844658851623535,0.23657757482578745,0.0,0.0,4.739531338214874,2.089907646179199
train,base,2653,8,-0.4216381087899208,0.03991645574569702,-0.2297298014163971,0.0367890477180481,0.03835275173187255,0.5,0.0,0.25,0.0,0.375,0.0,0.0,0.0,6.422118306159973,4.594191551208496,0.14892158971633762,0.20416666567325592,0.060114286839962006,5.449033975601196,2.3415293991565704
train,base,2657,8,0.10308651812374592,0.48310375213623047,0.17955336719751358,0.4812021732330322,0.48215296268463137,0.875,0.375,0.0,0.0,0.0,0.125,0.0,0.25,7.678884148597717,2.3893141746520996,0.22813418851001188,0.0,0.1250476747081848,3.7234322652220726,1.795131154358387
train,base,2662,8,-0.3605283200740814,0.0868828296661377,1.385807991027832e-05,0.035810399055480946,0.061346614360809286,0.625,0.0,0.0,0.0,0.125,0.125,0.0,0.125,16.33068859577179,7.621822357177734,0.019671147238256026,0.0,0.24850282818078995,4.198767550289631,1.9627895057201385
train,base,2664,8,-0.3085001853760332,0.003877878189086914,-0.009164570830762386,0.0015619039535522455,0.002719891071319578,0.5,0.0,0.0,0.0,0.25,0.0,0.125,0.0,13.022723019123077,6.41386079788208,0.015587783917794695,0.0,0.06484640366397798,4.82738983631134,2.1612106263637543
train,base,2698,8,0.042967841029167175,0.2736039161682129,0.007201492786407471,0.10251576304435725,0.18805983960628497,1.0,0.0,0.0,0.0,0.0,0.0,0.0,0.0,18.9020938873291,7.952827453613281,0.0429678464704466,0.0,0.0,5.060464024543762,2.253793865442276
train,base,2700,8,0.0066321492195129395,0.02955174446105957,0.00010883808135986328,0.024880409240722656,0.02721607685089111,1.0,0.0,0.0,0.0,0.0,0.0,0.0,0.0,16.872167825698853,11.190503120422363,0.006632150683230975,0.0,0.0,5.324469149112701,2.323522210121155
train,base,2752,8,-0.617115892469883,0.052627503871917725,-1.0,0.022529768943786613,0.03757863640785215,0.375,0.0,0.0,0.125,0.5,0.0,0.0,0.0,6.3946548998355865,2.7233803272247314,0.02260436286451295,0.0,0.19591587595641613,5.31792426109314,2.315395087003708
train,base,2759,8,-0.17593152821063995,0.24175071716308594,0.06852948665618896,0.12945821881294248,0.18560446798801414,0.75,0.0,0.0,0.0,0.25,0.0,0.0,0.0,5.594781935214996,3.6810903549194336,0.09065500239375979,0.0,0.0,5.034676432609558,2.2263449132442474
train,base,2767,8,-0.07497315108776093,0.12280142307281494,0.030791103839874268,0.11894669532775878,0.12087405920028686,0.875,0.0,0.0,0.0,0.125,0.0,0.0,0.0,5.242757201194763,3.5567872524261475,0.06088053900748491,0.0,0.0,4.772267699241638,2.152447998523712
train,base,2772,8,0.11605440825223923,0.522477388381958,0.07400739192962646,0.2544028282165527,0.3884401082992551,1.0,0.125,0.125,0.0,0.0,0.0,0.0,0.0,16.228965997695923,7.003373146057129,0.09788778907125106,0.02916666865348816,0.0,4.694247126579285,2.1364539861679077
train,base,2870,8,-0.24093788862228394,0.5898953676223755,0.016810715198516846,0.2244934380054473,0.40719440281391117,0.625,0.125,0.125,0.0,0.25,0.0,0.0,0.0,7.863806188106537,6.319784164428711,0.04600197578838561,0.07083334028720856,0.08723296225070953,4.774336218833923,2.134024292230606
train,base,2906,8,-0.1889188215136528,0.3951452970504761,3.8743019104003906e-07,0.284426474571228,0.33978588581085195,0.625,0.125,0.125,0.0,0.25,0.125,0.0,0.0,13.465747714042664,6.108684539794922,0.1434014888080064,0.08750000596046448,0.125,4.792140066623688,2.1642351150512695
train,base,2916,8,0.0073163434863090515,0.01580756902694702,0.009634017944335938,0.01337406039237976,0.01459081470966339,0.75,0.0,0.0,0.0,0.0,0.0,0.0,0.0,8.157545963923136,6.587292671203613,0.0073163527267752215,0.0,0.0,4.72820109128952,2.131918653845787
train,base,2925,8,-0.7654850091785192,0.018817424774169922,-1.0,-0.09424302130937579,-0.03771279826760301,0.125,0.0,0.125,0.0,0.75,0.25,0.0,0.0,5.65474296361208,0.46443289518356323,0.010386388624283427,0.125,0.2742039170116186,4.7310439348220825,2.118091359734535
train,base,2964,8,0.0634106770157814,0.29059529304504395,0.00444146990776062,0.21025567054748534,0.25042548179626456,0.875,0.0,0.0,0.0,0.0,0.0,0.0,0.375,12.599190771579742,7.680444240570068,0.0634106778582311,0.0,0.0,3.3441405668854713,1.6660064235329628
train,base,2994,8,-0.2987414018716663,0.00019812583923339844,-0.06944452878087759,7.904767990112301e-05,0.00013858675956726066,0.375,0.0,0.125,0.0,0.125,0.125,0.0,0.0,15.169751405715942,5.598569869995117,0.06688583391996872,0.0,0.1753491775598377,4.872290790081024,2.1612062454223633
train,base,3031,8,0.021319858729839325,1.0,3.814697265625e-05,0.7169928967952728,0.8584964483976362,0.5,0.375,0.375,0.125,0.0,0.125,0.25,0.25,5.986713123321533,4.569999694824219,0.22178632877330529,0.11666666716337204,0.25,3.8869991302490234,1.8472269475460052
train,base,3065,8,-0.265652634203434,0.006616950035095215,-0.07062456011772156,0.0026193201541900623,0.004618135094642636,0.5,0.0,0.125,0.125,0.0,0.125,0.375,0.125,7.12787789106369,5.018019676208496,0.04034426078942488,0.12083332985639572,0.45224785804748535,4.318620577454567,2.001470685005188
train,base,3082,8,-0.24808241426944733,0.00807952880859375,1.1026859283447266e-06,0.005945843458175659,0.007012686133384703,0.75,0.0,0.0,0.0,0.125,0.125,0.125,0.125,24.173810958862305,15.620620727539062,0.0019176305238501057,0.0,0.1875,4.543982528150082,2.0801227539777756
train,base,3110,8,3.8295984268188477e-05,0.00012242794036865234,3.102421760559082e-05,7.836818695068358e-05,0.00010039806365966793,0.875,0.0,0.0,0.0,0.0,0.0,0.0,0.0,25.151018142700195,19.498991012573242,3.829638665348229e-05,0.0,0.0,5.458130836486816,2.3432550728321075
train,base,3162,8,-0.719130240380764,0.2409292459487915,-1.0,0.07649895548820491,0.15871410071849812,0.25,0.0,0.375,0.0,0.75,0.0,0.0,0.0,5.929487720131874,0.6562782526016235,0.14088466338580474,0.36666666716337204,0.0,4.832253873348236,2.182457536458969
train,base,3261,8,-0.2807765939796809,0.0,-0.0018045759061351418,0.0,0.0,0.0,0.0,0.0,0.0,0.0,0.25,0.0,0.0,31.84649896621704,24.666152954101562,3.3622052285852376e-12,0.0,0.2807765939796809,5.366017699241638,2.3039861023426056
train,base,3263,8,0.10623279958963394,0.726293683052063,0.007694274187088013,0.28403047323226915,0.5051620781421657,1.0,0.125,0.125,0.0,0.0,0.0,0.0,0.0,13.824114263057709,4.009664058685303,0.10623279588253354,0.0,0.0,5.135919451713562,2.254234954714775
train,base,3267,8,-0.4997944086790085,0.0003897547721862793,-0.4995926320552826,0.00024305582046508785,0.00031640529632568346,0.25,0.0,0.0,0.0,0.0,0.5,0.125,0.0,23.752034902572632,20.223234176635742,0.00023773428834973734,0.0,0.5625,4.588095843791962,2.08773872256279
train,base,3434,8,0.23534610867500305,0.6774970889091492,0.12371337413787842,0.6132013916969299,0.6453492403030395,0.875,0.375,0.25,0.0,0.0,0.0,0.0,0.0,10.8794105052948,4.510665416717529,0.23534611521943316,0.0,0.0,5.165688693523407,2.260811984539032
train,base,3444,8,0.16246477514505386,1.0,0.06518688797950745,1.0,1.0,0.625,0.375,0.375,0.375,0.0,0.125,0.0,0.0,13.300184518098831,3.809129476547241,0.2728196790494235,0.3541666641831398,0.22887472808361053,4.950598418712616,2.1762115359306335
train,base,3535,8,0.15798163414001465,0.8302426934242249,0.21271079778671265,0.6062116980552673,0.7182271957397459,0.875,0.5,0.25,0.0,0.125,0.0,0.0,0.0,6.132900923490524,1.172337293624878,0.1664406176423654,0.14999999850988388,0.0,4.827183842658997,2.13033926486969
train,base,3639,8,-0.45168423652648926,0.8104391098022461,-0.9999879002571106,0.770863938331604,0.7906515240669251,0.25,0.25,0.375,0.0,0.125,0.625,0.125,0.0,15.643685460090637,3.760922908782959,0.27933492928304204,0.09166666865348816,0.6875,5.152128159999847,2.269983947277069
train,base,3734,8,-0.6367536410689354,0.9053540229797363,-1.0,0.2720380008220671,0.5886960119009013,0.25,0.125,0.375,0.0,0.75,0.0,0.0,0.0,2.498616650700569,0.2267923206090927,0.009608171065337956,0.36249999701976776,0.00028385131736285985,4.830695390701294,2.2021081149578094
train,base,3791,8,-0.035844648256897926,0.31120073795318604,0.015293389558792114,0.30154147148132326,0.30637110471725465,0.75,0.125,0.0,0.0,0.125,0.0,0.0,0.0,5.9597737938165665,0.41244804859161377,0.0931664176022764,0.0,0.004011066630482674,5.031593203544617,2.265909880399704
train,base,3804,8,0.05998236685991287,0.9035062789916992,0.0001564323902130127,0.27184545993804915,0.5876758694648738,0.75,0.125,0.125,0.0,0.0,0.0,0.125,0.0,15.675346851348877,6.637020111083984,0.06217377798644308,0.1041666641831398,0.0625,4.679422616958618,2.1332755088806152
train,base,3942,8,-0.6657193303108215,0.00024437904357910156,-1.0,7.331371307373043e-05,0.00015884637832641588,0.125,0.0,0.25,0.0,0.25,0.5,0.0,0.0,19.882872462272644,3.7102913856506348,0.18447549482724046,0.1458333358168602,0.5,4.746282696723938,2.1469187289476395
train,base,3946,8,0.24293597787618637,0.939033031463623,0.08475503325462341,0.5719693899154662,0.7555012106895445,1.0,0.375,0.125,0.125,0.0,0.0,0.0,0.0,5.1230650544166565,3.397677183151245,0.09874377788219135,0.11666666716337204,0.0,4.768165409564972,2.1397558748722076
train,base,4000,8,-0.6143686696887016,0.06326693296432495,-1.0,0.029670536518096917,0.04646873474121091,0.375,0.0,0.125,0.0,0.625,0.0,0.0,0.375,8.161157958209515,0.5803684592247009,0.06365901968092658,0.125,0.0,3.2677543088793755,1.6633875966072083
train,base,4003,8,-0.4951833114027977,0.0019515752792358398,-0.48238328099250793,0.0005956530570983883,0.0012736141681671132,0.5,0.0,0.0,0.0,0.0,0.5,0.125,0.0,22.77335214614868,12.619878768920898,0.004816694052181492,0.0,0.5625,4.812994956970215,2.1502380967140198
train,base,4007,8,-0.013760954141616821,0.8406322002410889,0.001799851655960083,0.27617059946060163,0.5584013998508449,0.875,0.125,0.125,0.0,0.0,0.125,0.0,0.0,19.631856441497803,12.166470527648926,0.007471486639119007,0.10833332687616348,0.125,5.049076855182648,2.2573838233947754
train,base,4075,8,-0.12148511409759521,0.026708781719207764,7.450580596923828e-07,0.00805890560150146,0.0173838436603546,0.875,0.0,0.0,0.0,0.0,0.125,0.0,0.25,25.840227842330933,13.191356658935547,0.0035148826750606155,0.0,0.125,3.943528488278389,1.8882950246334076
train,base,4080,8,-0.19046762585639954,0.3262459635734558,0.12646469473838806,0.26761361360549923,0.2969297885894775,0.625,0.125,0.0,0.0,0.0,0.25,0.0,0.25,9.76796841621399,7.280191421508789,0.18706396377820056,0.0,0.37753158807754517,4.291216015815735,2.0024469196796417
train,base,4081,8,-0.36760900914669037,5.066394805908203e-06,0.0,4.148483276367187e-06,4.607439041137694e-06,0.25,0.0,0.0,0.0,0.0,0.125,0.125,0.0,28.01508378982544,17.427892684936523,0.00044595411167186287,0.0,0.41949667036533356,5.298375487327576,2.307070314884186
train,base,4123,8,-0.2943652435205877,0.0013423562049865723,-0.006153633818030357,0.0005078077316284178,0.0009250819683074944,0.5,0.0,0.0,0.0,0.0,0.25,0.0,0.0,14.825322270393372,11.119057655334473,0.005728995615965626,0.0,0.3000942333601415,5.290438771247864,2.331284612417221
train,base,4127,8,-0.06665224581956863,0.46439313888549805,0.00023981928825378418,0.1400843977928161,0.30223876833915686,0.875,0.125,0.0,0.0,0.0,0.125,0.125,0.0,15.25184154510498,6.285313606262207,0.05935920894842184,0.0,0.1875,4.955708086490631,2.205737203359604
train,base,4173,8,-0.33179397881031036,0.0,0.0,0.0,0.0,0.0,0.0,0.0,0.0,0.0,0.25,0.0,0.125,8.521632671356201,4.075556755065918,0.0,0.0,0.33179397881031036,4.584272138774395,2.086678482592106
train,base,4184,8,-0.12179761379957199,0.013815760612487793,0.000522613525390625,0.010570317506790161,0.012193039059638975,0.875,0.0,0.0,0.0,0.125,0.0,0.0,0.375,18.559890627861023,14.533027648925781,0.0032046183528962047,0.0,0.0,3.305897355079651,1.659384123980999
train,base,4186,8,-0.4027961287647486,5.960464477539063e-08,-0.11118469387292862,1.7881393432617177e-08,3.8743019104003874e-08,0.125,0.0,0.0,0.0,0.125,0.25,0.0,0.0,28.552392721176147,22.19644546508789,1.6405306421662935e-07,0.0,0.27779619581997395,4.721893906593323,2.143684610724449
train,base,4245,8,0.27214978635311127,0.9377526640892029,0.18673968315124512,0.6472075045108794,0.792480084300041,1.0,0.25,0.25,0.0,0.0,0.0,0.0,0.0,6.88010311126709,3.398745059967041,0.11101097677601501,0.17499999701976776,0.0,4.746502041816711,2.12900573015213
train,base,4300,8,-0.05866426229476929,0.29850292205810547,0.036109328269958496,0.15022866725921627,0.22436579465866077,0.875,0.0,0.0,0.0,0.125,0.0,0.0,0.0,7.028774738311768,4.701605796813965,0.07262472355432692,0.0,0.0,5.591952383518219,2.422493875026703
train,base,4314,8,-0.3022408187389374,0.054366230964660645,0.0,0.019607758522033683,0.03698699474334714,0.375,0.0,0.0,0.0,0.25,0.125,0.0,0.0,17.682732701301575,7.936922073364258,0.02624979297376051,0.0,0.18473254144191742,5.132494688034058,2.2673435509204865
train,base,4348,8,0.024667352437973022,0.8190619349479675,0.007911145687103271,0.45683935880661,0.6379506468772885,0.875,0.25,0.25,0.0,0.125,0.0,0.0,0.0,13.540194749832153,4.799630165100098,0.09450384013715052,0.17916666716337204,0.0,4.904376864433289,2.205606460571289
train,base,4355,8,-0.38625355064868927,0.6593956351280212,-0.4647693336009979,0.26969909071922293,0.46454736292362186,0.5,0.125,0.125,0.0,0.5,0.0,0.0,0.0,4.635002091526985,0.47512829303741455,0.16301758587360382,0.0,0.0,4.964154481887817,2.2219400703907013
train,base,4462,8,0.05968475341796875,0.309897780418396,0.02309960126876831,0.12876358628273005,0.2193306833505629,1.0,0.125,0.0,0.0,0.0,0.0,0.0,0.0,6.456794619560242,4.096372604370117,0.0596847596752923,0.0,0.0,4.898299753665924,2.2218048870563507
train,base,4527,8,0.22777406871318817,0.9664088487625122,0.04005667567253113,0.7682702600955963,0.8673395544290541,0.875,0.25,0.25,0.0,0.0,0.0,0.0,0.125,11.617261797189713,3.2678205966949463,0.16506988199424644,0.12083332985639572,0.0,4.202651955187321,1.9385864585638046
train,base,4587,8,-0.008231312036514282,0.9285821914672852,0.0007354319095611572,0.2802117943763731,0.6043969929218287,0.875,0.125,0.125,0.0,0.125,0.0,0.0,0.0,14.807642877101898,7.826233386993408,0.03642470146539267,0.11249999701976776,0.0,4.70151948928833,2.1368047297000885
train,base,4609,8,0.018111109733581543,0.07536667585372925,1.6808509826660156e-05,0.07122393250465393,0.07329530417919158,1.0,0.0,0.0,0.0,0.0,0.0,0.0,0.0,22.798739433288574,11.014063835144043,0.018111098755424493,0.0,0.0,5.265993416309357,2.3083391785621643
train,base,4617,8,-0.008210182189941406,0.9326733946800232,6.476044654846191e-05,0.2804910778999327,0.6065822362899775,0.875,0.125,0.125,0.0,0.0,0.125,0.0,0.125,22.215903490781784,3.2520673274993896,0.09995816828566007,0.0833333283662796,0.125,4.215397484600544,1.95792768150568
train,base,4621,8,-0.6220768913626671,0.0226479172706604,-1.0,0.007310116291046139,0.01497901678085326,0.375,0.0,0.125,0.0,0.625,0.0,0.0,0.5,13.59485149383545,6.142677307128906,0.06742773866781704,0.11249999701976776,0.0,2.939269430935383,1.5272940173745155
train,base,4644,8,0.12844037264585495,0.9925346374511719,0.00041875243186950684,0.32093961834907514,0.6567371279001231,0.75,0.125,0.125,0.0,0.0,0.0,0.0,0.25,15.204342424869537,3.513643741607666,0.10137843272611527,0.12083332985639572,0.0,3.6904909312725067,1.7952181845903397
train,base,4716,8,0.13188321143388748,0.4247745871543884,0.10042282938957214,0.2677893936634063,0.3462819904088973,1.0,0.125,0.0,0.0,0.0,0.0,0.0,0.0,6.721745520830154,3.8021557331085205,0.13188321256893687,0.0,0.0,4.951964259147644,2.2059226334095
train,base,4740,8,-0.2208714261651039,0.2320299744606018,7.748603820800781e-07,0.07029154300689693,0.15116075873374926,0.5,0.0,0.125,0.0,0.125,0.125,0.0,0.0,14.00951087474823,5.788966178894043,0.09492175409340213,0.1041666641831398,0.125,4.891620457172394,2.2002909779548645
train,base,4797,8,-0.3687129318714142,0.470744788646698,-0.21025851368904114,0.14122815132141106,0.3059864699840543,0.375,0.125,0.5,0.0,0.25,0.375,0.0,0.0,11.556029736995697,4.889509201049805,0.2588936724550752,0.36250000447034836,0.40594681166112423,4.5711669921875,2.0763845294713974
train,base,4832,8,-0.4374173656105995,0.00026994943618774414,-0.24995818734169006,0.00021529197692871094,0.00024262070655822748,0.5,0.0,0.125,0.0,0.375,0.0,0.125,0.0,6.0470379420689175,3.0710091590881348,8.263642757810885e-05,0.125,0.0625,5.0044137835502625,2.2122350335121155
train,base,4849,8,-0.10955115407705307,0.1042858362197876,0.0032999515533447266,0.03520660996437071,0.06974622309207912,0.875,0.0,0.0,0.0,0.0,0.125,0.125,0.0,8.87303626537323,7.234146595001221,0.015452601105835129,0.0,0.1875,4.68552303314209,2.146799474954605
train,base,4937,8,-0.07856664806604385,0.5540319681167603,0.10840991139411926,0.4242094039916992,0.48912068605422965,0.75,0.25,0.25,0.0,0.25,0.0,0.0,0.125,4.255705386400223,2.0454185009002686,0.17143334075808525,0.125,0.00021522329188883305,4.373458907008171,2.0169577449560165
train,base,5004,8,-0.5932176411151886,0.8654123544692993,-0.9999784529209137,0.36934292316436756,0.617377638816833,0.25,0.125,0.125,0.0,0.25,0.5,0.125,0.0,18.700368523597717,5.587549209594727,0.09377018082901456,0.11250000447034836,0.7030379697680473,4.797569692134857,2.15342378616333
train,base,5055,8,0.060799598693847656,0.17609953880310059,0.05096238851547241,0.10506303310394285,0.14058128595352168,1.0,0.0,0.0,0.0,0.0,0.0,0.0,0.0,12.033191561698914,9.086000442504883,0.060799601720646024,0.0,0.0,4.906566381454468,2.1866179406642914
train,base,5106,8,-0.06715530902147293,0.6413372755050659,-0.057882338762283325,0.6317179381847382,0.6365276068449021,0.5,0.375,0.625,0.0,0.0,0.5,0.0,0.125,9.973924696445465,4.837654113769531,0.3398158258132753,0.19583334773778915,0.5035289924126118,4.442345380783081,1.998421125113964
train,base,5147,8,-0.2914876639842987,0.8787832856178284,-0.45648714900016785,0.5616438925266265,0.7202135890722272,0.5,0.25,0.25,0.0,0.5,0.0,0.0,0.0,6.38415864109993,3.8654282093048096,0.27064077711838763,0.17083333432674408,0.12302049994468689,4.76821368932724,2.1387732326984406
train,base,5182,8,-0.380458302795887,0.798325777053833,-0.4931645095348358,0.32291628122329696,0.5606210291385647,0.5,0.125,0.25,0.0,0.125,0.375,0.0,0.0,8.336853638291359,1.6790233850479126,0.11954169694035954,0.125,0.375,4.805483341217041,2.135649174451828
train,base,5250,8,-0.24865788221359253,0.010727167129516602,1.0728836059570312e-06,0.003220862150192259,0.006974014639854425,0.75,0.0,0.0,0.0,0.125,0.125,0.125,0.0,26.12246823310852,15.048332214355469,0.0013421428121746515,0.0,0.1875,5.283147037029266,2.28481388092041
train,base,5259,8,-0.38107311725616455,0.00044220685958862305,-0.025944113731384277,0.00039318203926086426,0.0004176944494247436,0.5,0.0,0.125,0.0,0.25,0.375,0.0,0.0,5.2306932508945465,3.0208756923675537,0.028405357897479888,0.11666666716337204,0.375,4.945445656776428,2.2026253938674927
train,base,5272,8,-0.1206776425242424,0.025845110416412354,0.0002244412899017334,0.013286995887756343,0.01956605315208434,0.875,0.0,0.0,0.0,0.125,0.0,0.0,0.0,21.38072657585144,13.258893013000488,0.005245558855502708,0.0,0.0,4.813171863555908,2.146896779537201
train,base,5290,8,0.068965382874012,1.0,0.010157763957977295,0.7322852611541747,0.8661426305770872,0.625,0.375,0.375,0.125,0.0,0.25,0.0,0.125,12.52975195646286,4.445911884307861,0.1047001765521736,0.32500000298023224,0.26954308710992336,4.179576635360718,1.927049346268177
train,base,5295,8,-0.499305360019207,0.0,-0.497221440076828,0.0,0.0,0.0,0.0,0.0,0.0,0.0,0.5,0.125,0.25,27.779561758041382,16.374048233032227,0.0006946411473002983,0.0,0.5625,3.785920485854149,1.8160942569375038
train,base,5331,8,0.24358251690864563,1.0,3.784894943237305e-05,0.9591931581497193,0.9795965790748596,1.0,0.25,0.25,0.125,0.0,0.0,0.0,0.625,12.021039426326752,4.1450581550598145,0.14183781391826145,0.23333332687616348,0.0,2.372803397476673,1.3515936359763145
train,base,5332,8,-0.3800709992647171,0.03525543212890625,-0.03810560703277588,0.010675555467605584,0.022965493798255902,0.375,0.0,0.0,0.0,0.0,0.375,0.0,0.0,26.46398615837097,12.618400573730469,0.004455400569463743,0.0,0.38452640175819397,4.7875558733940125,2.181917726993561
train,base,5339,8,-0.610196590423584,0.10527157783508301,-0.9934253692626953,0.031583601236343364,0.06842758953571314,0.375,0.0,0.0,0.0,0.0,0.625,0.0,0.0,25.23712658882141,10.279953002929688,0.01480342077791627,0.0,0.625,4.804550111293793,2.1341239362955093
train,base,5349,8,-0.49071846157312393,1.0,-0.9654579162597656,0.30361690521240214,0.6518084526062007,0.375,0.125,0.25,0.125,0.375,0.25,0.0,0.0,6.890741854906082,2.1911447048187256,0.02049486326160377,0.24166666716337204,0.3700301796197891,6.4317174553871155,2.434643030166626
train,base,5398,8,-0.12282627820968628,0.011655926704406738,0.00018915534019470215,0.00643063187599182,0.009043279290199276,0.875,0.0,0.0,0.0,0.125,0.0,0.0,0.375,16.861629843711853,12.423870086669922,0.0038147733588758115,0.0,0.0,3.716762788593769,1.788891352713108
train,base,5470,8,-0.336543045938015,0.9712116122245789,-0.3421902358531952,0.30556908249855025,0.6383903473615642,0.5,0.125,0.25,0.0,0.375,0.0,0.0,0.0,20.04864126443863,2.867201805114746,0.20482976425635735,0.19166667014360428,0.09107072977349162,5.598050355911255,2.320816248655319
train,base,5482,8,0.1199011355638504,0.5678620934486389,0.0001399517059326172,0.4432421267032623,0.5055521100759506,1.0,0.25,0.125,0.0,0.0,0.0,0.0,0.0,20.485430002212524,5.453732490539551,0.11990114287807341,0.0,0.0,5.2413413524627686,2.284353882074356
train,base,5507,8,-0.11117606237530708,0.0003961920738220215,9.864568710327148e-06,0.00014047026634216302,0.0002683311700820921,0.625,0.0,0.125,0.0,0.0,0.125,0.0,0.0,22.50420892238617,5.527819633483887,0.06992590510080277,0.0,0.1811019591987133,4.661737620830536,2.1260918229818344
train,base,5541,8,0.09835704416036606,0.6861679553985596,0.002628505229949951,0.64381902217865,0.6649934887886046,0.75,0.375,0.25,0.0,0.125,0.0,0.0,0.0,13.388750195503235,7.931557655334473,0.03503726097813738,0.2083333358168602,0.0,4.911481857299805,2.2045805156230927
train,base,5547,8,-0.249588742852211,0.0025689005851745605,2.524256706237793e-05,0.0010134577751159664,0.0017911791801452624,0.75,0.0,0.0,0.0,0.0,0.25,0.0,0.0,22.330751538276672,15.83385944366455,0.00041126817045267217,0.0,0.25,4.783760190010071,2.168692111968994
train,base,5548,8,-0.18100525438785553,1.0,-0.22403663396835327,1.0,1.0,0.5,0.25,0.5,0.25,0.375,0.25,0.0,0.0,13.4219571352005,4.532410144805908,0.33544919740152945,0.23749999701976776,0.25,4.860167622566223,2.195499897003174
train,base,5587,8,-0.5177870094776154,0.6486592292785645,-1.0,0.3407752633094787,0.49471724629402136,0.375,0.125,0.25,0.0,0.625,0.0,0.0,0.0,8.609370410442352,4.568668842315674,0.05771722766075982,0.13750000298023224,0.0,5.127749383449554,2.2472133934497833
train,base,5610,8,-0.3781174197793007,0.434334933757782,-0.38319796323776245,0.3452638864517212,0.3897994101047515,0.5,0.25,0.125,0.0,0.375,0.125,0.0,0.0,15.034528851509094,6.095479488372803,0.16299063452121132,0.17500000447034836,0.125,4.719909846782684,2.1333369612693787
train,base,5611,8,0.04311192035675049,0.46967244148254395,0.01393464207649231,0.2447861194610595,0.3572292804718016,0.875,0.125,0.0,0.0,0.0,0.0,0.0,0.125,13.342718839645386,6.2428741455078125,0.09058991149004214,0.0,0.04747799038887024,4.266750395298004,1.9796258881688118
train,base,5668,8,-0.2533443123102188,0.7745648622512817,-0.26717111468315125,0.6405597507953643,0.707562306523323,0.5,0.25,0.25,0.0,0.125,0.25,0.0,0.125,16.154266208410263,3.5314619541168213,0.18844856629258017,0.0,0.41056612879037857,4.2246154472231865,1.9703091979026794
train,base,5677,8,-0.30066607892513275,0.9483230710029602,-0.18131032586097717,0.29031113982200607,0.6193171054124826,0.5,0.125,0.375,0.0,0.375,0.25,0.0,0.0,6.40610745549202,3.8832271099090576,0.12899873317292077,0.24583332985639572,0.25,4.904433250427246,2.1933557093143463
train,base,5696,8,-0.20819255709648132,0.1635061502456665,0.006855040788650513,0.13564703464508057,0.14957659244537352,0.75,0.0,0.0,0.0,0.25,0.0,0.0,0.0,5.720242023468018,3.52467942237854,0.047253513744180964,0.0,0.0,4.85637754201889,2.175818234682083
train,base,5886,8,0.03290478140115738,0.6380898952484131,0.01236620545387268,0.5924968957901001,0.6152933955192565,0.875,0.25,0.25,0.0,0.125,0.0,0.0,0.0,8.489960074424744,4.392988204956055,0.028958982846233994,0.15000000596046448,0.0,5.11772483587265,2.261218160390854
train,base,5940,8,-0.1233200654387474,0.013308882713317871,1.1026859283447266e-06,0.0040023863315582255,0.008655634522438043,0.5,0.0,0.0,0.0,0.0,0.125,0.0,0.0,25.732959270477295,14.611852645874023,0.0016799279494903202,0.0,0.125,4.7722861766815186,2.1295782327651978
train,base,5967,8,-0.6077644154429436,1.0,-1.0,0.33588045239448533,0.6679402261972422,0.25,0.125,0.125,0.125,0.625,0.25,0.0,0.0,4.822183221578598,2.498659610748291,0.12444398459047079,0.10000000149011612,0.25,4.969238996505737,2.1914358139038086
train,base,5977,8,-0.014489121735095978,0.44855159521102905,0.00014606118202209473,0.41612102985382077,0.4323363125324249,0.625,0.25,0.0,0.0,0.125,0.0,0.0,0.0,14.114956974983215,8.16940975189209,0.04403334962206223,0.07916666567325592,0.0,4.8573978543281555,2.173072427511215
train,base,5998,8,-0.12930652499198914,0.49524015188217163,0.009083420038223267,0.32089574933052056,0.408067950606346,0.75,0.125,0.125,0.0,0.25,0.0,0.0,0.0,9.635090827941895,4.541268348693848,0.24988975480664521,0.0,0.0,5.2495715618133545,2.2578797042369843
train,base,6005,8,-0.4370019882917404,0.00016105175018310547,-0.25,8.728504180908201e-05,0.00012416839599609368,0.25,0.0,0.0,0.0,0.25,0.25,0.125,0.0,8.057310163974762,2.589798927307129,0.0004980141120540793,0.0,0.3125,4.978743314743042,2.234410047531128
train,base,6065,8,0.05919447401538491,0.14278173446655273,0.0460450891405344,0.10702486634254454,0.12490330040454861,1.0,0.0,0.0,0.0,0.0,0.0,0.0,0.0,6.595329105854034,2.675693988800049,0.06523466389626265,0.0,0.006040187086910009,4.730757534503937,2.132699877023697
train,base,6112,8,-0.5121855661273003,0.0003578662872314453,-0.5500650703907013,0.00029198527336120604,0.00032492578029632565,0.375,0.0,0.0,0.0,0.0,0.5,0.0,0.0,25.73971152305603,18.35826873779297,0.00033485656192122626,0.02499999850988388,0.5375195890665054,5.081057190895081,2.2244024723768234
train,base,6126,8,-0.36249522119760513,0.10003787279129028,0.0,0.030011487007141097,0.06502467989921565,0.375,0.0,0.0,0.0,0.25,0.125,0.0,0.125,30.15365982055664,25.756772994995117,5.3073992807208675e-06,0.012499995529651642,0.13040599646046758,4.549825973808765,2.057141028344631
train,base,6141,8,-0.3053363785147667,0.5486016273498535,2.4557113647460938e-05,0.17054933309555045,0.35957548022270175,0.625,0.125,0.125,0.0,0.375,0.0,0.0,0.0,16.264479517936707,5.673906326293945,0.044504544569576865,0.04583333432674408,0.0,5.234360754489899,2.2786596417427063
train,base,6214,8,-0.6116271466016769,0.7882017493247986,-0.99998340010643,0.24712803363800034,0.517664891481399,0.25,0.125,0.375,0.0,0.375,0.5,0.125,0.125,6.206538200378418,2.3880324363708496,0.2195982014855833,0.1041666641831398,0.5625,4.547269314527512,2.0671990290284157
train,base,6408,8,-0.24897228926420212,0.0034537315368652344,0.0004664957523345947,0.0027242422103881834,0.0030889868736267085,0.75,0.0,0.0,0.0,0.25,0.0,0.0,0.0,16.124006152153015,13.646181106567383,0.0012149334398827705,0.0,0.0,4.869364500045776,2.1916146874427795
train,base,6427,8,-0.00647754967212677,0.19072848558425903,0.00017440319061279297,0.057756358385086026,0.12424242198467245,0.625,0.0,0.0,0.0,0.0,0.0,0.0,0.0,15.172699213027954,10.133294105529785,0.014596043865906017,0.012499995529651642,0.03231345862150192,4.795301973819733,2.1323063671588898
train,base,6470,8,-0.09910125285387039,1.0,-0.02486082911491394,0.8253544807434081,0.912677240371704,0.5,0.25,0.375,0.125,0.125,0.25,0.0,0.125,7.563550531864166,3.631263256072998,0.36416287487372756,0.22499999403953552,0.3734053373336792,4.1390335112810135,1.9217454865574837
train,base,6472,8,-0.7632642015814781,0.893885612487793,-0.9999998807907104,-0.431834024190903,0.23102579414844415,0.125,0.125,0.125,0.0,0.125,0.875,0.0,0.375,25.843232810497284,4.203427791595459,0.08882475595500827,0.07916666567325592,0.875,3.3685806915163994,1.691401019692421
train,base,6481,8,-0.5958633944392204,0.9525653123855591,-1.0,0.4821388661861419,0.7173520892858501,0.25,0.125,0.375,0.0,0.75,0.25,0.0,0.0,11.511903405189514,4.9422101974487305,0.17515658927732147,0.38749999552965164,0.2777202632278204,4.817473769187927,2.166851282119751
train,base,6501,8,-0.3831160720437765,0.002257823944091797,-0.03367497771978378,0.0006884455680847164,0.0014731347560882557,0.5,0.0,0.125,0.0,0.25,0.125,0.0,0.0,16.78402680158615,5.8206400871276855,0.06562996774040109,0.11666666716337204,0.13344855420291424,4.896639108657837,2.164467006921768
train,base,6514,8,0.12471572868525982,0.8947374224662781,0.005134187638759613,0.6049151599407195,0.7498262912034986,0.875,0.25,0.25,0.125,0.0,0.25,0.0,0.125,10.603309392929077,4.645648956298828,0.26582215929147424,0.2083333358168602,0.2500159609990078,4.308374606072903,1.9748559221625328
train,base,6565,8,0.09776479750871658,0.7990905046463013,0.5104627013206482,0.7590042233467102,0.7790473639965058,0.625,0.625,0.75,0.0,0.25,0.0,0.125,0.0,5.725649058818817,3.3974690437316895,0.4038697767537087,0.17916667461395264,0.0625,4.757989287376404,2.134854882955551
train,base,6593,8,-0.14650605991482735,0.7406377196311951,-0.09392747282981873,0.2350621461868285,0.48784993290901146,0.5,0.125,0.375,0.0,0.0,0.25,0.0,0.0,13.697045803070068,3.9012722969055176,0.17245412905182889,0.12916666269302368,0.4095756523311138,4.87207967042923,2.165604680776596
train,base,6599,8,-0.7363033592700958,0.042001962661743164,-1.0,0.012602174282073967,0.027302068471908546,0.25,0.0,0.0,0.0,0.625,0.0,0.0,0.0,17.62185037136078,8.890740394592285,0.013709668002007902,0.0,0.13557849545031786,4.683399558067322,2.1070009022951126
train,base,6613,8,-0.18978667259216309,0.6855512261390686,-0.12064647674560547,0.5100516736507416,0.5978014498949049,0.5,0.25,0.5,0.0,0.125,0.25,0.0,0.0,11.150669932365417,4.441195487976074,0.327126420616878,0.07916666567325592,0.3630531430244446,4.688302934169769,2.112005576491356
train,base,6650,8,0.10707453638315201,0.6142849922180176,0.05472955107688904,0.6049867153167725,0.609635853767395,0.875,0.375,0.375,0.0,0.0,0.125,0.0,0.0,11.167724013328552,4.813395023345947,0.23207453552186053,0.0,0.125,4.801792740821838,2.14563749730587
train,base,6651,8,0.11903499811887741,0.5102230906486511,0.056748807430267334,0.28420452475547786,0.3972138077020643,1.0,0.125,0.125,0.0,0.0,0.0,0.0,0.125,5.3280238807201385,3.646803140640259,0.119035003168392,0.0,0.0,4.350500538945198,2.0002937838435173
train,base,6686,8,-0.37499725073575974,1.823902130126953e-05,2.384185791015625e-07,6.84857368469238e-06,1.254379749298095e-05,0.5,0.0,0.0,0.0,0.375,0.0,0.0,0.0,26.473694801330566,18.480024337768555,0.000267300622097677,0.0,0.0,4.9465808272361755,2.2142990827560425
train,base,6706,8,-0.7499968484044075,2.5212764739990234e-05,-1.0,7.5638294219970656e-06,1.6388297080993638e-05,0.125,0.0,0.0,0.0,0.75,0.0,0.0,0.0,16.187703013420105,11.950023651123047,0.001366595833851958,0.0,0.0,4.867783069610596,2.17914354801178
train,base,6722,8,-0.3069233288988471,0.0014250874519348145,-0.07871658727526665,0.0004321157932281492,0.0009286016225814812,0.375,0.0,0.0,0.0,0.0,0.125,0.0,0.25,24.477001786231995,11.33300495147705,0.008303742749759478,0.0,0.3152270829305053,4.133604407310486,1.8656741082668304
train,base,6857,8,-0.33006724528968334,0.20449215173721313,0.010207504034042358,0.1342362880706787,0.16936421990394587,0.625,0.0,0.125,0.0,0.375,0.0,0.0,0.25,12.660838901996613,5.653812885284424,0.1274934204022884,0.05416666716337204,0.015947049483656883,3.943487696349621,1.8783167526125908
train,base,6864,8,0.0037579014897346497,0.020943641662597656,0.0009798109531402588,0.010045778751373288,0.015494710206985465,0.875,0.0,0.0,0.0,0.0,0.0,0.0,0.0,14.718667984008789,10.023247718811035,0.0037578953279140516,0.0,0.0,4.981987476348877,2.2157557606697083
train,base,6865,8,-0.3241618350148201,0.23135173320770264,0.026065289974212646,0.1309382617473602,0.18114499747753135,0.625,0.0,0.0,0.0,0.375,0.0,0.0,0.0,5.91959285736084,3.9052300453186035,0.08310721209272742,0.0,0.0,4.915099024772644,2.174323260784149
train,base,6900,8,0.0344725027680397,0.10620009899139404,0.010259509086608887,0.08936272263526916,0.0977814108133316,1.0,0.0,0.0,0.0,0.0,0.0,0.0,0.125,13.659342885017395,10.25835132598877,0.03447250020690262,0.0,0.0,4.272783860564232,1.904937483370304
train,base,6901,8,-0.3855750176589936,7.677078247070312e-05,-0.04245003592222929,2.470016479492186e-05,5.073547363281246e-05,0.375,0.0,0.125,0.0,0.0,0.5,0.125,0.0,21.319624364376068,4.060784816741943,0.09082561642226494,0.10000000149011612,0.566240570275113,4.7452555894851685,2.1169064342975616
train,base,6911,8,-0.30756430327892303,0.49334001541137695,8.016824722290039e-06,0.14827153682708732,0.3208057761192319,0.625,0.125,0.0,0.0,0.125,0.25,0.0,0.25,6.695237502455711,1.902816653251648,0.06743570325573955,0.0,0.25,3.8057137057185173,1.819093756377697
train,base,7031,8,-0.3647308051586151,0.035127878189086914,0.005591601133346558,0.0238261342048645,0.0294770061969757,0.625,0.0,0.0,0.0,0.125,0.25,0.0,0.125,6.615882694721222,3.5795507431030273,0.010269198148307623,0.0,0.26492893882095814,4.5079652443528175,2.0576343312859535
train,base,7118,8,0.11334016919136047,0.3502774238586426,0.08383238315582275,0.2488065183162689,0.29954197108745567,1.0,0.125,0.0,0.0,0.0,0.0,0.0,0.125,5.566765606403351,3.684113025665283,0.11334017559420317,0.0,0.0,4.449854724109173,2.058813653886318
train,base,7120,8,-0.47607362270355225,0.19141101837158203,-0.5,0.05742330551147457,0.12441716194152821,0.125,0.0,0.0,0.0,0.5,0.0,0.0,0.0,23.174919962882996,8.881735801696777,0.02431501618783411,0.0,0.0,5.963944256305695,2.3068397641181946
train,base,7147,8,-0.14679647237062454,1.0,0.013980865478515625,0.8160429775714874,0.9080214887857436,0.625,0.25,0.375,0.125,0.375,0.0,0.0,0.0,7.273649752140045,4.68549919128418,0.11258800869109109,0.3166666701436043,0.0,4.639177560806274,2.084871381521225
train,base,7274,8,-0.49164769798517227,0.03521168231964111,-0.4945061504840851,0.020261490345001215,0.027736586332321157,0.5,0.0,0.0,0.0,0.375,0.25,0.0,0.0,15.27604627609253,10.27911376953125,0.008716619572870954,0.0,0.36859364807605743,5.188186287879944,2.2725482881069183
train,base,7350,8,-0.37381763756275177,0.008981704711914062,6.020069122314453e-06,0.0028513073921203596,0.005916506052017207,0.625,0.0,0.0,0.0,0.25,0.375,0.0,0.0,24.101444125175476,15.407090187072754,0.0011943908563210037,0.0,0.375,4.694069087505341,2.108583629131317
train,base,7365,8,-0.16901201754808426,0.8349804878234863,-0.047432273626327515,0.2504943132400511,0.5427374005317683,0.375,0.125,0.25,0.0,0.0,0.25,0.125,0.125,23.03181380033493,2.7573113441467285,0.17713367404169866,0.11666666716337204,0.3949020355939865,4.617269605398178,2.04751855134964
train,base,7434,8,-0.12451276928186417,1.0,5.960464477539063e-08,0.30246067047119124,0.6512303352355951,0.5,0.125,0.125,0.125,0.125,0.125,0.125,0.125,21.473313689231873,4.023537635803223,0.09158003300834941,0.12083332985639572,0.1875,4.370696164667606,2.0133366361260414
train,base,7501,8,-0.496133416891098,0.01372826099395752,-0.4999198913574219,0.011821424961090087,0.012774842977523803,0.5,0.0,0.0,0.0,0.25,0.25,0.0,0.0,7.944797515869141,3.6311817169189453,0.003866576925625864,0.0,0.25,4.85122537612915,2.1613696068525314
train,base,7529,8,-0.013688645325601101,0.36673271656036377,0.018175721168518066,0.1724564909934997,0.2695946037769316,0.75,0.125,0.0,0.0,0.0,0.0,0.0,0.25,8.656173884868622,4.152159214019775,0.029063272767416493,0.04583333432674408,0.0885804733261466,3.871718890964985,1.8705336600542068
train,base,7537,8,-0.3352266345063981,0.000834047794342041,-0.07745195175812114,0.00025555491447448714,0.0005448013544082637,0.25,0.0,0.0,0.0,0.0,0.25,0.0,0.0,26.711369514465332,20.176794052124023,0.00010522700413975901,0.0,0.33533186650674907,4.817592203617096,2.1632409393787384
train,base,7543,8,0.2471393644809723,0.8008748292922974,0.17001444101333618,0.6535832822322845,0.7272290557622908,1.0,0.25,0.25,0.0,0.0,0.0,0.0,0.0,12.84230226278305,5.268279075622559,0.1890611587429012,0.08750000596046448,0.0,5.110966742038727,2.2334139347076416
train,base,7559,8,-0.7499979808926582,1.615285873413086e-05,-1.0,4.845857620239255e-06,1.049935817718505e-05,0.125,0.0,0.0,0.0,0.75,0.0,0.0,0.0,17.847275853157043,13.234352111816406,0.0008389987618322992,0.0,0.0,4.767995893955231,2.1396816670894623
train,base,7587,8,-0.375,0.0,0.0,0.0,0.0,0.0,0.0,0.0,0.0,0.375,0.0,0.0,0.0,6.07083135843277,4.144837379455566,0.0,0.0,0.0,4.982895016670227,2.21926349401474
train,base,7602,8,0.12188995629549026,0.9068124890327454,0.17366543412208557,0.5349190473556518,0.7208657681941983,0.875,0.375,0.125,0.0,0.125,0.0,0.0,0.0,5.506429731845856,3.1174509525299072,0.16053205356001854,0.11249999701976776,0.0,5.829241633415222,2.3620977103710175
train,base,7605,8,-0.31433504074811935,0.9559934139251709,-0.23541352152824402,0.2869014143943785,0.6214474141597743,0.375,0.125,0.375,0.0,0.0,0.625,0.0,0.0,13.069588840007782,4.462055683135986,0.16366438280052836,0.2708333283662796,0.625,5.658864796161652,2.324344217777252
train,base,7612,8,0.10009229183197021,0.951923668384552,0.04992276430130005,0.8271231234073638,0.8895233958959579,0.625,0.375,0.5,0.0,0.125,0.25,0.0,0.0,8.873859107494354,3.3020920753479004,0.39936324922018684,0.23333332687616348,0.25,4.803649485111237,2.130716174840927
train,base,7676,8,-0.03246099501848221,0.3417398929595947,0.04978245496749878,0.24421379566192625,0.29297684431076043,0.875,0.125,0.125,0.0,0.125,0.0,0.0,0.0,5.6050848960876465,3.50553560256958,0.16789038107134502,0.0,0.0,5.042091131210327,2.2255214750766754
train,base,7681,8,-0.2874837175622815,0.2326841950416565,-0.08473290229449049,0.06980550885200497,0.15124485194683063,0.375,0.0,0.125,0.0,0.0,0.25,0.0,0.5,20.07793629169464,8.386432647705078,0.03407282866053252,0.07500000298023224,0.3960057154909009,2.7932102978229523,1.4862614944577217
train,base,7741,8,-0.08733954280614853,0.12426692247390747,0.002676457166671753,0.050791275501251204,0.0875290989875793,0.875,0.0,0.0,0.0,0.0,0.125,0.0,0.0,12.787674725055695,6.8602986335754395,0.03766045362239012,0.0,0.125,4.7810832262039185,2.147394225001335
train,base,7745,8,-0.4496759995818138,0.4077844023704529,-0.6578531563282013,0.3049771428108215,0.3563807725906371,0.375,0.125,0.0,0.0,0.5,0.0,0.0,0.0,7.552692532539368,3.652803421020508,0.07220026172581129,0.12083333730697632,0.039784759283065796,4.98099821805954,2.216465950012207
train,base,7749,8,0.03411547839641571,0.12099242210388184,0.02503541111946106,0.07102507352828978,0.09600874781608577,1.0,0.0,0.0,0.0,0.0,0.0,0.0,0.125,13.095645308494568,9.451071739196777,0.03411547474752297,0.0,0.0,4.416956268250942,2.0251065120100975
train,base,7781,8,-0.37557853187900037,0.0,-0.0023149619810283184,0.0,0.0,0.0,0.0,0.0,0.0,0.0,0.375,0.125,0.0,30.855205059051514,23.17844009399414,2.0779905008319017e-07,0.0,0.4380787404952571,4.815872669219971,2.166094720363617
train,base,7792,8,-0.4999730959534645,0.00013083219528198242,-0.49999117851257324,6.394982337951658e-05,9.739100933074946e-05,0.5,0.0,0.0,0.0,0.5,0.0,0.0,0.125,14.16847312450409,10.417787551879883,0.01860794013555278,0.0,0.0,4.2481508776545525,1.9627650082111359
train,base,7844,8,0.1378687247633934,0.2481059432029724,0.11561378836631775,0.24132082462310792,0.24471338391304015,1.0,0.0,0.0,0.0,0.0,0.0,0.0,0.0,5.995921075344086,3.550964832305908,0.13786873314529657,0.0,0.0,4.558910250663757,2.083897143602371
train,base,7898,8,-0.1774148941040039,0.37075912952423096,0.0006146132946014404,0.2527948975563049,0.3117770135402679,0.75,0.125,0.125,0.0,0.125,0.25,0.125,0.25,7.255847096443176,2.6521716117858887,0.1350851039012113,0.0,0.3125,4.245530113577843,1.983217477798462
train,base,7918,8,0.12220592051744461,0.961149275302887,0.0004584789276123047,0.2947881460189818,0.627968710660934,1.0,0.125,0.125,0.0,0.0,0.0,0.0,0.0,16.092326819896698,4.221710681915283,0.09063968274028866,0.10833333432674408,0.0,4.758722305297852,2.1203565150499344
train,base,7954,8,-0.7502089785411954,0.0008310675621032715,-1.0,-0.0015027068555355078,-0.0003358196467161197,0.125,0.0,0.0,0.0,0.75,0.0,0.0,0.125,12.938986778259277,6.4890618324279785,0.02512553893348013,0.0,0.0037527503445744514,4.301444411277771,1.9522206634283066
train,base,7966,8,-0.6020608022809029,0.0006959438323974609,-0.9088098406791687,0.0005037248134613036,0.0005998343229293822,0.25,0.0,0.0,0.0,0.125,0.375,0.125,0.125,26.345203638076782,20.53888511657715,0.0001816782885102531,0.0,0.6647422015666962,4.338707976043224,2.0332099571824074
train,base,7981,8,-0.4329657703638077,6.473064422607422e-05,-0.23191404342651367,4.537105560302734e-05,5.505084991455076e-05,0.375,0.0,0.0,0.0,0.375,0.0,0.125,0.0,16.8331458568573,11.38603687286377,0.006086554444690203,0.0,0.0625,4.677762091159821,2.118104323744774
train,base,8073,8,0.24613027274608612,1.0,0.021299779415130615,0.9616537034511566,0.9808268517255783,0.875,0.25,0.375,0.125,0.0,0.0,0.0,0.0,15.799652457237244,4.291998863220215,0.24927706411110506,0.2291666641831398,0.08498017489910126,4.879400908946991,2.1841424703598022
train,base,8080,8,-0.4310842417180538,0.0,-0.22433696687221527,0.0,0.0,0.0,0.0,0.0,0.0,0.125,0.25,0.0,0.0,30.842917919158936,28.2174072265625,8.880618319412554e-09,0.0,0.3060842491686344,4.920045554637909,2.1951355040073395
train,base,8119,8,0.023378141224384308,0.09800010919570923,0.015772908926010132,0.043574839830398546,0.07078747451305385,0.875,0.0,0.0,0.0,0.0,0.0,0.0,0.0,7.542354762554169,4.184899806976318,0.023378137790132314,0.0,0.0,4.797069430351257,2.12796089053154
train,base,8147,8,-0.4487237222492695,0.7233308553695679,-0.6565603166818619,0.21699925661087024,0.47016505599021874,0.125,0.125,0.125,0.125,0.0,0.375,0.375,0.0,25.776241064071655,6.604713439941406,0.05312577520628795,0.10833333432674408,0.68261593952775,4.753661394119263,2.1326271146535873
train,base,8155,8,-0.4993942677974701,0.004556477069854736,-0.4999523460865021,0.0014669120311737052,0.003011694550514219,0.5,0.0,0.125,0.0,0.125,0.375,0.0,0.125,22.503724217414856,9.68234920501709,0.017719771379184124,0.0833333283662796,0.375,4.349214889109135,2.005046457052231
train,base,8179,8,-0.16908352123573422,0.28835487365722656,-0.007619339972734451,0.08661661148071284,0.18748574256896958,0.375,0.0,0.125,0.125,0.0,0.25,0.0,0.0,22.66196197271347,4.756255626678467,0.08147712941307637,0.12083332985639572,0.3302744855172932,4.8637513518333435,2.1865433752536774
train,base,8207,8,0.14449960738420486,0.6169065237045288,0.00701180100440979,0.5413824319839478,0.5791444778442383,0.875,0.25,0.25,0.0,0.0,0.0,0.0,0.0,16.614625930786133,12.084017753601074,0.011296434471537664,0.13750000298023224,0.0,4.884532630443573,2.2048237323760986
train,base,8330,8,-0.22868727147579193,0.33470475673675537,0.0010314881801605225,0.26308863162994384,0.2988966941833496,0.625,0.125,0.0,0.0,0.25,0.0,0.0,0.0,11.466405153274536,6.713006973266602,0.09896828181294204,0.0,0.07986720139160752,4.817513704299927,2.161086469888687
train,base,8344,8,0.02601056103594601,0.15657740831375122,0.005257934331893921,0.06641049981117246,0.11149395406246179,1.0,0.0,0.0,0.0,0.0,0.0,0.0,0.0,13.661279916763306,8.708739280700684,0.026368464628831134,0.0,0.00035790790570899844,4.813421905040741,2.1586204171180725
train,base,8394,8,0.0332619845867157,0.07553565502166748,0.03267136216163635,0.07274144887924194,0.07413855195045471,1.0,0.0,0.0,0.0,0.0,0.0,0.0,0.0,6.927116334438324,3.865691900253296,0.03326198332069907,0.0,0.0,4.903821110725403,2.1935382038354874
train,base,8468,8,0.002388767898082733,0.01084601879119873,0.0009355843067169189,0.0053581595420837385,0.008102089166641232,1.0,0.0,0.0,0.0,0.0,0.0,0.0,0.0,17.214930176734924,13.988279342651367,0.002388762417695034,0.0,0.0,5.216317653656006,2.2109089344739914
train,base,8496,8,0.18330248445272446,0.9775974154472351,0.045427680015563965,0.5667618691921233,0.772179642319679,0.875,0.25,0.25,0.0,0.0,0.0,0.0,0.25,9.516696333885193,4.549646854400635,0.23792111375905733,0.23749999701976776,0.143675062841794,3.7963258400559425,1.782116487622261
train,base,8530,8,0.0230017751455307,0.6399941444396973,0.05705463886260986,0.363534128665924,0.5017641365528105,0.875,0.125,0.125,0.0,0.125,0.0,0.0,0.0,13.49998128414154,4.849322319030762,0.14800923290403034,0.00833333283662796,0.0,4.725992381572723,2.131543129682541
train,base,8534,8,-0.2858593612909317,0.9419893622398376,-0.2326294481754303,0.3777864456176756,0.6598879039287563,0.5,0.125,0.125,0.0,0.25,0.125,0.0,0.0,18.06405234336853,6.646418571472168,0.08207167985665365,0.11249999701976776,0.18318099528551102,5.030316591262817,2.2228548377752304
train,base,8552,8,-0.35117292404174805,0.17135006189346313,0.0015454292297363281,0.05723918080329892,0.11429462134838095,0.5,0.0,0.0,0.0,0.375,0.0,0.0,0.0,12.986956238746643,9.650105476379395,0.01217873005607889,0.11249999701976776,0.002786416793242097,4.593516707420349,2.0771627873182297
train,base,8553,8,-0.7987070828676224,0.610343337059021,-1.0,-0.516896998882294,0.046723169088362826,0.125,0.125,0.375,0.0,0.875,0.0,0.0,0.0,10.47920447587967,6.741913318634033,0.12855349244114223,0.24166667461395264,0.0,4.560527741909027,2.072793871164322
train,base,8652,8,-0.05001312494277954,0.2534298896789551,0.0660160481929779,0.14644538164138793,0.19993763566017142,0.875,0.0,0.0,0.0,0.125,0.0,0.0,0.0,6.157593876123428,3.7796123027801514,0.08132890372144175,0.0,0.0,4.651261508464813,2.0817331671714783
train,base,8666,8,-0.03479769825935364,0.704472541809082,0.0008844733238220215,0.21902484893798815,0.4617486953735348,0.875,0.125,0.125,0.0,0.125,0.0,0.0,0.125,15.293248355388641,4.262282848358154,0.09046976111098104,0.0,0.0,4.155148930847645,1.9168394654989243
train,base,8673,8,-0.4584808275103569,0.6731439232826233,-0.9791427254676819,0.6337069809436798,0.6534254521131515,0.375,0.25,0.25,0.0,0.375,0.375,0.0,0.0,4.819203868508339,0.3380657434463501,0.19616863141709473,0.0,0.375,4.662748098373413,2.08748559653759
train,base,8696,8,-0.17025579512119293,0.6170718669891357,0.00039577484130859375,0.1983177065849303,0.40769478678703275,0.75,0.125,0.125,0.0,0.25,0.0,0.0,0.125,14.308909058570862,8.897834777832031,0.01718924933237531,0.07083334028720856,0.0,4.2386234775185585,1.9593972116708755
train,base,8743,8,0.10090602189302444,0.6034439206123352,0.016720324754714966,0.2677395582199096,0.43559173941612217,0.875,0.125,0.125,0.0,0.0,0.0,0.0,0.0,15.552891373634338,9.912454605102539,0.026551748293119376,0.07500000298023224,0.0,4.741481244564056,2.1444950997829437
train,base,8809,8,-0.2353392317891121,0.06522619724273682,0.0027817189693450928,0.044918823242187496,0.05507251024246214,0.75,0.0,0.0,0.0,0.125,0.125,0.125,0.25,18.5423846244812,11.324885368347168,0.02161431732342578,0.0,0.1875,3.830979935824871,1.8149154484272003
train,base,8836,8,-0.3629392832517624,0.0725013017654419,0.0012923479080200195,0.035443252325057975,0.053972277045249914,0.625,0.0,0.125,0.0,0.375,0.0,0.0,0.0,9.805703818798065,3.972012519836426,0.024310838387464173,0.10000000149011612,0.0,4.994524717330933,2.183088406920433
train,base,8997,8,-0.10477939760312438,0.00037789344787597656,8.285045623779297e-06,0.00027262568473815916,0.0003252595663070678,0.625,0.0,0.0,0.0,0.0,0.0,0.0,0.0,24.46761155128479,20.316736221313477,8.314958961114227e-05,0.0,0.10486254608258605,5.015367031097412,2.2645140290260315
train,base,9031,8,0.0019358918070793152,0.9055113792419434,0.00043705105781555176,0.2885456979274748,0.5970285385847087,0.75,0.125,0.125,0.0,0.0,0.125,0.0,0.5,9.884461224079132,2.6037960052490234,0.02063621416984005,0.11249999701976776,0.125,2.9930538684129715,1.5554558411240578
train,base,9073,8,-0.10093387961387634,0.11726981401443481,0.001999765634536743,0.07787901759147643,0.0975744158029556,0.875,0.0,0.0,0.0,0.0,0.125,0.0,0.375,15.49352490901947,9.964879989624023,0.024066117861366365,0.0,0.125,3.4350023418664932,1.6961140036582947
train,base,9127,8,-0.027699045836925507,0.7746368050575256,6.434321403503418e-05,0.23303307890892014,0.5038349419832225,0.875,0.125,0.125,0.0,0.0,0.125,0.0,0.0,20.755270302295685,4.510326862335205,0.0852279263692779,0.03750000149011612,0.125,4.934096813201904,2.200512647628784
train,base,9144,8,0.23274130932986736,0.67653888463974,0.16826733201742172,0.5087823331356048,0.5926606088876722,1.0,0.375,0.125,0.0,0.0,0.0,0.0,0.0,11.005548536777496,4.524176120758057,0.23484107937500198,0.0,0.0020997633691877127,4.668855130672455,2.1383153945207596
train,base,9158,8,-0.04458720237016678,0.36801278591156006,0.029460221529006958,0.1834980487823486,0.2757554173469542,0.875,0.125,0.0,0.0,0.125,0.0,0.0,0.25,12.166717052459717,6.971592426300049,0.08119847357738763,0.0,0.0,4.0207536071538925,1.887796089053154
train,base,9201,8,-0.4987902273023792,0.00342637300491333,-0.49680168367922306,0.0010322093963623042,0.002229291200637816,0.25,0.0,0.0,0.0,0.375,0.375,0.0,0.375,13.952968120574951,4.148633003234863,0.012377314731423894,0.0,0.37743597520238836,3.249011240899563,1.6302998438477516
train,base,9219,8,0.14316663891077042,1.0,0.44125017523765564,1.0,1.0,0.625,0.5,0.5,0.25,0.0,0.25,0.125,0.125,11.17744505405426,4.655807018280029,0.33915414936205174,0.34583333134651184,0.4153325194492936,4.695524103939533,2.109346464276314
train,base,9234,8,-0.5729380175471306,0.899054765701294,-1.0,0.1298118591308592,0.514433312416076,0.125,0.125,0.5,0.0,0.625,0.375,0.0,0.125,8.105501428246498,1.0221318006515503,0.3195091694669827,0.20416666567325592,0.3771822248818353,4.530567593872547,2.051072120666504
train,base,9298,8,-0.42879385501146317,0.9911525249481201,-1.0,0.6417525470256804,0.8164525359869,0.375,0.25,0.375,0.125,0.625,0.0,0.0,0.0,4.215962752699852,1.902248740196228,0.1992305531512102,0.36666665971279144,0.0625,5.1402740478515625,2.2613106817007065
train,base,9324,8,-0.2324279136955738,0.3289790153503418,4.8100948333740234e-05,0.12160978317260737,0.22529439926147443,0.625,0.125,0.0,0.0,0.25,0.0,0.0,0.0,7.1493366956710815,3.38331937789917,0.09245432730267567,0.0,0.029534805566072464,4.853911817073822,2.182147741317749
train,base,9338,8,-0.05828794091939926,0.07420223951339722,0.007794320583343506,0.03077634572982787,0.05248929262161252,0.875,0.0,0.0,0.0,0.0,0.0,0.0,0.0,17.973586320877075,11.047722816467285,0.01404762739112897,0.0,0.07233556360006332,5.209703624248505,2.2852878272533417
train,base,9343,8,-0.49832358211278915,0.012612462043762207,-0.4999988079071045,0.00427114963531494,0.008441805839538567,0.5,0.0,0.25,0.0,0.5,0.125,0.0,0.0,7.312319248914719,2.9979610443115234,0.19042293465307125,0.0,0.125,4.583036839962006,2.088731124997139
train,base,9359,8,0.007026270031929016,0.02052217721939087,0.0040321946144104,0.017849928140640257,0.019186052680015563,0.875,0.0,0.0,0.0,0.0,0.0,0.0,0.125,14.633307695388794,10.057080268859863,0.007026270891401995,0.0,0.0,4.571792304515839,2.095828488469124
train,base,9390,8,-0.14077574014663696,0.38187211751937866,0.08094406127929688,0.23376871943473812,0.3078204184770583,0.75,0.125,0.0,0.0,0.125,0.125,0.125,0.125,11.889208793640137,8.977801322937012,0.0829692267561768,0.0625000074505806,0.1875,4.4128449484705925,2.042248919606209
train,base,9547,8,0.20712940394878387,0.8572764992713928,0.47719424962997437,0.8036499798297881,0.8304632395505904,0.75,0.625,0.5,0.0,0.0,0.25,0.0,0.0,8.633396059274673,3.4608829021453857,0.4468007365503581,0.04583333432674408,0.25,4.761936128139496,2.1258834898471832
train,base,9591,8,0.024152949452400208,0.17460733652114868,0.0010637938976287842,0.06179893016815183,0.11820313334465019,1.0,0.0,0.0,0.0,0.0,0.0,0.0,0.125,14.816474616527557,7.918363094329834,0.024152947058496466,0.0,0.0,4.5048157051205635,2.0650889426469803
train,base,9628,8,-0.1971646025776863,0.7479429244995117,0.019869714975357056,0.5410714089870452,0.6445071667432783,0.625,0.25,0.375,0.125,0.25,0.125,0.0,0.0,10.210448682308197,3.693246364593506,0.20483473225795024,0.3125,0.1875,5.3192859292030334,2.3169587552547455
train,base,9631,8,-0.7497725039720535,0.0018194317817687988,-1.0,0.0005462050437927242,0.0011828184127807607,0.25,0.0,0.0,0.0,0.75,0.0,0.0,0.25,14.742805659770966,7.441626071929932,0.015095465654439977,0.0416666641831398,0.0934799313545227,3.9621398001909256,1.8950826451182365
train,base,9666,8,-0.00041959661757573485,0.0001862049102783203,7.703900337219238e-05,0.0001513659954071045,0.00016878545284271238,0.875,0.0,0.0,0.0,0.0,0.0,0.0,0.0,25.73012900352478,23.15713119506836,7.242852228017682e-05,0.0,0.0004920311621390283,4.665553331375122,2.1081580221652985
train,base,9700,8,0.10433389246463776,0.4659310579299927,0.05964556336402893,0.19154310226440424,0.32873708009719826,1.0,0.125,0.0,0.0,0.0,0.0,0.0,0.0,6.09255513548851,3.7864253520965576,0.10433389549143612,0.0,0.0,4.919250667095184,2.203132599592209
train,base,9723,8,-0.24555275309830904,0.038015007972717285,1.4722347259521484e-05,0.015051531791687006,0.02653326988220213,0.625,0.0,0.0,0.0,0.125,0.125,0.0,0.0,8.652810007333755,3.137977361679077,0.006514548273457876,0.0,0.12647895980626345,4.716427147388458,2.115651398897171
train,base,9725,8,-0.20494236797094345,0.19169527292251587,0.0001373589038848877,0.16391296982765197,0.1778041213750839,0.75,0.0,0.0,0.0,0.0,0.25,0.0,0.125,18.429031133651733,8.878064155578613,0.045057641262122416,0.0,0.25,4.555290386080742,2.0909401774406433
train,base,9753,8,-0.5485291909426451,1.1086463928222656e-05,-0.4999997019767761,-0.07674821168184282,-0.03836856260895735,0.125,0.0,0.0,0.0,0.25,0.125,0.25,0.125,28.901139736175537,24.0472412109375,4.453849482000116e-06,0.0,0.30884349532425404,4.287164010107517,1.9642348289489746
train,base,9792,8,-0.08909973502159119,0.2344791293144226,0.0004177391529083252,0.10583654046058652,0.17015783488750447,0.75,0.0,0.0,0.0,0.125,0.0,0.0,0.125,16.460551142692566,7.053511619567871,0.03590034633151101,0.0,0.0,4.268889591097832,1.9801223427057266
train,base,9800,8,-0.24999991804361343,4.76837158203125e-07,0.0,2.6822090148925776e-07,3.7252902984619125e-07,0.25,0.0,0.0,0.0,0.25,0.0,0.0,0.125,29.409234523773193,26.85911750793457,9.709427402360138e-08,0.0,0.0,4.1976234912872314,1.9298451393842697
train,base,9897,8,0.00019609183073043823,0.0014709830284118652,2.0176172256469727e-05,0.00045977830886840794,0.0009653806686401359,1.0,0.0,0.0,0.0,0.0,0.0,0.0,0.0,25.980947971343994,19.033720016479492,0.000196097378015736,0.0,0.0,4.601326048374176,2.094076484441757
train,base,9917,8,-0.3683633357286453,0.053021252155303955,5.334615707397461e-06,0.01594146490097045,0.034481358528137177,0.625,0.0,0.0,0.0,0.375,0.0,0.0,0.0,17.121864199638367,11.318324089050293,0.006897982606687947,0.0,0.0,5.15606153011322,2.257587492465973
train,base,9920,8,-0.8734913542866707,0.0007295012474060059,-1.0,-0.6933916509151461,-0.3463310748338705,0.125,0.0,0.0,0.0,0.625,0.25,0.0,0.0,7.935365706682205,3.9679062366485596,0.053426884922373574,0.0,0.25,5.095117211341858,2.2463560551404953
train,base,10054,8,-0.21630092710256577,0.14924538135528564,0.0007998049259185791,0.06415231227874754,0.10669884681701654,0.75,0.0,0.0,0.0,0.0,0.25,0.0,0.125,14.14265352487564,7.905070781707764,0.03369907604655964,0.0,0.25,4.60140673071146,2.0883179530501366
train,base,10079,8,-0.1466759741306305,0.5328282713890076,6.556510925292969e-07,0.27583160996437067,0.4043299406766889,0.75,0.125,0.125,0.0,0.0,0.125,0.0,0.0,15.58422076702118,5.736941337585449,0.09181110170706175,0.0,0.23848707228899002,4.986827313899994,2.201978862285614
train,base,10084,8,-0.03676971048116684,0.1040952205657959,0.008970469236373901,0.07819509506225586,0.09114515781402587,0.875,0.0,0.0,0.0,0.0,0.0,0.0,0.0,12.22985291481018,7.975459098815918,0.026179326756391674,0.0,0.062949039041996,4.801706373691559,2.1312114894390106
train,base,10121,8,-0.22817029803991318,0.044597744941711426,0.02790248394012451,0.041942101716995236,0.04326992332935333,0.75,0.0,0.125,0.0,0.25,0.0,0.0,0.0,7.738323152065277,5.3264312744140625,0.03740478600957431,0.07500000298023224,0.0,4.806317687034607,2.132690668106079
train,base,10201,8,-0.1861906722187996,0.894843339920044,0.013796716928482056,0.5636500120162963,0.7292466759681699,0.625,0.25,0.125,0.0,0.125,0.25,0.0,0.0,6.621247410774231,4.374372959136963,0.10337705199344782,0.10833333432674408,0.25,4.806904852390289,2.13514007627964
train,base,10217,8,0.33172707259655,1.0,0.5829315781593323,0.9527386546134948,0.9763693273067474,0.75,0.75,0.5,0.125,0.125,0.125,0.0,0.0,6.399658709764481,3.2396817207336426,0.4648295505903661,0.2958333268761635,0.125,4.634559869766235,2.106825053691864
train,base,10233,8,0.06450965255498886,0.3673057556152344,0.0002804696559906006,0.1931575775146484,0.28023166656494125,0.875,0.125,0.125,0.0,0.0,0.125,0.0,0.0,16.277959048748016,6.392309665679932,0.1277604211160721,0.11249999701976776,0.125,4.699483931064606,2.1350416392087936
train,base,10238,8,0.21309815347194672,0.750523567199707,0.05444234609603882,0.7085241496562957,0.7295238584280014,1.0,0.25,0.25,0.0,0.0,0.0,0.0,0.0,4.949754029512405,3.6443727016448975,0.2130981555674225,0.0,0.0,5.111265242099762,2.257083237171173
train,base,10250,8,0.07307011634111404,0.19857513904571533,0.0658588707447052,0.12914018034934996,0.1638576596975326,1.0,0.0,0.0,0.0,0.0,0.0,0.0,0.125,5.488415360450745,3.399388313293457,0.07307011680677533,0.0,0.0,4.59639497846365,2.072259061038494
train,base,10293,8,-0.03916924446821213,1.0,0.12154427170753479,0.73952779173851,0.8697638958692548,0.625,0.375,0.25,0.125,0.125,0.25,0.0,0.0,5.410907685756683,4.125891208648682,0.3001529488246888,0.0,0.2777872886508703,4.920469045639038,2.1672845631837845
train,base,10334,8,-0.08670652657747269,0.1391364336013794,0.0007730722427368164,0.07658939957618711,0.10786291658878322,0.875,0.0,0.0,0.0,0.0,0.0,0.0,0.0,15.06685996055603,8.341597557067871,0.024577674429565377,0.0,0.11128419637680054,4.81959593296051,2.143345594406128
train,base,10368,8,-0.09452269226312637,0.13427358865737915,0.017446249723434448,0.07349436879158018,0.10388397872447963,0.875,0.0,0.0,0.0,0.0,0.125,0.0,0.0,14.389361023902893,9.69642448425293,0.01845333686703654,0.012499995529651642,0.125,5.146023631095886,2.2796944677829742
train,base,10490,8,-0.0264752060174942,0.7666794657707214,0.0012955665588378906,0.24189029335975634,0.5042848795652386,0.875,0.125,0.25,0.0,0.125,0.0,0.0,0.0,13.697135508060455,3.620656967163086,0.18117933491885196,0.0,0.0,4.7416075468063354,2.1516633927822113
train,base,10530,8,-0.0017586578615009785,0.033563435077667236,2.8401613235473633e-05,0.013231652975082392,0.0233975440263748,0.875,0.0,0.0,0.0,0.0,0.0,0.0,0.125,23.38559579849243,12.72035026550293,0.004788322759509356,0.0,0.0065469820983707905,4.5479289293289185,2.03713820874691
train,base,10613,8,0.15516433864831924,1.0,0.02727922797203064,0.8367178499698639,0.9183589249849318,0.875,0.375,0.25,0.125,0.125,0.125,0.125,0.0,11.275518208742142,3.5151751041412354,0.25122285115048726,0.12083332985639572,0.1875,4.717824041843414,2.1224130392074585
train,base,10673,8,0.39592015743255615,0.964977502822876,0.401894211769104,0.8342688202857971,0.8996231615543364,1.0,0.5,0.5,0.0,0.0,0.0,0.0,0.0,6.625530034303665,3.3208072185516357,0.29061250330414623,0.2291666567325592,0.0,4.83570122718811,2.170472741127014
train,base,10718,8,0.09965244680643082,0.3660557270050049,0.04280447959899902,0.24408406019210813,0.3050698935985564,1.0,0.125,0.0,0.0,0.0,0.0,0.0,0.25,8.389267444610596,5.778170585632324,0.09965244389604777,0.0,0.0,4.78925946354866,1.9500692412257195
train,base,10734,8,-0.3760697618126869,0.4791765809059143,-0.44012388586997986,0.41846645474433897,0.4488215178251266,0.5,0.25,0.0,0.0,0.375,0.25,0.0,0.0,12.135794520378113,6.148288726806641,0.16543806099912217,0.0,0.35935698449611664,5.005294740200043,2.2122601568698883
train,base,10738,8,-0.13256582617759705,0.3315608501434326,0.09300699830055237,0.2618229806423187,0.29669191539287565,0.75,0.125,0.0,0.0,0.25,0.0,0.0,0.0,5.103088617324829,3.367036819458008,0.12977612979739206,0.0,0.0,5.054828703403473,2.2706738114356995
train,base,10857,8,0.1907421573996544,0.7954301834106445,2.9593706130981445e-05,0.7498504102230072,0.7726402968168258,1.0,0.25,0.25,0.0,0.0,0.0,0.0,0.0,20.448241770267487,4.00754451751709,0.16151789731787858,0.06666666269302368,0.0,5.121506333351135,2.2247377038002014
train,base,10915,8,-0.296652227640152,1.0,-0.49989578127861023,0.729867148399353,0.8649335741996763,0.5,0.25,0.375,0.125,0.5,0.25,0.0,0.25,5.796303942799568,1.4321578741073608,0.0835333359973447,0.24583332985639572,0.25,4.34654076397419,1.9544598162174225
train,base,10917,8,-0.325097419321537,0.5894830226898193,-0.46892914175987244,0.4290624618530273,0.5092727422714232,0.375,0.25,0.25,0.0,0.0,0.625,0.0,0.125,9.418635606765747,5.276335716247559,0.21435283543542027,0.10000000149011612,0.625,4.280545122921467,1.97709009796381
train,base,11026,8,-0.00986693799495697,0.33153587579727173,0.09101366996765137,0.31630764007568357,0.32392175793647765,0.875,0.25,0.0,0.0,0.125,0.0,0.0,0.0,14.22517454624176,7.402443885803223,0.1151335768427515,0.0,0.0,4.874696373939514,2.1611317098140717
train,base,11103,8,-0.11046420782804489,0.04300588369369507,0.011385917663574219,0.029774981737136837,0.03639043271541594,0.875,0.0,0.0,0.0,0.125,0.0,0.0,0.0,14.131697177886963,10.343100547790527,0.014570833503967151,0.0,0.0,5.038510799407959,2.2376368641853333
train,base,11172,8,-0.15380089730024338,1.0,0.0001246631145477295,0.8348035037517547,0.9174017518758772,0.625,0.25,0.375,0.125,0.125,0.25,0.0,0.125,17.852147787809372,3.903367757797241,0.1920686755017702,0.23749999701976776,0.25,4.4019941836595535,2.005386069417
train,base,11231,8,-0.236510394141078,0.042356252670288086,0.00908932089805603,0.036175870895385744,0.03926606178283691,0.625,0.0,0.0,0.0,0.25,0.0,0.0,0.75,6.349804311990738,2.737924814224243,0.015160293206482267,0.0,0.0016706939786672592,1.9391657933592796,1.1992227733135223
train,base,11309,8,-0.30320337414741516,0.02738165855407715,0.011980563402175903,0.025300252437591552,0.02634095549583435,0.625,0.0,0.0,0.0,0.0,0.375,0.125,0.75,12.657435595989227,6.25145959854126,0.09206716722110286,0.0,0.4375,2.0255230739712715,1.2289839759469032
train,base,11362,8,0.08039186149835587,0.3526841402053833,0.1943053901195526,0.29960056543350216,0.3261423528194427,0.875,0.125,0.0,0.0,0.0,0.0,0.0,0.0,6.0871672332286835,3.551717758178711,0.17285448737675324,0.0,0.09246262907981873,4.8211891651153564,2.1496489346027374
train,base,11451,8,-0.026386268436908722,0.7856763005256653,0.00032910704612731934,0.23685470223426805,0.5112655013799663,0.875,0.125,0.25,0.0,0.125,0.125,0.0,0.0,17.409970551729202,3.3990590572357178,0.19685300890273538,0.10833333432674408,0.125,4.697728216648102,2.1037061512470245
train,base,11456,8,-0.36329902708530426,0.043446362018585205,0.003568708896636963,0.033313912153244016,0.038380137085914603,0.625,0.0,0.0,0.0,0.375,0.0,0.0,0.0,7.119118094444275,4.455410003662109,0.04241302935406566,0.0,0.0,4.67078709602356,2.0948982685804367
train,base,11659,8,-0.18478576838970184,0.6698719263076782,0.03251197934150696,0.505329942703247,0.5876009345054625,0.625,0.25,0.125,0.0,0.125,0.125,0.0,0.0,4.432108551263809,3.7484982013702393,0.2319235431496054,0.0,0.2499864101409912,4.802116334438324,2.1523650884628296
train,base,11684,8,-0.27128009125590324,0.558167040348053,-0.4005712419748306,0.4799319803714752,0.519049510359764,0.375,0.25,0.125,0.0,0.0,0.125,0.0,0.0,19.008763134479523,5.5325469970703125,0.18268716990468836,0.0,0.45396726951003075,5.108003199100494,2.257043957710266
train,base,11769,8,-0.41939396411180496,0.7079101800918579,-0.7909642457962036,0.5755688667297363,0.641739523410797,0.375,0.25,0.25,0.0,0.25,0.375,0.125,0.0,13.029662013053894,4.059671878814697,0.15067714730051746,0.0625,0.4396552462130785,4.773173391819,2.1498940885066986
train,base,11817,8,0.3248444925993681,1.0,0.24771133065223694,0.6399054765701293,0.8199527382850644,0.875,0.5,0.125,0.125,0.0,0.0,0.0,0.0,7.706062138080597,3.355541229248047,0.270672301761806,0.12083332985639572,0.019574182108044624,5.023990452289581,2.225995182991028
train,base,11821,8,0.11867113411426544,0.6904364824295044,2.3484230041503906e-05,0.38827394247055047,0.5393552124500273,1.0,0.125,0.25,0.0,0.0,0.0,0.125,0.0,20.90763396024704,3.246086597442627,0.18117113765099546,0.0,0.0625,4.891413986682892,2.187460571527481
train,base,11925,8,-0.21907565742731094,0.6942564845085144,-0.016764819622039795,0.4914215683937072,0.5928390264511106,0.375,0.25,0.375,0.0,0.125,0.375,0.125,0.125,13.600051373243332,3.8184421062469482,0.18745977777710365,0.18333333730697632,0.5052963197231293,4.108530983328819,1.9206330850720406
train,base,11942,8,0.020164698362350464,0.06769537925720215,0.01330062747001648,0.042697644233703605,0.05519651174545286,1.0,0.0,0.0,0.0,0.0,0.0,0.0,0.0,7.186029255390167,4.357009410858154,0.020164699191809632,0.0,0.0,4.59380167722702,2.082975372672081
train,base,12050,8,-0.3741283342242241,0.005380094051361084,0.00010916590690612793,0.002133023738861083,0.0037565588951110817,0.625,0.0,0.0,0.0,0.25,0.125,0.125,0.0,14.794612050056458,6.611465930938721,0.05229121531203562,0.0,0.1875,5.364559710025787,2.321296826004982
train,base,12054,8,-0.34214066714048386,6.079673767089844e-06,2.9802322387695312e-08,2.5331974029541007e-06,4.30643558502197e-06,0.5,0.0,0.0,0.0,0.125,0.125,0.125,0.0,28.491002321243286,22.974376678466797,1.031017163939975e-06,0.0,0.27964164316654205,5.406772792339325,2.3321999609470367
train,base,12061,8,-0.11264050006866455,0.09221494197845459,6.788969039916992e-05,0.030141383409500105,0.06117816269397731,0.875,0.0,0.0,0.0,0.125,0.0,0.0,0.0,15.243926763534546,10.283202171325684,0.012842827631914133,0.0,0.0,4.7135536670684814,2.1309621185064316
train,base,12122,8,-0.24659673869609833,0.0178871750831604,0.0,0.011294859647750854,0.014591017365455622,0.375,0.0,0.0,0.0,0.125,0.125,0.0,0.25,15.047756135463715,7.103675365447998,0.0034032584959193435,0.0,0.125,4.3003769516944885,1.9530383050441742
train,base,12149,8,0.036227986216545105,0.9951038360595703,3.039836883544922e-06,0.5039886653423308,0.7495462507009503,0.625,0.125,0.25,0.0,0.125,0.0,0.125,0.125,12.5165875852108,2.4537603855133057,0.20762638495591257,0.12083332985639572,0.0625,4.454478181898594,2.0569548532366753
train,base,12154,8,-0.37000594288110733,0.023609399795532227,0.00122833251953125,0.012040418386459348,0.01782490909099578,0.625,0.0,0.0,0.0,0.375,0.0,0.0,0.0,13.21803992986679,6.899590015411377,0.005682147937477566,0.0,0.0,4.885728657245636,2.1496732234954834
train,base,12237,8,-0.34523335844278336,0.8651306629180908,-0.3220977485179901,0.271507680416107,0.5683191716670986,0.5,0.125,0.125,0.0,0.375,0.0,0.0,0.0,20.088087379932404,6.62923002243042,0.05506246291838579,0.09583333134651184,0.08054482191801071,5.532079041004181,2.2476117312908173
train,base,12239,8,-0.37480824440717697,0.0012494921684265137,0.0,0.0005517542362213133,0.000900623202323913,0.375,0.0,0.0,0.0,0.25,0.125,0.0,0.0,16.506636813282967,1.7621990442276,0.00230720393170597,0.0,0.125,4.911860644817352,2.183185264468193
train,base,12243,8,0.021154969930648804,0.4521336555480957,0.02605333924293518,0.20451917648315424,0.32832641601562484,0.875,0.125,0.0,0.0,0.0,0.0,0.0,0.0,7.076175093650818,4.706693649291992,0.08139286881487351,0.0,0.060237906873226166,5.053082704544067,2.216422736644745
train,base,12254,8,-0.24130181968212128,0.40292930603027344,0.04901731014251709,0.3787624895572662,0.3908458977937698,0.625,0.25,0.0,0.0,0.25,0.125,0.0,0.0,6.281588405370712,3.5715670585632324,0.13750404785969295,0.0,0.125,5.017564475536346,2.20208203792572
train,base,12306,8,-0.6250466351157229,8.58306884765625e-06,-0.9999999403953552,3.0338764190673815e-06,5.808472633361812e-06,0.25,0.0,0.0,0.0,0.25,0.375,0.0,0.0,26.671026706695557,10.69493293762207,0.010909603184850953,0.0,0.3750478048568766,4.915482044219971,2.177905857563019
train,base,12320,8,0.33044709265232086,1.0,0.18332886695861816,0.9924629867076874,0.9962314933538436,1.0,0.25,0.25,0.125,0.0,0.0,0.0,0.0,9.997774720191956,4.520100116729736,0.2391797780765046,0.23749999701976776,0.0,4.751811742782593,2.137913018465042
train,base,12354,8,-0.5392280891537666,0.5174436569213867,-1.0,0.27280604839324946,0.39512485265731795,0.375,0.125,0.125,0.0,0.625,0.125,0.0,0.0,13.52616286277771,5.853714942932129,0.08777155837483974,0.0,0.125,4.915985941886902,2.184126004576683
train,base,12394,8,0.5963080008514225,0.908882737159729,0.7609475553035736,0.9058111131191253,0.9073469251394272,1.0,0.75,0.75,0.0,0.0,0.0,0.0,0.25,5.472628682851791,3.966600179672241,0.19918629876337945,0.5291666612029076,0.002265005838125944,3.910190463066101,1.792331986129284
train,base,12411,8,0.4268282800912857,1.0,0.26985660195350647,0.9586830914020539,0.9793415457010269,1.0,0.5,0.375,0.125,0.0,0.0,0.0,0.0,6.172552466392517,2.824169635772705,0.10192797434137901,0.3958333283662796,0.0,4.885978162288666,2.184826523065567
train,base,12460,8,-0.32124196738004684,0.19886791706085205,0.03732937574386597,0.12168307304382323,0.1602754950523376,0.625,0.0,0.125,0.0,0.375,0.0,0.0,0.0,5.607166945934296,2.3675899505615234,0.07255197881022468,0.09583333134651184,0.0,4.880353391170502,2.1749693155288696
train,base,12476,8,-0.4982276111841202,0.0062642693519592285,-0.49939998984336853,0.00441705584526062,0.005340662598609923,0.5,0.0,0.0,0.0,0.375,0.125,0.0,0.0,14.358233571052551,10.881865501403809,0.008063823171781337,0.0,0.13182777632027864,4.6786452531814575,2.0824066400527954
train,base,12481,8,-0.3365534245967865,0.00015467405319213867,0.0,4.648566246032712e-05,0.00010057985782623282,0.25,0.0,0.0,0.0,0.0,0.25,0.0,0.0,27.001866817474365,22.724868774414062,1.9353787050649374e-05,0.0,0.3365727812051773,4.580810904502869,2.081665053963661
train,base,12483,8,-0.04059061408042908,0.26689648628234863,1.2576580047607422e-05,0.18567266464233395,0.22628457546234124,0.75,0.0,0.25,0.0,0.0,0.25,0.0,0.0,11.580513656139374,6.819128513336182,0.14895171198037094,0.19999999552965164,0.33236103504896164,5.310099005699158,2.3049961626529694
train,base,12521,8,-1.0,-1.0,-1.0,-1.0,-1.0,0.0,0.0,0.0,0.0,1.0,0.0,0.0,0.0,5.503691017627716,3.412039041519165,0.0,0.0,0.0,4.577816963195801,2.0689582377672195
train,base,12530,8,-0.247529998421669,0.01758444309234619,0.0001595020294189453,0.0061451792716979954,0.011864811182022086,0.5,0.0,0.0,0.0,0.25,0.0,0.0,0.0,16.53141486644745,8.573078155517578,0.0026919810952696836,0.0,0.0,4.870925545692444,2.181634694337845
train,base,12579,8,-0.625,0.0,-1.0,0.0,0.0,0.0,0.0,0.0,0.0,0.125,0.5,0.0,0.125,16.479193091392517,10.31497573852539,2.738584043981973e-07,0.0,0.5,4.576293379068375,2.0501426085829735
train,base,12603,8,-0.09326320886611938,0.07393717765808105,0.029307037591934204,0.0646763265132904,0.06930675208568572,0.875,0.0,0.0,0.0,0.0,0.125,0.0,0.125,6.715554744005203,3.9220497608184814,0.03173678343955544,0.0,0.125,4.210420206189156,1.95258379727602
train,base,12638,8,-0.1582120762905106,0.38634443283081055,0.00021541118621826172,0.3504140794277191,0.3683792561292648,0.625,0.25,0.0,0.0,0.25,0.0,0.0,0.0,16.27801787853241,6.9251933097839355,0.09239934847743059,0.0,0.0005734370788559318,4.84676855802536,2.1640932708978653
train,base,12752,8,0.1957345688715577,1.0,0.11268923059105873,0.7709340095520019,0.8854670047760008,0.875,0.375,0.25,0.125,0.125,0.125,0.0,0.0,4.401026129722595,3.376863956451416,0.25319145154207945,0.17083333432674408,0.13440854009240866,4.956520974636078,2.1961701810359955
train,base,12777,8,0.05717547982931137,0.5689389705657959,0.014246940612792969,0.39411762952804563,0.48152830004692065,0.875,0.25,0.125,0.0,0.0,0.0,0.125,0.0,8.155477941036224,5.175498008728027,0.0927341672941111,0.0416666641831398,0.0625,4.8491756319999695,2.145563393831253
train,base,12847,8,-0.7601438481360674,0.22030217945575714,-1.0,-0.14492642134428033,0.03768787905573817,0.125,0.0,0.125,0.0,0.75,0.0,0.0,0.0,13.827086448669434,3.8188910484313965,0.12995757106142491,0.0,0.0489620054140687,4.75071507692337,2.1399084329605103
train,base,12857,8,-0.23196113854646683,0.9797684550285339,0.018346577882766724,0.3580963492393492,0.6689324021339411,0.625,0.125,0.125,0.125,0.375,0.0,0.0,0.0,6.133143246173859,2.186546802520752,0.052060265210457146,0.12083332985639572,0.0,4.7174811363220215,2.14559268951416
train,base,12974,8,0.2220185548067093,0.7533795237541199,0.32193246483802795,0.7248243391513824,0.7391019314527512,0.75,0.5,0.5,0.0,0.125,0.0,0.0,0.125,13.502004623413086,7.027729034423828,0.08427857058279953,0.3333333283662796,0.0,4.44577918946743,2.052306555211544
train,base,12978,8,-0.1067652478814125,0.141407310962677,0.00041922926902770996,0.04431705474853513,0.092862182855606,0.875,0.0,0.0,0.0,0.125,0.0,0.0,0.0,19.722251892089844,9.607295036315918,0.02212717585338808,0.0,0.0,4.961633682250977,2.217663496732712
train,base,13009,8,0.37131328880786896,0.8179842233657837,0.31722530722618103,0.764601993560791,0.7912931084632873,1.0,0.5,0.5,0.0,0.0,0.0,0.0,0.375,5.533718228340149,2.8376500606536865,0.19645456806756556,0.17916667461395264,0.0,3.2639719247817993,1.6507719233632088
train,base,13064,8,-0.36029077135026455,0.1526660919189453,-0.35718415677547455,0.13430720418691636,0.14348664805293082,0.375,0.0,0.0,0.0,0.125,0.25,0.0,0.0,13.905920505523682,6.392702102661133,0.040918572303890954,0.0,0.4011326711624861,4.6836395263671875,2.1209439039230347
train,base,13184,8,-0.07710912823677063,0.20679998397827148,0.00199049711227417,0.14334684610366819,0.1750734150409698,0.875,0.0,0.0,0.0,0.125,0.0,0.0,0.0,13.482154846191406,9.33714771270752,0.03536793137300265,0.016666673123836517,0.0,4.885326623916626,2.181233376264572
train,base,13213,8,-0.10396308451890945,0.1433342695236206,4.470348358154297e-07,0.043461781740188575,0.09339802563190452,0.625,0.0,0.0,0.0,0.0,0.125,0.0,0.0,23.63752245903015,9.575736999511719,0.021036915339879683,0.0,0.125,5.1282259821891785,2.28125461935997
train,base,13217,8,-0.03973536938428879,0.38604456186294556,0.05057033896446228,0.1725892007350921,0.2793168812990187,0.875,0.125,0.0,0.0,0.125,0.0,0.0,0.0,5.920202612876892,3.9087648391723633,0.09290622244589031,0.0,0.0,4.737749338150024,2.1392964720726013
train,base,13237,8,0.1679374873638153,0.6832065582275391,0.005008310079574585,0.5602470099925995,0.6217267841100692,0.875,0.25,0.25,0.0,0.0,0.0,0.0,0.0,15.25742518901825,10.270829200744629,0.010694310474372321,0.16250000149011612,0.0,5.03221321105957,2.246297299861908
train,base,13317,8,-0.0904126763343811,0.07836306095123291,0.030665963888168335,0.07776879668235778,0.07806592881679535,0.875,0.0,0.0,0.0,0.125,0.0,0.0,0.0,7.01004096865654,3.379587411880493,0.03458732111903373,0.0,0.0,4.877494275569916,2.185300201177597
train,base,13330,8,-0.035309646278619766,0.557543933391571,0.054956406354904175,0.24942552447319022,0.4034847289323804,0.75,0.125,0.125,0.0,0.0,0.125,0.0,0.125,6.346624255180359,3.5204591751098633,0.06299669471263769,0.12083332985639572,0.2071000449359417,4.267076231539249,1.9859777614474297
train,base,13345,8,-0.08273585140705109,0.6864041686058044,0.07267224788665771,0.3770424902439117,0.5317233294248579,0.75,0.125,0.125,0.0,0.125,0.125,0.0,0.0,4.662803411483765,3.3928983211517334,0.1748797409236431,0.0,0.125,4.685393512248993,2.1333832442760468
train,base,13368,8,0.08702659606933594,0.7373474836349487,0.06731882691383362,0.5313170671463012,0.6343322753906249,0.875,0.25,0.125,0.0,0.125,0.0,0.0,0.0,5.2723459005355835,3.1360177993774414,0.11179001373238862,0.12916667014360428,0.0,4.753314197063446,2.141491264104843
train,base,13386,8,-0.35397253930568695,0.06350314617156982,0.007629603147506714,0.0472193956375122,0.055361270904541,0.625,0.0,0.0,0.0,0.25,0.125,0.0,0.125,7.6049356162548065,3.659219980239868,0.026999428519047797,0.0,0.125,4.205588012933731,1.9408934116363525
train,base,13400,8,0.22357720136642456,0.7447166442871094,0.1447221040725708,0.5151066660881042,0.6299116551876066,1.0,0.375,0.125,0.0,0.0,0.0,0.0,0.0,12.276501893997192,6.6469855308532715,0.13582355967871962,0.09166666865348816,0.0,4.857475399971008,2.1587381660938263
train,base,13421,8,-0.1697111101821065,0.19348716735839844,0.00763314962387085,0.10657826066017148,0.15003271400928492,0.625,0.0,0.0,0.0,0.0,0.25,0.0,0.0,7.146687746047974,4.6245598793029785,0.05402507750841323,0.03750000149011612,0.26032855827361345,4.7996039390563965,2.1599165499210358
train,base,13483,8,-0.016145940870046616,0.9908830523490906,0.0014522671699523926,0.5229585826396941,0.756920817494392,0.5,0.25,0.125,0.0,0.0,0.125,0.125,0.0,17.260350048542023,4.046204090118408,0.19622413063907626,0.12083332985639572,0.24541890993714333,4.775092124938965,2.1369828283786774
train,base,13507,8,0.13719020783901215,0.9202190637588501,0.008040249347686768,0.7254014372825622,0.822810250520706,0.875,0.25,0.25,0.0,0.0,0.0,0.125,0.0,7.497005462646484,5.629309177398682,0.03262138246064694,0.19166666269302368,0.0625,5.16743940114975,2.2431276440620422
train,base,13581,8,-0.7273633182048798,7.68899917602539e-06,-0.9999506175518036,2.431869506835936e-06,5.06043434143066e-06,0.25,0.0,0.0,0.0,0.375,0.375,0.0,0.125,21.641045570373535,7.07359504699707,0.048328866290964,0.0208333358168602,0.375,4.571186363697052,2.0573448166251183
train,base,13621,8,-0.23069776594638824,0.7702412605285645,9.414553642272949e-05,0.233860409259796,0.5020508348941799,0.625,0.125,0.125,0.0,0.25,0.0,0.0,0.125,15.766276836395264,9.651768684387207,0.01824350422759835,0.09166666865348816,0.10922133550047874,4.191185362637043,1.9609899818897247
train,base,13630,8,0.020519904792308807,0.6406580805778503,0.008182674646377563,0.39402046799659723,0.5173392742872236,0.75,0.125,0.5,0.25,0.0,0.375,0.0,0.125,5.103323668241501,3.740788459777832,0.2713699650140029,0.34166666120290756,0.49028434604406357,4.277902513742447,1.9964535310864449
train,base,13639,8,0.026107773184776306,0.9761431813240051,0.00985899567604065,0.6865385472774505,0.8313408643007276,0.75,0.25,0.375,0.0,0.0,0.25,0.0,0.125,11.557512760162354,3.678452491760254,0.17641390921789935,0.1875,0.25,4.387320272624493,2.0077277049422264
train,base,13688,8,-0.24653471261262894,0.022735118865966797,6.86943531036377e-05,0.009601557254791258,0.01616833806037902,0.75,0.0,0.0,0.0,0.125,0.125,0.0,0.0,21.536421298980713,13.521538734436035,0.004427439551875523,0.0,0.125,4.849351346492767,2.1421917974948883
train,base,13735,8,0.054527285508811474,0.8056065440177917,0.027669429779052734,0.5767021477222443,0.6911543458700178,0.875,0.25,0.125,0.0,0.125,0.0,0.0,0.0,7.638600587844849,4.937365531921387,0.09226957312785089,0.14166666567325592,0.00107633788138628,4.810749590396881,2.1756836771965027
train,base,13780,8,-0.47687211632728577,0.11738598346710205,-0.4999893009662628,0.08250296711921691,0.09994447529315946,0.5,0.0,0.125,0.0,0.5,0.0,0.0,0.0,15.477052092552185,9.395147323608398,0.04222919330118202,0.0833333283662796,0.0,4.862656235694885,2.194833904504776
train,base,13800,8,-0.24969785660505295,0.0009662508964538574,0.00017437338829040527,0.0008485078811645507,0.0009073793888092041,0.75,0.0,0.0,0.0,0.25,0.0,0.0,0.125,14.973855018615723,9.152352333068848,0.008887383067758492,0.0,0.0,4.538002826273441,2.080513782799244
train,base,13989,8,-0.0662202388048172,0.3874545097351074,0.0003674924373626709,0.16218475103378288,0.274819630384445,0.875,0.125,0.0,0.0,0.0,0.125,0.0,0.0,18.173622369766235,6.916049957275391,0.058779759165190626,0.0,0.125,5.135862767696381,2.271176666021347
train,base,13993,8,0.4006868973374367,0.9579457640647888,0.38976308703422546,0.8209510564804077,0.8894484102725981,1.0,0.625,0.375,0.0,0.0,0.0,0.0,0.25,9.640802025794983,4.2928571701049805,0.24824737694643773,0.23333333432674408,0.0,3.84086325019598,1.843599684536457
train,base,14103,8,-0.5467362627387047,0.6259481906890869,-0.9999999105930328,0.18788121342658987,0.4069147020578381,0.375,0.125,0.25,0.0,0.25,0.625,0.375,0.0,14.466416537761688,4.487363338470459,0.10398896458992679,0.07083334028720856,0.8125,4.745039701461792,2.1803870797157288
train,base,14117,8,-0.8473685160279274,0.2210518717765808,-1.0,-0.6336844384670259,-0.20631628334522312,0.125,0.0,0.0,0.0,0.875,0.0,0.0,0.0,6.4781292751431465,0.2168005108833313,0.044963255524635315,0.0,0.0,4.633647203445435,2.103057473897934
train,base,14137,8,0.06344950199127197,0.2499314546585083,0.03409084677696228,0.13873732089996335,0.19433438777923576,1.0,0.0,0.0,0.0,0.0,0.0,0.0,0.0,6.249412506818771,3.8585386276245117,0.06344951339997351,0.0,0.0,4.681425750255585,2.125179171562195
train,base,14148,8,0.0003376659005880356,0.11222642660140991,0.0021447837352752686,0.04575828313827513,0.07899235486984248,0.875,0.0,0.0,0.0,0.0,0.0,0.0,0.875,7.677725464105606,3.9827687740325928,0.019900509354442875,0.0,0.019562842324376106,1.4696695283055305,1.0546109899878502
train,base,14154,8,-0.19231564551591873,1.1920928955078125e-07,0.0,7.74860382080078e-08,9.83476638793945e-08,0.25,0.0,0.0,0.0,0.0,0.125,0.0,0.0,25.412468791007996,8.56311321258545,0.02716069352164682,0.0,0.2194763422012329,4.997974693775177,2.2378691136837006
train,base,14237,8,0.0495324432849884,0.26265037059783936,0.012255728244781494,0.12350858449935909,0.19307947754859914,1.0,0.0,0.0,0.0,0.0,0.0,0.0,0.0,8.2593332529068,4.411303520202637,0.04953244130592793,0.0,0.0,4.711941599845886,2.123708561062813
train,base,14287,8,-0.24696427583694458,0.02351754903793335,3.4570693969726562e-06,0.007473123073577877,0.015495336055755603,0.625,0.0,0.0,0.0,0.25,0.0,0.0,0.0,22.06012535095215,13.452402114868164,0.005939534741265545,0.0,0.0,5.2019423842430115,2.270750939846039
train,base,14291,8,-0.14666059613227844,0.9293206334114075,-0.01935926079750061,0.29099060297012314,0.6101556181907649,0.5,0.125,0.375,0.0,0.125,0.25,0.0,0.0,10.357809960842133,3.6460585594177246,0.25901343356235884,0.27916666865348816,0.4853227436542511,4.676094353199005,2.095211237668991
train,base,14315,8,-0.7188643515110016,0.7983151078224182,-0.9986476898193359,-0.15804740190506006,0.32013385295867847,0.125,0.125,0.375,0.0,0.375,0.375,0.0,0.0,6.108662545681,1.0290393829345703,0.09396068919249956,0.2666666656732559,0.4574596704915166,4.694306790828705,2.1378154158592224
train,base,14334,8,-0.37817974388599396,0.9736086130142212,-0.49999549984931946,0.2927137732505797,0.6331611931323999,0.5,0.125,0.25,0.0,0.5,0.0,0.0,0.0,13.592536270618439,5.1232218742370605,0.08433515994067875,0.19166667014360428,0.0,4.82166713476181,2.1546463072299957
train,base,14337,8,-0.07110346108675003,0.4240357279777527,0.0006574392318725586,0.12954751253128044,0.27679162025451637,0.75,0.125,0.0,0.0,0.125,0.0,0.0,0.0,13.967195987701416,7.035079002380371,0.005899511779046586,0.05000000447034836,0.0,4.731098413467407,2.1471452564001083
train,base,14421,8,-0.5265794396400452,0.7471052408218384,-0.9799516797065735,0.22423980236053453,0.4856725215911861,0.375,0.125,0.125,0.0,0.125,0.5,0.0,0.0,19.659473747015,3.8335349559783936,0.09842312917331242,0.0,0.6248434334993362,4.781399965286255,2.1400261521339417
train,base,14426,8,-0.14557231962680817,0.0019438862800598145,0.0006541609764099121,0.001854097843170166,0.0018989920616149902,0.625,0.0,0.0,0.0,0.0,0.125,0.0,0.0,14.234554171562195,8.433927536010742,0.0010502474274508577,0.0,0.14662256091833115,5.141890227794647,2.2746028006076813
train,base,14428,8,-0.30585646629333496,0.2869459390640259,-0.31691452860832214,0.08609016537666316,0.1865180522203444,0.25,0.0,0.125,0.0,0.0,0.375,0.125,0.0,19.143729269504547,6.015007019042969,0.16032735592609298,0.09166666865348816,0.512189120054245,4.831887125968933,2.1552551239728928
train,base,14448,8,-0.6249944418668747,4.392862319946289e-05,-1.0,1.3387203216552727e-05,2.865791320800779e-05,0.375,0.0,0.0,0.0,0.625,0.0,0.0,0.0,16.909770846366882,9.54285717010498,0.0005678466363896462,0.0,0.0,4.711006581783295,2.1204344630241394
train,base,14472,8,-0.4958808198571205,0.0051711201667785645,-0.48814326524734497,0.002107173204421996,0.003639146685600278,0.5,0.0,0.125,0.0,0.125,0.25,0.0,0.0,12.645444214344025,4.949754238128662,0.07973900969125225,0.11666666716337204,0.37207674980163574,4.960008323192596,2.2047207355499268
train,base,14481,8,-0.18594277650117874,0.031739652156829834,0.0018834471702575684,0.013029694557189936,0.022384673357009874,0.75,0.0,0.0,0.0,0.0,0.125,0.0,0.0,18.008880257606506,12.835866928100586,0.006495343230142225,0.0,0.19243810325860977,4.763551294803619,2.1349675208330154
train,base,14487,8,-0.38118520146235824,0.0021128058433532715,-0.025969495996832848,0.0008364498615264889,0.0014746278524398794,0.5,0.0,0.0,0.0,0.125,0.25,0.0,0.0,16.143699169158936,10.157023429870605,0.0003241083641665199,0.0,0.25649808114394546,5.077200770378113,2.231707453727722
train,base,14520,8,0.177274651825428,0.7617886066436768,0.012956887483596802,0.5064622521400451,0.6341254293918608,1.0,0.25,0.125,0.0,0.0,0.0,0.0,0.0,8.25520846247673,3.5200254917144775,0.17727465159259737,0.0,0.0,4.85026627779007,2.1532450318336487
train,base,14529,8,0.3629373535513878,0.8501085042953491,0.2945059537887573,0.8103104054927825,0.8302094548940658,1.0,0.5,0.375,0.0,0.0,0.0,0.0,0.0,8.369518101215363,5.0873003005981445,0.057845085066219326,0.3333333283662796,0.0,4.9164999127388,2.2015641927719116
train,base,14559,8,-0.09116026549600065,0.19203752279281616,0.0013979077339172363,0.1167441554367542,0.15439083911478513,0.75,0.0,0.0,0.0,0.125,0.0,0.0,0.0,15.294753432273865,8.873649597167969,0.06739921757616685,0.0,0.01085100113414228,5.077349305152893,2.252531260251999
train,base,14602,8,0.023027988150715828,0.8589795827865601,0.00309675931930542,0.2656291782855986,0.562304380536079,0.75,0.125,0.125,0.0,0.0,0.0,0.0,0.0,8.46658605337143,6.905131816864014,0.025328920091851614,0.1041666641831398,0.09043867699801922,4.536783993244171,2.09414803981781
train,base,14620,8,-0.12249205261468887,0.8513489365577698,0.009403198957443237,0.33263412714004503,0.5919915318489071,0.75,0.125,0.125,0.0,0.25,0.0,0.0,0.0,10.971447706222534,5.5658416748046875,0.09053822109854082,0.0833333283662796,0.0,4.816159427165985,2.1652145981788635
train,base,14751,8,0.012709066271781921,0.06061267852783203,0.000608980655670166,0.04493424892425537,0.05277346372604369,1.0,0.0,0.0,0.0,0.0,0.0,0.0,0.0,19.125112771987915,11.481447219848633,0.012709068811091129,0.0,0.0,4.636380076408386,2.089995816349983
train,base,14856,8,-0.3403080217540264,0.237440824508667,7.829070091247559e-05,0.08865374922752377,0.16304728686809528,0.5,0.0,0.125,0.0,0.125,0.375,0.125,0.0,15.505143523216248,5.999307632446289,0.09582171777880343,0.0,0.4981307052075863,4.935216248035431,2.2072624266147614
train,base,15044,8,0.05386947526130825,0.2114112377166748,0.0018590688705444336,0.19797109365463256,0.20469116568565368,0.75,0.0,0.0,0.0,0.0,0.0,0.0,0.0,12.393426477909088,7.377349376678467,0.05499268376199116,0.0,0.0011232079705223441,4.749228537082672,2.1315573304891586
train,base,15050,8,-0.4052191898226738,0.0030978918075561523,-0.24070489406585693,0.0013823568820953364,0.002240124344825743,0.5,0.0,0.0,0.0,0.0,0.25,0.0,0.0,16.70397675037384,8.61246395111084,0.03171799250389995,0.0,0.4369371831417084,4.679184436798096,2.1170975267887115
train,base,15105,8,0.11676451412495226,0.9054889678955078,0.0020151734352111816,0.28389922380447374,0.5946940958499904,0.875,0.125,0.125,0.0,0.0,0.0,0.0,0.0,13.145291447639465,4.788583755493164,0.08444798467715411,0.09166666865348816,0.00017164801829494536,5.25356787443161,2.317533642053604
train,base,15190,8,-0.21484942734241486,0.10017633438110352,0.0005781948566436768,0.09434154629707336,0.09725894033908844,0.75,0.0,0.0,0.0,0.125,0.125,0.0,0.0,15.91231381893158,8.679159164428711,0.061097932734810456,0.0,0.125,4.7281880378723145,2.1222971081733704
train,base,15228,8,-0.23644040524959564,0.14551568031311035,0.0,0.05394328236579893,0.09972948133945458,0.375,0.0,0.25,0.0,0.125,0.0,0.0,0.0,19.099558472633362,5.942965507507324,0.11954361674588995,0.02916666865348816,0.247537299990654,5.075972020626068,2.240807682275772
train,base,15260,8,0.09258734434843063,0.6371181011199951,0.004879862070083618,0.24823349118232718,0.4426757961511609,1.0,0.125,0.125,0.0,0.0,0.0,0.0,0.0,18.788387060165405,4.874244689941406,0.09258734924979706,0.0,0.0,4.898520588874817,2.1958529949188232
train,base,15274,8,-0.4931208938360214,0.0521082878112793,-0.5,0.017679595947265616,0.03489394187927243,0.375,0.0,0.0,0.0,0.125,0.375,0.25,0.0,24.4945467710495,11.801831245422363,0.006887558807919054,0.0,0.5,4.842742323875427,2.155292883515358
train,base,15307,8,-0.43647103756666183,0.007317245006561279,-0.2801019847393036,0.006277918815612793,0.006797581911087035,0.5,0.0,0.0,0.0,0.25,0.375,0.0,0.0,8.020444333553314,5.955956935882568,0.06532330671325326,0.0,0.46032189577817917,4.730895936489105,2.124805822968483
train,base,15309,8,-0.09799979627132416,0.6325594782829285,0.005378812551498413,0.4508212566375732,0.5416903674602507,0.75,0.25,0.125,0.0,0.125,0.125,0.0,0.0,12.540764927864075,4.904929161071777,0.15202657923327934,0.0,0.125,4.772647202014923,2.124523490667343
train,base,15337,8,0.2425205111503601,0.5552412271499634,0.20816659927368164,0.5470660150051116,0.5511536210775375,1.0,0.25,0.25,0.0,0.0,0.0,0.0,0.0,11.585772037506104,5.5562591552734375,0.24252051016264886,0.0,0.0,4.910067498683929,2.186305731534958
train,base,15433,8,-0.11598893254995346,0.5307935476303101,0.0214674174785614,0.3805298864841461,0.45566171705722797,0.75,0.25,0.125,0.0,0.25,0.0,0.0,0.0,12.686181962490082,5.65095853805542,0.13737341781143186,0.0,0.02193692586297402,4.987736821174622,2.2233541309833527
train,base,15509,8,-0.49999966472387314,2.682209014892578e-06,-0.5,8.04662704467773e-07,1.7434358596801743e-06,0.125,0.0,0.0,0.0,0.0,0.5,0.125,0.0,25.663399696350098,21.438203811645508,3.369917656071206e-07,0.0,0.5625,4.854719340801239,2.1762229949235916
train,base,15637,8,-0.6523220986127853,0.7812385559082031,-0.9999981820583344,0.23437160849571215,0.5078050822019573,0.25,0.125,0.125,0.0,0.375,0.375,0.125,0.125,23.8732568025589,11.41777515411377,0.007830658474617877,0.09583333134651184,0.4375,4.194097273051739,1.9445002526044846
train,base,15659,8,-0.44896887987852097,0.7288468480110168,-0.6624614894390106,0.22168099284172046,0.47526392042636834,0.375,0.125,0.25,0.0,0.5,0.5,0.0,0.0,9.83875423669815,4.022440433502197,0.14752311460729572,0.07500000298023224,0.5237112063914537,4.889127135276794,2.182106137275696
train,base,15690,8,-0.8628993630409241,0.09680509567260742,-1.0,-0.670958471298218,-0.28707668781280576,0.125,0.0,0.5,0.0,0.875,0.0,0.0,0.0,4.557839095592499,3.2712979316711426,0.2125158654525876,0.2541666626930237,0.0,4.950464487075806,2.2074176371097565
train,base,15709,8,-0.37410566955804825,0.004635512828826904,0.0,0.0013906538486480704,0.0030130833387374853,0.125,0.0,0.0,0.0,0.0,0.375,0.0,0.0,22.650447845458984,16.738712310791016,0.0008943286888601861,0.0,0.375,5.128982484340668,2.2314218282699585
train,base,15726,8,0.04477459192276001,0.20534050464630127,0.00496363639831543,0.15127668380737302,0.17830859422683712,1.0,0.0,0.0,0.0,0.0,0.0,0.0,0.0,11.257934808731079,7.459110260009766,0.04477458067412954,0.0,0.0,5.169709026813507,2.2978213131427765
train,base,15737,8,-0.11337104439735413,0.9847289323806763,0.00012406706809997559,0.956535279750824,0.9706321060657501,0.625,0.25,0.25,0.0,0.125,0.25,0.0,0.0,5.770965278148651,2.181760549545288,0.11228409002142037,0.23749999701976776,0.2532211395446211,4.732528209686279,2.1211769580841064
train,base,15803,8,-0.18019360303878784,0.018684744834899902,0.0016427040100097656,0.014830476045608519,0.016757610440254207,0.75,0.0,0.0,0.0,0.125,0.0,0.125,0.0,17.407461762428284,11.15250015258789,0.0073202761485671175,0.0,0.0625,4.7875946164131165,2.1403998732566833
train,base,15866,8,-0.2499607652425766,0.0002225041389465332,1.7881393432617188e-07,0.00012958645820617673,0.0001760452985763549,0.75,0.0,0.0,0.0,0.25,0.0,0.0,0.0,25.806658506393433,20.573253631591797,0.0001301107311868499,0.0,0.0,5.126351773738861,2.2694109082221985
train,base,15914,8,-0.34232278913259506,0.011884450912475586,0.00014379620552062988,0.009586083889007568,0.010735267400741575,0.625,0.0,0.0,0.0,0.125,0.125,0.0,0.0,13.629608154296875,8.205047607421875,0.0033938088054128457,0.0,0.2203519493341446,5.014486789703369,2.249964028596878
train,base,15927,8,0.367179274559021,1.0,0.46869558095932007,1.0,1.0,0.875,0.5,0.5,0.375,0.125,0.0,0.0,0.0,9.861469447612762,3.3593719005584717,0.36311079291792225,0.44583333283662796,0.0,4.817280054092407,2.1582712829113007
train,base,15984,8,-0.8047035485506058,0.5594732165336609,-1.0,-0.5301338732242586,0.014669671654700456,0.125,0.125,0.125,0.0,0.5,0.375,0.0,0.0,24.732138097286224,5.521949291229248,0.07029645742924646,0.0,0.375,4.790731966495514,2.1594621688127518
train,base,16250,8,-0.05848944932222366,0.7928118705749512,0.05991962552070618,0.5260333597660064,0.6594226151704786,0.75,0.25,0.25,0.125,0.25,0.125,0.0,0.0,5.4943565130233765,3.8927695751190186,0.16062436683569103,0.19166667014360428,0.125,4.899267137050629,2.2049140632152557
train,base,16256,8,0.003148101270198822,0.007356047630310059,0.0028496980667114258,0.0059742569923400875,0.006665152311325072,1.0,0.0,0.0,0.0,0.0,0.0,0.0,0.0,8.420859694480896,7.133341312408447,0.0031480996549362317,0.0,0.0,4.695721626281738,2.1155656576156616
train,base,16303,8,-0.25049473345279694,0.8828848600387573,0.020373255014419556,0.2937528014183043,0.5883188307285304,0.625,0.125,0.125,0.0,0.375,0.0,0.0,0.0,7.534752607345581,4.221242427825928,0.05754025070928037,0.10833333432674408,0.0,4.681019842624664,2.103298246860504
train,base,16321,8,0.05865592509508133,0.9684377908706665,2.232193946838379e-05,0.2908909916877745,0.6296643912792201,0.75,0.125,0.125,0.0,0.0,0.0,0.125,0.25,14.226464033126831,4.432835578918457,0.08564842115806592,0.11249999701976776,0.0625,3.9541474506258965,1.846446454524994
train,base,16366,8,0.1454839431680739,0.9854531288146973,0.003743767738342285,0.857265281677246,0.9213592052459716,0.625,0.375,0.375,0.125,0.0,0.125,0.0,0.125,14.551879584789276,5.4884796142578125,0.13602079353144375,0.3333333283662796,0.2352426922880113,4.431388959288597,2.0406193286180496
train,base,16417,8,-0.3374270126223564,0.14583224058151245,0.01791965961456299,0.10023644566535948,0.12303434312343595,0.625,0.0,0.0,0.0,0.375,0.0,0.0,0.125,6.767863303422928,3.3339641094207764,0.06089510483434424,0.016666673123836517,0.0,4.429682418704033,2.0384277775883675
train,base,16429,8,-0.0175153948366642,0.98979252576828,-0.15092122554779053,0.9558704793453217,0.9728315025568008,0.5,0.25,0.25,0.0,0.0,0.0,0.125,0.0,17.639259696006775,4.364341735839844,0.155188942141546,0.23333332687616348,0.2757074646651745,4.843484401702881,2.163868635892868
train,base,16445,8,0.018275026232004166,0.8517725467681885,0.04995691776275635,0.448170644044876,0.6499715954065319,0.75,0.125,0.125,0.0,0.0,0.0,0.0,0.0,12.346697449684143,6.931683540344238,0.061236917550559156,0.13333333283662796,0.15002114698290825,4.75710529088974,2.1418659389019012
train,base,16467,8,-0.36052302084863186,0.025782644748687744,-0.049532197415828705,0.016185629367828365,0.02098413705825805,0.5,0.0,0.0,0.0,0.125,0.25,0.0,0.0,13.336362361907959,9.230226516723633,0.03824636180070229,0.0,0.3827353324741125,5.280303657054901,2.357243150472641
train,base,16553,8,-0.22649121843278408,0.3333377242088318,5.745887756347656e-05,0.10023179650306696,0.21678476035594924,0.625,0.125,0.0,0.0,0.0,0.25,0.0,0.25,24.929189682006836,22.023395538330078,0.0001077680944945314,0.0416666641831398,0.2682653870433569,3.78219898045063,1.7966170459985733
train,base,16554,8,-0.1880322378128767,0.41856813430786133,0.0024383366107940674,0.3382581353187561,0.3784131348133086,0.625,0.25,0.0,0.0,0.25,0.0,0.0,0.0,6.508317619562149,3.810365915298462,0.0931563443664345,0.0,0.031188583001494408,5.479075312614441,2.232574313879013
train,base,16676,8,0.30478885024785995,0.6712859272956848,0.20403218269348145,0.6359585583209991,0.6536222428083419,1.0,0.5,0.375,0.0,0.0,0.0,0.0,0.0,5.785679787397385,3.90319561958313,0.3047888455912471,0.0,0.0,5.070500195026398,2.2703308165073395
train,base,16688,8,-0.10682261735200882,0.03812652826309204,0.016306072473526,0.035738831758499144,0.03693268001079559,0.875,0.0,0.0,0.0,0.125,0.0,0.0,0.0,6.861940383911133,4.048254489898682,0.023287720629014075,0.0,0.0,4.828337490558624,2.1750511527061462
train,base,16695,8,-0.0526861697435379,0.9293373227119446,0.01092556118965149,0.5300186455249786,0.7296779841184613,0.75,0.25,0.25,0.0,0.125,0.125,0.0,0.25,12.155883431434631,5.835240840911865,0.12899858993114321,0.2541666701436043,0.20751608163118362,3.984953857958317,1.8632554560899734
train,base,16736,8,0.0848611444234848,0.36545467376708984,0.0466180145740509,0.17049335241317742,0.2679740130901335,1.0,0.125,0.0,0.0,0.0,0.0,0.0,0.0,5.239061266183853,3.493260383605957,0.08486114698462188,0.0,0.0,4.642355799674988,2.1177742779254913
train,base,16744,8,-0.5176732763648033,0.9186019897460938,-0.9972734749317169,0.27803500890731797,0.5983184993267054,0.25,0.125,0.125,0.0,0.125,0.625,0.125,0.125,17.615281760692596,5.907088756561279,0.1276787160207773,0.1041666641831398,0.7584537044167519,4.6430583000183105,2.0775803551077843
train,base,16808,8,0.2312898114323616,0.9060417413711548,0.00938376784324646,0.7549279272556304,0.8304848343133925,1.0,0.25,0.375,0.0,0.0,0.0,0.125,0.0,13.117876291275024,5.717477798461914,0.1475701387389563,0.2291666567325592,0.0625,4.605616867542267,2.0814696848392487
train,base,16809,8,-0.6736209988594055,2.658367156982422e-05,-1.0,7.975101470947261e-06,1.7279386520385727e-05,0.125,0.0,0.375,0.0,0.625,0.125,0.0,0.0,10.717935800552368,4.952296257019043,0.27084136107482765,0.13333333283662796,0.125,5.144490122795105,2.2518516778945923
train,base,16814,8,-0.24758745729923248,0.018831968307495117,0.0,0.005671495199203488,0.012251731753349294,0.375,0.0,0.0,0.0,0.0,0.25,0.125,0.0,25.80241322517395,13.906375885009766,0.0024125678778379456,0.0,0.3125,4.738795578479767,2.1337659657001495
train,base,16835,8,-0.3576219156384468,0.7505459189414978,-0.497220903635025,0.487376719713211,0.6189613193273542,0.5,0.25,0.125,0.0,0.375,0.125,0.0,0.0,12.600492417812347,3.794872283935547,0.14413952557413268,0.0,0.125,4.743970096111298,2.148164391517639
train,base,16922,8,0.04809505771845579,0.7705512046813965,0.14037275314331055,0.7249216973781586,0.7477364510297775,0.625,0.375,0.25,0.125,0.125,0.0,0.0,0.0,7.261090517044067,5.793250560760498,0.09507674786580367,0.18333333730697632,0.13378630299121141,4.919842183589935,2.170900970697403
train,base,16968,8,0.22467195242643356,0.9424310326576233,0.026956766843795776,0.7598012268543243,0.8511161297559737,1.0,0.25,0.25,0.0,0.0,0.0,0.0,0.0,7.392053931951523,3.7699930667877197,0.12392626554355957,0.11666666716337204,0.0,5.28440135717392,2.35569030046463
train,base,16988,8,0.36636655777692795,0.9673281908035278,0.17956870794296265,0.9515153706073761,0.9594217807054519,1.0,0.5,0.375,0.0,0.0,0.0,0.0,0.0,10.647598147392273,5.869813442230225,0.19112415393470972,0.30000000447034836,0.0,4.736164569854736,2.1527130901813507
train,base,17017,8,-0.1227973997592926,0.016303539276123047,0.0002167224884033203,0.005195641517639157,0.010749590396881094,0.875,0.0,0.0,0.0,0.125,0.0,0.0,0.0,20.696094036102295,13.927878379821777,0.004531888445626464,0.0,0.0,4.598116815090179,2.080657973885536
train,base,17034,8,-0.04017633944749832,0.22945529222488403,0.05707022547721863,0.2096933662891388,0.2195743292570114,0.875,0.0,0.0,0.0,0.125,0.0,0.0,0.0,6.537622660398483,3.690868616104126,0.0888702425872907,0.0,0.0,4.6120781898498535,2.108627900481224
train,base,17043,8,0.017483767122030258,1.0,2.9802322387695312e-08,0.9298280835151672,0.9649140417575836,0.5,0.25,0.25,0.125,0.0,0.125,0.0,0.0,11.873886346817017,3.48154878616333,0.1913501713126139,0.21249999850988388,0.23691894486546516,4.738504707813263,2.14046211540699
train,base,17048,8,0.20926809310913086,0.6227421164512634,0.12295651435852051,0.45381360054016107,0.5382778584957122,1.0,0.25,0.125,0.0,0.0,0.0,0.0,0.0,4.9316800236701965,3.547106981277466,0.1815847298130393,0.02916666865348816,0.0,5.0636003613471985,2.212317258119583
train,base,17071,8,-0.25910817831754684,0.7890864014625549,-0.14808374643325806,0.2888337969779967,0.5389600992202754,0.5,0.125,0.125,0.0,0.125,0.25,0.0,0.0,5.773266285657883,2.663959503173828,0.20717241907678385,0.0,0.3528315871953964,4.9149927496910095,2.188832402229309
train,base,17099,8,0.17356441915035248,0.5785596370697021,0.05267918109893799,0.4418028354644775,0.5101812362670898,1.0,0.25,0.125,0.0,0.0,0.0,0.0,0.0,6.903017938137054,5.827753067016602,0.10467510594753549,0.07083334028720856,0.0,4.662881553173065,2.1122582852840424
train,base,17104,8,-0.4999832957983017,3.6597251892089844e-05,-0.49996185302734375,1.1813640594482416e-05,2.4205446243286114e-05,0.5,0.0,0.0,0.0,0.25,0.25,0.0,0.0,17.532721877098083,12.837509155273438,1.6854783819741925e-05,0.0,0.25,4.813241899013519,2.163864701986313
train,base,17170,8,-0.2017907202243805,0.19879519939422607,0.022716760635375977,0.1264000594615936,0.16259762942790978,0.75,0.0,0.0,0.0,0.25,0.0,0.0,0.0,12.049711406230927,7.099714279174805,0.04844274660899828,0.0,0.0,4.927534222602844,2.212822824716568
train,base,17202,8,0.23792985826730728,0.5385488271713257,0.1737692654132843,0.484494811296463,0.5115218192338943,1.0,0.375,0.125,0.0,0.0,0.0,0.0,0.125,9.526306450366974,5.683671474456787,0.18643922664341517,0.05416666716337204,0.0,5.017774164676666,2.1880339607596397
train,base,17424,8,-0.03904522955417633,0.06113225221633911,0.0021952688694000244,0.030652791261672967,0.04589252173900602,0.875,0.0,0.125,0.0,0.0,0.125,0.0,0.125,6.903194546699524,3.3341798782348633,0.08595476692917003,0.0,0.125,5.0337740778923035,2.1869905069470406
train,base,17669,8,8.48621129989624e-06,4.3272972106933594e-05,3.0994415283203125e-06,2.061724662780761e-05,3.194510936737059e-05,1.0,0.0,0.0,0.0,0.0,0.0,0.0,0.0,28.19673180580139,25.576601028442383,8.479575598130396e-06,0.0,0.0,4.822661578655243,2.1505744457244873
train,base,17699,8,-0.48394136875867844,0.06617635488510132,-0.4792725443840027,0.03179818987846374,0.04898727238178251,0.375,0.0,0.0,0.0,0.0,0.5,0.0,0.0,20.250295162200928,11.293926239013672,0.016058620597519405,0.0,0.5,5.524487137794495,2.249128818511963
train,base,17716,8,-0.47079679724993184,0.0,-0.3826734721660614,0.0,0.0,0.0,0.0,0.125,0.0,0.25,0.25,0.125,0.0,24.775070667266846,16.715457916259766,0.0006213464664402424,0.09166666865348816,0.31760894489707425,4.753664433956146,2.137640208005905
train,base,17762,8,-0.2238384966585727,0.6711811423301697,-0.00020094097999390215,0.35328105092048634,0.5122310966253278,0.5,0.125,0.25,0.125,0.25,0.25,0.0,0.0,6.259018576238304,0.04636507108807564,0.09193522505347573,0.17916666716337204,0.3390257965620549,4.596708178520203,2.0693504065275192
train,base,17784,8,-0.24991566687822342,0.0002664923667907715,2.1696090698242188e-05,0.0002227663993835449,0.0002446293830871582,0.75,0.0,0.0,0.0,0.0,0.25,0.125,0.125,25.541760206222534,22.262826919555664,8.432846505127543e-05,0.0,0.3125,4.274811886250973,1.9870202466845512
train,base,17857,8,-0.4083639085292816,0.19723087549209595,-0.24103230237960815,0.07085031270980832,0.13404059410095204,0.5,0.0,0.125,0.0,0.125,0.375,0.0,0.125,10.868120074272156,4.946048259735107,0.14347390518787506,0.0,0.4967687427997589,4.447613351047039,2.027019925415516
train,base,17861,8,0.10353835672140121,0.6266239285469055,0.005557596683502197,0.2907429099082946,0.4586834192275998,1.0,0.125,0.125,0.0,0.0,0.0,0.0,0.125,12.345133483409882,7.049685001373291,0.03353034750580264,0.07500000298023224,0.0,4.312608875334263,1.990572676062584
train,base,18003,8,-0.07949389517307281,0.692952036857605,0.0866151750087738,0.42011785507202143,0.556534945964813,0.75,0.25,0.375,0.0,0.25,0.0,0.0,0.0,7.3287995755672455,3.2979443073272705,0.24684550776146352,0.22500000894069672,0.0,4.62593686580658,2.1139256954193115
train,base,18036,8,-0.11250103265047073,0.08929139375686646,0.0016142725944519043,0.029399085044860825,0.0593452394008636,0.875,0.0,0.0,0.0,0.125,0.0,0.0,0.0,19.807751059532166,10.644635200500488,0.012513371191232636,0.0,0.0,4.967336714267731,2.2048622965812683
train,base,18063,8,-0.543866116553545,0.11943888664245605,-0.6205741763114929,0.035832667350769024,0.07763577699661248,0.25,0.0,0.0,0.0,0.25,0.125,0.0,0.0,22.400913953781128,9.995509147644043,0.02050097233085324,0.0,0.30972895398736,5.460365951061249,2.281621068716049
train,base,18151,8,0.12751345336437225,0.9786873459815979,0.35447660088539124,0.9352768898010254,0.9569821178913116,0.625,0.5,0.625,0.0,0.125,0.25,0.0,0.0,7.624493271112442,3.3876335620880127,0.3986586828395957,0.2916666716337204,0.31903912127017975,4.930499732494354,2.194214314222336
train,base,18245,8,-0.6228039637207985,0.01681339740753174,-0.9999182820320129,0.0054580390453338595,0.011135718226432792,0.25,0.0,0.0,0.0,0.375,0.25,0.25,0.0,19.8572496175766,14.13724136352539,0.005387276858608228,0.0,0.375,4.730884373188019,2.111358195543289
train,base,18259,8,-0.0030868053436279297,0.7950679063796997,0.0640406608581543,0.7100123465061188,0.7525401264429091,0.75,0.375,0.25,0.0,0.25,0.0,0.0,0.25,5.607512563467026,3.1969075202941895,0.2597517256544961,0.0,0.0,3.694875121116638,1.7946345433592796
train,base,18284,8,0.2641257047653198,0.9713249802589417,0.06391561031341553,0.9445778727531433,0.9579514265060425,0.75,0.375,0.375,0.0,0.0,0.125,0.0,0.0,15.248548328876495,3.4106497764587402,0.244219834791844,0.3125,0.125,4.68630850315094,2.123406171798706
train,base,18348,8,-0.22069517523050308,0.06270015239715576,0.025456279516220093,0.06001876592636109,0.06135945916175842,0.75,0.0,0.0,0.0,0.25,0.0,0.0,0.0,5.949475467205048,3.9126195907592773,0.047804573900066316,0.0,0.0,4.904578447341919,2.189377546310425
train,base,18355,8,-0.04850379377603531,0.562983512878418,0.0011425018310546875,0.19797937273979177,0.3804814428091047,0.625,0.125,0.125,0.0,0.125,0.0,0.0,0.0,17.67182731628418,9.264649391174316,0.026569860830505138,0.10000000149011612,0.03371485695242882,4.912142395973206,2.182294189929962
train,base,18407,8,-0.7063159644603729,0.0,-0.9378115236759186,0.0,0.0,0.0,0.0,0.0,0.0,0.5,0.0,0.0,0.0,29.02208375930786,24.564102172851562,0.0,0.0,0.20631596446037292,5.1892441511154175,2.2726249992847443
train,base,18470,8,0.06611236929893494,0.7753788232803345,0.03601646423339844,0.7708472192287446,0.7731130212545395,0.75,0.375,0.25,0.0,0.0,0.25,0.0,0.0,11.980467468500137,3.5221269130706787,0.2457652363201177,0.07083333283662796,0.25,4.80010199546814,2.1518903970718384
train,base,18492,8,-0.21058768330840394,0.656257152557373,-0.0021250664722174406,0.19742793440818776,0.4268425434827801,0.5,0.125,0.25,0.0,0.0,0.375,0.125,0.125,20.78767818212509,4.651068687438965,0.16494827903034975,0.0,0.43803149758605286,4.390605829656124,2.0236629396677017
train,base,18530,8,0.1491500362753868,0.712457537651062,0.030095428228378296,0.36629407405853265,0.539375805854797,1.0,0.125,0.125,0.0,0.0,0.0,0.0,0.25,5.0451748967170715,3.503852605819702,0.14915004216811667,0.0,0.0,4.282481946051121,1.9134880378842354
train,base,18572,8,-0.2118721902370453,1.0,0.005667448043823242,0.46427787542343124,0.7321389377117153,0.625,0.125,0.125,0.125,0.375,0.0,0.0,0.0,5.943292319774628,3.0882697105407715,0.07070893872256079,0.12083332985639572,0.0,5.463929533958435,2.3658615946769714
train,base,18640,8,0.07091788202524185,0.17047977447509766,0.04997611045837402,0.16838364005088807,0.16943170726299286,0.875,0.0,0.0,0.0,0.0,0.0,0.0,0.0,5.791272580623627,3.503816604614258,0.07091786492374501,0.0,0.0,5.188374042510986,2.275928795337677
train,base,18648,8,-0.33897068351507187,0.40659719705581665,-0.24220195412635803,0.22863989472389218,0.3176185458898543,0.5,0.125,0.25,0.0,0.125,0.125,0.0,0.0,6.219524443149567,3.3456766605377197,0.138253683336643,0.125,0.35222436487674713,4.906767249107361,2.182883620262146
train,base,18710,8,0.07902679592370987,0.23582971096038818,0.04750970005989075,0.14371453523635863,0.18977212309837335,1.0,0.0,0.0,0.0,0.0,0.0,0.0,0.125,5.909732222557068,4.096153259277344,0.05992254731245339,0.0208333358168602,0.0,4.407020233571529,2.0154622942209244
train,base,18797,8,-0.5288211554288864,0.5473400950431824,-0.9092420637607574,0.18285073637962332,0.3650954157114026,0.375,0.125,0.125,0.0,0.375,0.125,0.0,0.0,6.913644552230835,4.119316101074219,0.08544073371012928,0.0,0.2322465255856514,5.051657557487488,2.2706392109394073
train,base,18814,8,-0.015717744827270508,0.430366575717926,0.05680885910987854,0.27080317735671994,0.35058487653732284,0.875,0.125,0.0,0.0,0.125,0.0,0.0,0.0,5.350038290023804,1.9616072177886963,0.10928225517272949,0.0,0.0,4.8484262228012085,2.1651670038700104
train,base,18851,8,-0.3933931589126587,0.18959099054336548,-0.23230746388435364,0.07873777747154233,0.13416438400745384,0.5,0.0,0.125,0.0,0.25,0.125,0.0,0.0,5.951306007802486,0.9272148013114929,0.09393155059660785,0.10833333432674408,0.28265053778886795,4.7034571170806885,2.124845713376999
train,base,18866,8,-0.43624182790517807,0.006431758403778076,-0.2499999701976776,0.0044729351997375485,0.0054523468017578115,0.5,0.0,0.0,0.0,0.25,0.125,0.125,0.125,21.19019877910614,7.795248985290527,0.03850270661603453,0.0,0.1875,4.450836271047592,2.004022739827633
train,base,18869,8,-0.3836757689714432,0.8876684904098511,-0.4999999701976776,0.29633515477180467,0.5920018225908275,0.5,0.125,0.125,0.0,0.5,0.25,0.0,0.0,14.43964421749115,9.235616683959961,0.027204834059148197,0.10833333432674408,0.25,4.947396695613861,2.1810792684555054
train,base,18974,8,-0.6232454627752304,0.01387786865234375,-1.0,0.004265582561492918,0.009071725606918327,0.375,0.0,0.0,0.0,0.625,0.0,0.0,0.125,7.123693227767944,3.6019105911254883,0.0358641704948468,0.0,0.0,4.560521766543388,2.053636223077774
train,base,18983,8,-0.3405636325478554,0.11085671186447144,0.019280940294265747,0.0788220167160034,0.0948393642902374,0.625,0.0,0.0,0.0,0.375,0.0,0.0,0.0,5.796179428696632,1.2197474241256714,0.05084966839058325,0.0,0.0,4.900654494762421,2.2069296538829803
train,base,18985,8,-0.10882014036178589,0.0509524941444397,0.00044798851013183594,0.017013257741928092,0.033982875943183874,0.625,0.0,0.0,0.0,0.0,0.0,0.0,0.0,16.55075478553772,8.464412689208984,0.007059619215011567,0.0,0.11587975919246674,6.107130467891693,2.4352628588676453
train,base,18992,8,-0.36543096601963043,0.06250631809234619,4.76837158203125e-07,0.01897432208061217,0.040740320086479154,0.625,0.0,0.0,0.0,0.0,0.125,0.0,0.0,26.312374711036682,11.415884971618652,0.007856343749612346,0.0,0.37328730523586273,5.881357848644257,2.3391036689281464
train,base,18993,8,0.15304932743310928,0.8404669165611267,0.23566782474517822,0.5560801923274993,0.6982735544443128,0.875,0.5,0.125,0.0,0.0,0.125,0.0,0.0,5.8066083788871765,4.389247417449951,0.23420442063797964,0.09583333134651184,0.14667759649455547,4.982781708240509,2.2077414244413376
train,base,19027,8,-0.6245758906006813,0.003392517566680908,-1.0,0.0010180056095123284,0.0022052615880966166,0.25,0.0,0.125,0.0,0.625,0.25,0.125,0.0,6.29147369787097,0.1968487799167633,0.0006213940896374615,0.125,0.3125,4.940972089767456,2.2078760862350464
train,base,19073,8,0.10828281193971634,0.3219992518424988,0.05953994393348694,0.21591776013374325,0.26895850598812093,1.0,0.125,0.125,0.125,0.0,0.0,0.0,0.0,4.189687043428421,3.355642318725586,0.06803290545940399,0.12083332985639572,0.08058342337608337,4.978645086288452,2.2125027179718018
train,base,19074,8,-0.3496363237500191,0.12858355045318604,0.006414294242858887,0.07594799995422362,0.10226577520370479,0.625,0.0,0.375,0.0,0.375,0.0,0.0,0.0,6.472140848636627,3.6987576484680176,0.10209683136781678,0.32083333283662796,0.0,4.956688225269318,2.1704056710004807
train,base,19076,8,-0.3321111613913672,0.7848800420761108,-0.5716425850987434,0.7266883313655853,0.755784186720848,0.25,0.25,0.25,0.0,0.0,0.5,0.0,0.0,21.017060846090317,3.411329984664917,0.18603494765697626,0.0,0.5181461239262717,4.888179004192352,2.2125133275985718
train,base,19153,8,-0.3061504662036896,0.9889234900474548,-0.24373799562454224,0.33069351315498335,0.6598085016012187,0.5,0.125,0.25,0.0,0.375,0.0,0.25,0.0,4.259893015027046,1.6229890584945679,0.0912686164756451,0.24583332985639572,0.125,4.867598831653595,2.1972920894622803
train,base,19171,8,0.044210731983184814,0.35357826948165894,1.940131187438965e-05,0.10609876513481134,0.22983851730823499,0.75,0.125,0.0,0.0,0.0,0.0,0.0,0.0,24.257410883903503,7.206694602966309,0.04421072626678162,0.0,0.0,5.041951358318329,2.238568127155304
train,base,19177,8,0.16737886518239975,1.0,0.06892317533493042,0.3656706035137175,0.6828353017568584,1.0,0.125,0.125,0.125,0.0,0.0,0.0,0.0,6.667651742696762,3.751927137374878,0.10885858637630008,0.11666666716337204,0.0,4.860469043254852,2.1969549357891083
train,base,19219,8,0.0778883844614029,1.0,0.03330087661743164,0.5442543387413024,0.7721271693706508,0.875,0.25,0.125,0.125,0.0,0.125,0.0,0.0,13.495956063270569,3.140623092651367,0.17874498695317698,0.0,0.125,4.723280906677246,2.1343264281749725
train,base,19222,8,-0.4135896711377427,0.006574869155883789,-0.2144664078950882,0.004505333956331014,0.0055401015561074,0.375,0.0,0.0,0.0,0.25,0.0,0.0,0.0,17.908284902572632,10.582311630249023,0.0026116799022182224,0.0,0.22262126940768212,4.834962248802185,2.1899595856666565
train,base,19228,8,0.36528151482343674,0.9724366664886475,0.07528495788574219,0.9576983034610749,0.9650674849748612,1.0,0.375,0.375,0.125,0.0,0.0,0.0,0.0,7.948354244232178,4.60191535949707,0.19446393084945157,0.23333333432674408,0.0,4.736595451831818,2.1472851634025574
train,base,19254,8,0.014972224831581116,0.053842127323150635,0.00676611065864563,0.035322594642639156,0.044582360982894885,0.875,0.0,0.0,0.0,0.0,0.0,0.0,0.0,12.873095273971558,8.440740585327148,0.014972230659623165,0.0,0.0,5.024251461029053,2.2366665303707123
train,base,19292,8,-0.3215162083506584,0.3443107604980469,0.0003075599670410156,0.16087114810943598,0.25259095430374134,0.5,0.125,0.125,0.0,0.375,0.0,0.0,0.125,12.990445409502302,4.235980987548828,0.14190514896586137,0.0,0.0,4.530780613422394,2.020200878381729
train,base,19315,8,0.050231099128723145,0.756134569644928,0.08851522207260132,0.4098911225795745,0.583012846112251,0.875,0.125,0.25,0.125,0.0,0.125,0.0,0.125,10.514724969863892,3.6445376873016357,0.2081809077935759,0.12083332985639572,0.23147423565387726,4.516305565834045,1.9752024114131927
train,base,19421,8,0.13841456174850464,0.8197121620178223,0.004905104637145996,0.7780901730060578,0.79890116751194,0.75,0.375,0.375,0.0,0.125,0.0,0.0,0.125,12.10234421491623,3.691873550415039,0.1301079205272233,0.15833333134651184,0.0,4.673553101718426,2.078185372054577
train,base,19423,8,-0.28204445540905,0.2348393201828003,9.238719940185547e-07,0.07656275033950802,0.15570103526115406,0.625,0.0,0.25,0.0,0.25,0.0,0.375,0.125,7.1421507596969604,3.9257140159606934,0.1742078120915398,0.0,0.26509739458560944,4.3632146790623665,2.0051480904221535
train,base,19440,8,0.06994935125112534,0.22701925039291382,0.04752182960510254,0.15192010998725888,0.1894696801900863,0.875,0.0,0.0,0.0,0.0,0.0,0.0,0.0,6.288132965564728,3.8937814235687256,0.06994935637349978,0.0,0.0,4.804627537727356,2.139557033777237
train,base,19498,8,-0.27683003433048725,0.46833837032318115,0.04098677635192871,0.20948430448770516,0.338911337405443,0.625,0.125,0.0,0.0,0.125,0.125,0.0,0.0,7.259543061256409,4.163686275482178,0.11275075152752834,0.0,0.2494508042000234,4.933985769748688,2.194873422384262
train,base,19531,8,-0.12497776746749878,0.0001773238182067871,8.940696716308594e-08,5.332231521606442e-05,0.00011532306671142568,0.75,0.0,0.0,0.0,0.0,0.125,0.0,0.0,27.022811889648438,22.72774887084961,2.2220136913594923e-05,0.0,0.125,5.054615497589111,2.2111690640449524
train,base,19566,8,-0.239250048995018,0.5385802984237671,0.05487993359565735,0.346861457824707,0.4427208781242369,0.625,0.125,0.125,0.0,0.375,0.0,0.0,0.5,6.889315545558929,5.263575553894043,0.1996323682833463,0.0,0.0,2.81464946269989,1.5194615721702576
train,base,19592,8,-0.07628794759511948,0.8607332706451416,1.0967254638671875e-05,0.2632861435413359,0.5620097070932384,0.625,0.125,0.125,0.0,0.125,0.0,0.0,0.0,22.573758602142334,9.25169849395752,0.021491804140733928,0.1041666641831398,0.05982142686843872,4.791658341884613,2.1423370838165283
train,base,19610,8,-0.610184870660305,0.0,-0.9407394826412201,0.0,0.0,0.0,0.0,0.0,0.0,0.375,0.375,0.125,0.0,26.138611555099487,10.013019561767578,0.015185187295902791,0.0,0.4375,4.82750141620636,2.1465722918510437
train,base,19620,8,-0.07169559970498085,0.8494657278060913,0.01760077476501465,0.6836304068565369,0.766548067331314,0.625,0.375,0.375,0.0,0.25,0.0,0.0,0.0,13.726043462753296,5.04037618637085,0.17358245637251457,0.26250000298023224,0.12909359112381935,4.777516722679138,2.136916607618332
train,base,19672,8,-0.6061472594738007,0.005534231662750244,-0.9276459515094757,0.0019042253494262686,0.003719228506088254,0.375,0.0,0.0,0.0,0.125,0.5,0.125,0.0,14.552369594573975,7.559711456298828,0.02257665477412729,0.0,0.6752133294939995,4.503567934036255,2.0489780753850937
train,base,19690,8,-0.3787142690271139,0.0,-0.018362514674663544,0.0,0.0,0.0,0.0,0.0,0.0,0.0,0.25,0.0,0.0,26.999611377716064,21.36540412902832,5.875067291783392e-06,0.0,0.3787201475352049,4.639861583709717,2.0886727273464203
train,base,19730,8,-1.0,-1.0,-1.0,-1.0,-1.0,0.0,0.0,0.0,0.0,1.0,0.0,0.0,0.0,6.999781906604767,2.345383405685425,0.03190507227554917,0.0,0.0,4.862855911254883,2.1905835270881653
train,base,19736,8,-0.22005391120910645,0.23900866508483887,8.940696716308594e-06,0.07176756262779231,0.15538811385631549,0.75,0.0,0.0,0.0,0.125,0.125,0.0,0.125,22.62773299217224,8.316232681274414,0.029946909531517463,0.0,0.125,4.194151312112808,1.9535225331783295
train,base,19747,8,-0.1178630068898201,0.054623544216156006,2.384185791015625e-07,0.017851299047470084,0.036237421631813024,0.875,0.0,0.0,0.0,0.125,0.0,0.0,0.0,25.283806681632996,11.70223331451416,0.007136998786796078,0.0,0.0,4.659273564815521,2.0972412079572678
train,base,19755,8,0.3329843617975712,1.0,0.39541278779506683,0.9936978697776795,0.9968489348888397,0.75,0.5,0.5,0.25,0.0,0.125,0.125,0.125,11.545932233333588,4.0116801261901855,0.2851186953835717,0.4791666567325592,0.22110329940915108,4.356080591678619,1.9690270870923996
train,base,19785,8,-0.0836842730641365,1.0,0.03144961595535278,0.4153128445148467,0.707656422257423,0.75,0.125,0.125,0.125,0.25,0.0,0.0,0.0,5.3488462418317795,0.949828028678894,0.12744717276655138,0.12083332985639572,0.0,4.641401052474976,2.092536300420761
train,base,19819,8,-0.321714673191309,0.7447107434272766,-0.3868158459663391,0.5419123977422714,0.6433115705847738,0.375,0.25,0.5,0.0,0.0,0.625,0.25,0.0,11.18267011642456,4.872561454772949,0.23239799775080883,0.1666666641831398,0.786992865614593,4.568304240703583,2.0793299078941345
train,base,19820,8,-0.1141267865896225,0.08161914348602295,0.00014254450798034668,0.027857691049575792,0.054738417267799336,0.875,0.0,0.0,0.0,0.125,0.0,0.0,0.0,17.489454209804535,7.038482666015625,0.05084488632726902,0.0,0.0,4.700884997844696,2.1262064576148987
train,base,19835,8,-0.4654100090265274,0.24383389949798584,-0.4999992847442627,0.09614765048027035,0.169990774989128,0.5,0.0,0.0,0.0,0.5,0.0,0.0,0.0,16.583231329917908,8.263547897338867,0.08019272085739715,0.0,0.0,4.691356122493744,2.1413336396217346
train,base,19844,8,-0.2705269604921341,0.9842474460601807,-0.5195139050483704,0.93357355594635,0.9589105010032654,0.25,0.25,0.625,0.0,0.25,0.625,0.0,0.0,10.45474860072136,3.388957977294922,0.42137690976096565,0.5041666626930237,0.6320418454706669,5.723024308681488,2.3453031182289124
train,base,19877,8,-0.012096082791686058,1.0,0.030193880200386047,0.38476178646087633,0.6923808932304378,0.625,0.125,0.25,0.25,0.0,0.0,0.0,0.75,5.543254941701889,2.075874090194702,0.2698796472977847,0.11666666716337204,0.31631994619965553,1.9821310862898827,1.2080032005906105
train,base,20008,8,-0.19736386090517044,0.9393832683563232,0.0015498995780944824,0.2946123778820036,0.6169978231191631,0.5,0.125,0.375,0.125,0.125,0.375,0.125,0.0,10.440949589014053,2.9922759532928467,0.1922616988313747,0.2875000014901161,0.5,5.002345561981201,2.2087160646915436
train,base,20028,8,0.17079712450504303,0.8027489185333252,0.002240121364593506,0.659809148311615,0.73127903342247,0.875,0.25,0.25,0.0,0.0,0.0,0.0,0.0,15.815053224563599,7.5875396728515625,0.058661701554957785,0.1666666716337204,0.03450018912553787,4.955972611904144,2.2076597213745117
train,base,20041,8,-0.33596857637166977,0.08003222942352295,0.03953835368156433,0.07966698408126831,0.07984960675239564,0.625,0.0,0.0,0.0,0.375,0.0,0.0,0.0,4.157064825296402,1.1844086647033691,0.049080965807661414,0.0,0.0,4.854139864444733,2.182683289051056
train,base,20153,8,-0.17635780572891235,0.3019815683364868,0.000657886266708374,0.2779165983200073,0.28994908332824704,0.75,0.125,0.0,0.0,0.125,0.125,0.0,0.125,18.08732146024704,7.675753116607666,0.07384416630152657,0.0,0.125,4.609730467200279,2.0855288952589035
train,base,20169,8,-0.6162812784314156,0.06259071826934814,-0.9972840547561646,0.01992097496986388,0.04125584661960599,0.375,0.0,0.0,0.0,0.375,0.5,0.125,0.0,7.423615664243698,3.713529348373413,0.009130838470809977,0.0,0.5625,4.733091831207275,2.1627464443445206
train,base,20177,8,-0.03713117726147175,0.3909083604812622,0.007162034511566162,0.16227746009826655,0.27659291028976424,0.75,0.125,0.0,0.0,0.0,0.0,0.0,0.0,8.030782759189606,4.515118598937988,0.06687603449972812,0.0,0.10400720871984959,5.119211554527283,2.2736872732639313
train,base,20325,8,-0.4452124908566475,0.0015978217124938965,-0.3660334646701813,0.0007138729095458982,0.0011558473110198967,0.5,0.0,0.0,0.0,0.0,0.25,0.0,0.0,19.47444796562195,14.189979553222656,0.0007367983507293729,0.0,0.4459492936730385,4.698467135429382,2.1258918941020966
train,base,20335,8,-0.37029825150966644,0.029749631881713867,8.189678192138672e-05,0.013590383529663082,0.021670007705688464,0.625,0.0,0.0,0.0,0.25,0.125,0.0,0.25,14.63404929637909,4.273887634277344,0.018958144755060857,0.0,0.125,4.124450035393238,1.8820695281028748
train,base,20410,8,-0.6845515961758792,0.009067300707101822,-0.8766887485980988,0.006347275897860527,0.0077072883024811726,0.25,0.0,0.125,0.0,0.125,0.25,0.0,0.5,14.087505757808685,5.063814640045166,0.141789091436952,0.0,0.6244741599075496,3.024005316197872,1.542645163834095
train,base,20451,8,0.046263836324214935,0.15882611274719238,0.02478182315826416,0.1268754482269287,0.1428507804870605,1.0,0.0,0.0,0.0,0.0,0.0,0.0,0.0,6.958989262580872,3.769434928894043,0.04626383213326335,0.0,0.0,5.1255181431770325,2.250890016555786
train,base,20462,8,-0.23680004477500916,0.029297709465026855,0.011884808540344238,0.027157014608383177,0.028227362036705016,0.75,0.0,0.0,0.0,0.25,0.0,0.0,0.125,7.501459121704102,3.8141021728515625,0.04116012153099291,0.0,0.0,4.468892104923725,2.0189827233552933
train,base,20625,8,-0.2677002400159836,0.35839390754699707,4.76837158203125e-07,0.107519382238388,0.23295664489269238,0.625,0.125,0.0,0.0,0.125,0.125,0.25,0.25,23.658306777477264,7.164683818817139,0.04482371070397573,0.0,0.25,3.7940571904182434,1.8161366134881973
train,base,20702,8,-0.0734919086098671,0.130615234375,0.03851422667503357,0.10826350450515747,0.11943936944007871,0.875,0.0,0.0,0.0,0.125,0.0,0.0,0.125,7.104129493236542,3.675631523132324,0.060948987724259496,0.0,0.0,4.084738828241825,1.9182477369904518
train,base,20714,8,0.05653652176260948,0.9198810458183289,0.008613497018814087,0.907364571094513,0.9136228084564209,0.625,0.375,0.25,0.0,0.0,0.125,0.0,0.0,11.033455491065979,3.6396660804748535,0.23310870981003973,0.17083333432674408,0.21927493764087558,5.032279372215271,2.2319836616516113
train,base,20720,8,-0.1398727409541607,0.00920569896697998,0.00023058056831359863,0.007645332813262939,0.008425515890121459,0.75,0.0,0.0,0.0,0.125,0.0,0.0,0.0,12.890511512756348,8.329639434814453,0.003693854727771395,0.0,0.018523138016462326,4.731895983219147,2.1441338062286377
train,base,20722,8,0.05425634980201721,0.5735378861427307,0.10014587640762329,0.3920798778533935,0.482808881998062,0.875,0.25,0.25,0.0,0.125,0.0,0.0,0.0,5.06393575668335,3.6626710891723633,0.1716026095673442,0.09583333134651184,0.06728870421648026,5.09232497215271,2.2472982704639435
train,base,20777,8,-0.7499993517994881,0.0,-1.0,0.0,0.0,0.0,0.0,0.0,0.0,0.125,0.75,0.375,0.0,25.364608764648438,15.916242599487305,0.0008838118879504683,0.0,0.9375,5.278494238853455,2.3240024149417877
train,base,20856,8,-0.4043484926223755,0.2882578372955322,-0.25040072202682495,0.08655040860176082,0.1874041229486464,0.25,0.0,0.375,0.125,0.0,0.75,0.0,0.0,17.91745764017105,4.78181791305542,0.17481232627095034,0.3166666626930237,0.7720153331756592,4.636428475379944,2.119530975818634
train,base,20857,8,-0.09888405352830887,0.09778672456741333,0.015237212181091309,0.05804173946380614,0.07791423201560971,0.875,0.0,0.0,0.0,0.125,0.0,0.0,0.0,7.536477267742157,3.6060495376586914,0.026636102507154646,0.0,0.0,4.929953873157501,2.2147317975759506
train,base,20907,8,-0.11911718547344208,0.02144986391067505,0.0,0.01492326259613037,0.018186563253402704,0.375,0.0,0.0,0.0,0.0,0.125,0.0,0.25,19.943119049072266,13.605039596557617,0.005882820762053752,0.0,0.125,3.686197340488434,1.8069969043135643
train,base,20945,8,0.11364977690391243,0.46941077709198,0.07193070650100708,0.24678347706794734,0.3580971270799635,1.0,0.125,0.0,0.0,0.0,0.0,0.0,0.0,5.200563430786133,3.52128529548645,0.11395286186598241,0.0,0.0003030833322554827,4.482163190841675,2.06304594874382
train,base,20975,8,-0.30713674426078796,0.04288262128829956,0.0,0.012876760959625236,0.02787969112396238,0.25,0.0,0.0,0.0,0.0,0.25,0.25,0.0,25.528229415416718,6.902575969696045,0.048634752831325644,0.0,0.4182714894413948,4.927962601184845,2.1849747002124786
train,base,21015,8,-0.4373789578676224,0.0009521245956420898,-0.25,0.0002856373786926268,0.0006188809871673579,0.125,0.0,0.0,0.0,0.0,0.375,0.125,0.0,27.677268028259277,19.193532943725586,0.00012104320791630199,0.0,0.4375,4.655344784259796,2.1157252490520477
train,base,21091,8,-0.011827552691102028,0.7470607161521912,0.00042176246643066406,0.7121221661567688,0.7295914411544799,0.5,0.375,0.25,0.0,0.125,0.25,0.125,0.0,13.480727106332779,3.8340060710906982,0.262094164956584,0.0,0.3364041019231081,4.720576643943787,2.113193079829216
train,base,21132,8,0.06499494705349207,0.4589781165122986,0.008611291646957397,0.19541246294975273,0.3271952897310255,0.75,0.125,0.0,0.0,0.0,0.0,0.0,0.0,14.512885332107544,9.189120292663574,0.024338941656577136,0.05416666716337204,0.011059327982366085,5.0428187251091,2.2294006943702698
train,base,21163,8,-0.11794319748878479,0.00937354564666748,2.771615982055664e-06,0.0028159439563751206,0.006094744801521296,0.875,0.0,0.0,0.0,0.0,0.0,0.0,0.0,26.009894132614136,15.320898056030273,0.0013894440955972698,0.0,0.11933264136314392,5.282160401344299,2.358736604452133
train,base,21227,8,0.253539327532053,0.8167508244514465,0.16259343922138214,0.6179237186908721,0.7173372715711592,1.0,0.5,0.25,0.0,0.0,0.0,0.0,0.0,5.572265923023224,3.647772789001465,0.12731266412401965,0.15833333134651184,0.01650753989815712,4.5305429100990295,2.0795296132564545
train,base,21254,8,0.025458768010139465,0.07284402847290039,0.009659290313720703,0.06857457160949706,0.07070930004119873,1.0,0.0,0.0,0.0,0.0,0.0,0.0,0.0,16.04119122028351,11.087602615356445,0.025458760139827064,0.0,0.0,4.8194568157196045,2.1602825224399567
train,base,21266,8,-0.001802586019039154,0.9804216027259827,0.00012314319610595703,0.29677377939224225,0.638597691059112,0.875,0.125,0.125,0.0,0.0,0.125,0.0,0.0,16.954165041446686,4.2447896003723145,0.0889352437557136,0.11666666716337204,0.125,3.9806224703788757,1.9268603175878525
train,base,21308,8,-0.35946186631917953,0.09492850303649902,0.0006928741931915283,0.04497604966163634,0.06995227634906764,0.625,0.0,0.0,0.0,0.375,0.0,0.0,0.0,14.671252012252808,10.509013175964355,0.015586549632121915,0.0,0.0,4.628894329071045,2.077591359615326
train,base,21312,8,-0.5910134762525558,0.2576245069503784,-0.9978502988815308,0.08127513527870174,0.16944982111453996,0.375,0.0,0.125,0.0,0.25,0.375,0.0,0.125,17.8791081905365,8.116703987121582,0.06013540536076789,0.08750000596046448,0.5126987956464291,4.522178381681442,2.047350451350212
train,base,21361,8,-0.08039944618940353,0.0019115805625915527,0.00048029422760009766,0.0012296557426452635,0.0015706181526184077,0.75,0.0,0.125,0.125,0.0,0.125,0.0,0.0,7.3083420395851135,3.173828363418579,0.05533033563456513,0.0833333283662796,0.21906311810016632,5.001340806484222,2.205901652574539
train,base,21429,8,-0.1832081526517868,1.0,-0.38336271047592163,0.817514556646347,0.9087572783231734,0.375,0.25,0.375,0.125,0.0,0.25,0.0,0.0,12.901936650276184,3.9152655601501465,0.19958179893015426,0.25833333283662796,0.5640242993831635,4.801361441612244,2.141613081097603
train,base,21450,8,-0.12499774247407913,7.569789886474609e-06,2.115964889526367e-06,4.607439041137694e-06,6.08861446380615e-06,0.75,0.0,0.0,0.0,0.125,0.0,0.0,0.0,20.999971866607666,12.795221328735352,2.259515359641362e-06,0.0,0.0,4.666751682758331,2.0846079289913177
train,base,21488,8,0.012955427169799805,0.07129490375518799,0.0055904388427734375,0.0312736690044403,0.051284286379814116,1.0,0.0,0.0,0.0,0.0,0.0,0.0,0.0,18.28382956981659,11.133933067321777,0.01295543013804945,0.0,0.0,4.966904580593109,2.213361144065857
train,base,21529,8,0.007553689181804657,0.06014418601989746,2.378225326538086e-05,0.018169134855270375,0.039156660437583896,1.0,0.0,0.0,0.0,0.0,0.0,0.0,0.0,23.994938731193542,11.497942924499512,0.007553677970456363,0.0,0.0,4.962472856044769,2.220169425010681
train,base,21639,8,0.03126758337020874,0.9204759001731873,-0.03546738624572754,0.27669589519500715,0.5985858976840968,0.25,0.125,0.625,0.0,0.0,0.375,0.125,0.125,10.119356274604797,3.167462110519409,0.43227488619817966,0.34166666120290756,0.5171036422252655,4.523655466735363,2.047436498105526
train,base,21665,8,-0.11118698120117188,0.05709719657897949,0.0010340511798858643,0.04443506598472595,0.050766131281852714,0.875,0.0,0.0,0.0,0.0,0.125,0.0,0.0,14.375377893447876,4.471677780151367,0.013813013976687216,0.0,0.125,5.012076139450073,2.222038835287094
train,base,21672,8,-0.3738928809762001,0.004989683628082275,0.0,0.004203993082046509,0.004596838355064392,0.25,0.0,0.0,0.0,0.0,0.375,0.25,0.0,24.58280658721924,16.590749740600586,0.0011073629536710004,0.0,0.5,5.213716983795166,2.2837660014629364
train,base,21793,8,0.0035321488976478577,0.019031047821044922,0.0006568431854248047,0.008549958467483517,0.013790503144264214,0.875,0.0,0.0,0.0,0.0,0.0,0.0,0.0,13.94872397184372,7.26167631149292,0.003532145605320873,0.0,0.0,5.059766352176666,2.2517236173152924
train,base,21802,8,0.0025862976908683777,0.02067422866821289,1.4901161193847656e-06,0.006206190586090084,0.013440209627151478,1.0,0.0,0.0,0.0,0.0,0.0,0.0,0.0,26.926052451133728,13.715954780578613,0.0025862924840041046,0.0,0.0,4.921515464782715,2.2007053196430206
train,base,21807,8,-0.24980033934116364,0.0008633136749267578,0.0001226663589477539,0.00044775009155273427,0.0006555318832397458,0.75,0.0,0.0,0.0,0.25,0.0,0.0,0.0,22.465919137001038,15.903620719909668,0.0010779819918411704,0.0,0.0,4.845144808292389,2.165236994624138
train,base,21832,8,-0.6655204594135284,0.6150984168052673,-1.0,0.2270460605621337,0.42107223868370025,0.25,0.125,0.125,0.0,0.75,0.0,0.0,0.0,7.657801479101181,3.7369234561920166,0.014324220783237251,0.07500000298023224,0.0,4.43954336643219,2.028955638408661
train,base,21850,8,0.1446162387728691,0.761930525302887,0.0006441175937652588,0.7531286716461182,0.7575295984745025,0.875,0.375,0.375,0.0,0.0,0.125,0.0,0.125,10.028026700019836,3.6731209754943848,0.2804691269639079,0.0,0.13585288636386395,4.674919269979,2.055458150804043
train,base,21890,8,-0.7390483375638723,0.013317346572875977,-1.0,-0.05904724150896074,-0.022864947468042428,0.125,0.0,0.125,0.0,0.625,0.5,0.125,0.125,8.6943239569664,5.513296604156494,0.08141451867413707,0.10833333432674408,0.5796985384076834,5.617431841790676,2.2649606689810753
train,base,21915,8,-0.24848430487327278,0.02580459974706173,1.0371208190917969e-05,0.015535158105194565,0.020669878926128142,0.625,0.0,0.0,0.0,0.0,0.25,0.125,0.125,22.14904546737671,12.045903205871582,0.007299969764253511,0.0,0.31828407826833427,4.796409606933594,2.1300216019153595
train,base,21955,8,-0.0807603970170021,0.04895472526550293,0.0036862194538116455,0.023852264881134025,0.03640349507331846,0.875,0.0,0.0,0.0,0.0,0.0,0.0,0.0,16.004189014434814,11.824766159057617,0.011743749879983056,0.0,0.09250415861606598,4.837706387042999,2.1511780619621277
train,base,21959,8,-0.04997668298892677,0.9360306262969971,0.00010347366333007812,0.28328763246536237,0.6096591293811793,0.625,0.125,0.25,0.0,0.0,0.125,0.125,0.875,19.962039172649384,7.14806604385376,0.04738471920735887,0.17499999701976776,0.23138435813598335,1.4613818302750587,1.0472341775894165
train,base,21972,8,-0.49266432970762253,0.022500574588775635,-0.4970758557319641,0.01948857307434082,0.020994573831558224,0.5,0.0,0.0,0.0,0.125,0.5,0.0,0.0,9.60468453168869,4.856875419616699,0.007335675808860742,0.0,0.5,5.2468026876449585,2.2903817296028137
train,base,22014,8,-0.20014093071222305,0.28468000888824463,1.6033649444580078e-05,0.14534658789634702,0.21501329839229572,0.75,0.0,0.0,0.0,0.25,0.0,0.0,0.0,15.815246522426605,6.9699482917785645,0.05117130002351544,0.0,0.0,5.008468151092529,2.2140550315380096
train,base,22090,8,-0.12027203291654587,0.025532066822052002,0.0017824172973632812,0.010827791690826413,0.018179929256439197,0.75,0.0,0.0,0.0,0.125,0.125,0.0,0.0,16.12459099292755,10.854204177856445,0.004727975469004785,0.0,0.125,4.788078427314758,2.1703449487686157
train,base,22098,8,-0.3698938339948654,0.8490642309188843,-0.4999922215938568,0.3688265204429625,0.6089453756809231,0.5,0.125,0.125,0.0,0.5,0.0,0.0,0.0,12.90501093864441,8.23039436340332,0.06743046112364937,0.10000000149011612,3.934426058549434e-05,4.863224506378174,2.185169965028763
train,base,22119,8,-0.0662200003862381,0.013065874576568604,0.0002015233039855957,0.010643213987350464,0.011854544281959532,0.75,0.0,0.0,0.0,0.0,0.0,0.0,0.0,22.47933030128479,14.648945808410645,0.0032150421017832225,0.0,0.06943505257368088,4.921788513660431,2.1738937199115753
train,base,22142,8,-0.6330961659550667,0.0,-0.8046588003635406,-0.018957126140594485,-0.009478563070297256,0.0,0.0,0.125,0.0,0.0,0.625,0.0,0.0,26.07915109395981,5.240804195404053,0.0742823379095879,0.11666666716337204,0.7547712996602058,4.842953264713287,2.154712200164795
train,base,22167,8,-0.2633753903210163,0.030249357223510742,0.0010387897491455078,0.024217593669891357,0.027233475446701044,0.625,0.0,0.0,0.0,0.0,0.25,0.0,0.0,14.563159346580505,10.95305347442627,0.01765580264327582,0.0,0.28103119507431984,4.788387775421143,2.1259007453918457
train,base,22249,8,0.02503564953804016,0.6836872696876526,0.00885513424873352,0.5349765479564667,0.6093319088220596,0.875,0.25,0.125,0.0,0.0,0.125,0.0,0.0,6.826667964458466,3.749133348464966,0.1500356500857265,0.0,0.125,4.8152963519096375,2.1647191643714905
train,base,22275,8,-0.19058842211961746,0.7913998365402222,0.0003732740879058838,0.7054370045661926,0.7484184205532073,0.625,0.25,0.25,0.0,0.25,0.125,0.0,0.125,5.7353197783231735,0.946853518486023,0.18459171455459877,0.0,0.125,4.210703007876873,1.9518977478146553
train,base,22296,8,-0.2476956695318222,0.006141602993011475,0.0005764663219451904,0.005721867084503174,0.005931735038757324,0.75,0.0,0.0,0.0,0.125,0.125,0.0,0.0,15.21749222278595,11.005638122558594,0.005872801023087959,0.0,0.125,4.646615296602249,2.11978779733181
train,base,22307,8,0.35424182564020157,0.937346339225769,0.25187259912490845,0.792949092388153,0.8651477158069609,1.0,0.5,0.375,0.0,0.0,0.0,0.0,0.25,9.460596263408661,3.999481201171875,0.21044660310326435,0.19583332538604736,0.007219649851322174,3.7213365882635117,1.809612400829792
train,base,22433,8,0.00356176495552063,1.0,0.055669307708740234,0.8342187523841857,0.9171093761920928,0.75,0.25,0.375,0.125,0.125,0.25,0.0,0.25,16.338195979595184,4.862306594848633,0.16208200402355288,0.25833333283662796,0.3149365112185478,3.8035046085715294,1.817536860704422
train,base,22521,8,-0.24923495203256607,0.0028211474418640137,0.0,0.0008463442325592036,0.0018337458372116075,0.125,0.0,0.0,0.0,0.0,0.25,0.0,0.0,23.557132959365845,17.689899444580078,0.0007650515472072523,0.0,0.25,4.945599853992462,2.1990679800510406
train,base,22540,8,-0.44696997851133347,0.014640867710113525,-0.302094966173172,0.013328754901885986,0.013984811305999755,0.5,0.0,0.0,0.0,0.375,0.0,0.0,0.0,16.313202738761902,10.833563804626465,0.01660394768259721,0.0,0.0772920474410057,4.759513437747955,2.1414663791656494
train,base,22573,8,0.023669607937335968,0.12357896566390991,0.005953341722488403,0.06324209570884703,0.09341053068637843,1.0,0.0,0.0,0.0,0.0,0.0,0.0,0.25,14.003186821937561,9.651687622070312,0.0236696077772649,0.0,0.0,3.8683264330029488,1.847352221608162
train,base,22639,8,-0.5260741263628006,0.6071045994758606,-1.0,0.27860288023948665,0.4428537398576734,0.375,0.125,0.125,0.0,0.625,0.0,0.0,0.125,5.741887271404266,3.526897668838501,0.12486561460536905,0.0,0.0,4.312337748706341,2.0024289786815643
train,base,22658,8,-0.14144930988550186,0.1849934458732605,0.0,0.06059890985488888,0.12279617786407461,0.375,0.0,0.0,0.0,0.0,0.125,0.0,0.5,16.021659016609192,8.958247184753418,0.02541156513404799,0.012499995529651642,0.17922332137823105,2.9949958324432373,1.5651495456695557
train,base,22719,8,-0.3673430010676384,0.02343207597732544,0.0014256834983825684,0.021996712684631346,0.022714394330978393,0.625,0.0,0.0,0.0,0.375,0.0,0.0,0.0,16.955397725105286,10.61477279663086,0.0076667369922915896,0.0,0.0,5.241062819957733,2.2887193262577057
train,base,22744,8,-0.29633109271526337,3.159046173095703e-06,-0.07813623547554016,9.477138519287104e-07,2.0533800125122055e-06,0.125,0.0,0.25,0.0,0.0,0.375,0.0,0.0,22.9948593378067,8.547246932983398,0.029622524036371722,0.18333332985639572,0.48589490354061127,4.899567008018494,2.17099866271019
train,base,22798,8,-0.16817278414964676,0.9397523403167725,0.09405621886253357,0.5043025374412535,0.7220274388790127,0.625,0.25,0.125,0.0,0.25,0.125,0.0,0.0,6.502916574478149,3.77347469329834,0.1013952230553059,0.11666666716337204,0.125,5.220266222953796,2.229049637913704
train,base,22883,8,-0.4472514381632209,0.03225982189178467,-0.25671661645174026,0.009681493043899531,0.020970657467842085,0.25,0.0,0.125,0.0,0.375,0.125,0.0,0.125,6.5272035002708435,3.984543800354004,0.091421869706096,0.0,0.3659249832853675,4.293071649968624,1.9892885237932205
train,base,22924,8,-0.2645447328686714,0.6894503831863403,0.004082739353179932,0.29724764823913563,0.4933490157127377,0.625,0.125,0.125,0.0,0.0,0.375,0.0,0.0,13.234144747257233,4.40407133102417,0.1104552616016008,0.0,0.375,4.65766304731369,2.111207664012909
train,base,22956,8,0.10273517295718193,0.44334298372268677,0.0660804808139801,0.24005407691001887,0.34169853031635267,0.875,0.125,0.0,0.0,0.0,0.0,0.0,0.0,4.91445991396904,3.699124813079834,0.11161562311463058,0.0,0.008880455046892166,4.879928112030029,2.1805088222026825
train,base,23075,8,-0.1763264313340187,0.33669179677963257,0.0006435215473175049,0.27561500668525696,0.3061534017324447,0.75,0.125,0.0,0.0,0.25,0.0,0.0,0.0,14.992268979549408,7.34396505355835,0.0737644092340588,0.0,0.0,5.053500413894653,2.234308123588562
train,base,23083,8,0.1641150340437889,0.9057682752609253,0.3024338483810425,0.7779159665107727,0.8418421208858489,0.75,0.5,0.5,0.125,0.125,0.0,0.0,0.0,9.603634238243103,4.079996585845947,0.3721092450796277,0.11666666716337204,0.17816838808357716,4.773870974779129,2.140443041920662
train,base,23101,8,-0.03537268191576004,0.6881819367408752,0.0032775402069091797,0.21533291339874255,0.4517574250698086,0.875,0.125,0.125,0.0,0.0,0.125,0.0,0.75,15.346854567527771,4.41671085357666,0.08962732053345235,0.0,0.125,1.8955354541540146,1.1884252279996872
train,base,23119,8,0.08177154511213303,0.8348832726478577,0.03836968541145325,0.3501673638820647,0.5925253182649609,0.875,0.125,0.125,0.0,0.0,0.0,0.125,0.375,6.748246133327484,4.235142230987549,0.11331215021618846,0.07500000298023224,0.0625,3.268515922129154,1.6496107950806618
train,base,23138,8,-0.05607292056083679,0.2009602189064026,0.0557495653629303,0.12298200726509093,0.16197111308574672,0.875,0.0,0.0,0.0,0.0,0.125,0.0,0.0,6.911436349153519,3.503326892852783,0.06892707501538098,0.0,0.125,4.690821409225464,2.1118019819259644
train,base,23186,8,-0.5901530086994171,0.06055176258087158,-0.7174071669578552,0.03145955801010131,0.04600566029548643,0.25,0.0,0.125,0.0,0.125,0.625,0.25,0.25,7.507076919078827,3.9299869537353516,0.05248630768437579,0.05833332985639572,0.8076380863785744,3.837298922240734,1.7978740707039833
train,base,23188,8,0.06650066375732422,0.9912782907485962,0.11018982529640198,0.9155654847621918,0.9534218877553939,0.75,0.375,0.375,0.0,0.25,0.0,0.0,0.125,10.493574768304825,3.9251868724823,0.2519159526564181,0.2499999925494194,0.0,4.4525638073682785,2.008211925625801
train,base,23203,8,-0.0021297778002917767,1.0,4.559755325317383e-06,0.3013599693775175,0.6506799846887583,0.75,0.125,0.25,0.125,0.125,0.0,0.0,0.125,20.203088462352753,3.371870517730713,0.18789864692300284,0.23749999701976776,0.07818084163591266,4.396077051758766,2.011055201292038
train,base,23236,8,0.013578861951828003,0.1062924861907959,0.00024944543838500977,0.03280845284461973,0.06955046951770777,1.0,0.0,0.0,0.0,0.0,0.0,0.0,0.125,15.6387619972229,10.2583646774292,0.013578853756371245,0.0,0.0,4.812571659684181,2.0988424196839333
train,base,23289,8,0.008889742195606232,0.03550577163696289,0.0028625428676605225,0.027172929048538207,0.031339350342750545,0.875,0.0,0.0,0.0,0.0,0.0,0.0,0.125,15.317414045333862,8.230337142944336,0.00888973865940558,0.0,0.0,4.614677183330059,2.1063642129302025
train,base,23291,8,-0.10160402953624725,0.09452652931213379,0.0074686408042907715,0.06890661716461181,0.08171657323837278,0.875,0.0,0.125,0.0,0.125,0.0,0.0,0.0,7.490226447582245,4.33298921585083,0.11050816525452944,0.10000000149011612,0.0,4.871371388435364,2.177762031555176
train,base,23367,8,0.22745606116950512,1.0,0.10189338773488998,0.8836053133010864,0.9418026566505431,0.875,0.375,0.375,0.125,0.125,0.0,0.0,0.0,8.490089267492294,3.5509092807769775,0.2822725446894765,0.23333333432674408,0.01716349460184574,4.8843695521354675,2.1972237527370453
train,base,23406,8,-0.12409945577383041,0.003408074378967285,0.00029030442237854004,0.0025154888629913327,0.0029617816209793085,0.625,0.0,0.0,0.0,0.0,0.125,0.0,0.0,17.815624713897705,11.49557113647461,0.0009005444746353266,0.0,0.125,4.656086683273315,2.107058733701706
train,base,23420,8,-0.49988753348588943,0.0005908608436584473,-0.4999973773956299,0.00033017396926879875,0.0004605174064636229,0.5,0.0,0.0,0.0,0.5,0.0,0.0,0.0,16.056384086608887,12.149456977844238,0.00014435978958715623,0.0,0.0,5.0221182107925415,2.2472184598445892
train,base,23465,8,0.007071100175380707,0.05279964208602905,0.0,0.017926472425460804,0.03536305725574491,0.375,0.0,0.0,0.0,0.0,0.0,0.0,0.0,16.907997131347656,11.228195190429688,0.007071103536879161,0.0,0.0,4.905366659164429,2.1831438690423965
train,base,23495,8,0.11828964203596115,0.2106701135635376,0.12135457992553711,0.18913240432739256,0.19990125894546507,1.0,0.0,0.0,0.0,0.0,0.0,0.0,0.0,5.245955854654312,3.460146903991699,0.11828964320011437,0.0,0.0,5.019739270210266,2.220587372779846
train,base,23498,8,-0.07962684612721205,0.647560715675354,0.008147884160280228,0.6370282232761383,0.6422944694757462,0.625,0.375,0.5,0.125,0.0,0.375,0.0,0.0,7.493256032466888,3.9808387756347656,0.28434707947417337,0.12083332985639572,0.4463271228596568,4.7731903195381165,2.124885082244873
train,base,23521,8,-0.7494886964559555,0.004080295562744141,-1.0,0.001231181621551513,0.002655738592147825,0.25,0.0,0.125,0.0,0.75,0.375,0.125,0.25,6.544299256056547,0.4705558717250824,0.029946317022563562,0.125,0.4375,3.9304117560386658,1.8412746489048004
train,base,23540,8,0.44672776758670807,0.9678168892860413,0.3549826145172119,0.966725492477417,0.9672711908817291,1.0,0.5,0.5,0.0,0.0,0.0,0.0,0.0,11.702519923448563,3.7096705436706543,0.354630320653996,0.3166666701436043,0.0,4.405211508274078,2.0321536511182785
train,base,23544,8,-0.3652062742039561,0.0007485747337341309,-0.18622953817248344,0.00027722716331481925,0.0005129009485244747,0.25,0.0,0.375,0.0,0.0,0.625,0.0,0.125,18.277791768312454,3.927600145339966,0.18247429047163877,0.15416666865348816,0.6388401119038463,4.035270966589451,1.9079179018735886
train,base,23652,8,0.045728929340839386,0.20040678977966309,0.012425869703292847,0.11575477719306944,0.1580807834863662,1.0,0.0,0.0,0.0,0.0,0.0,0.0,0.0,13.0967298746109,8.225092887878418,0.04572893512522569,0.0,0.0,4.861626029014587,2.1769182980060577
train,base,23676,8,-0.37499989569187164,8.344650268554688e-07,0.0,2.503395080566405e-07,5.424022674560542e-07,0.125,0.0,0.0,0.0,0.375,0.0,0.0,0.0,31.42082381248474,27.302080154418945,1.0368507540499832e-07,0.0,0.0,4.889028012752533,2.1978525519371033
train,base,23700,8,-0.1714172661304474,0.9705977439880371,0.009482651948928833,0.39992688894271833,0.6852623164653774,0.625,0.125,0.375,0.125,0.125,0.25,0.0,0.125,5.543454837054014,0.24143609404563904,0.09443136441342403,0.3583333268761635,0.4147597402334213,4.516714006662369,2.019842103123665
train,base,23739,8,0.4895898923277855,1.0,0.4910230040550232,0.9157404780387878,0.9578702390193938,1.0,0.5,0.5,0.125,0.0,0.0,0.0,0.0,6.04454305768013,3.6553781032562256,0.1938244546763599,0.42500000447034836,0.0,5.003556966781616,2.2420077323913574
train,base,23829,8,-0.1339561715722084,0.9117031097412109,0.0018859505653381348,0.27795295715332013,0.5948280334472651,0.75,0.125,0.125,0.0,0.25,0.0,0.0,0.0,13.418542623519897,9.863263130187988,0.019836030729038612,0.11249999701976776,0.0,4.690472602844238,2.0920653492212296
train,base,23973,8,-0.30214579426683486,0.015558838844299316,-0.026812687516212463,0.013234330900013446,0.01439658487215638,0.5,0.0,0.125,0.0,0.125,0.125,0.125,0.0,13.586335003376007,4.1109299659729,0.0946219510726678,0.06666666269302368,0.24482323993288446,4.801876664161682,2.1297232806682587
train,base,24044,8,-0.06507051736116409,0.29150938987731934,0.0035526156425476074,0.1598951458930969,0.22570226788520803,0.875,0.0,0.0,0.0,0.0,0.125,0.0,0.0,13.956664443016052,4.8834075927734375,0.05992947698723583,0.0,0.125,4.947599947452545,2.209922194480896
train,base,24064,8,-0.015411078929901123,0.7397925853729248,-0.0659780204296112,0.7221008837223053,0.730946734547615,0.375,0.25,0.625,0.25,0.0,0.25,0.0,0.0,7.96439066529274,3.7306950092315674,0.477089627866917,0.42916666716337204,0.7322121784090996,4.857557535171509,2.158272922039032
train,base,24138,8,-0.4154183492064476,0.13723719120025635,-0.29996025562286377,0.09702999591827391,0.11713359355926511,0.5,0.0,0.0,0.0,0.375,0.0,0.0,0.0,6.546475768089294,4.543902397155762,0.06523708207532763,0.0,0.08718094974756241,4.6711331605911255,2.1201303601264954
train,base,24163,8,-0.374599814414978,0.0012535452842712402,0.00010690093040466309,0.0010925352573394776,0.0011730402708053588,0.625,0.0,0.0,0.0,0.375,0.0,0.0,0.0,14.688271164894104,9.974559783935547,0.00040927698568005155,0.0,0.0,4.851750373840332,2.194821059703827
train,base,24191,8,-0.07333873212337494,0.45622026920318604,0.004965364933013916,0.3924492835998535,0.42433477640151973,0.75,0.25,0.125,0.0,0.0,0.25,0.0,0.0,14.114325165748596,5.497857093811035,0.17666126798948767,0.0,0.25,4.8431320786476135,2.1709026098251343
train,base,24199,8,0.4527598451822996,0.7825309634208679,0.7434729933738708,0.7683639585971832,0.7754474610090256,0.875,0.625,0.625,0.0,0.0,0.0,0.0,0.125,7.841014891862869,3.43902325630188,0.47356887921341695,0.0,0.02080904133617878,4.462355598807335,2.0685963928699493
train,base,24257,8,-0.49999967962503433,8.940696716308594e-07,-0.49999916553497314,2.6822090148925765e-07,5.811452865600582e-07,0.125,0.0,0.0,0.0,0.0,0.5,0.125,0.0,28.248181104660034,21.227054595947266,6.174635333975741e-05,0.0,0.5625,4.91490113735199,2.197069227695465
train,base,24334,8,0.46047013998031616,0.9734847545623779,0.4517311453819275,0.9712605714797974,0.9723726630210876,1.0,0.5,0.5,0.0,0.0,0.0,0.0,0.0,12.103135704994202,5.170122146606445,0.2412841376697088,0.3958333432674408,0.0,5.106472671031952,2.287972539663315
train,base,24351,8,0.3522515147924423,0.9180465936660767,0.310986191034317,0.8866226851940155,0.9023346394300461,0.875,0.5,0.375,0.0,0.0,0.125,0.0,0.0,4.929625630378723,3.453993797302246,0.2820473819738254,0.2916666641831398,0.125,5.019097447395325,2.2483352720737457
train,base,24352,8,0.08444184716790915,0.8374053835868835,0.00016298890113830566,0.2537638962268828,0.5455846399068828,0.75,0.125,0.125,0.0,0.0,0.0,0.0,0.0,20.562999486923218,13.374221801757812,0.003901762279383547,0.1041666641831398,0.021081545390188694,5.031949400901794,2.2340158224105835
train,base,24366,8,-0.24419335584389046,1.0,-0.0020661477465182543,0.30000012516975383,0.6500000625848765,0.375,0.125,0.125,0.125,0.0,0.375,0.0,0.25,21.326493501663208,3.5355663299560547,0.10309901256214563,0.12083332985639572,0.37551657418953255,3.7541545256972313,1.8161923065781593
train,base,24383,8,0.019092489033937454,0.83910071849823,0.009800881147384644,0.7738568603992462,0.8064787894487381,0.75,0.25,0.25,0.0,0.125,0.125,0.0,0.0,9.05437856912613,3.846318244934082,0.25525251962972106,0.09583333134651184,0.1269766187760979,4.893480837345123,2.1668947339057922
train,base,24408,8,-0.338519299402833,1.2516975402832031e-06,-0.056334204971790314,5.424022674560546e-07,8.970499038696283e-07,0.375,0.0,0.0,0.0,0.25,0.0,0.0,0.0,27.49165904521942,14.091609001159668,0.0021536164807183233,0.0,0.09849007800221443,4.9314146637916565,2.200605660676956
train,base,24409,8,-0.49645286053419113,0.019854605197906494,-0.49997106194496155,0.01178624629974365,0.015820425748825067,0.5,0.0,0.0,0.0,0.5,0.0,0.0,0.0,13.99722969532013,9.385272979736328,0.030905611493381002,0.0,0.0,5.238520681858063,2.2723208367824554
train,base,24457,8,-0.08625122159719467,0.8180554509162903,0.054053038358688354,0.448942071199417,0.6334987610578534,0.75,0.125,0.125,0.0,0.25,0.0,0.0,0.0,5.614500671625137,3.4483482837677,0.08002177440721425,0.10000000149011612,0.0,5.477378726005554,2.2750540524721146
train,base,24613,8,0.022057704627513885,0.9053196310997009,0.04654550552368164,0.33352062106132496,0.6194201260805126,0.875,0.125,0.25,0.0,0.125,0.0,0.0,0.0,4.774405349045992,0.4041813910007477,0.040542303425866066,0.23749999701976776,0.0,5.018281400203705,2.1964157819747925
train,base,24669,8,-0.6064713001251221,0.0703589916229248,-1.0,0.058858728408813475,0.06460886001586913,0.375,0.0,0.25,0.0,0.5,0.375,0.125,0.0,4.888585239648819,1.229182481765747,0.04196147188486066,0.26249999552965164,0.4375,4.957555890083313,2.201500743627548
train,base,24680,8,-0.8747722432017326,0.001822054386138916,-1.0,-0.6994533836841585,-0.34881566464901026,0.125,0.0,0.25,0.0,0.875,0.0,0.0,0.0,3.9786545261740685,0.8559908270835876,0.20454314042581245,0.0,0.0,4.652202606201172,2.095701575279236
train,base,24774,8,-0.871733583509922,0.02613133192062378,-1.0,-0.692160600423813,-0.3330146342515951,0.125,0.0,0.25,0.0,0.875,0.625,0.25,0.0,5.707110822200775,2.8721039295196533,0.18991241967887618,0.12083332985639572,0.7602266324684024,4.572099387645721,2.1167091131210327
train,base,24815,8,0.044463738799095154,0.21990609169006348,0.011175572872161865,0.10805669426918027,0.1639813929796218,1.0,0.0,0.0,0.0,0.0,0.0,0.0,0.0,12.43423455953598,7.434420108795166,0.04446372852734504,0.0,0.0,5.34576803445816,2.302059531211853
train,base,24838,8,0.014477312564849854,0.06976532936096191,0.004608750343322754,0.03369107246398925,0.051728200912475555,1.0,0.0,0.0,0.0,0.0,0.0,0.0,0.0,7.814947068691254,3.6408448219299316,0.014477308839559555,0.0,0.0,4.795666038990021,2.159146726131439
train,base,24997,8,0.08379794657230377,0.34977567195892334,0.011842072010040283,0.2721844017505646,0.3109800368547439,1.0,0.125,0.0,0.0,0.0,0.0,0.0,0.0,7.745373874902725,3.0235817432403564,0.06001453609496821,0.02499999850988388,0.0,5.141933023929596,2.2812564074993134
train,base,25049,8,-0.45307786017656326,0.23951643705368042,-0.5,0.16695653200149535,0.20323648452758783,0.375,0.0,0.0,0.0,0.5,0.0,0.0,0.0,4.731104671955109,3.773756504058838,0.07447739467916825,0.0,0.0,4.9520686864852905,2.205636501312256
train,base,25127,8,0.015977010130882263,0.03504157066345215,0.007162272930145264,0.033970493078231814,0.03450603187084198,1.0,0.0,0.0,0.0,0.0,0.0,0.0,0.0,8.904803276062012,6.288993835449219,0.015977018199919257,0.0,0.0,5.647515118122101,2.368069514632225
train,base,25144,8,-0.3066876530647278,0.02759420871734619,0.0018767714500427246,0.013950455188751217,0.020772331953048694,0.625,0.0,0.125,0.0,0.25,0.0,0.125,0.125,7.225977522986276,2.309241533279419,0.00790768394654151,0.125,0.0625,4.4415105283260345,1.978689506649971
train,base,25174,8,-0.19284143298864365,0.33659738302230835,0.009900450706481934,0.1419167339801788,0.23925705850124346,0.75,0.125,0.0,0.0,0.25,0.0,0.0,0.0,6.4997080862522125,3.282299280166626,0.044920425047166646,0.03333333134651184,0.0,4.90335214138031,2.138276293873787
train,base,25176,8,0.255637897644192,1.0,0.014216125011444092,0.9827390491962433,0.9913695245981217,0.75,0.25,0.25,0.125,0.0,0.0,0.0,0.0,13.199680089950562,5.2926859855651855,0.07606052714254474,0.23333332687616348,0.0013748049968853593,4.830438494682312,2.1661745756864548
train,base,25209,8,0.2363823503255844,0.902890682220459,0.00866660475730896,0.8071294784545898,0.8550100803375243,1.0,0.25,0.25,0.0,0.0,0.0,0.0,0.0,15.435386300086975,7.425606727600098,0.05213153282966232,0.22500000149011612,0.0,4.639522314071655,2.0825569927692413
train,base,25211,8,0.14637339115142822,0.5940678119659424,0.007088124752044678,0.5131759822368621,0.5536218971014022,0.75,0.25,0.125,0.0,0.0,0.0,0.0,0.0,13.521609425544739,6.52208137512207,0.04227952938351182,0.11666667461395264,0.0,4.939602971076965,2.1881993412971497
train,base,25219,8,-0.13893282413482666,0.4944028854370117,0.004914671182632446,0.34063876867294307,0.4175208270549773,0.75,0.125,0.0,0.0,0.0,0.125,0.0,0.0,11.91113966703415,6.044711589813232,0.11090324674114527,0.0,0.24983608722686768,4.8361541628837585,2.1743444204330444
train,base,25224,8,0.3178033158183098,1.0,0.18163833022117615,0.8939921498298645,0.9469960749149322,1.0,0.5,0.25,0.125,0.0,0.0,0.0,0.0,7.777604460716248,5.302423000335693,0.09326797371613793,0.26249999552965164,0.0,4.937819063663483,2.203771188855171
train,base,25247,8,-0.03625735640525818,0.909837007522583,0.2593209743499756,0.713526564836502,0.8116817861795425,0.625,0.5,0.5,0.0,0.125,0.375,0.0,0.0,10.482687294483185,4.310576915740967,0.3127887752650622,0.08750000596046448,0.375,4.845608055591583,2.162901535630226
train,base,25341,8,0.028704874217510223,0.38976311683654785,0.015544712543487549,0.288699471950531,0.33923129439353933,0.875,0.125,0.0,0.0,0.0,0.0,0.125,0.0,5.775323697498867,3.4542319774627686,0.053065070416778326,0.0416666641831398,0.0625,4.596100568771362,2.088498532772064
train,base,25404,8,-0.19089695066213608,0.409368634223938,5.4836273193359375e-06,0.16721022129058832,0.288289427757263,0.75,0.125,0.0,0.0,0.125,0.125,0.0,0.0,23.625224471092224,10.099987983703613,0.0221885931050243,0.0416666641831398,0.125,5.277309238910675,2.225893497467041
train,base,25429,8,-0.6428634671028703,0.05577492713928223,-0.9311503469944,0.013398749940097321,0.034586838539689746,0.125,0.0,0.125,0.0,0.5,0.125,0.0,0.0,6.633287072181702,3.9169836044311523,0.06028006711858325,0.12083332985639572,0.5075713542755693,4.6486892104148865,2.1279720067977905
train,base,25450,8,-0.11449162662029266,0.02235102653503418,0.0017437636852264404,0.013063430786132809,0.01770722866058349,0.75,0.0,0.0,0.0,0.0,0.0,0.0,0.0,14.09335047006607,7.87100076675415,0.0048296768053007096,0.0,0.119321309030056,4.798873245716095,2.1688775718212128
train,base,25465,8,-0.17904504388570786,0.9571948647499084,0.0036478638648986816,0.2940130472183226,0.6256039559841151,0.625,0.125,0.125,0.125,0.0,0.25,0.0,0.0,7.76975616812706,3.938047170639038,0.08529922510626875,0.11249999701976776,0.3125,4.663993418216705,2.1055111289024353
train,base,25470,8,0.01294948160648346,0.059951722621917725,0.001426011323928833,0.0322812795639038,0.046116501092910746,1.0,0.0,0.0,0.0,0.0,0.0,0.0,0.0,19.20752453804016,11.504777908325195,0.012949484160458269,0.0,0.0,5.866809070110321,2.3178797364234924
train,base,25485,8,0.023599259555339813,0.07451575994491577,0.017753660678863525,0.047918939590454096,0.06121734976768492,1.0,0.0,0.0,0.0,0.0,0.0,0.0,0.0,7.351210355758667,3.4084434509277344,0.023599252599524334,0.0,0.0,5.039092183113098,2.2449285686016083
train,base,25528,8,-0.11214277148246765,0.044968247413635254,0.008511185646057129,0.03131318688392639,0.03814071714878081,0.75,0.0,0.125,0.0,0.125,0.0,0.0,0.0,8.275726348161697,3.491919755935669,0.012857232431997571,0.125,0.0,4.7433189153671265,2.1459989845752716
train,base,25622,8,-0.269694484770298,0.7867976427078247,0.009542346000671387,0.2545305788516997,0.5206641107797618,0.625,0.125,0.25,0.0,0.375,0.0,0.0,0.0,7.086280882358551,3.6904239654541016,0.07182080438360572,0.16249999403953552,0.0,4.671512305736542,2.1269268840551376
train,base,25638,8,0.19078537076711655,0.6774181723594666,0.030389904975891113,0.5408672749996185,0.6091427236795425,0.875,0.375,0.125,0.0,0.0,0.0,0.0,0.0,12.58975613117218,7.531455993652344,0.050666988230842584,0.16249999403953552,0.0,4.653477966785431,2.120541960000992
train,base,25642,8,-0.1229620985686779,0.016286700963974,3.248453140258789e-06,0.004889640212059018,0.010588170588016501,0.75,0.0,0.0,0.0,0.125,0.0,0.0,0.0,13.120513021945953,7.3540425300598145,0.035626843466257774,0.0,0.02180219069123268,4.726252794265747,2.133248910307884
train,base,25643,8,-0.12196311354637146,0.022583305835723877,0.00019925832748413086,0.007304000854492183,0.01494365334510802,0.875,0.0,0.0,0.0,0.125,0.0,0.0,0.0,17.46984589099884,9.99165153503418,0.004114672265018271,0.0,0.0,4.730934977531433,2.1388513892889023
train,base,25691,8,-0.6117466008290648,0.0,-0.9214787483215332,0.0,0.0,0.0,0.0,0.0,0.0,0.25,0.25,0.0,0.0,22.77394676208496,10.458024024963379,0.02459007756672535,0.0,0.36252334620803595,5.400876998901367,2.2793391942977905
train,base,25808,8,-0.06613034754991531,0.9672533869743347,0.009133100509643555,0.6168426632881163,0.7920480251312253,0.75,0.25,0.25,0.125,0.25,0.125,0.0,0.375,7.247286081314087,2.1869096755981445,0.09899437233252684,0.2291666641831398,0.1875,3.7584615349769592,1.692891702055931
train,base,25852,8,0.1007940024137497,0.29071664810180664,0.05962023138999939,0.24313190579414368,0.2669242769479751,1.0,0.0,0.0,0.0,0.0,0.0,0.0,0.0,5.076026499271393,3.666877031326294,0.10079399682581425,0.0,0.0,4.83586186170578,2.201428771018982
train,base,25873,8,-0.5988221615552902,4.589557647705078e-06,-0.8952964842319489,1.3768672943115227e-06,2.983212471008298e-06,0.125,0.0,0.0,0.0,0.0,0.5,0.125,0.0,26.195334315299988,15.27510929107666,0.0012033212278798593,0.0,0.6613270938396454,4.462032973766327,2.055088996887207
train,base,25894,8,-0.6248859539628029,0.0005005598068237305,-0.9999707639217377,0.00029774308204650875,0.0003991514444351195,0.375,0.0,0.0,0.0,0.5,0.125,0.0,0.0,20.852603673934937,11.039894104003906,0.009768549421096395,0.0,0.125,4.711018800735474,2.1544594764709473
train,base,25967,8,-0.05667976289987564,0.35854458808898926,0.03032773733139038,0.1612157225608825,0.25988015532493575,0.875,0.125,0.0,0.0,0.125,0.0,0.0,0.0,6.8977208733558655,3.9315037727355957,0.0724852331331931,0.0,0.0,4.700527548789978,2.147171586751938
train,base,25985,8,0.04125203937292099,0.2030845284461975,0.0009835362434387207,0.14651752114295957,0.1748010247945785,1.0,0.0,0.0,0.0,0.0,0.0,0.0,0.0,6.681694716215134,3.1178243160247803,0.04125204478395972,0.0,0.0,4.5274171233177185,2.0619959086179733
train,base,25997,8,0.04484144598245621,0.1290285587310791,0.018780022859573364,0.11779465675354003,0.12341160774230957,1.0,0.0,0.0,0.0,0.0,0.0,0.0,0.0,17.842489361763,9.8191499710083,0.044841439475987954,0.0,0.0,4.7388636469841,2.122793197631836
train,base,26080,8,-0.32870977371931076,0.35850536823272705,-0.20220625400543213,0.16493535041809076,0.26172035932540877,0.5,0.125,0.125,0.0,0.125,0.5,0.0,0.0,8.94674463570118,1.9748040437698364,0.17129022753215395,0.0,0.5,5.003672242164612,2.203131914138794
train,base,26111,8,0.18321342510171235,0.7639238238334656,0.00010251998901367188,0.7283569633960724,0.7461403936147689,0.875,0.25,0.25,0.0,0.0,0.0,0.0,0.125,18.925121277570724,3.651372194290161,0.1846968545667096,0.0,0.0014834206085652113,4.680201359093189,2.115386463701725
train,base,26134,8,-0.47420740872621536,0.5412957668304443,-0.6471669673919678,0.1659441351890563,0.3536199510097501,0.25,0.125,0.375,0.0,0.0,0.75,0.0,0.25,12.085295051336288,3.686267614364624,0.2796453889827717,0.13749999552965164,0.792843796312809,3.624022550880909,1.7568487599492073
train,base,26137,8,-0.121549591422081,0.44914793968200684,9.328126907348633e-06,0.1348101377487182,0.29197903871536235,0.625,0.125,0.125,0.0,0.0,0.0,0.0,0.0,23.663400769233704,5.642489433288574,0.06811118123597737,0.0,0.18966077268123627,4.98021388053894,2.2230100631713867
train,base,26294,8,-0.0030672289431095123,0.021071553230285645,0.0024524033069610596,0.01757005453109741,0.019320803880691524,0.875,0.0,0.0,0.0,0.0,0.0,0.0,0.0,18.86295199394226,13.677067756652832,0.006344970451664267,0.0,0.00941220298409462,5.046797215938568,2.2181209325790405
train,base,26333,8,0.12123673409223557,0.5369021892547607,0.06998065114021301,0.2587624788284301,0.39783233404159524,1.0,0.125,0.125,0.0,0.0,0.0,0.0,0.0,5.780823886394501,3.608001708984375,0.0633495154324919,0.0625,0.0,4.936572313308716,2.2169752717018127
train,base,26362,8,-0.15339136868715286,0.6339076161384583,0.00028887391090393066,0.27137582898139945,0.4526417225599286,0.5,0.125,0.125,0.0,0.0,0.125,0.0,0.0,14.767084956169128,4.90196418762207,0.0944612651375065,0.0,0.2478526383638382,4.85168331861496,2.1730687618255615
train,base,26422,8,-0.5495636388659477,0.08835124969482422,-0.7424399852752686,0.026512551307678208,0.057431900501251174,0.375,0.0,0.125,0.125,0.375,0.125,0.0,0.0,5.296142190694809,3.1576359272003174,0.04606500585396134,0.125,0.2466065865010023,4.7389897108078,2.135548025369644
train,base,26438,8,0.3881087079644203,0.6803265810012817,0.4369322955608368,0.6384969353675842,0.659411758184433,1.0,0.625,0.5,0.0,0.0,0.0,0.0,0.0,4.768116921186447,3.7252979278564453,0.35841356962919235,0.03333333134651184,0.0,4.96292507648468,2.2177693843841553
train,base,26537,8,0.011707261204719543,0.08075642585754395,8.83638858795166e-05,0.02984462976455687,0.055300527811050375,0.875,0.0,0.0,0.0,0.0,0.0,0.0,0.0,23.38446009159088,10.864226341247559,0.011707263488844764,0.0,0.0,4.987354755401611,2.210973024368286
train,base,26562,8,-0.02246309444308281,0.03328502178192139,0.0023362338542938232,0.019306147098541254,0.026295584440231314,0.75,0.0,0.0,0.0,0.0,0.0,0.0,0.0,13.94546514749527,7.46049165725708,0.010847261151554363,0.0,0.03331035003066063,4.940356552600861,2.196230322122574
train,base,26601,8,-0.12193876504898071,0.9036406874656677,0.0011464357376098633,0.3203619837760924,0.6120013356208797,0.75,0.125,0.125,0.0,0.25,0.0,0.0,0.125,14.257520020008087,6.627377033233643,0.0680889508130349,0.1041666641831398,0.0,4.315006837248802,1.9837351739406586
train,base,26743,8,-0.5218992158770561,0.0031608939170837402,-0.5891852080821991,0.000958865880966186,0.002059879899024962,0.375,0.0,0.25,0.0,0.375,0.375,0.0,0.0,18.1947104036808,2.7992937564849854,0.16439971789395003,0.22083333134651184,0.42160531505942345,4.742866158485413,2.1460934579372406
train,base,26779,8,-0.2499995082616806,0.0,0.0,0.0,0.0,0.0,0.0,0.0,0.0,0.0,0.25,0.0,0.0,29.25968289375305,25.61055564880371,4.907591421088045e-07,0.0,0.25,4.99414336681366,2.213030457496643
train,base,26863,8,0.0115094855427742,0.98935467004776,0.0499742329120636,0.9201030433177948,0.9547288566827774,0.75,0.25,0.5,0.0,0.25,0.0,0.0,0.0,9.384817838668823,4.22975492477417,0.33619808456569444,0.40416666120290756,0.0,4.714235305786133,2.1430285423994064
train,base,26922,8,-0.30336473882198334,0.6105020046234131,-0.3587340712547302,0.3327229499816894,0.47161247730255107,0.25,0.125,0.625,0.0,0.125,0.75,0.125,0.0,7.1282758712768555,5.10115385055542,0.39116332959383726,0.1875,0.8125,4.755514681339264,2.15171617269516
train,base,26944,8,-0.007058274000883102,0.17708909511566162,0.00025027990341186523,0.08134658336639403,0.12921783924102775,0.5,0.0,0.0,0.0,0.0,0.0,0.0,0.0,14.777213215827942,9.071680068969727,0.02880064077964739,0.0,0.035858917981386185,4.661404192447662,2.1135996729135513
train,base,26963,8,-0.6208706349134445,0.023833096027374268,-1.0,0.010414481163024899,0.017123788595199575,0.375,0.0,0.0,0.0,0.625,0.0,0.0,0.0,7.872559189796448,4.302863597869873,0.02117110654944554,0.0,0.0,4.79276704788208,2.15047150850296
train,base,27008,8,0.16486698295921087,1.0,0.01967432349920273,0.47840286493301376,0.7392014324665066,0.875,0.125,0.125,0.125,0.0,0.0,0.0,0.0,6.901130050420761,2.777941942214966,0.08964183554326155,0.12083332985639572,0.00899458015919663,4.679735064506531,2.1184657514095306
train,base,27132,8,-0.253476046025753,0.4967691898345947,1.7881393432617188e-07,0.17105929851531973,0.333914244174957,0.5,0.125,0.0,0.0,0.25,0.0,0.0,0.0,14.754782855510712,5.999744892120361,0.06689038250330936,0.0,0.07004421949386597,4.692726194858551,2.1101302206516266
train,base,27158,8,-0.8749542683362961,0.00036585330963134766,-1.0,-0.6998902440071108,-0.34976219534874015,0.125,0.0,0.375,0.0,0.875,0.0,0.0,0.0,11.79530793428421,4.604991436004639,0.11846475546553847,0.2708333283662796,0.0,6.0626742243766785,2.5661536753177643
train,base,27159,8,-0.71822240203619,7.736682891845703e-05,-0.9843549430370331,2.967715263366698e-05,5.3521990776061974e-05,0.25,0.0,0.125,0.0,0.25,0.5,0.0,0.0,5.898615315556526,1.0455280542373657,0.031777593744322985,0.125,0.5,5.55888158082962,2.392328143119812
train,base,27175,8,-0.009075790643692017,0.641098141670227,0.004578709602355957,0.3774492919445037,0.5092737168073652,0.875,0.125,0.125,0.0,0.125,0.0,0.0,0.0,13.766750454902649,8.100882530212402,0.0517282430528212,0.08749999850988388,0.0,4.6126150488853455,2.08946031332016
train,base,27179,8,0.1040349081158638,0.8026430606842041,0.0016915500164031982,0.25640104413032516,0.5295220524072644,0.5,0.125,0.125,0.0,0.0,0.0,0.0,0.125,20.943140923976898,3.1942076683044434,0.10403490644991699,0.0,0.0,4.434481866657734,2.025629311800003
train,base,27186,8,0.0058411285281181335,0.020239293575286865,0.0039784908294677734,0.012415683269500731,0.016327488422393795,1.0,0.0,0.0,0.0,0.0,0.0,0.0,0.125,7.883669137954712,5.292612075805664,0.005841125177539652,0.0,0.0,4.662046134471893,2.07110133767128
train,base,27204,8,0.0827365294098854,0.7868032455444336,0.290576308965683,0.6921528816223145,0.739478063583374,0.75,0.5,0.5,0.0,0.25,0.0,0.0,0.0,10.193217605352402,3.794524908065796,0.41332099583860327,0.0416666641831398,0.0,4.83137708902359,2.199176251888275
train,base,27206,8,-0.3379875533282757,0.7585986852645874,-0.2312764674425125,0.22759258151054368,0.49309563338756524,0.5,0.125,0.125,0.0,0.125,0.25,0.0,0.0,16.30064594745636,7.308911323547363,0.06291150822014258,0.07916666567325592,0.30781982466578484,4.637779653072357,2.0968113839626312
train,base,27208,8,-0.22341476380825043,0.0031564831733703613,6.377696990966797e-06,0.0017923414707183834,0.0024744123220443717,0.625,0.0,0.0,0.0,0.125,0.0,0.0,0.125,17.361959099769592,11.589118003845215,0.0007064156511968792,0.0,0.09902465343475342,4.467411167919636,2.0420428961515427
train,base,27239,8,0.06846190989017487,0.8044693470001221,0.052768439054489136,0.3667337357997893,0.5856015413999553,0.875,0.125,0.125,0.0,0.0,0.0,0.0,0.0,11.336919844150543,3.1094045639038086,0.15489850733138155,0.0,0.08643659949302673,6.1813578605651855,2.4921979904174805
train,base,27312,8,-0.19050347059965134,0.4788461923599243,0.0030785799026489258,0.15434510707855217,0.31659564971923804,0.625,0.125,0.25,0.0,0.25,0.125,0.0,0.0,7.671647220849991,3.199690580368042,0.06866280085773724,0.24583332985639572,0.15941664949059486,5.302581369876862,2.307911902666092
train,base,27329,8,0.18872882053256035,0.8970175385475159,0.023083508014678955,0.8538726925849914,0.8754451155662536,0.875,0.25,0.25,0.125,0.0,0.0,0.0,0.0,6.517097562551498,2.903611660003662,0.11644205205811886,0.11250000447034836,0.04137399420142174,4.718251287937164,2.127080112695694
train,base,27343,8,-0.4739946126937866,0.001309216022491455,-0.4300447106361389,0.00039568543434143045,0.0008524507284164422,0.5,0.0,0.0,0.0,0.25,0.0,0.0,0.125,25.676917552947998,19.260948181152344,0.00016704791244957122,0.0,0.22416165471076965,4.322470262646675,2.001807488501072
train,base,27360,8,-0.49999237060546875,6.031990051269531e-05,-0.5,1.8471479415893543e-05,3.93956899642944e-05,0.375,0.0,0.0,0.0,0.5,0.0,0.0,0.0,29.43207573890686,18.80097007751465,7.884073025987703e-06,0.0,0.0,4.65278172492981,2.099379777908325
train,base,27383,8,-0.37337280809879303,0.013009190559387207,0.0,0.003907847404479978,0.008458518981933586,0.375,0.0,0.0,0.0,0.375,0.0,0.0,0.125,19.368324518203735,10.096173286437988,0.002207584524633821,0.0,0.0,4.511893592774868,2.0682491660118103
train,base,27385,8,0.0868341401219368,0.4014219045639038,0.22310584783554077,0.3871710777282715,0.3942964911460876,0.875,0.5,0.125,0.0,0.125,0.0,0.0,0.375,8.77128404378891,5.864216327667236,0.2764486682135612,0.0,0.0,3.2477626278996468,1.6329008638858795
train,base,27408,8,-0.11560217291116714,0.06691324710845947,0.0003406107425689697,0.023076295852661122,0.04499477148056027,0.875,0.0,0.0,0.0,0.125,0.125,0.0,0.0,15.316313982009888,11.264500617980957,0.010120408934199077,0.0,0.125,4.866118967533112,2.1483274102211
train,base,27487,8,0.002819664776325226,0.011676967144012451,4.4912099838256836e-05,0.010646653175354003,0.011161810159683226,0.875,0.0,0.0,0.0,0.0,0.0,0.0,0.25,16.27939808368683,9.426373481750488,0.0028196632930499836,0.0,0.0,4.0978347063064575,1.9142884835600853
train,base,27511,8,-0.5113840475678444,0.20085269212722778,-0.6520284116268158,0.06276408433914181,0.1318083882331847,0.375,0.0,0.125,0.125,0.0,0.625,0.0,0.25,13.396154880523682,4.233932971954346,0.05944928065218846,0.11666666716337204,0.6875,3.888529747724533,1.867497481405735
train,base,27532,8,-0.7800954133272171,0.03074711561203003,-1.0,-0.19139035344123845,-0.08032161891460436,0.125,0.0,0.125,0.0,0.625,0.125,0.0,0.125,5.711663067340851,3.8614704608917236,0.0564042100450024,0.07916666567325592,0.16634659469127655,4.139056079089642,1.9392370283603668
train,base,27540,8,0.2638266058638692,0.6206839680671692,0.17429310083389282,0.6113434255123138,0.6160136967897415,1.0,0.5,0.25,0.0,0.0,0.0,0.0,0.0,4.805207252502441,3.3776803016662598,0.26585600030375645,0.0,0.0020293844863772392,5.535592019557953,2.203942760825157
train,base,27562,8,-0.04943648725748062,0.6419215202331543,0.015811890363693237,0.6217344343662262,0.6318279772996902,0.5,0.25,0.25,0.0,0.0,0.25,0.0,0.0,13.03517884016037,4.737753391265869,0.2462559686065246,0.0,0.29569245129823685,5.484456419944763,2.3151951134204865
train,base,27636,8,-0.2146058790385723,0.277963250875473,2.8014183044433594e-06,0.08697233498096461,0.18246779292821869,0.75,0.0,0.0,0.0,0.25,0.0,0.0,0.0,22.14546948671341,6.655735492706299,0.0532320974063385,0.0,0.017599541693925858,4.979678392410278,2.215771406888962
train,base,27637,8,-0.18048500083386898,0.008878648281097412,0.0003230869770050049,0.003308719396591185,0.006093683838844295,0.625,0.0,0.0,0.0,0.0,0.125,0.0,0.0,21.769809246063232,15.430278778076172,0.0014089279811839717,0.0,0.18189393542706966,4.9790884256362915,2.254270911216736
train,base,27659,8,0.06575623899698257,0.2047107219696045,0.08794510364532471,0.16140298843383788,0.18305685520172116,0.875,0.0,0.0,0.0,0.0,0.0,0.0,0.0,11.717807173728943,8.714216232299805,0.08598141634138301,0.0,0.02022518962621689,4.9187915325164795,2.220174163579941
train,base,27668,8,-0.06335220485925674,0.05235105752944946,0.0039164721965789795,0.026401364803314203,0.03937621116638182,0.875,0.0,0.0,0.0,0.0,0.0,0.0,0.0,14.377261996269226,11.164487838745117,0.013101123924570857,0.0,0.0764533281326294,4.874070823192596,2.1693704575300217
train,base,27724,8,-0.3747991189666209,0.0023343563079833984,-0.00038347256486304104,0.0007023930549621578,0.001518374681472777,0.5,0.0,0.0,0.0,0.125,0.25,0.0,0.0,27.299636125564575,18.115346908569336,0.0002969772820735628,0.0,0.2500959500976023,4.601101815700531,2.080099895596504
train,base,27737,8,0.029755637049674988,0.20489704608917236,0.0018545687198638916,0.07438479661941524,0.13964092135429373,0.875,0.0,0.0,0.0,0.0,0.0,0.0,0.0,14.9770827293396,10.060166358947754,0.004908664374406478,0.02499999850988388,0.0,5.1118669509887695,2.2442945539951324
train,base,27800,8,0.06625688076019287,0.46798741817474365,0.0007063448429107666,0.1821787238121032,0.32508307099342326,1.0,0.125,0.0,0.0,0.0,0.0,0.0,0.0,15.144688129425049,11.243372917175293,0.008067999946285376,0.05833332985639572,0.0,4.849064290523529,2.1729455292224884
train,base,27893,8,-0.24999745935201645,8.821487426757812e-06,1.1026859283447266e-06,6.651878356933593e-06,7.736682891845702e-06,0.75,0.0,0.0,0.0,0.0,0.25,0.125,0.0,26.990137338638306,17.44794273376465,5.502580862071227e-06,0.0,0.3125,4.87633091211319,2.150899648666382
train,base,27916,8,0.20098822563886642,0.94810551404953,0.0002576112747192383,0.7409524917602539,0.8445290029048919,0.625,0.25,0.25,0.0,0.0,0.0,0.0,0.0,20.332579255104065,3.789787769317627,0.15498732271513124,0.11249999701976776,0.012380369007587433,4.743292808532715,2.16467821598053
train,base,27926,8,-0.26275286823511124,0.4435232877731323,0.004694044589996338,0.1591890931129455,0.30135619044303874,0.625,0.125,0.0,0.0,0.25,0.125,0.0,0.0,12.207488298416138,6.4202070236206055,0.06775472315553088,0.04583333432674408,0.12500092587833933,5.050830543041229,2.2336818873882294
train,base,27942,8,0.09737300127744675,0.29053354263305664,0.02917829155921936,0.26812811493873595,0.27933082878589627,1.0,0.0,0.0,0.0,0.0,0.0,0.0,0.0,6.414002060890198,4.199376106262207,0.0973729945908417,0.0,0.0,4.862515032291412,2.181462347507477
train,base,27953,8,0.024108531968522584,0.11366736888885498,0.010898411273956299,0.05960976481437682,0.08663856685161586,1.0,0.0,0.0,0.0,0.0,0.0,0.0,0.0,9.03069692850113,5.675024509429932,0.02411256701907405,0.0,4.035336587548954e-06,4.950905621051788,2.188479036092758
train,base,27979,8,-0.4887148588895798,0.03597748279571533,-0.49451741576194763,0.0275187611579895,0.03174812197685241,0.5,0.0,0.375,0.0,0.5,0.0,0.0,0.125,4.811423556879163,0.1422562599182129,0.011285139597021043,0.375,0.008662424050271511,4.351430982351303,1.9692879393696785
train,base,28002,8,0.12685802578926086,0.9103384613990784,0.10964018106460571,0.9088878691196441,0.9096131652593613,0.75,0.375,0.625,0.0,0.25,0.0,0.0,0.875,7.69250750541687,3.3127102851867676,0.34577522706240416,0.4208333492279053,0.0013415755238384008,1.4585646241903305,1.050706759095192
train,base,28032,8,-0.3930502161383629,0.28657859563827515,-0.3277830481529236,0.09359170198440547,0.1900851488113402,0.5,0.0,0.125,0.0,0.25,0.0,0.0,0.0,6.639144122600555,2.365170955657959,0.05023050496220094,0.125,0.19289983808994293,4.893671989440918,2.180962234735489
train,base,28067,8,-0.2207566201686859,0.09913188219070435,0.023770451545715332,0.05973032116889952,0.07943110167980191,0.75,0.0,0.0,0.0,0.25,0.0,0.0,0.0,6.961724728345871,3.7432334423065186,0.051014328957535326,0.0,0.0,4.87726354598999,2.180093765258789
train,base,28220,8,0.0028919577598571777,0.016614913940429688,0.0003209412097930908,0.007466214895248411,0.012040564417839043,1.0,0.0,0.0,0.0,0.0,0.0,0.0,0.0,23.050074458122253,14.161381721496582,0.0028919622855561045,0.0,0.0,4.754285454750061,2.124543309211731
train,base,28251,8,-0.09062814339995384,0.41102713346481323,0.051470935344696045,0.2707001149654388,0.34086362421512595,0.625,0.125,0.0,0.0,0.125,0.125,0.125,0.0,10.248734652996063,6.393706321716309,0.19514410581655284,0.0,0.19315661117434502,4.974477589130402,2.2087839543819427
train,base,28260,8,0.26205605268478394,0.7031444907188416,8.401274681091309e-05,0.7023480772972107,0.7027462840080261,1.0,0.375,0.375,0.0,0.0,0.0,0.0,0.0,4.904998958110809,3.1709022521972656,0.2620560482600016,0.0,0.0,4.811975955963135,2.16424298286438
train,base,28292,8,0.006539180874824524,0.023397982120513916,0.0003660619258880615,0.019024968147277832,0.02121147513389587,0.75,0.0,0.0,0.0,0.0,0.0,0.0,0.0,14.80411159992218,6.761911392211914,0.0065391784819442056,0.0,0.0,4.833835303783417,2.165559083223343
train,base,28443,8,-0.6647313684225082,0.6821490526199341,-1.0,0.2046447157859801,0.44339688420295675,0.125,0.125,0.125,0.0,0.75,0.0,0.0,0.0,6.325325787067413,4.522042274475098,0.2000869616663384,0.06666666269302368,0.0,4.984922707080841,2.198974996805191
train,base,28453,8,-0.11572395358234644,0.33344608545303345,0.0,0.11043760180473322,0.2219418436288832,0.25,0.125,0.125,0.0,0.0,0.25,0.125,0.0,20.24956214427948,7.385279655456543,0.06949650052068583,0.0833333283662796,0.3137485021725297,4.910093545913696,2.1601778864860535
train,base,28497,8,0.34378095576539636,0.9790087938308716,0.08902186155319214,0.9274904251098632,0.9532496094703674,0.875,0.375,0.375,0.0,0.0,0.0,0.0,0.0,7.045600533485413,4.021494388580322,0.08144286824972369,0.32083333283662796,0.004630388226360083,4.7478790283203125,2.1233880519866943
train,base,28525,8,0.22084729373455048,0.7675009369850159,0.09653511643409729,0.5970108032226562,0.6822558701038359,1.0,0.25,0.25,0.0,0.0,0.0,0.0,0.0,6.398555517196655,3.4313559532165527,0.22084728967153833,0.0,0.0,4.798408210277557,2.14069139957428
train,base,28537,8,-0.20457255095243454,0.1640399694442749,0.023857980966567993,0.11716214418411254,0.1406010568141937,0.75,0.0,0.0,0.0,0.25,0.0,0.0,0.125,5.757656037807465,3.7807364463806152,0.07052503974946944,0.02916666865348816,0.0,4.3459921553730965,1.9985582381486893
train,base,28578,8,-0.12551804818212986,0.09618914127349854,0.00011512637138366699,0.08397574424743652,0.09008244276046752,0.75,0.0,0.0,0.0,0.0,0.125,0.0,0.0,18.966397523880005,10.480607032775879,0.022960025172949372,0.0,0.148478077724576,4.883927583694458,2.196642369031906
train,base,28717,8,0.03846912086009979,0.7122243642807007,-0.06061816215515137,0.6808585345745086,0.6965414494276047,0.5,0.375,0.5,0.0,0.0,0.375,0.0,0.125,15.094942331314087,6.483497142791748,0.11045096307464064,0.46250002086162567,0.4994281157851219,4.35004286468029,1.9965053796768188
train,base,28788,8,-0.1928487283294089,1.0,0.017242814181372523,0.48192338943481433,0.7409616947174068,0.5,0.125,0.125,0.125,0.0,0.125,0.125,0.0,7.588668376207352,3.395031213760376,0.06148428007145412,0.12083332985639572,0.41954314458416775,4.886611700057983,2.183161497116089
train,base,28842,8,-0.038473255932331085,0.21519166231155396,0.06292945146560669,0.1835448682308197,0.1993682652711868,0.875,0.0,0.0,0.0,0.0,0.125,0.0,0.375,7.126565635204315,3.7446250915527344,0.086526746628806,0.0,0.125,3.4237465485930443,1.6468113362789154
train,base,28877,8,-0.37473225593566895,0.0010173916816711426,7.963180541992188e-05,0.0008465349674224854,0.0009319633245468139,0.625,0.0,0.0,0.0,0.375,0.0,0.125,0.5,16.02492779493332,5.62183141708374,0.02296755094494074,0.0,0.0625,3.0381887704133987,1.5782294794917107
train,base,28920,8,-0.18445668369531631,0.01845484972000122,0.0010447800159454346,0.006913822889328,0.012684336304664603,0.75,0.0,0.0,0.0,0.125,0.0,0.125,0.0,16.417734622955322,11.315324783325195,0.011159352268148126,0.0,0.0625,4.944462954998016,2.1963800489902496
train,base,28952,8,0.23704680614173412,0.9820362329483032,0.22310218214988708,0.9395816564559937,0.9608089447021484,0.75,0.5,0.625,0.0,0.125,0.0,0.0,0.0,8.148830324411392,3.5490477085113525,0.42503151812707074,0.3291666656732559,0.09821513784117997,5.008182227611542,2.1998733580112457
train,base,28987,8,0.30239827279001474,0.9864615201950073,0.3243304193019867,0.9805623948574066,0.983511957526207,0.75,0.5,0.5,0.0,0.125,0.0,0.0,0.0,8.099830582737923,1.2850617170333862,0.31924338231328875,0.3583333268761635,0.014501883648335934,5.382123649120331,2.3427401185035706
train,base,28990,8,-0.25624674558639526,0.1587352752685547,0.0,0.04762170910835263,0.1031784921884536,0.25,0.0,0.125,0.0,0.125,0.25,0.0,0.0,19.611094176769257,7.031479358673096,0.06750267079473972,0.0833333283662796,0.3198033645749092,4.864331781864166,2.2078656405210495
train,base,29012,8,0.00047663599252700806,0.0035853981971740723,1.621246337890625e-05,0.001143211126327514,0.0023643046617507915,1.0,0.0,0.0,0.0,0.0,0.0,0.0,0.0,25.373132705688477,17.254255294799805,0.0004766400121276604,0.0,0.0,4.8537487387657166,2.1772671341896057
train,base,29096,8,-0.11775380373001099,0.006447553634643555,8.90195369720459e-05,0.00486983060836792,0.005658692121505736,0.75,0.0,0.0,0.0,0.0,0.0,0.0,0.0,15.127189636230469,9.81152629852295,0.0016810266042562535,0.0,0.11943482607603073,4.9209577441215515,2.2011865079402924
train,base,29106,8,-0.055328208953142166,9.5367431640625e-07,0.0,2.8610229492187483e-07,6.19888305664062e-07,0.125,0.0,0.0,0.0,0.0,0.0,0.0,0.0,28.804911851882935,25.54717445373535,1.360378000501316e-07,0.0,0.05532834306359291,4.805784106254578,2.152195006608963
train,base,29135,8,-0.5773957036435604,0.02832084894180298,-0.6950727701187134,-0.023345971107482922,0.0024874389171599953,0.125,0.0,0.125,0.125,0.125,0.5,0.0,0.0,6.551489621400833,1.9136698246002197,0.07536724297096953,0.11666666716337204,0.7323685251176357,4.8360755443573,2.1657285392284393
train,base,29136,8,-0.3749977722764015,1.33514404296875e-05,2.682209014892578e-07,4.923343658447264e-06,9.137392044067377e-06,0.625,0.0,0.0,0.0,0.0,0.375,0.125,0.25,24.15353226661682,12.192232131958008,0.005409501084024271,0.0,0.4375,3.902557209134102,1.872557058930397
train,base,29151,8,0.08395634591579437,0.7744276523590088,0.13621968030929565,0.42570463418960564,0.600066143274307,0.875,0.125,0.125,0.0,0.125,0.0,0.0,0.0,4.259597629308701,3.270310878753662,0.10941245825961232,0.1041666641831398,0.0,5.223959863185883,2.276781976222992
train,base,29162,8,0.26981429010629654,0.9387091398239136,0.044528961181640625,0.7584946513175964,0.8486018955707548,1.0,0.375,0.25,0.125,0.0,0.0,0.0,0.0,8.323503196239471,3.527048110961914,0.04537024720775662,0.19999999552965164,0.0,5.165701389312744,2.2784416675567627
train,base,29186,8,0.042880717664957047,0.7256426811218262,0.026047497987747192,0.6449476599693298,0.685295170545578,0.625,0.375,0.625,0.0,0.0,0.25,0.0,0.0,9.2703757584095,3.6695618629455566,0.4537758384035726,0.03750000149011612,0.41980963572859764,5.074074029922485,2.2544562220573425
train,base,29239,8,-0.3886561584658921,7.152557373046875e-07,-0.05489023216068745,2.1457672119140612e-07,4.649162292480465e-07,0.125,0.0,0.0,0.0,0.0,0.375,0.125,0.125,26.871737241744995,21.423439025878906,7.403352270795666e-05,0.0,0.45122255804017186,4.383289285004139,2.0279167369008064
train,base,29252,8,-0.0651734322309494,0.9158977270126343,0.046309471130371094,0.8150629758834839,0.865480351448059,0.625,0.375,0.375,0.0,0.125,0.375,0.0,0.125,14.745739668607712,3.5624477863311768,0.18201238767142058,0.1874999925494194,0.375,4.588621713221073,2.066252499818802
train,base,29276,8,0.018665261566638947,0.10996365547180176,0.0014585554599761963,0.05431122183799742,0.08213743865489956,1.0,0.0,0.0,0.0,0.0,0.0,0.0,0.25,15.906525015830994,10.059493064880371,0.018665248938305012,0.0,0.0,3.9389580860733986,1.8823419734835625
train,base,29313,8,0.14290884882211685,0.5036119818687439,0.07741349935531616,0.34233250617980954,0.4229722440242766,0.875,0.125,0.125,0.0,0.0,0.0,0.0,0.5,5.738443195819855,4.057309150695801,0.1429088518667136,0.0,0.0,2.8178806826472282,1.4442659616470337
train,base,29358,8,-0.08612512052059174,0.5397923588752747,0.013521671295166016,0.22860870957374566,0.38420053422450995,0.75,0.125,0.25,0.0,0.125,0.125,0.0,0.125,11.259987771511078,5.680975437164307,0.10771488872387636,0.06666666269302368,0.125,4.232598774135113,1.9540371969342232
train,base,29368,8,-0.05916086584329605,0.11113399267196655,0.08168327808380127,0.10290508270263672,0.10701953768730163,0.875,0.0,0.0,0.0,0.125,0.0,0.0,0.0,5.507388591766357,3.656496047973633,0.06873033056035638,0.0,0.0,4.764577031135559,2.1255916357040405
train,base,29395,8,-0.12948672082131907,0.8940838575363159,9.208917617797852e-06,0.29454067945480333,0.5943122684955593,0.625,0.125,0.25,0.0,0.125,0.125,0.0,0.0,13.885987937450409,5.879939556121826,0.09243580434070964,0.21666666865348816,0.12500099446481272,5.011832535266876,2.2318858206272125
train,base,29398,8,0.2626929059624672,0.8521297574043274,0.06035211682319641,0.7502968609333038,0.8012133091688155,0.875,0.375,0.25,0.0,0.0,0.0,0.0,0.0,12.679622888565063,4.436415672302246,0.18290971741066622,0.15833333134651184,0.0,4.878694951534271,2.202057123184204
train,base,29431,8,-0.3732505366206169,0.00013619661331176758,3.5762786865234375e-07,7.411241531372068e-05,0.0001051545143127441,0.5,0.0,0.0,0.0,0.0,0.375,0.0,0.0,27.216986298561096,14.545907020568848,0.0017494654910416019,0.0,0.375,4.915456056594849,2.1868873834609985
train,base,29528,8,0.03032775968313217,0.0897933840751648,0.013307571411132812,0.07890052795410156,0.08434695601463317,1.0,0.0,0.0,0.0,0.0,0.0,0.0,0.0,6.084746032953262,3.553668737411499,0.030327758375236158,0.0,0.0,4.5497554540634155,2.0731808245182037
train,base,29596,8,-0.867329403758049,0.06136476993560791,-1.0,-0.6815905690193178,-0.31011289954185545,0.125,0.0,0.0,0.0,0.875,0.0,0.0,0.0,5.682112351059914,1.8157042264938354,0.06560678582172841,0.0,0.0,4.811540901660919,2.161667674779892
train,base,29686,8,-0.2236570492386818,0.2073020339012146,0.00048363208770751953,0.06331396698951718,0.13530800044536578,0.625,0.0,0.125,0.0,0.0,0.25,0.125,0.0,15.148489475250244,4.060420989990234,0.09104482164419345,0.09166666865348816,0.40241779386997223,4.801455140113831,2.162670999765396
train,base,29717,8,0.15556225180625916,0.8907990455627441,0.04492279887199402,0.3914385259151457,0.6411187857389447,0.75,0.125,0.125,0.0,0.0,0.0,0.0,0.0,8.372804812022618,3.6361799240112305,0.06683646282181144,0.10833333432674408,0.0,5.003401577472687,2.189709186553955
train,base,29733,8,-0.02437741309404373,0.6832265853881836,0.007300138473510742,0.24357416629791248,0.4634003758430478,0.75,0.125,0.125,0.0,0.125,0.0,0.0,0.0,13.915254712104797,9.657355308532715,0.044739636134761285,0.07916666567325592,0.0,4.93032968044281,2.2035361230373383
train,base,29756,8,-0.75,0.0,-1.0,0.0,0.0,0.0,0.0,0.25,0.0,0.75,0.25,0.0,0.0,5.63173970580101,2.8469018936157227,0.10016550828549953,0.125,0.25,4.857358038425446,2.163820117712021
train,base,29792,8,-0.1276915017515421,0.7734176516532898,0.0005963742733001709,0.33047139048576346,0.5519445210695263,0.625,0.125,0.125,0.0,0.25,0.0,0.0,0.125,10.159191638231277,3.54439377784729,0.17242156069505654,0.0,0.01969241103506647,4.347919791936874,1.9894775599241257
train,base,29849,8,-0.427090659737587,0.723426342010498,-0.5915963351726532,0.2449131369590758,0.4841697394847866,0.375,0.125,0.125,0.125,0.5,0.0,0.0,0.375,3.5910591036081314,1.0554710626602173,0.13610511246952228,0.0,0.10069577395915985,3.505016252398491,1.675559163093567
train,base,29867,8,3.129243850708008e-07,8.940696716308594e-07,1.4901161193847656e-07,7.68899917602539e-07,8.314847946166992e-07,0.75,0.0,0.0,0.0,0.0,0.0,0.0,0.0,30.084465980529785,23.777149200439453,3.1280940877495556e-07,0.0,0.0,4.92927086353302,2.1918620467185974
train,base,30012,8,-0.043632298707962036,0.7094799280166626,8.249282836914062e-05,0.21316040754318225,0.46132016777992213,0.75,0.125,0.25,0.0,0.0,0.25,0.0,0.0,15.312978684902191,4.825847148895264,0.09651820198676647,0.1874999925494194,0.25,5.103619694709778,2.2570014595985413
train,base,30034,8,0.059808582067489624,0.33870768547058105,0.014704078435897827,0.14897508025169368,0.24384138286113724,0.75,0.125,0.0,0.0,0.0,0.0,0.0,0.0,6.947056174278259,3.162768840789795,0.05980859022329495,0.0,0.0,4.86780846118927,2.1759925335645676
train,base,30042,8,-0.2816271521151066,0.4333333373069763,0.002965390682220459,0.3170729786157608,0.3752031579613685,0.625,0.125,0.25,0.125,0.375,0.0,0.0,0.0,6.565196335315704,4.183121204376221,0.10379791498263558,0.11666666716337204,0.1045384518802166,4.712290465831757,2.117324411869049
train,base,30059,8,0.20380650460720062,0.6201366186141968,0.06633570790290833,0.6069423079490661,0.6135394632816314,1.0,0.25,0.25,0.0,0.0,0.0,0.0,0.0,5.6593014895915985,3.3722448348999023,0.20380649832077324,0.0,0.0,4.631809830665588,2.0906193256378174
train,base,30073,8,-0.08230899274349213,0.987701416015625,0.013846069574356079,0.9595166504383087,0.9736090332269668,0.625,0.375,0.375,0.125,0.125,0.375,0.0,0.375,5.912064656615257,0.7059775590896606,0.13345116449636407,0.3583333268761635,0.49002640694379807,3.3297312781214714,1.6815797537565231
train,base,30180,8,0.5086348131299019,1.0,0.7787947058677673,1.0,1.0,0.875,0.75,0.75,0.25,0.0,0.125,0.0,0.25,8.051086127758026,4.5915141105651855,0.4159227727795951,0.49166665971279144,0.125,4.289775215089321,1.9227249473333359
train,base,30194,8,-0.21873969631269574,0.7368332743644714,-0.16583800502121449,0.42859186530113214,0.5827125698328016,0.375,0.125,0.25,0.0,0.125,0.25,0.0,0.375,11.076856940984726,3.6830320358276367,0.20356707610951502,0.0,0.29432202014140785,3.3817202374339104,1.67424975335598
train,base,30205,8,-0.8688135519623756,0.002357304096221924,-0.9999924302101135,-0.670380598306656,-0.33401164710521747,0.125,0.0,0.25,0.0,0.5,0.375,0.0,0.0,10.296982824802399,4.271579742431641,0.20021527303310904,0.0,0.375,4.645943462848663,2.1159629970788956
train,base,30207,8,0.09695262461900711,0.9165537357330322,0.00573420524597168,0.8294610381126404,0.8730073869228362,0.875,0.25,0.375,0.0,0.125,0.0,0.0,0.0,7.026289910078049,3.265123128890991,0.21703295051702298,0.30416666716337204,0.00038142420817166567,4.652731657028198,2.101158693432808
train,base,30278,8,-0.3783845226280391,0.0021259188652038574,-0.014601437374949455,0.000638109445571899,0.0013820141553878772,0.5,0.0,0.0,0.0,0.25,0.125,0.0,0.0,26.466426372528076,18.302865982055664,0.00032968249946235817,0.0,0.1287141884677112,4.908204615116119,2.192549556493759
train,base,30282,8,-0.8749999925494194,5.960464477539063e-08,-1.0,-0.6999999821186067,-0.3499999612569814,0.125,0.0,0.0,0.0,0.875,0.0,0.0,0.125,13.436190605163574,9.907384872436523,0.013193749313788583,0.0,0.0,4.260548137128353,1.9893020763993263
train,base,30306,8,0.3852062374353409,0.922465443611145,0.35105806589126587,0.7832299053668975,0.8528476744890212,0.875,0.625,0.375,0.0,0.0,0.0,0.0,0.0,7.579972624778748,3.424262285232544,0.21720463132489912,0.26249999552965164,0.0026503975968807936,4.7373326420784,2.132840722799301
train,base,30558,8,-0.31959938630461693,0.6165894269943237,-0.2543496638536453,0.18511539101600635,0.4008524090051648,0.25,0.125,0.375,0.0,0.0,0.375,0.0,0.25,11.272389948368073,5.04979944229126,0.22124142773441235,0.18333332985639572,0.6253530345857143,4.496759712696075,1.9872924387454987
train,base,30598,8,-0.20895009487867355,0.061471641063690186,1.7881393432617188e-06,0.04851093888282776,0.054991289973258965,0.625,0.0,0.0,0.0,0.0,0.125,0.0,0.25,19.58337163925171,11.451473236083984,0.023543584448659727,0.0,0.23249368369579315,4.032759130001068,1.9117988049983978
train,base,30613,8,0.10303833335638046,0.7777483463287354,0.09772205352783203,0.6084103584289551,0.6930793523788451,0.875,0.375,0.375,0.0,0.125,0.125,0.0,0.25,14.234932720661163,5.7128119468688965,0.21337674825862507,0.17083333432674408,0.125,3.7422506660223007,1.803530067205429
train,base,30617,8,-0.1430491954088211,1.0,-0.2614957392215729,0.9720283150672913,0.9860141575336456,0.375,0.375,0.625,0.125,0.125,0.375,0.375,0.125,11.68675383925438,2.6537182331085205,0.4743502400623063,0.4958333224058151,0.6526365699246526,4.221112355589867,1.9642334058880806
train,base,30667,8,-0.6289829239249229,0.9679020643234253,-1.0,0.2903725385665892,0.6291373014450068,0.25,0.125,0.125,0.0,0.625,0.125,0.0,0.0,6.40719410777092,3.6381704807281494,0.04814773788601201,0.12083332985639572,0.125,4.835101902484894,2.166440099477768
train,base,30816,8,-0.4426760897040367,0.08083975315093994,-0.31112489104270935,0.024252802133560167,0.05254627764225002,0.25,0.0,0.0,0.0,0.125,0.25,0.125,0.0,26.235827445983887,10.861984252929688,0.01010529589649585,0.0,0.39028122276067734,4.81131637096405,2.183477431535721
train,base,30830,8,-0.3784579411149025,0.6011339426040649,-0.5,0.4396799385547637,0.5204069405794143,0.375,0.25,0.625,0.0,0.5,0.0,0.0,0.0,5.425983168184757,0.6735835671424866,0.07637737035203948,0.5458333343267441,0.000248454773100093,4.670746743679047,2.1053969264030457
train,base,30860,8,0.12174723297357559,0.6480462551116943,0.06839537620544434,0.2922821044921874,0.47016417980194064,0.875,0.125,0.25,0.0,0.0,0.0,0.0,0.0,9.05657958984375,4.554200172424316,0.19928372098365799,0.03333333134651184,0.09353438019752502,4.888127267360687,2.171121284365654
train,base,30895,8,-0.49205683916807175,0.03394514322280884,-0.4978371262550354,0.020162075757980343,0.027053609490394582,0.5,0.0,0.0,0.0,0.5,0.0,0.0,0.0,7.883834272623062,3.8852145671844482,0.027193403177079745,0.0,1.747912756400183e-05,5.011654436588287,2.1875913739204407
train,base,30902,8,-0.5906202774494886,0.409274697303772,-0.9996339380741119,0.12278253436088554,0.2660286158323286,0.25,0.125,0.0,0.0,0.25,0.25,0.125,0.0,24.965730905532837,6.733929634094238,0.052080984376108475,0.0,0.4552008043974638,5.486564755439758,2.269951820373535
train,base,30908,8,0.0028445199131965637,0.010312914848327637,0.0010680556297302246,0.008772742748260497,0.009542828798294066,0.75,0.0,0.0,0.0,0.0,0.0,0.0,0.0,15.580245733261108,11.59404182434082,0.0028445204539214453,0.0,0.0,5.3539682030677795,2.2703678011894226
train,base,30942,8,-0.29220934957265854,0.2896994948387146,0.04179590940475464,0.22783910036087035,0.25876929759979245,0.625,0.0,0.0,0.0,0.375,0.0,0.0,0.0,6.33566889166832,3.591876745223999,0.11886890511959791,0.0,0.0,5.407596051692963,2.301918148994446
train,base,30976,8,0.19825563579797745,0.6714227795600891,0.09291410446166992,0.5278226137161255,0.5996226966381072,1.0,0.25,0.125,0.0,0.0,0.0,0.0,0.0,5.38768070936203,3.9249415397644043,0.19825563440099359,0.0,0.0,4.8382421135902405,2.201727032661438
train,base,31022,8,0.08352751284837723,0.382637619972229,0.02059561014175415,0.22958730459213253,0.3061124622821807,1.0,0.125,0.0,0.0,0.0,0.0,0.0,0.0,11.988300204277039,6.198521614074707,0.08352751689874793,0.0,0.0,4.7361156940460205,2.146104246377945
train,base,31064,8,-0.09764838078990579,0.6892809867858887,0.0,0.5778388917446137,0.6335599392652511,0.375,0.25,0.25,0.0,0.25,0.0,0.0,0.0,13.73287045955658,8.138401985168457,0.03555217753784462,0.13749999552965164,0.0010158182121813297,4.716071724891663,2.136925980448723
train,base,31169,8,-0.43833331018686295,0.8545159101486206,-1.0,0.7035054862499237,0.779010698199272,0.375,0.25,0.25,0.0,0.625,0.0,0.0,0.0,14.54226166009903,5.609097480773926,0.07809359579164266,0.20416667312383652,0.0,4.848993420600891,2.181494817137718
train,base,31172,8,-0.7619006633758545,2.980232238769531e-07,-1.0,-0.2417022049427033,-0.12085095345973987,0.125,0.0,0.125,0.0,0.125,0.875,0.375,0.0,18.480912685394287,4.720375061035156,0.14955362060562064,0.0,1.0625,4.614520907402039,2.1074216663837433
train,base,31229,8,0.11740744858980179,0.5307056903839111,0.010718196630477905,0.40170766115188594,0.4662066757678985,1.0,0.25,0.125,0.0,0.0,0.0,0.0,0.125,14.847651958465576,5.753338813781738,0.11740744436946216,0.0,0.0,4.546107441186905,2.0144877806305885
train,base,31234,8,-0.375,0.0,0.0,0.0,0.0,0.0,0.0,0.375,0.0,0.375,0.0,0.0,0.25,7.706438899040222,0.909043550491333,0.0,0.375,0.0002807120908983052,4.0101887583732605,1.8540998175740242
train,base,31240,8,-0.8645328879356384,5.078315734863281e-05,-1.0,-0.643843585252762,-0.3218964010477071,0.125,0.0,0.0,0.0,0.625,0.5,0.125,0.125,6.451612748205662,0.9327588677406311,0.01601712818910528,0.0,0.5625,4.216934219002724,1.9603605568408966
train,base,31242,8,-0.2274773269891739,0.17982029914855957,7.3909759521484375e-06,0.05398309826850888,0.11690169870853415,0.75,0.0,0.0,0.0,0.125,0.125,0.0,0.0,24.558460593223572,9.035130500793457,0.02252820963407487,0.0,0.125,4.708756446838379,2.1332030594348907
train,base,31261,8,-0.8127923756837845,0.4976609945297241,-1.0,-0.550701701641083,-0.026520353555680165,0.125,0.125,0.0,0.0,0.875,0.0,0.0,0.0,7.804150879383087,3.838367462158203,0.07767732563661411,0.0208333358168602,0.0,4.7192089557647705,2.114689916372299
train,base,31330,8,0.08709555119276047,0.5881719589233398,0.0006582140922546387,0.24932208061218253,0.41874701976776096,1.0,0.125,0.125,0.0,0.0,0.0,0.0,0.0,13.592822253704071,6.211086750030518,0.019777498025078444,0.07083334028720856,0.0,4.645428776741028,2.0847915709018707
train,base,31397,8,0.1621064655482769,0.9642006754875183,0.02955031394958496,0.4800375163555144,0.722119095921516,0.875,0.125,0.125,0.0,0.0,0.0,0.0,0.0,9.853763163089752,4.829728603363037,0.15077543939696625,0.11249999701976776,0.028943229466676712,4.965270578861237,2.2107978761196136
train,base,31407,8,0.3442390039563179,0.7869027256965637,0.1884722113609314,0.7798144042491912,0.7833585649728775,1.0,0.375,0.375,0.0,0.0,0.0,0.0,0.0,8.527852088212967,3.3645236492156982,0.3442390066047665,0.0,0.0,5.047151744365692,2.2303860187530518
train,base,31474,8,-0.5345524586737156,0.0007759928703308105,-0.6386764496564865,0.00033785700798034653,0.0005569249391555783,0.375,0.0,0.0,0.0,0.5,0.25,0.0,0.0,13.23654043674469,1.1071195602416992,0.000504643961335205,0.0,0.28487130627036095,4.791719853878021,2.1381873190402985
train,base,31534,8,-0.816365547478199,0.00032651424407958984,-1.0,-0.37177767157554636,-0.1857255786657336,0.125,0.0,0.0,0.0,0.75,0.375,0.0,0.125,10.549247324466705,6.288386821746826,0.005692472113878466,0.0,0.626867238432169,4.033237673342228,1.9089208915829659
train,base,31544,8,-0.2783958804793656,0.0006120800971984863,-0.08093114383518696,0.00018362402915954578,0.0003978520631790158,0.125,0.0,0.125,0.0,0.125,0.125,0.125,0.0,23.693271279335022,5.373444557189941,0.0725104711222789,0.17499999701976776,0.20779084088280797,4.6664674282073975,2.1071471571922302
train,base,31577,8,-0.1407042220234871,0.5512975454330444,0.02217748761177063,0.2642298519611358,0.40776369869708995,0.75,0.125,0.125,0.0,0.25,0.0,0.0,0.0,5.5202102065086365,3.448173999786377,0.1779373964527622,0.0,0.0,4.63765275478363,2.09157133102417
train,base,31593,8,-0.9999997615814209,-0.9999986290931702,-1.0,-0.9999993801116943,-0.9999990046024323,0.0,0.0,0.0,0.0,0.5,0.875,0.125,0.0,25.030948162078857,9.171435356140137,0.034486516739927975,0.0,0.9375,4.739468276500702,2.116412401199341
train,base,31602,8,-0.18995289504528046,0.8455373644828796,4.857778549194336e-06,0.6853829979896545,0.7654601812362669,0.5,0.25,0.25,0.0,0.375,0.0,0.0,0.0,14.175081431865692,6.935506343841553,0.11056547562755106,0.17499999701976776,0.0,5.755200147628784,2.2896927297115326
train,base,31672,8,-0.7490773275494576,0.004699349403381348,-1.0,0.001553374528884887,0.0031263619661331156,0.25,0.0,0.0,0.0,0.625,0.125,0.25,0.0,8.771174848079681,5.312334060668945,0.002879846060750424,0.0,0.3521757237613201,4.985417008399963,2.200930178165436
train,base,31845,8,-0.054697275161743164,0.22153198719024658,0.04953962564468384,0.1593938410282135,0.19046291410923,0.875,0.0,0.0,0.0,0.0,0.125,0.0,0.0,12.06853711605072,8.513497352600098,0.07030272504237445,0.0,0.125,5.0389363169670105,2.2306247651576996
train,base,31861,8,-0.25848118867725134,0.006602883338928223,0.0,0.005688017606735229,0.006145450472831725,0.25,0.0,0.0,0.0,0.0,0.25,0.0,0.125,28.090667009353638,16.02724838256836,0.0014873563068190316,0.0,0.25996854063123465,4.403680570423603,2.0137066543102264
train,base,31879,8,0.14702440053224564,0.9102931618690491,0.39397886395454407,0.7753555357456207,0.8428243488073348,0.75,0.5,0.75,0.0,0.25,0.125,0.0,0.125,6.17128649353981,3.4122865200042725,0.5121492478065193,0.28333333134651184,0.23067254573106766,4.261452943086624,1.9305675700306892
train,base,31933,8,-0.6897735148668289,0.46666663885116577,-1.0,0.14606354832649224,0.3063650935888288,0.25,0.125,0.25,0.125,0.5,0.375,0.125,0.0,6.984976768493652,2.799105644226074,0.021044982652711042,0.24583332985639572,0.5,5.686713635921478,2.417847752571106
train,base,31975,8,-0.4954325631260872,0.017819523811340332,-0.49824318289756775,0.011043334007263182,0.014431428909301753,0.5,0.0,0.0,0.0,0.5,0.0,0.0,0.0,7.678615391254425,4.334182262420654,0.009373753258842044,0.0,0.1159164234995842,5.204449832439423,2.2598340660333633
train,base,32022,8,-0.08323798328638077,0.3335469961166382,8.71121883392334e-05,0.10018426179885859,0.21686562895774825,0.875,0.125,0.0,0.0,0.0,0.125,0.0,0.0,23.196626007556915,7.384371280670166,0.04176202229345449,0.0,0.125,4.700401663780212,2.1410324573516846
train,base,32037,8,-0.47947438061237335,0.9419038891792297,-0.8892411291599274,0.28311945199966415,0.6125116705894464,0.375,0.125,0.25,0.0,0.375,0.375,0.0,0.0,18.662172466516495,3.4436428546905518,0.20071732084482255,0.21249999850988388,0.375,4.63315087556839,2.094855099916458
train,base,32065,8,-0.09794194996356964,0.8773453831672668,0.0036418139934539795,0.8010403156280518,0.8391928493976593,0.5,0.375,0.375,0.0,0.25,0.25,0.125,0.0,13.50945520401001,7.827259063720703,0.060368834099812585,0.26249999552965164,0.3125,4.826427757740021,2.1559166312217712
train,base,32113,8,-0.012920134700834751,0.07713061571121216,6.824731826782227e-05,0.02585019469261168,0.051490405201911886,0.75,0.0,0.0,0.0,0.0,0.0,0.0,0.0,20.6673663854599,10.963973045349121,0.01477286832283653,0.0,0.02769299689680338,4.774511158466339,2.1503075063228607
train,base,32125,8,-0.09340012073516846,0.06468009948730469,0.0318450927734375,0.05611702799797058,0.06039856374263763,0.875,0.0,0.0,0.0,0.0,0.125,0.0,0.0,12.625179052352905,10.555234909057617,0.031599889349308796,0.0,0.125,5.079577922821045,2.261568397283554
train,base,32133,8,-0.1679013967514038,0.40205132961273193,0.04999727010726929,0.1768786191940307,0.28946497440338115,0.75,0.125,0.0,0.0,0.125,0.125,0.0,0.0,6.193795055150986,3.60795259475708,0.08931850886219195,0.0,0.125,4.690756678581238,2.0860201716423035
train,base,32232,8,0.4609054625034332,0.8228639960289001,0.47130700945854187,0.8105312287807465,0.8166976124048233,1.0,0.75,0.5,0.0,0.0,0.0,0.0,0.25,5.569989055395126,2.9279327392578125,0.46090545976767316,0.0,0.0,4.131043002009392,1.911927841603756
train,base,32240,8,-0.5202007591724396,0.26132357120513916,-0.7166360020637512,0.08485270142555232,0.17308813631534564,0.375,0.0,0.125,0.0,0.375,0.25,0.0,0.125,16.866096138954163,8.078201293945312,0.045959425928458586,0.07083334028720856,0.25,4.40862774848938,2.0379030108451843
train,base,32286,8,-0.18307144194841385,0.7539095282554626,-0.18331515789031982,0.7487660944461823,0.7513378113508224,0.25,0.25,0.625,0.0,0.0,0.75,0.0,0.125,8.931079268455505,3.201965808868408,0.49263551025675467,0.2875000014901161,0.7684334181249142,4.116219311952591,1.9144559130072594
train,base,32290,8,-0.18319714162498713,0.9881067276000977,-0.038627106696367264,0.2972315609455107,0.6426691442728037,0.5,0.125,0.125,0.0,0.0,0.25,0.0,0.25,15.208528518676758,4.821340560913086,0.08083704047342621,0.12083332985639572,0.307147272862494,3.720990814268589,1.7971202060580254
train,base,32342,8,-0.0052244700491428375,0.08666419982910156,0.017039775848388672,0.08047680854797364,0.08357050418853759,0.75,0.0,0.0,0.0,0.0,0.0,0.0,0.0,10.265116810798645,2.678377389907837,0.03096127266524373,0.0,0.036185745149850845,4.6960883140563965,2.128008931875229
train,base,32347,8,-0.2479514330625534,0.010718703269958496,3.8743019104003906e-07,0.00718257427215576,0.008950638771057126,0.625,0.0,0.0,0.0,0.25,0.0,0.0,0.0,21.26512324810028,8.860666275024414,0.03738428082441492,0.0,0.0,4.821020841598511,2.165796250104904
train,base,32406,8,-0.21646947413682938,2.1517276763916016e-05,2.7120113372802734e-06,1.9723176956176756e-05,2.0620226860046386e-05,0.75,0.0,0.0,0.0,0.0,0.25,0.125,0.125,15.65391194820404,6.413494110107422,0.046108511420456466,0.0,0.3125,4.626429229974747,2.045738846063614
train,base,32412,8,0.05781720206141472,0.2692986726760864,0.019924134016036987,0.13802330493926998,0.20366098880767813,1.0,0.0,0.0,0.0,0.0,0.0,0.0,0.0,12.118226885795593,7.996340751647949,0.058585740694979904,0.0,0.0007685463060624897,5.002211332321167,2.226665586233139
train,base,32460,8,-0.4998926669359207,0.0007941126823425293,-0.5,0.0002834200859069823,0.0005387663841247554,0.25,0.0,0.125,0.0,0.5,0.0,0.0,0.0,13.14743734151125,0.25086504220962524,0.007355296777865537,0.125,0.0,4.96453720331192,2.2105872333049774
train,base,32466,8,0.056981153786182404,0.1262723207473755,0.05490979552268982,0.10519298315048217,0.11573265194892882,1.0,0.0,0.0,0.0,0.0,0.0,0.0,0.0,5.523417264223099,3.7203543186187744,0.05698116216080962,0.0,0.0,5.040372014045715,2.2543030083179474
train,base,32474,8,-0.37499983608722687,0.0,0.0,0.0,0.0,0.0,0.0,0.0,0.0,0.125,0.25,0.0,0.125,29.461111307144165,20.110477447509766,1.6296422979561012e-07,0.0,0.25,4.19263082742691,1.9599526450037956
train,base,32546,8,-0.7157292664051056,0.028553545475006104,-1.0,0.010361373424530026,0.019457459449768053,0.25,0.0,0.125,0.0,0.625,0.0,0.0,0.0,12.345543265342712,4.984212875366211,0.0881898557418026,0.0,0.2215769737958908,4.778358161449432,2.151224732398987
train,base,32577,8,-0.2499956265091896,2.6226043701171875e-05,8.940696716308594e-08,1.2874603271484372e-05,1.9550323486328115e-05,0.75,0.0,0.0,0.0,0.25,0.0,0.0,0.0,28.289496898651123,24.92009735107422,5.338021636713819e-06,0.0,0.0,4.653191924095154,2.1232528537511826
train,base,32615,8,-0.11490771919488907,0.019151687622070312,0.009843558073043823,0.01897928714752197,0.019065487384796142,0.875,0.0,0.0,0.0,0.125,0.0,0.0,0.0,8.826344072818756,5.44566011428833,0.013056464114924893,0.0,0.0,4.9422266483306885,2.2222405076026917
train,base,32619,8,0.0387076660990715,0.9946609735488892,0.004525244235992432,0.31571899056434616,0.6551899820566172,0.75,0.125,0.125,0.0,0.0,0.0,0.0,0.25,13.525090962648392,2.685682535171509,0.11133220839270974,0.12083332985639572,0.09197839349508286,3.954870007932186,1.8924134075641632
train,base,32665,8,-0.1414915882050991,0.0273648202419281,8.940696716308594e-07,0.00832113921642303,0.017842979729175555,0.75,0.0,0.125,0.0,0.0,0.25,0.0,0.0,21.092829823493958,9.28865909576416,0.022452403644593666,0.1041666641831398,0.2668139971792698,4.8458558320999146,2.159931480884552
train,base,32679,8,-0.6132572293281555,0.06952893733978271,-1.0,0.033147555589675894,0.05133824646472928,0.375,0.0,0.0,0.0,0.625,0.0,0.0,0.125,7.121361821889877,3.726806879043579,0.02843461453448981,0.0,0.0,4.23368888348341,1.970989242196083
train,base,32870,8,0.0002860352396965027,0.0011587142944335938,2.8580427169799805e-05,0.0008000612258911132,0.0009793877601623532,1.0,0.0,0.0,0.0,0.0,0.0,0.0,0.125,24.153530597686768,19.5185604095459,0.000286024520647743,0.0,0.0,4.3269940838217735,2.010761983692646
train,base,32926,8,-0.2053934782743454,0.3264027237892151,1.7344951629638672e-05,0.10511482357978816,0.21575877368450147,0.5,0.125,0.125,0.0,0.0,0.375,0.0,0.0,13.837237775325775,7.78672456741333,0.06505319549649974,0.13749999552965164,0.375,4.6653536558151245,2.11119943857193
train,base,32927,8,0.012478627264499664,0.09389054775238037,0.0,0.030590075254440293,0.06224031150341029,0.375,0.0,0.0,0.0,0.0,0.0,0.0,0.0,25.543840289115906,10.53406047821045,0.012478627447309903,0.0,0.0,4.916896998882294,2.2030920684337616
train,base,33006,8,-0.2001328021287918,0.2870028614997864,0.005125492811203003,0.17565435171127317,0.2313286066055297,0.625,0.0,0.125,0.0,0.125,0.125,0.0,0.125,5.868041425943375,0.4807007312774658,0.11164062482566806,0.125,0.18677342869341373,4.288799352943897,1.9820392355322838
train,base,33075,8,-0.4680868834257126,0.20838475227355957,-0.4999999403953552,0.09535834193229673,0.15187154710292808,0.5,0.0,0.0,0.0,0.5,0.0,0.0,0.0,13.377351939678192,7.122547626495361,0.051057356359923034,0.0,0.0,5.439655959606171,2.337207168340683
train,base,33085,8,-0.604138657450676,-0.01321631669998169,-0.5976819694042206,-0.1979478478431702,-0.10558208227157607,0.0,0.0,0.375,0.0,0.0,0.75,0.125,0.125,15.23784527182579,3.2054030895233154,0.19717011052748457,0.22083333134651184,0.9258151650428772,4.180590637028217,1.9495219513773918
train,base,33095,8,-0.24950338155031204,0.0014320015907287598,0.0003090798854827881,0.0010107219219207763,0.0012213617563247678,0.75,0.0,0.125,0.0,0.125,0.125,0.0,0.0,10.863604933023453,2.0490429401397705,0.0004966222882103466,0.125,0.125,4.853593468666077,2.1830748319625854
train,base,33217,8,-0.6233779340982437,0.01027381420135498,-1.0,0.0049737513065338124,0.007623782753944393,0.375,0.0,0.125,0.0,0.625,0.0,0.0,0.125,8.356922775506973,3.397418260574341,0.031549391957323536,0.09583333134651184,0.0,4.440154731273651,1.9933469668030739
train,base,33233,8,-0.125,0.0,0.0,0.0,0.0,0.0,0.0,0.0,0.0,0.0,0.125,0.0,0.0,25.497610092163086,21.971914291381836,4.439452153935959e-10,0.0,0.125,4.90797346830368,2.1852484941482544
train,base,33288,8,0.0220831036567688,0.8845957517623901,0.0021294057369232178,0.45641655921936025,0.6705061554908749,0.875,0.125,0.25,0.0,0.125,0.0,0.0,0.0,7.024569734930992,1.8110007047653198,0.08938096871821699,0.22500000149011612,0.0,4.954804480075836,2.205086797475815
train,base,33314,8,0.043326981365680695,0.703657865524292,0.041831016540527344,0.5289430439472198,0.6163004547357558,0.875,0.25,0.125,0.0,0.125,0.0,0.0,0.0,5.54309356212616,3.292978525161743,0.056512250448577106,0.13333334028720856,0.0,4.933129012584686,2.202342003583908
train,base,33331,8,-0.07642436772584915,0.907276451587677,0.0007072985172271729,0.7905386328697205,0.8489075422286987,0.625,0.375,0.625,0.0,0.25,0.125,0.0,0.0,16.633341431617737,6.014904022216797,0.08855249823876399,0.5166666656732559,0.125,4.745001792907715,2.118824824690819
train,base,33506,8,-0.1468406394124031,0.9216213226318359,0.0005936622619628906,0.8658471822738647,0.8937342524528503,0.625,0.25,0.25,0.0,0.125,0.25,0.0,0.125,16.134394824504852,6.710087776184082,0.10729560700309548,0.20416666567325592,0.25,4.367701008915901,2.018587552011013
train,base,33562,8,-0.3701751083135605,0.015754997730255127,0.0016096830368041992,0.014710664749145508,0.015232831239700317,0.625,0.0,0.0,0.0,0.375,0.0,0.0,0.125,14.094587206840515,10.035274505615234,0.021487862559297355,0.0,0.0,4.638354271650314,2.1050948053598404
train,base,33687,8,0.02396971732378006,0.7471063733100891,0.008149385452270508,0.3421011924743651,0.5446037828922269,0.875,0.125,0.125,0.0,0.0,0.0,0.0,0.125,11.657840996980667,3.7577688694000244,0.12536649249153697,0.0,0.10139678418636322,4.6311875358223915,2.0899812281131744
train,base,33769,8,-0.08396770060062408,0.29075169563293457,1.4901161193847656e-06,0.11346029639244075,0.20210599601268753,0.625,0.0,0.0,0.0,0.0,0.125,0.0,0.0,23.287540316581726,7.783472061157227,0.04103229919092738,0.0,0.125,4.702788591384888,2.1291645616292953
train,base,33824,8,-0.4374167025089264,0.05897367000579834,-0.30008330941200256,0.046865373849868774,0.05291952192783355,0.375,0.0,0.0,0.0,0.0,0.5,0.25,0.0,21.87552785873413,11.539759635925293,0.01915026546520836,0.04583333432674408,0.625,5.075819373130798,2.235377609729767
train,base,33851,8,1.6868114471435547e-05,1.0,1.4901161193847656e-06,0.30008995532989485,0.650044977664947,0.75,0.125,0.125,0.125,0.0,0.125,0.0,0.0,22.866691768169403,5.317819118499756,0.07306741158799808,0.12083332985639572,0.125,4.9137082695961,2.196368396282196
train,base,33875,8,-0.21692178398370743,0.9708375930786133,0.03931260108947754,0.38622245192527754,0.678530022501945,0.625,0.125,0.25,0.0,0.375,0.0,0.0,0.0,12.037808001041412,5.329159259796143,0.08796647052804474,0.2083333358168602,0.0,5.167741000652313,2.2712376713752747
train,base,33947,8,-0.6989183719269931,7.152557373046875e-07,-0.9997313320636749,-0.023840698972344407,-0.011919991858303565,0.125,0.0,0.0,0.0,0.0,0.625,0.0,0.0,27.186128854751587,21.056367874145508,0.00011774979434254401,0.0,0.6990361134521663,4.619062781333923,2.0812607258558273
train,base,33957,8,0.008556880056858063,0.043491363525390625,6.9141387939453125e-06,0.03049373626708984,0.03699254989624023,1.0,0.0,0.0,0.0,0.0,0.0,0.0,0.0,24.331708908081055,12.131793975830078,0.008556884056165615,0.0,0.0,4.881572663784027,2.18807053565979
train,base,34013,8,-0.32651152618200285,0.053110361099243164,-4.5484601287171245e-05,0.03309221267700195,0.04310128688812254,0.5,0.0,0.0,0.0,0.125,0.125,0.0,0.5,13.53770250082016,6.157784461975098,0.04374914270164229,0.0,0.24526067234546645,2.7886505648493767,1.495033971965313
train,base,34067,8,0.10171502828598022,0.9191276431083679,0.006473273038864136,0.9123397707939148,0.9157337069511413,0.625,0.375,0.375,0.0,0.0,0.125,0.0,0.375,14.679891407489777,5.225354194641113,0.12861585736067127,0.3125,0.24012459814548492,3.345735400915146,1.6836145520210266
train,base,34082,8,0.009748823940753937,0.047821223735809326,0.004045248031616211,0.020770496129989616,0.03429585993289946,1.0,0.0,0.0,0.0,0.0,0.0,0.0,0.0,8.078788220882416,5.483974933624268,0.009748821883022174,0.0,0.0,4.753877878189087,2.1139898002147675
train,base,34135,8,-0.4999968111515045,2.5510787963867188e-05,-0.5,7.653236389160152e-06,1.6582012176513658e-05,0.125,0.0,0.0,0.0,0.0,0.5,0.125,0.0,29.758703231811523,26.331430435180664,3.694407818764272e-06,0.0,0.5625,4.950834631919861,2.2268311083316803
train,base,34159,8,0.319126695394516,1.0,0.18455585837364197,0.7780486583709716,0.8890243291854857,1.0,0.375,0.25,0.125,0.0,0.0,0.0,0.25,7.521631240844727,4.122951507568359,0.14070537597797816,0.2666666582226753,0.0,3.732774168252945,1.8194788843393326
train,base,34167,8,0.28007597476243973,1.0,0.17081230878829956,0.9751242637634278,0.9875621318817138,0.875,0.5,0.375,0.125,0.125,0.0,0.0,0.375,13.362024426460266,4.211510181427002,0.22955696038385298,0.3916666582226753,0.003764416091144085,3.2747550308704376,1.6412829086184502
train,base,34196,8,-0.43214887380599976,0.47218096256256104,-0.4742948114871979,0.14864155650138847,0.31041125953197457,0.375,0.125,0.25,0.125,0.125,0.375,0.25,0.0,6.049343854188919,0.677497386932373,0.13035218817991304,0.125,0.5625,5.244303822517395,2.2190462946891785
train,base,34209,8,0.07390332221984863,0.4571681022644043,0.0025553107261657715,0.2242100834846496,0.3406890928745268,1.0,0.125,0.0,0.0,0.0,0.0,0.0,0.25,14.943716645240784,5.940362930297852,0.0739033227487198,0.0,0.0,4.1499698013067245,1.867919996380806
train,base,34278,8,-0.2500698119401932,0.4268430471420288,0.017220795154571533,0.38719185590744015,0.40701745152473445,0.625,0.25,0.0,0.0,0.375,0.0,0.0,0.0,10.615208268165588,6.546706199645996,0.12670425616124703,0.0,0.0,4.778689861297607,2.1440533846616745
train,base,34279,8,-0.12459640204906464,0.002559363842010498,2.658367156982422e-05,0.001163554191589355,0.0018614590167999258,0.875,0.0,0.125,0.0,0.125,0.0,0.0,0.0,15.424875915050507,5.400702953338623,0.07155882905021116,0.0,0.0,4.82971328496933,2.1702832877635956
train,base,34298,8,-0.10001759976148605,1.0,0.03864070773124695,0.9090517818927765,0.9545258909463882,0.625,0.25,0.25,0.125,0.125,0.25,0.0,0.0,9.613499224185944,4.142919063568115,0.1340561135803,0.2291666641831398,0.25,5.671057045459747,2.247798055410385
train,base,34321,8,-0.3954203203320503,0.46368110179901123,-0.48194435238838196,0.28018800020217893,0.37193455100059497,0.5,0.125,0.125,0.125,0.5,0.0,0.0,0.0,6.7064526081085205,4.18947696685791,0.05636981735005975,0.13333332538604736,0.11948517616838217,4.721183717250824,2.1312175393104553
train,base,34351,8,-0.11304343491792679,0.0515594482421875,0.0028005242347717285,0.03734467029571533,0.044452059268951405,0.75,0.0,0.0,0.0,0.0,0.125,0.0,0.375,6.794270634651184,2.5034141540527344,0.0119565712156437,0.0,0.125,3.284251168370247,1.6519017294049263
train,base,34374,8,-0.1952676810324192,0.08979541063308716,0.0011384189128875732,0.03898667097091674,0.06439104080200192,0.625,0.0,0.125,0.0,0.125,0.25,0.0,0.375,6.849375456571579,2.968518018722534,0.06768352138203682,0.125,0.26295119151473045,4.350609555840492,1.8406720906496048
train,base,34378,8,-0.3070620223879814,0.35846036672592163,-0.18306389451026917,0.2576723456382751,0.3080663561820983,0.5,0.125,0.125,0.0,0.0,0.5,0.125,0.375,15.01662391424179,7.359309673309326,0.09263518108355129,0.1041666641831398,0.5625,3.3731874898076057,1.696076475083828
train,base,34413,8,-0.3995371386408806,1.0,-0.6822580695152283,0.41774693727493273,0.708873468637466,0.375,0.125,0.125,0.125,0.25,0.375,0.0,0.125,17.40472537279129,5.671925067901611,0.10330132163144584,0.19166666269302368,0.375,4.276394747197628,1.985738418996334
train,base,34459,8,0.021836720407009125,0.15642774105072021,4.678964614868164e-06,0.05969501137733457,0.10806137621402734,0.875,0.0,0.0,0.0,0.0,0.0,0.0,0.0,24.74043917655945,9.370102882385254,0.02183672668981742,0.0,0.0,4.815130054950714,2.1645069122314453
train,base,34478,8,0.4592283070087433,0.9457063674926758,0.4654807448387146,0.7535344541072845,0.8496204107999801,1.0,0.625,0.5,0.0,0.0,0.0,0.0,0.25,7.031048834323883,4.545166969299316,0.4303878468926996,0.1041666641831398,0.005093082785606384,3.8858550786972046,1.844985730946064
train,base,34526,8,-0.37084201723337173,0.002790212631225586,0.0,0.0009261012077331538,0.0018581569194793686,0.375,0.0,0.0,0.0,0.0,0.375,0.0,0.25,24.801997661590576,12.935855865478516,0.004157978584927661,0.0,0.375,3.782187342643738,1.820342980325222
train,base,34575,8,-0.5900108814239502,0.20277541875839233,-0.9521893858909607,0.060832625627517664,0.1318040221929549,0.125,0.0,0.125,0.0,0.0,0.75,0.25,0.25,21.053154349327087,4.083766937255859,0.1276426448037155,0.11666666716337204,0.875,3.538066364824772,1.7328303828835487
train,base,34625,8,0.01590865245088935,0.8794858455657959,0.04455140233039856,0.8270374655723571,0.8532616555690765,0.625,0.375,0.25,0.0,0.25,0.0,0.0,0.125,5.784815669059753,3.3863110542297363,0.1244560130580794,0.23333333432674408,0.005677552428096533,4.1592889204621315,1.929539181292057
train,base,34682,8,-0.05267886817455292,0.41420412063598633,0.0032917261123657227,0.2282248139381408,0.3212144672870635,0.75,0.125,0.0,0.0,0.0,0.125,0.0,0.0,14.292939066886902,6.679812431335449,0.07232112973497216,0.0,0.125,4.708030879497528,2.141626164317131
train,base,34699,8,-0.24353361502289772,0.0001207590103149414,0.0,3.6269426345825175e-05,7.851421833038325e-05,0.375,0.0,0.0,0.0,0.125,0.0,0.0,0.0,26.286147832870483,17.478214263916016,0.0004438159661486925,0.0,0.11895031854510307,4.458619773387909,2.0507829785346985
train,base,34721,8,-0.49509554356336594,0.03194516897201538,-0.5,0.014651215076446528,0.023298192024230946,0.375,0.0,0.0,0.0,0.5,0.0,0.0,0.125,13.332183003425598,8.048080444335938,0.010050010820112793,0.0,0.0,4.537778675556183,2.080210752785206
train,base,34746,8,0.005171485245227814,1.0,9.5367431640625e-07,0.86478111743927,0.9323905587196349,0.625,0.25,0.375,0.125,0.0,0.375,0.0,0.0,16.60081708431244,4.9089484214782715,0.1698459515840156,0.3583333343267441,0.3994441833347082,4.744801819324493,2.108638644218445
train,base,34824,8,-0.17170801013708115,0.08355414867401123,9.363889694213867e-05,0.02609413862228392,0.05482414364814754,0.75,0.0,0.125,0.0,0.0,0.25,0.0,0.25,19.26677292585373,6.245728015899658,0.06944736926851647,0.016666673123836517,0.25,4.487321451306343,1.9103210046887398
train,base,34902,8,-0.75,1.0,-1.0,-0.40000000000000036,0.29999999999999893,0.125,0.125,0.125,0.125,0.875,0.0,0.0,0.0,13.589788377285004,4.684818744659424,0.08347628227784298,0.12083332985639572,0.0,4.7018303871154785,2.1474920213222504
train,base,34945,8,0.0038506686687469482,0.8865824341773987,0.023106038570404053,0.7306788325309753,0.8086306333541868,0.75,0.375,0.25,0.0,0.25,0.0,0.0,0.0,11.810481488704681,6.645766258239746,0.14434035611338913,0.1666666641831398,0.0,4.635594189167023,2.116401821374893
train,base,34972,8,-0.23170503415167332,0.7011337876319885,-0.11489743739366531,0.6433650255203247,0.6722494065761566,0.5,0.25,0.25,0.0,0.125,0.25,0.0,0.0,14.997462630271912,4.146740913391113,0.17203766971443635,0.0,0.27874056436121464,5.113855361938477,2.253112643957138
train,base,35009,8,-0.12309281527996063,0.9946608543395996,8.940696716308594e-08,0.9358607769012451,0.9652608156204223,0.625,0.25,0.25,0.0,0.25,0.25,0.0,0.75,11.237297117710114,2.685997486114502,0.21542475438337438,0.22083333134651184,0.25,1.9373484402894974,1.21397153288126
train,base,35089,8,-0.1788889244198799,0.764686644077301,0.0002619028091430664,0.2358327507972716,0.5002596974372859,0.625,0.125,0.25,0.0,0.0,0.25,0.125,0.0,12.911909580230713,3.642653465270996,0.1745848906784886,0.05416666716337204,0.43678056448698044,4.881784617900848,2.2160077542066574
train,base,35096,8,-0.13532203622162342,0.0009016990661621094,6.93202018737793e-05,0.0004943132400512695,0.0006980061531066891,0.75,0.0,0.0,0.0,0.125,0.0,0.0,0.125,16.216287851333618,10.598067283630371,0.007971797980218298,0.0,0.018189439550042152,4.733947671949863,2.1158947497606277
train,base,35120,8,0.10251269489526749,0.9192000031471252,0.037878841161727905,0.7764214098453521,0.8478107064962386,0.875,0.25,0.375,0.0,0.125,0.0,0.0,0.0,6.483863800764084,2.4252941608428955,0.053554949816316366,0.32500000298023224,0.0,4.991611123085022,2.206058919429779
train,base,35138,8,-0.10126405209302902,0.08347606658935547,0.01275673508644104,0.062306523323059075,0.07289129495620726,0.875,0.0,0.125,0.0,0.125,0.0,0.0,0.0,6.329834759235382,2.488434314727783,0.0237359507009387,0.125,0.10136613249778748,4.670711159706116,2.1285891979932785
train,base,35253,8,0.27107905596494675,0.9015570878982544,6.967782974243164e-05,0.855243194103241,0.8784001410007476,1.0,0.375,0.25,0.125,0.0,0.0,0.0,0.25,15.476872384548187,5.71498966217041,0.12468006761751838,0.15416666865348816,0.0,4.20171944797039,1.9495232105255127
train,base,35408,8,-0.0443388894200325,0.08675497770309448,0.0003281831741333008,0.04073110222816466,0.06374303996562955,0.875,0.0,0.125,0.0,0.0,0.125,0.0,0.0,17.1947620511055,5.7575860023498535,0.08066111174923662,0.0,0.125,4.9230241775512695,2.201604723930359
train,base,35428,8,-0.4482491984963417,0.0012590289115905762,-0.3817707300186157,0.0003777086734771726,0.0008183687925338739,0.125,0.0,0.0,0.0,0.0,0.125,0.375,0.0,25.605497360229492,19.352296829223633,0.0001573851167910195,0.0,0.5139373615384102,4.770363509654999,2.1608091294765472
train,base,35459,8,0.07091035693883896,0.22199666500091553,0.03610244393348694,0.1677798867225647,0.19488827586174007,1.0,0.0,0.0,0.0,0.0,0.0,0.0,0.0,8.024180173873901,5.096223831176758,0.07091035973280668,0.0,0.0,4.64786159992218,2.081080138683319
train,base,35573,8,-0.5280777141451836,0.4229326546192169,-0.7117468118667603,0.1268889755010604,0.2749108150601385,0.25,0.125,0.125,0.0,0.0,0.5,0.0,0.0,22.446966528892517,11.161355018615723,0.009234863822257466,0.14166667312383652,0.6724401712417603,4.883183717727661,2.138695105910301
train,base,35585,8,0.09302622824907303,0.5099299550056458,0.00180894136428833,0.2842378735542297,0.39708391427993756,1.0,0.125,0.125,0.0,0.0,0.0,0.0,0.0,15.136337280273438,5.883919715881348,0.0930262369827517,0.0,0.0,4.720675587654114,2.1372900009155273
train,base,35623,8,-0.3572931308299303,0.1485268473625183,-0.08441195636987686,0.14663206934928893,0.14757945835590364,0.5,0.0,0.0,0.0,0.25,0.125,0.0,0.125,13.623349785804749,8.612030029296875,0.04383328444328072,0.0,0.15083243884146214,4.553287975490093,2.097771540284157
train,base,35634,8,-0.41780609637498856,0.007826685905456543,-0.2490188479423523,0.005179262161254882,0.0065029740333557105,0.5,0.0,0.0,0.0,0.0,0.125,0.125,0.25,7.9648327231407166,5.73433256149292,0.001981031227387575,0.0,0.41978712379932404,3.8258483707904816,1.826639048755169
train,base,35667,8,-0.028390683233737946,0.7410392761230469,0.30702272057533264,0.7196930766105651,0.730366176366806,0.625,0.5,0.5,0.0,0.375,0.0,0.0,0.0,9.25276181101799,3.897237539291382,0.3666657302346721,0.0,0.0,4.884315311908722,2.2039111256599426
train,base,35672,8,-0.18819299340248108,0.6691523790359497,0.0,0.623003500699997,0.6460779398679732,0.375,0.25,0.25,0.0,0.0,0.375,0.125,0.125,11.569276571273804,5.156871795654297,0.13323250699896114,0.07083334028720856,0.4375,4.3733286038041115,2.0111504942178726
train,base,35730,8,0.18172771111130714,0.9171285033226013,0.0035087764263153076,0.7759555459022521,0.8465420246124267,0.875,0.25,0.25,0.0,0.0,0.0,0.0,0.0,10.244676053524017,5.307782173156738,0.145760147051476,0.18333332985639572,0.07660495862364769,5.001280784606934,2.223286509513855
train,base,35808,8,-0.7549073025584221,0.04257643222808838,-1.0,-0.04451146721839907,-0.0009675174951554039,0.125,0.0,0.125,0.125,0.75,0.125,0.0,0.0,3.270593509078026,1.5869539976119995,0.08259269408881664,0.0,0.23234479129314423,4.6807045340538025,2.108232259750366
train,base,35824,8,-0.1816895306110382,0.8073061108589172,0.00020000338554382324,0.7588138461112977,0.7830599784851073,0.625,0.25,0.25,0.0,0.0,0.375,0.0,0.0,22.58116114139557,12.544788360595703,0.006911817638747653,0.19166667014360428,0.375,4.736815392971039,2.1433969885110855
train,base,35860,8,0.14482706785202026,0.5036810040473938,0.09254312515258789,0.35280597209930414,0.4282434880733489,1.0,0.125,0.125,0.0,0.0,0.0,0.0,0.0,5.303488343954086,3.4643964767456055,0.1448270600772048,0.0,0.0,4.654671013355255,2.0841029584407806
train,base,35863,8,-0.051817722618579865,0.5247817039489746,0.004407614469528198,0.1845507860183715,0.35466624498367283,0.75,0.125,0.125,0.0,0.0,0.125,0.125,0.0,16.098492860794067,8.831345558166504,0.021218900187308248,0.05833332985639572,0.1875,4.629522919654846,2.10943366587162
train,base,35877,8,0.03881589323282242,0.21638154983520508,0.010110288858413696,0.09009820222854611,0.1532398760318755,1.0,0.0,0.0,0.0,0.0,0.0,0.0,0.375,9.177175462245941,5.985774517059326,0.0388158828500309,0.0,0.0,3.4732230603694916,1.723116971552372
train,base,35945,8,-0.45862171798944473,0.0011466741561889648,-0.33512309193611145,0.00040404200553894026,0.0007753580808639521,0.25,0.0,0.0,0.0,0.125,0.25,0.125,0.125,23.844079732894897,11.884614944458008,0.00644815928806729,0.0,0.39630798250436783,4.466659292578697,2.04275231808424
train,base,35950,8,-0.11476556956768036,0.05994993448257446,0.014541596174240112,0.03786373138427734,0.04890683293342589,0.75,0.0,0.125,0.0,0.125,0.0,0.0,0.0,8.54134476184845,4.723342418670654,0.09154702804517001,0.0,0.010405153036117554,5.601401090621948,2.292630761861801
train,base,35959,8,-0.3763217902742326,0.0034244656562805176,-0.007857492193579674,0.002218037843704223,0.0028212517499923697,0.375,0.0,0.0,0.0,0.375,0.0,0.0,0.0,16.169744849205017,9.87427806854248,0.004752651351211334,0.004166662693023682,0.0019643730483949184,4.623662114143372,2.1198022216558456
train,base,35988,8,-0.11214565485715866,0.06692475080490112,0.00011295080184936523,0.044858616590499875,0.055891683697700485,0.875,0.0,0.0,0.0,0.125,0.0,0.0,0.0,21.186658263206482,11.269834518432617,0.01286630430911373,0.0,0.03697063401341438,4.650148689746857,2.1135159134864807
train,base,36095,8,0.08672620356082916,0.4042583703994751,0.03396296501159668,0.2214640080928802,0.31286118924617756,1.0,0.125,0.0,0.0,0.0,0.0,0.0,0.0,5.151418328285217,3.502925395965576,0.08672620711149648,0.0,0.0,4.604552268981934,2.0924852788448334
train,base,36127,8,-0.28143321722745895,0.645382821559906,0.00029966235160827637,0.24034518003463734,0.4428640007972714,0.5,0.125,0.25,0.0,0.375,0.0,0.0,0.0,11.77364556491375,1.492780089378357,0.03602381970058134,0.19583334028720856,0.0,4.751309871673584,2.1561399102211
train,base,36174,8,0.3137040361762047,0.7358230948448181,0.23794209957122803,0.6890142798423767,0.7124186873435974,1.0,0.5,0.375,0.0,0.0,0.0,0.0,0.0,8.60872232913971,3.951246738433838,0.3137040374112132,0.0,0.0,5.066194772720337,2.2432459592819214
train,base,36210,8,0.251534141600132,1.0,0.020025134086608887,0.9881659090518952,0.9940829545259475,0.75,0.375,0.375,0.125,0.0,0.125,0.0,0.0,12.883393466472626,6.05714750289917,0.1595306649614945,0.36249998956918716,0.125,4.767979979515076,2.169660046696663
train,base,36249,8,0.5088078379631042,0.9717562794685364,0.5671936273574829,0.9705508947372437,0.97115358710289,1.0,0.5,0.5,0.0,0.0,0.0,0.0,0.125,4.619413107633591,3.41550612449646,0.0784164312062785,0.4833333194255829,0.0,4.144759692251682,1.9413846135139465
train,base,36254,8,-0.24999992549419403,3.5762786865234375e-07,0.0,1.9073486328124996e-07,2.7418136596679675e-07,0.375,0.0,0.0,0.0,0.25,0.0,0.0,0.0,29.07701873779297,24.76471710205078,2.3236258095415963e-07,0.0,0.0,4.813724219799042,2.180466890335083
train,base,36469,8,0.0018445253372192383,0.005828559398651123,0.0007953643798828125,0.00481276512145996,0.005320662260055542,0.875,0.0,0.0,0.0,0.0,0.0,0.0,0.0,16.799412846565247,11.307900428771973,0.001844524829487602,0.0,0.0,5.1174193024635315,2.280423581600189
train,base,36507,8,-0.17198909725993872,1.0,-0.0442308746278286,0.7986846446990966,0.8993423223495481,0.5,0.25,0.25,0.125,0.375,0.0,0.0,0.0,11.476592600345612,4.177697658538818,0.18408058145021755,0.11666666716337204,0.011096320115029812,4.863717257976532,2.16619274020195
train,base,36553,8,-0.31243932247161865,0.3378058671951294,-0.22166845202445984,0.16489415764808651,0.2513500124216078,0.5,0.125,0.125,0.0,0.25,0.125,0.25,0.375,5.636128917336464,1.6949342489242554,0.12277136043849168,0.0,0.30987685918807983,3.2844479456543922,1.6506263613700867
train,base,36580,8,-0.4604978486895561,0.8159992694854736,-0.7499946057796478,0.24480478763580307,0.530402028560638,0.25,0.125,0.25,0.0,0.5,0.375,0.25,0.0,25.14681589603424,10.876132011413574,0.010647543167146445,0.23749999701976776,0.5828130841255188,5.854755699634552,2.362362325191498
train,base,36592,8,-0.12409944453975186,0.006830275058746338,9.074807167053223e-05,0.004702222347259521,0.005766248703002928,0.75,0.0,0.0,0.0,0.125,0.0,0.0,0.0,17.47479474544525,11.759895324707031,0.0014993747490015252,0.0,0.0005930102779529989,5.652551114559174,2.3843307197093964
train,base,36635,8,0.15850979089736938,0.5019736289978027,0.0916949212551117,0.3331115365028381,0.4175425827503203,1.0,0.125,0.125,0.0,0.0,0.0,0.0,0.0,5.974466383457184,4.510554790496826,0.10403817650512792,0.05833332985639572,0.0,4.87214195728302,2.157289683818817
train,base,36674,8,-0.6677676141262054,0.12935364246368408,-0.9999996423721313,0.038807678222656225,0.0840806603431701,0.25,0.0,0.375,0.0,0.5,0.125,0.0,0.125,11.940847158432007,4.064862251281738,0.20860413987217896,0.3291666582226753,0.18912572879344225,4.337126560509205,2.0046836882829666
train,base,36687,8,0.1744634211063385,0.8640250563621521,0.0002982020378112793,0.8029716730117797,0.8334983646869659,0.875,0.375,0.375,0.0,0.0,0.125,0.0,0.125,15.799886345863342,3.477280616760254,0.2888677998038247,0.1041666641831398,0.13739811349660158,4.406127013266087,2.038162112236023
train,base,36739,8,0.07915467023849487,0.21825790405273438,0.05819171667098999,0.14162030220031735,0.17993910312652583,1.0,0.0,0.0,0.0,0.0,0.0,0.0,0.0,6.4344159960746765,4.9804182052612305,0.07915467268321663,0.0,0.0,5.076724350452423,2.2356975078582764
train,base,36754,8,-0.29450390487909317,0.7975541353225708,-0.4548032879829407,0.7517266511917114,0.7746403932571411,0.5,0.25,0.25,0.0,0.375,0.25,0.125,0.0,13.16119959950447,3.2578413486480713,0.20607021511146684,0.0,0.3125,4.616921961307526,2.0811349749565125
train,base,36792,8,-0.7496066316962242,0.0009861588478088379,-1.0,0.00032618045806884747,0.0006561696529388423,0.25,0.0,0.25,0.0,0.5,0.75,0.25,0.0,11.571871727705002,2.61053204536438,0.18101746455431567,0.21249999850988388,0.875,4.7338510155677795,2.1309012472629547
train,base,36956,8,0.004562106531011523,0.05772346258163452,0.0020734965801239014,0.05299396514892578,0.05535871386528015,0.875,0.0,0.0,0.0,0.0,0.0,0.0,0.0,8.343572854995728,3.667609691619873,0.01470622902940022,0.0,0.010144117672211905,4.804635584354401,2.167266368865967
train,base,36994,8,0.004037633538246155,0.02463144063949585,0.0004112422466278076,0.011188542842864987,0.01790999174118041,1.0,0.0,0.0,0.0,0.0,0.0,0.0,0.125,16.03782606124878,13.115983009338379,0.004037628747751043,0.0,0.0,4.258277893066406,1.9857618883252144
train,base,37006,8,0.026135869324207306,1.0,0.0004858672618865967,0.44219225645065297,0.7210961282253261,0.875,0.125,0.125,0.125,0.125,0.0,0.0,0.0,14.006888574920595,0.09206681698560715,0.08013165894811891,0.1458333283662796,0.0,4.990167737007141,2.2053826451301575
train,base,37094,8,0.31969261914491653,0.8544020056724548,0.11738231778144836,0.7932580828666687,0.8238300442695617,0.875,0.375,0.5,0.0,0.0,0.0,0.125,0.0,12.794642269611359,3.9769740104675293,0.2160218142804696,0.25,0.0625,4.639568328857422,2.0773594677448273
train,base,37189,8,-0.6122102811932564,0.0025238990783691406,-0.9509635269641876,0.0014837801456451414,0.00200383961200714,0.375,0.0,0.25,0.0,0.5,0.0,0.0,0.0,7.521844521164894,1.5732475519180298,0.0023943088453961536,0.25,0.11385447531938553,5.206431269645691,2.2936547994613647
train,base,37192,8,0.09299532324075699,0.49431270360946655,3.36766242980957e-05,0.3229082882404327,0.4086104959249495,1.0,0.125,0.0,0.0,0.0,0.0,0.0,0.25,21.080452263355255,6.0455002784729,0.09299532302878788,0.0,0.0,4.167440824210644,1.9430547133088112
train,base,37234,8,-0.411837873281911,0.9723296165466309,-0.7256813049316406,0.4260044872760771,0.6991670519113536,0.25,0.125,0.5,0.0,0.25,0.5,0.0,0.125,13.439558506011963,4.36249303817749,0.24398394621834996,0.375,0.5849659193772823,4.551450066268444,2.0595449805259705
train,base,37239,8,0.13154618442058563,0.9839279055595398,0.006901741027832031,0.9696685254573822,0.976798215508461,0.875,0.25,0.25,0.125,0.125,0.0,0.0,0.25,7.630827873945236,3.6979715824127197,0.1645503918407485,0.11666666716337204,0.0,3.8805269449949265,1.8405218347907066
train,base,37297,8,0.00044270604848861694,0.0021532177925109863,0.0001303255558013916,0.001177769899368286,0.0016654938459396355,1.0,0.0,0.0,0.0,0.0,0.0,0.0,0.125,18.755149722099304,15.549590110778809,0.0004427065438221689,0.0,0.0,4.322975806891918,1.9942792803049088
train,base,37306,8,-0.20582232624292374,0.9161503314971924,-0.44250771403312683,0.9002392530441284,0.9081947922706604,0.5,0.375,0.25,0.0,0.375,0.25,0.0,0.625,11.35815566778183,6.024742603302002,0.1757349288493515,0.2083333283662796,0.25,2.477224625647068,1.3737269043922424
train,base,37340,8,0.2927374988794327,0.8811103105545044,2.980232238769531e-07,0.8117555022239685,0.8464329063892364,0.625,0.375,0.5,0.0,0.0,0.125,0.0,0.0,17.8447605073452,3.204198122024536,0.36516236630833354,0.17500000447034836,0.125,4.966237962245941,2.2017168402671814
train,base,37372,8,0.008528083562850952,0.6828127503395081,0.0697491466999054,0.2978635609149932,0.49033815562725036,0.875,0.125,0.125,0.0,0.125,0.125,0.0,0.0,6.970877379179001,3.410540819168091,0.13352808001218364,0.0,0.125,5.0032095313072205,2.2535762786865234
train,base,37473,8,0.25929559022188187,0.8843262195587158,0.2349274754524231,0.8702917695045471,0.8773089945316315,0.875,0.375,0.375,0.0,0.125,0.0,0.0,0.0,6.547401010990143,4.146122455596924,0.12857518286909908,0.3333333283662796,0.0,4.74285763502121,2.148076981306076
train,base,37542,8,-0.6104517728090286,0.11636686325073242,-1.0,0.03492270112037656,0.07564478218555444,0.375,0.0,0.0,0.0,0.625,0.0,0.0,0.0,8.177996039390564,3.218478202819824,0.020682980444618693,0.0,0.0,4.601181924343109,2.0887946635484695
train,base,37608,8,-0.6661159694194794,0.00015401840209960938,-0.9898476898670197,0.00010465979576110839,0.00012933909893035885,0.25,0.0,0.125,0.0,0.0,0.75,0.0,0.0,18.862576186656952,7.7942938804626465,0.03948636252133797,0.0625,0.75,4.68309223651886,2.1012943387031555
train,base,37609,8,0.023757249116897583,0.4902809262275696,0.043648332357406616,0.3673379838466644,0.4288094550371169,0.625,0.25,0.0,0.0,0.125,0.0,0.0,0.0,12.871389985084534,7.556934356689453,0.0930067392581742,0.05833332985639572,0.0,4.654478490352631,2.097707450389862
train,base,37616,8,-0.09097261726856232,0.08659261465072632,0.029894918203353882,0.06139293909072875,0.07399277687072751,0.875,0.0,0.0,0.0,0.125,0.0,0.0,0.0,7.554633259773254,3.6087398529052734,0.042857913302782435,0.0,0.0,4.968806147575378,2.2218742668628693
train,base,37725,8,-0.11231473088264465,1.0,6.258487701416016e-07,0.35414271950721726,0.6770713597536082,0.75,0.125,0.125,0.125,0.125,0.125,0.125,0.5,14.403972506523132,3.5121803283691406,0.11028727624233348,0.12083332985639572,0.1969555877149105,2.767256774008274,1.483273096382618
train,base,37745,8,-0.1617041602730751,0.42083740234375,4.351139068603516e-06,0.32606316208839414,0.373450282216072,0.625,0.125,0.0,0.0,0.25,0.0,0.0,0.0,24.208464980125427,12.649670600891113,0.004738394300670634,0.09166666865348816,0.11880217352882028,4.692994713783264,2.115375965833664
train,base,37990,8,-0.421936072409153,0.6320833563804626,-0.6559740006923676,0.3926282346248626,0.5123557955026625,0.375,0.125,0.375,0.0,0.5,0.0,0.0,0.0,4.963726848363876,3.769115924835205,0.20497447077650577,0.07083334028720856,0.11243509501218796,5.069857597351074,2.252961367368698
train,base,38066,8,0.03323782980442047,0.12190651893615723,0.008386552333831787,0.1079519271850586,0.1149292230606079,1.0,0.0,0.0,0.0,0.0,0.0,0.0,0.25,16.879112005233765,9.948996543884277,0.03323783693713267,0.0,0.0,3.8966047391295433,1.8506644889712334
train,base,38073,8,-0.3680397495627403,0.027035295963287354,0.001459568738937378,0.021889525651931762,0.024462410807609553,0.625,0.0,0.0,0.0,0.25,0.125,0.0,0.0,15.383334398269653,6.526149749755859,0.06884485137561569,0.0,0.125,4.983117043972015,2.1906783282756805
train,base,38116,8,0.0012140646576881409,0.004519820213317871,0.0007909536361694336,0.002804410457611084,0.003662115335464476,1.0,0.0,0.0,0.0,0.0,0.0,0.0,0.0,14.760441899299622,10.797566413879395,0.0012140703112777373,0.0,0.0,4.667000949382782,2.089553579688072
train,base,38145,8,-0.4941512793302536,0.01883852481842041,-0.4999842941761017,0.016319859027862548,0.017579191923141477,0.5,0.0,0.0,0.0,0.375,0.125,0.0,0.0,14.986409068107605,11.95062255859375,0.007659680460506024,0.0,0.125,4.5704145431518555,2.073668673634529
train,base,38204,8,-0.12492810189723969,0.0005703568458557129,1.1920928955078125e-07,0.00017394423484802236,0.0003721505403518674,0.625,0.0,0.0,0.0,0.0,0.125,0.0,0.125,24.857032299041748,18.714534759521484,7.18889041925741e-05,0.0,0.125,4.632972292602062,2.1263028606772423
train,base,38232,8,-0.5966925024986267,0.05017435550689697,-0.9170643091201782,0.018911707401275627,0.034543031454086284,0.375,0.0,0.0,0.0,0.375,0.25,0.0,0.625,12.30078375339508,6.849926948547363,0.01798472423797648,0.0,0.3543682396411896,2.4545297995209694,1.344456322491169
train,base,38237,8,-0.13189569488167763,0.02899003028869629,0.0,0.026624029874801634,0.02780703008174896,0.25,0.0,0.0,0.0,0.0,0.0,0.0,0.0,24.13953995704651,13.022760391235352,0.006876318746282415,0.0,0.13877201452851295,5.075846433639526,2.250707060098648
train,base,38331,8,0.004036746919155121,0.012084007263183594,0.0020173490047454834,0.00964595079421997,0.01086497902870178,0.75,0.0,0.0,0.0,0.0,0.0,0.0,0.0,7.868768692016602,2.6949234008789062,0.00403674211761285,0.0,0.0,4.773426592350006,2.150117516517639
train,base,38353,8,-0.5621980056166649,2.0444393157958984e-05,-0.748814731836319,6.133317947387691e-06,1.3288855552673329e-05,0.125,0.0,0.0,0.0,0.0,0.5,0.125,0.0,26.861955642700195,18.084781646728516,0.00030199407798231167,0.0,0.5625,4.891459584236145,2.2052496671676636
train,base,38429,8,0.02239411137998104,0.2756364345550537,0.0054509639739990234,0.131714791059494,0.20367561280727375,0.875,0.0,0.0,0.0,0.0,0.0,0.0,0.125,8.481451034545898,5.048172473907471,0.05200727526607807,0.0,0.029613161459565163,4.335775695741177,2.0200208872556686
train,base,38438,8,-0.040517210960388184,0.4770978093147278,0.013662487268447876,0.20976258516311638,0.3434301972389219,0.875,0.125,0.0,0.0,0.0,0.125,0.0,0.0,12.732358634471893,6.1768012046813965,0.08448279557529759,0.0,0.125,4.980343341827393,2.2319387197494507
train,base,38474,8,0.4925089031457901,0.9574133157730103,0.6376093626022339,0.9014768719673156,0.9294450938701629,1.0,0.625,0.625,0.0,0.0,0.0,0.0,0.125,7.839662432670593,3.1200692653656006,0.38335098728202865,0.21249999850988388,0.0,4.668069936335087,2.119049422442913
train,base,38477,8,0.08710087835788727,0.23437470197677612,0.08198016881942749,0.15438246726989743,0.19437858462333674,1.0,0.0,0.0,0.0,0.0,0.0,0.0,0.125,4.3690409660339355,3.451565742492676,0.08710088195221033,0.0,0.0,4.348285175859928,2.0027897357940674
train,base,38510,8,-0.016882948577404022,0.4011973738670349,0.06465107202529907,0.2494603812694549,0.3253288775682448,0.875,0.125,0.0,0.0,0.125,0.0,0.0,0.0,5.521995425224304,3.4030845165252686,0.10849844533368014,0.0,0.0,4.7551349401474,2.129224345088005
train,base,38653,8,-0.5041898936033249,0.48289167881011963,-0.9992880821228027,0.4816990613937378,0.4822953701019287,0.375,0.25,0.125,0.0,0.125,0.5,0.125,0.0,19.8079736828804,6.0385613441467285,0.06940354301203103,0.22083332389593124,0.5625,4.668441891670227,2.106403648853302
train,base,38684,8,-0.08114594966173172,0.13358187675476074,0.025820612907409668,0.11796519756317138,0.12577353715896605,0.875,0.0,0.0,0.0,0.125,0.0,0.0,0.0,7.411594897508621,3.4505269527435303,0.04496132359176119,0.0,0.0,4.764005064964294,2.126308262348175
train,base,38735,8,0.2328079268336296,0.7176905274391174,0.10219916701316833,0.6649237990379333,0.6913071632385254,1.0,0.25,0.25,0.0,0.0,0.0,0.0,0.0,10.231368005275726,4.133361339569092,0.23280791802608292,0.0,0.0,4.690522134304047,2.127497673034668
train,base,38736,8,0.004345983266830444,0.013525247573852539,0.0024114251136779785,0.009263843297958372,0.011394545435905453,1.0,0.0,0.0,0.0,0.0,0.0,0.0,0.0,13.433382749557495,10.124454498291016,0.0043459960288601,0.0,0.0,4.705231010913849,2.136386811733246
train,base,38864,8,-0.3315034806728363,0.6969216465950012,-0.4999839961528778,0.664477813243866,0.6806997299194336,0.5,0.25,0.5,0.0,0.375,0.25,0.0,0.0,13.141996920108795,4.33463716506958,0.2586709235089817,0.12083332985639572,0.25308766425587237,4.655444085597992,2.1070965230464935
train,base,38966,8,-0.5480155348777771,0.2116144895553589,-0.8029924035072327,0.06884361505508418,0.14022905230522145,0.375,0.0,0.0,0.0,0.5,0.0,0.0,0.0,4.858429670333862,2.878864288330078,0.028287208959227428,0.0,0.17352752573788166,6.050721883773804,2.366980344057083
train,base,39020,8,-0.24317985028028488,0.0417901873588562,0.0012789666652679443,0.016932392120361323,0.029361289739608748,0.625,0.0,0.0,0.0,0.25,0.25,0.25,0.0,18.072983384132385,14.139727592468262,0.0027355948604591575,0.004166662693023682,0.375,4.684579372406006,2.1331246197223663
train,base,39075,8,-0.8678964003920555,0.009329497814178467,-1.0,-0.6639516413211823,-0.3273110717535024,0.125,0.0,0.0,0.0,0.75,0.125,0.0,0.0,13.549089431762695,4.218996047973633,0.032078677100003006,0.0,0.12856093957088888,4.982247769832611,2.200835108757019
train,base,39078,8,0.011687041725963354,0.05233258008956909,0.01147499680519104,0.04596064686775207,0.049146613478660575,0.75,0.0,0.0,0.0,0.0,0.0,0.0,0.0,9.021588206291199,5.347774982452393,0.019591540254725537,0.0,0.00790450582280755,4.707978367805481,2.1184438467025757
train,base,39091,8,-0.49961110949516296,0.0017704963684082031,-0.4999772310256958,0.001047307252883911,0.0014089018106460565,0.5,0.0,0.125,0.0,0.5,0.125,0.0,0.0,13.875547051429749,8.107738494873047,0.051299098347953986,0.0833333283662796,0.125,4.807294487953186,2.1370469629764557
train,base,39098,8,-0.30419551581144333,0.01698434352874756,0.0063186585903167725,0.01332225203514099,0.015153297781944273,0.625,0.0,0.0,0.0,0.25,0.0,0.125,0.125,8.057707130908966,6.608335494995117,0.027455200266558677,0.0,0.0625,4.3587304055690765,1.9625542685389519
train,base,39111,8,-0.09211516752839088,0.22154349088668823,0.016819298267364502,0.1473024725914001,0.18442298173904415,0.75,0.0,0.0,0.0,0.125,0.0,0.0,0.125,7.978196561336517,4.4900126457214355,0.05468925197055796,0.0,0.018555674701929092,4.298292428255081,1.9824869260191917
train,base,39210,8,0.09626402705907822,0.7670349478721619,0.0001271665096282959,0.2319063782691954,0.4994706630706783,0.625,0.125,0.125,0.0,0.0,0.0,0.0,0.25,25.461505889892578,17.908653259277344,0.0005819814592238348,0.09583333134651184,0.0,3.923412710428238,1.83484748005867
train,base,39230,8,-0.15415025502443314,0.47683435678482056,0.020989209413528442,0.280935388803482,0.3788848727941512,0.75,0.125,0.125,0.0,0.25,0.0,0.125,0.125,5.81438785046339,0.2584640383720398,0.19113821152132004,0.004166662693023682,0.1462026834487915,4.295307889580727,1.9545530378818512
train,base,39330,8,-0.11919073760509491,0.020231306552886963,0.0007348954677581787,0.018854397535324096,0.019542852044105528,0.875,0.0,0.0,0.0,0.125,0.0,0.0,0.125,16.19668400287628,11.849711418151855,0.00580925312469216,0.0,0.0,4.450400628149509,2.0449078977108
train,base,39400,8,-0.24919842183589935,0.004693031311035156,2.9861927032470703e-05,0.00247623324394226,0.003584632277488707,0.75,0.0,0.0,0.0,0.25,0.0,0.0,0.0,15.588266789913177,7.046994686126709,0.006092920244469724,0.0,0.0,5.29951810836792,2.319267690181732
train,base,39446,8,-0.2650161059573293,0.0003250241279602051,5.099177360534668e-05,0.00019246935844421383,0.0002587467432022094,0.625,0.0,0.0,0.0,0.25,0.0,0.0,0.125,25.03196382522583,22.06236457824707,0.00011328279811095854,0.0,0.01512881089001894,4.658308707177639,2.1085053235292435
train,base,39450,8,0.1436414122581482,0.9671381115913391,0.46003296971321106,0.7595567166805267,0.8633474141359327,0.75,0.625,0.625,0.0,0.25,0.0,0.0,0.125,5.274498343467712,4.023221015930176,0.41012203984428197,0.23333333432674408,0.0,4.5361913070082664,2.060121290385723
train,base,39463,8,-0.12044287472963333,0.033997535705566406,4.559755325317383e-06,0.011652982234954829,0.022825258970260602,0.5,0.0,0.0,0.0,0.0,0.125,0.0,0.25,22.78242552280426,12.678406715393066,0.004588729370039156,0.0,0.1250316055084113,4.191948428750038,1.9344715103507042
train,base,39491,8,-0.28828588128089905,0.3037130832672119,0.03640654683113098,0.27285114526748655,0.28828211426734923,0.625,0.125,0.125,0.0,0.375,0.0,0.0,0.0,5.797781854867935,2.034515857696533,0.06071384059032425,0.15416666865348816,0.0,4.785555422306061,2.135522246360779
train,base,39530,8,-0.07831275463104248,0.9854229092597961,0.005861222743988037,0.5389318406581878,0.7621773749589916,0.75,0.25,0.125,0.0,0.25,0.0,0.0,0.25,7.1250141859054565,4.0411152839660645,0.1322501661197748,0.12083332985639572,0.0,3.67427758872509,1.803262636065483
train,base,39582,8,-0.19923598319292068,0.14539659023284912,0.013870298862457275,0.1451762080192566,0.14528639912605285,0.75,0.0,0.0,0.0,0.0,0.25,0.0,0.0,15.683730840682983,9.542266845703125,0.0507640196248218,0.0,0.25,4.837559461593628,2.150005117058754
train,base,39627,8,-0.07340089976787567,0.22250449657440186,5.5730342864990234e-06,0.10066730380058286,0.16158590018749228,0.5,0.0,0.0,0.0,0.0,0.0,0.0,0.0,20.18226730823517,8.5022611618042,0.03443655796538474,0.0,0.10783746093511581,5.102158188819885,2.2953176498413086
train,base,39639,8,-0.31355859339237213,0.48955249786376953,0.0002307295799255371,0.14751458764076225,0.31853354275226564,0.625,0.125,0.0,0.0,0.375,0.0,0.0,0.0,14.228708326816559,6.083583354949951,0.06520965230174625,0.0,0.0,4.775272369384766,2.142797961831093
train,base,39682,8,-0.5231005102396011,0.7715301513671875,-1.0,0.2600910425186156,0.5158105969429012,0.375,0.125,0.125,0.125,0.5,0.25,0.125,0.25,5.1794611513614655,2.318830966949463,0.10189949211780913,0.0,0.375,3.6279188096523285,1.7782258540391922
train,base,39685,8,-0.7461064979434013,0.030616402626037598,-1.0,0.009557050466537471,0.02008672654628752,0.25,0.0,0.0,0.0,0.75,0.0,0.0,0.0,8.345732390880585,5.4244160652160645,0.009994108811952174,0.0,0.0,4.787611961364746,2.1618439853191376
train,base,39736,8,-0.25735634565353394,0.02459031343460083,4.470348358154297e-07,0.018481111526489256,0.02153571248054504,0.625,0.0,0.0,0.125,0.125,0.125,0.125,0.0,7.4226109981536865,3.287458896636963,0.007454050944666335,0.0,0.26479290425777435,4.867895185947418,2.1675315499305725
train,base,39738,8,-0.3705930986907333,0.03126418590545654,-0.009220889769494534,0.024976325035095212,0.028120255470275874,0.5,0.0,0.0,0.0,0.375,0.0,0.0,0.0,15.570369482040405,11.885090827941895,0.009142194369815115,0.012499995529651642,0.002365788212046027,4.760692000389099,2.1278980672359467
train,base,39808,8,-0.19701792299747467,0.4129731059074402,0.007387608289718628,0.14582551121711723,0.27939930856227857,0.625,0.125,0.125,0.125,0.25,0.125,0.0,0.0,6.65113091468811,3.2405800819396973,0.10389972736444975,0.1041666641831398,0.15528474934399128,4.716709017753601,2.123565599322319
train,base,39819,8,0.14792784303426743,0.6768516302108765,0.06949600577354431,0.32992630004882806,0.503388965129852,1.0,0.125,0.125,0.0,0.0,0.0,0.0,0.0,6.237128883600235,3.5224807262420654,0.1479278450278798,0.0,0.0,5.09210866689682,2.2417807579040527
train,base,39866,8,-0.5151601433753967,0.6345738768577576,-0.8795868456363678,0.19179146289825427,0.41318266987800567,0.375,0.125,0.125,0.0,0.5,0.375,0.0,0.25,5.5107798129320145,1.268248200416565,0.11023037758423015,0.0,0.375,3.7088917791843414,1.788753129541874
train,base,39869,8,-0.3329094126820564,0.8219326734542847,-0.24723699688911438,0.25122810602188095,0.5365803897380825,0.5,0.125,0.125,0.0,0.375,0.0,0.0,0.25,14.412491500377655,4.6398749351501465,0.07225459908223542,0.08750000596046448,0.06214366853237152,3.9345410764217377,1.8670417964458466
train,base,39887,8,0.03945903480052948,0.12556910514831543,0.03271007537841797,0.0739402949810028,0.09975470006465909,0.875,0.0,0.0,0.0,0.0,0.0,0.0,0.0,6.9516825675964355,5.386943340301514,0.03945903474727741,0.0,0.0,4.8487637639045715,2.146827906370163
train,base,39921,8,-0.24961847811937332,0.0022312402725219727,2.8252601623535156e-05,0.0007969617843627926,0.0015141010284423816,0.75,0.0,0.0,0.0,0.125,0.125,0.0,0.0,22.49280822277069,13.750861167907715,0.0029219898626386964,0.0,0.125,5.303735136985779,2.292188197374344
train,base,39961,8,-0.26416172087192535,0.90438312292099,-0.48093265295028687,0.6816068291664124,0.792994976043701,0.5,0.375,0.25,0.0,0.5,0.0,0.0,0.0,5.503837496042252,3.648202657699585,0.1327249421738088,0.17499999701976776,0.0,4.66855663061142,2.1184007823467255
train,base,39982,8,-0.45979321002960205,0.1762142777442932,-0.4940566420555115,0.10274806022644041,0.13948116898536678,0.5,0.0,0.125,0.0,0.5,0.0,0.0,0.0,5.465365797281265,3.39652681350708,0.08170301327481866,0.09166666865348816,0.05714183673262596,4.639790296554565,2.1033074259757996
train,base,39984,8,0.08404739201068878,0.20519685745239258,0.08955329656600952,0.13448520898818966,0.1698410332202911,1.0,0.0,0.0,0.0,0.0,0.0,0.0,0.0,5.937973916530609,4.087583541870117,0.08404739270918071,0.0,0.0,4.708245635032654,2.098346844315529
train,base,39985,8,0.04386490676552057,0.17111265659332275,2.9832124710083008e-05,0.1686184823513031,0.16986556947231293,0.625,0.0,0.0,0.0,0.0,0.0,0.0,0.0,13.731343746185303,9.150259971618652,0.0523736186813684,0.0,0.008508711121976376,4.736375987529755,2.1410191357135773
val,base,4,8,-0.068216891027987,0.188301682472229,0.01633286476135254,0.13425650671124456,0.16127909459173675,0.875,0.0,0.0,0.0,0.0,0.125,0.0,0.0,12.664834856987,7.958906173706055,0.058401005386258475,0.0,0.12661790195852518,4.792146325111389,2.1501265466213226
val,base,15,8,0.1819879561662674,1.0,0.08177393674850464,0.38012933731079085,0.6900646686553951,1.0,0.125,0.125,0.125,0.0,0.0,0.0,0.0,6.711601376533508,3.5569000244140625,0.12802726333029568,0.12083332985639572,0.0,4.8922242522239685,2.22385573387146
val,base,16,8,-0.5946435630321503,0.2096341848373413,-0.999997079372406,0.08601073622703549,0.14782246053218834,0.375,0.0,0.0,0.0,0.375,0.25,0.0,0.0,17.08970332145691,8.652532577514648,0.030377683575718007,0.0,0.25,4.732235372066498,2.1506568491458893
val,base,74,8,-0.2031390443444252,0.3248467445373535,0.0005042552947998047,0.12272425293922419,0.22378549873828874,0.75,0.125,0.0,0.0,0.25,0.0,0.0,0.0,14.287171840667725,7.4630818367004395,0.056995325161778965,0.0,0.0,5.0814860463142395,2.264666259288788
val,base,99,8,0.07321902737021446,0.9404894113540649,4.76837158203125e-07,0.30579259991645796,0.6231410056352611,0.5,0.125,0.125,0.0,0.0,0.0,0.0,0.0,21.839239597320557,6.770225524902344,0.06192681798919422,0.11249999701976776,0.05565715953707695,4.725973665714264,2.1328928470611572
val,base,120,8,-0.08406417816877365,0.16510522365570068,0.01207229495048523,0.10766949653625486,0.13638736009597774,0.875,0.0,0.0,0.0,0.125,0.0,0.0,0.0,11.24933910369873,9.233338356018066,0.04206047847401351,0.0,0.0,4.889875888824463,2.179128974676132
val,base,154,8,0.26379981607897207,0.9161762595176697,4.9442052841186523e-05,0.7294312059879302,0.8228037327527998,0.875,0.375,0.375,0.0,0.0,0.0,0.0,0.0,15.122124433517456,4.7671098709106445,0.16961944461948741,0.11249999701976776,0.00012132554547861218,4.843362808227539,2.187765508890152
val,base,211,8,-0.10529641062021255,1.0,0.02133527398109436,0.34520046710968,0.6726002335548396,0.75,0.125,0.25,0.125,0.25,0.125,0.0,0.0,6.033932864665985,4.322139739990234,0.04378109483513981,0.24583332985639572,0.125,4.54748398065567,2.06037575006485
val,base,222,8,-0.34425661992281675,0.08782243728637695,-0.04064751788973808,0.06925375461578369,0.07853809595108031,0.5,0.0,0.0,0.0,0.125,0.25,0.125,0.0,14.657602906227112,8.144271850585938,0.04209919798813644,0.0,0.32383401971310377,4.665647447109222,2.0911802649497986
val,base,245,8,0.07887628674507141,0.29138487577438354,0.01352033019065857,0.24679648876190186,0.26909068226814264,1.0,0.0,0.0,0.0,0.0,0.0,0.0,0.625,7.796193957328796,5.221038341522217,0.07887628456228413,0.0,0.0,2.445806570351124,1.3814786225557327
val,base,253,8,0.07329441606998444,0.9526389241218567,0.0046769678592681885,0.3138642489910124,0.6332515865564341,0.875,0.125,0.125,0.0,0.0,0.0,0.125,0.375,7.610231697559357,4.973848819732666,0.05291251355090054,0.11666666716337204,0.0625,3.331422097980976,1.6622933819890022
val,base,420,8,0.17478583008050919,0.6036716103553772,0.07681947946548462,0.5884619414806366,0.5960667759180068,0.75,0.375,0.625,0.0,0.0,0.125,0.0,0.0,6.185898959636688,4.327935695648193,0.2840264114202,0.20416666567325592,0.24792606383562088,4.74390172958374,2.1359782218933105
val,base,422,8,-0.12126442044973373,0.008484899997711182,0.003990650177001953,0.006265640258789062,0.00737527012825012,0.875,0.0,0.125,0.0,0.125,0.0,0.0,0.0,14.53995230793953,3.8519842624664307,0.09125846109054692,0.0,0.0,4.792674958705902,2.157158315181732
val,base,467,8,-0.34818579256534576,0.08333200216293335,0.0008724331855773926,0.029926657676696763,0.05662932991981502,0.625,0.0,0.0,0.0,0.25,0.125,0.0,0.125,13.25432562828064,9.514069557189941,0.028281079579755897,0.0,0.125,4.283800862729549,1.974891059100628
val,base,470,8,-0.5010274617234245,0.0,-0.504109846893698,0.0,0.0,0.0,0.0,0.0,0.0,0.0,0.5,0.125,0.125,26.510121822357178,23.49806022644043,1.3978701904182204e-05,0.0,0.5635274617234245,4.425664201378822,2.03485170006752
val,base,509,8,-0.28433964401483536,0.0,-0.052089303731918335,0.0,0.0,0.0,0.0,0.5,0.0,0.125,0.5,0.0,0.0,17.890601307153702,3.6197235584259033,0.3014777090041538,0.36666666716337204,0.5,4.767618715763092,2.1431350857019424
val,base,514,8,-0.11128493398427963,0.06814789772033691,1.7583370208740234e-05,0.04947336316108703,0.05881063044071196,0.875,0.0,0.0,0.0,0.125,0.0,0.0,0.125,14.75409483909607,7.812726974487305,0.022011242951490928,0.0,0.0,4.321515716612339,1.9967089518904686
val,base,552,8,-0.4997590184211731,4.792213439941406e-05,-0.49906831979751587,2.505779266357421e-05,3.648996353149412e-05,0.5,0.0,0.0,0.0,0.25,0.25,0.0,0.0,17.469807863235474,12.145695686340332,0.00026035914572553054,0.0,0.2861979566514492,5.045361399650574,2.2096131443977356
val,base,583,8,-0.24730434268712997,0.009740650653839111,0.0005281269550323486,0.008151036500930785,0.008945843577384947,0.75,0.0,0.0,0.0,0.125,0.125,0.0,0.125,19.903679132461548,15.243297576904297,0.0026956651946401953,0.0,0.125,4.425672739744186,1.9749863296747208
val,base,603,8,-0.18020615726709366,0.0006746649742126465,4.1425228118896484e-06,0.00035189390182495113,0.0005132794380187986,0.625,0.0,0.0,0.0,0.0,0.125,0.125,0.125,15.565701365470886,10.53809642791748,0.00729383767430139,0.0,0.1875,4.460406370460987,2.039406403899193
val,base,636,8,-0.1608903631567955,1.0,-0.16684982180595398,0.9919986486434936,0.9959993243217469,0.5,0.25,0.25,0.125,0.125,0.25,0.0,0.0,9.265652298927307,2.2357587814331055,0.15774352853225082,0.24166665971279144,0.2964415472051769,4.667669892311096,2.1373441219329834
val,base,653,8,-0.8749627247452736,0.0002982020378112793,-1.0,-0.6999105393886568,-0.3498061686754232,0.125,0.0,0.0,0.0,0.875,0.0,0.0,0.0,5.797039046883583,1.1481608152389526,0.03130246813816484,0.0,0.0,4.738248348236084,2.142409324645996
val,base,662,8,-0.2502351035218453,0.0,0.0,0.0,0.0,0.0,0.0,0.0,0.0,0.0,0.25,0.0,0.0,25.99708104133606,22.908594131469727,5.178592308166675e-07,0.0,0.2502356176119065,4.775866866111755,2.1470583081245422
val,base,815,8,-0.14454694464802742,0.00819474458694458,0.0,0.008037176728248597,0.008115960657596588,0.25,0.0,0.25,0.125,0.125,0.25,0.0,0.0,5.467937648296356,3.9619128704071045,0.16840573877561837,0.12083332985639572,0.25255923345685005,5.4113656878471375,2.289896622300148
val,base,865,8,-0.07214204221963882,0.48712944984436035,0.0009818077087402344,0.15057334899902336,0.3188513994216916,0.625,0.125,0.25,0.0,0.125,0.25,0.125,0.625,10.987392097711563,2.175086736679077,0.17856657047898483,0.21666666120290756,0.3125,2.795722134411335,1.4583652317523956
val,base,920,8,-0.17568016052246094,1.0,0.006213873624801636,0.3391276478767393,0.6695638239383692,0.625,0.125,0.125,0.125,0.25,0.0,0.125,0.0,8.61052817106247,4.668139934539795,0.03155336738564074,0.12083332985639572,0.0625,4.645920395851135,2.1158001124858856
val,base,936,8,-0.4727378562092781,0.46666663885116577,-0.6261738836765289,0.1423094153404235,0.3044880270957944,0.375,0.125,0.375,0.125,0.375,0.25,0.0,0.0,7.387023091316223,4.003142356872559,0.029261455019877758,0.3291666582226753,0.3125,4.7699034214019775,2.148061126470566
val,base,965,8,-0.2571253255009651,1.0,-0.4999302923679352,0.9585951805114746,0.9792975902557373,0.375,0.25,0.25,0.125,0.125,0.375,0.0,0.0,21.386763900518417,3.6228644847869873,0.14718128299589547,0.23333332687616348,0.375,4.687879979610443,2.113754451274872
val,base,1001,8,-0.13996775448322296,0.2859785556793213,0.003197312355041504,0.10170084834098811,0.1938397020101546,0.75,0.0,0.125,0.125,0.0,0.125,0.0,0.0,10.063086479902267,3.5367591381073,0.09408977154089371,0.12083332985639572,0.3223855197429657,4.7721057534217834,2.13793021440506
val,base,1015,8,0.014561948977643624,0.7288722395896912,0.0015778541564941406,0.4753716111183166,0.6021219253540038,0.625,0.25,0.125,0.0,0.0,0.125,0.0,0.0,12.19351863861084,4.772575855255127,0.030120617884676903,0.1250000074505806,0.12631409676578187,5.207287013530731,2.2547419667243958
val,base,1062,8,-0.7359489724040031,5.9604644775390625e-06,-0.9722048044204712,3.1650066375732414e-06,4.5627355575561505e-06,0.25,0.0,0.0,0.0,0.375,0.625,0.0,0.0,23.35850501060486,11.665281295776367,0.009424433378295405,0.0,0.7428987622261047,4.741870284080505,2.12869755923748
val,base,1085,8,-0.12300413474440575,0.2756189703941345,0.012284040451049805,0.16788899302482602,0.2217539817094802,0.625,0.0,0.0,0.0,0.0,0.125,0.0,0.0,15.935871481895447,7.932497024536133,0.05785469922075026,0.0,0.18085883930325508,5.883018672466278,2.343915820121765
val,base,1217,8,-0.39406182058155537,0.11289042234420776,-0.1329628392122686,0.03424356626346706,0.07356699430383737,0.375,0.0,0.125,0.0,0.125,0.375,0.125,0.0,14.791928768157959,8.637487411499023,0.0551317007845179,0.05833332985639572,0.5435791928321123,4.842024207115173,2.159816026687622
val,base,1325,8,-0.5342681556940079,0.723179042339325,-1.0,0.21882433295249926,0.47100168764591177,0.375,0.125,0.125,0.0,0.625,0.0,0.0,0.125,16.00820428133011,4.079391956329346,0.09187135679965763,0.0,0.0,4.1571362391114235,1.9419166222214699
val,base,1342,8,0.06333333998918533,0.9189759492874146,0.10533174872398376,0.8637236833572387,0.8913498163223266,0.75,0.375,0.5,0.0,0.25,0.0,0.0,0.125,10.336280405521393,5.745943546295166,0.27132350969623076,0.3166666552424431,0.008188581559807062,4.2608731761574745,1.9839488789439201
val,base,1346,8,-0.13857321068644524,0.005777418613433838,0.000450819730758667,0.004780316352844238,0.005278867483139037,0.75,0.0,0.0,0.0,0.0,0.125,0.0,0.25,19.405412673950195,16.295948028564453,0.0023268723070941633,0.0,0.14090010151267052,3.8595089837908745,1.8498312532901764
val,base,1416,8,-0.006032377481460571,0.66778165102005,0.008351117372512817,0.36368966102600087,0.5157356560230253,0.875,0.125,0.25,0.0,0.125,0.0,0.0,0.0,5.589749217033386,3.2315874099731445,0.07150786509009777,0.19166666269302368,0.0,4.640108406543732,2.0941043198108673
val,base,1417,8,0.0333409458398819,0.07707220315933228,0.03629791736602783,0.059344744682312,0.06820847392082213,1.0,0.0,0.0,0.0,0.0,0.0,0.0,0.0,6.003729522228241,4.405510902404785,0.03334095437821816,0.0,0.0,4.8938798904418945,2.168695241212845
val,base,1431,8,0.47767769545316696,0.7849494218826294,0.701946496963501,0.7698742687702179,0.7774118453264236,1.0,0.625,0.625,0.0,0.0,0.0,0.0,0.0,8.830788493156433,3.6570191383361816,0.414954610665518,0.08750000596046448,0.0,4.810000658035278,2.1494765281677246
val,base,1493,8,-0.22535327076911926,0.1123664379119873,1.430511474609375e-06,0.09301039576530457,0.10268841683864592,0.625,0.0,0.0,0.0,0.25,0.0,0.0,0.0,23.723026394844055,10.133586883544922,0.02464681559407156,0.0,0.0,4.745693922042847,2.139451950788498
val,base,1615,8,-0.16798534913687035,0.6330528855323792,7.703900337219238e-05,0.19986235499382007,0.41645762026309935,0.625,0.125,0.25,0.0,0.125,0.125,0.0,0.0,12.810614794492722,3.5967819690704346,0.15495480738168688,0.12083332985639572,0.1251790739624994,5.110412776470184,2.2595012485980988
val,base,1674,8,0.0009845271706581116,1.0,0.0009344220161437988,0.9569345533847808,0.9784672766923904,0.625,0.25,0.375,0.125,0.125,0.0,0.125,0.0,12.8896250911057,0.2760221064090729,0.1340539763199197,0.3583333268761635,0.13495169626548886,4.894991397857666,2.157225087285042
val,base,1746,8,-0.06210474669933319,0.2975572347640991,0.017294734716415405,0.17587383389472958,0.23671553432941428,0.75,0.0,0.0,0.0,0.125,0.0,0.0,0.0,7.305543303489685,4.110572814941406,0.06527308123015119,0.0208333358168602,0.0,4.993846893310547,2.2131181061267853
val,base,1749,8,0.05747409164905548,0.6699240207672119,0.010174095630645752,0.4867178082466125,0.5783209145069121,0.75,0.375,0.125,0.0,0.0,0.0,0.25,0.0,7.830376088619232,5.384738922119141,0.1112076944555156,0.07916666567325592,0.125,5.276278495788574,2.3139089941978455
val,base,1810,8,-0.031318387016654015,0.5200202465057373,0.04292652755975723,0.21093773841857902,0.365478992462158,0.875,0.125,0.125,0.0,0.125,0.0,0.0,0.0,14.204183340072632,5.839752197265625,0.09447510082370059,0.0,0.0503040908370167,4.62441474199295,2.0962816774845123
val,base,1830,8,-0.12497659027576447,0.00013440847396850586,3.427267074584961e-06,6.318688392639158e-05,9.879767894744867e-05,0.875,0.0,0.0,0.0,0.0,0.125,0.0,0.0,25.963452339172363,21.2645263671875,2.3406111486323766e-05,0.0,0.125,5.357020080089569,2.2924050092697144
val,base,1889,8,0.038635559380054474,0.2801629304885864,0.0014615654945373535,0.09735392332077021,0.1887584269046782,1.0,0.0,0.0,0.0,0.0,0.0,0.0,0.125,17.315535128116608,7.373501300811768,0.03863555091447779,0.0,0.0,4.794556461274624,2.1143888905644417
val,base,1925,8,-0.17420391738414764,0.9927656054496765,-0.032053232192993164,0.30180106759071335,0.6472833365201944,0.375,0.125,0.5,0.125,0.25,0.375,0.0,0.0,12.141952097415924,4.497345924377441,0.2651610087531746,0.27916666865348816,0.41749363392591476,4.871966361999512,2.1588087677955627
val,base,1974,8,0.0423261821269989,0.3353710174560547,0.024296224117279053,0.11950668096542352,0.22743884921073898,0.875,0.125,0.125,0.0,0.0,0.125,0.0,0.0,6.794041812419891,5.059870719909668,0.06694227055413648,0.10833333432674408,0.125,5.325271725654602,2.2802880704402924
val,base,2012,8,0.032715149223804474,0.170373797416687,0.011874407529830933,0.07419882416725157,0.12228631079196922,1.0,0.0,0.0,0.0,0.0,0.0,0.0,0.25,14.574490904808044,8.075886726379395,0.032715151111411434,0.0,0.0,3.948330655694008,1.8619434386491776
val,base,2067,8,0.3907559812068939,0.9813257455825806,0.5927181839942932,0.9733570218086243,0.9773413836956024,0.875,0.625,0.625,0.125,0.0,0.125,0.125,0.25,7.917760610580444,2.895284652709961,0.29325760720530525,0.4333333298563957,0.1875,3.8303301259875298,1.8418066427111626
val,base,2127,8,-0.22632277011871338,0.11970376968383789,-0.0146561861038208,0.10695458352565765,0.11332917660474776,0.5,0.0,0.125,0.0,0.0,0.375,0.0,0.0,11.140603244304657,5.951200008392334,0.13069888448808342,0.10833333432674408,0.4105507805943489,4.796424627304077,2.1486988812685013
val,base,2160,8,0.07746609067544341,0.5313900709152222,0.006512701511383057,0.2088505208492278,0.3701202958822248,0.875,0.125,0.125,0.0,0.0,0.0,0.0,0.0,13.55711054801941,5.748497009277344,0.08322777852562047,0.0,0.005761692766100168,4.59345006942749,2.0653490871191025
val,base,2180,8,-0.07837452366948128,0.5283883213996887,0.048472583293914795,0.492751470208168,0.5105698958039283,0.625,0.25,0.375,0.0,0.125,0.125,0.0,0.0,19.26210069656372,7.152927398681641,0.08789243354786408,0.24166667461395264,0.27385987620800734,4.697696089744568,2.1197119653224945
val,base,2203,8,-0.5500815436244011,0.05189061164855957,-0.7340043187141418,0.016270971298217765,0.03408079147338865,0.375,0.0,0.0,0.0,0.0,0.5,0.125,0.125,7.536331236362457,4.427726745605469,0.012418462018104037,0.0,0.5625,4.447741620242596,2.033468097448349
val,base,2305,8,0.12041883170604706,0.24028074741363525,0.08611834049224854,0.23889344930648804,0.23958709836006165,1.0,0.0,0.0,0.0,0.0,0.0,0.0,0.0,4.611101567745209,3.504979133605957,0.12041883659549057,0.0,0.0,4.857695519924164,2.1663722842931747
val,base,2323,8,-0.5850452184677124,0.6505175232887268,-0.9914181530475616,0.1995213449001311,0.42501943409442866,0.25,0.125,0.125,0.0,0.0,0.625,0.25,0.0,9.180785059928894,4.265761852264404,0.08777723384411473,0.0,0.7978084087371826,4.994717597961426,2.228676825761795
val,base,2324,8,0.12782415002584457,0.42236649990081787,0.06287693977355957,0.27102629542350765,0.34669639766216265,1.0,0.125,0.0,0.0,0.0,0.0,0.0,0.0,4.555606991052628,3.710041046142578,0.1278241432737559,0.0,0.0,4.897416293621063,2.2013566195964813
val,base,2337,8,-0.20620553195476532,0.0131722092628479,0.0021459758281707764,0.01183072328567505,0.012501466274261474,0.625,0.0,0.0,0.0,0.125,0.0,0.0,0.0,15.002472519874573,8.72166919708252,0.004236639450027724,0.0,0.08543190360069275,4.94756543636322,2.2136699557304382
val,base,2354,8,-0.696028046309948,0.4175223112106323,-1.0,0.13523401618003839,0.2763781636953352,0.25,0.125,0.25,0.125,0.75,0.0,0.0,0.0,6.383205043151975,0.13345564901828766,0.09181206830544397,0.24583332985639572,0.08970415592193604,5.192347228527069,2.256373405456543
val,base,2384,8,-0.6258347779512405,1.7881393432617188e-06,-0.8040802478790283,5.364418029785153e-07,1.1622905731201163e-06,0.125,0.0,0.125,0.0,0.125,0.75,0.0,0.0,23.648548245429993,12.405444145202637,0.005868180272032542,0.12083333730697632,0.75,5.088093101978302,2.254626899957657
val,base,2478,8,-0.1873147189617157,0.11716234683990479,0.06665921211242676,0.11322429776191711,0.11519332230091095,0.75,0.0,0.0,0.0,0.25,0.0,0.0,0.0,5.438888072967529,3.654181480407715,0.07290240423753858,0.0,0.0,4.889202892780304,2.198367714881897
val,base,2502,8,0.2808096632361412,1.0,0.20030006766319275,1.0,1.0,0.875,0.5,0.375,0.25,0.125,0.0,0.0,0.5,6.565699577331543,3.9393506050109863,0.272980594629189,0.32500000298023224,0.0,3.3488693311810493,1.6610649451613426
val,base,2532,8,-0.4071174282580614,0.1518176794052124,-0.20606360584497452,0.04689855575561521,0.09935811758041374,0.25,0.0,0.125,0.0,0.0,0.5,0.0,0.25,12.119962394237518,4.913761138916016,0.09846632574841552,0.0,0.5055837500840425,4.417922005057335,2.0235795080661774
val,base,2550,8,-0.6154317557811737,0.04620081186294556,-1.0,0.032865184545516964,0.03953299820423125,0.375,0.0,0.0,0.0,0.625,0.0,0.0,0.0,5.49180480837822,3.5899152755737305,0.06444068063865416,0.0,0.0,4.75029730796814,2.142127975821495
val,base,2578,8,0.11772072315216064,0.9808237552642822,0.15354427695274353,0.949128270149231,0.9649760127067566,0.75,0.375,0.375,0.0,0.0,0.25,0.0,0.25,9.889270961284637,3.449007511138916,0.3112341959349578,0.3958333358168602,0.34932766330894083,4.059066250920296,1.9014456197619438
val,base,2580,8,0.449429452419281,0.7125794291496277,0.5531740486621857,0.6894259035587311,0.7010026663541794,1.0,0.75,0.625,0.0,0.0,0.0,0.0,0.0,4.753580778837204,3.6549086570739746,0.44942945102229714,0.0,0.0,4.9201571345329285,2.2066670358181
val,base,2583,8,0.05234768986701965,0.0938226580619812,0.03906381130218506,0.0884633481502533,0.09114300310611724,1.0,0.0,0.0,0.0,0.0,0.0,0.0,0.0,6.095526456832886,3.195974826812744,0.05234770034439862,0.0,0.0,4.891187608242035,2.1796537935733795
val,base,2620,8,-0.41143083304632455,0.030206799507141113,-0.16082673193886876,0.009062039852142328,0.019634419679641708,0.125,0.0,0.0,0.0,0.375,0.0,0.0,0.0,17.101589918136597,7.811415672302246,0.03080818442914434,0.0,0.10164972126949579,4.775200843811035,2.1585323214530945
val,base,2653,8,0.0006535276770591736,0.0040128231048583984,6.765127182006836e-05,0.0018685817718505854,0.0029407024383544906,0.75,0.0,0.0,0.0,0.0,0.0,0.0,0.0,16.257066130638123,9.21115493774414,0.0006535312294943846,0.0,0.0,4.75093412399292,2.151258185505867
val,base,2657,8,-0.16637038066983223,0.7479696273803711,-0.0827329009771347,0.710577416419983,0.729273521900177,0.5,0.25,0.25,0.0,0.125,0.375,0.0,0.0,11.16084748506546,3.824276924133301,0.22387751191769212,0.03333333134651184,0.41815583780407906,4.657367825508118,2.1207678616046906
val,base,2662,8,-0.1427529975771904,0.42633306980133057,0.02718275785446167,0.3667720854282379,0.3965525776147842,0.625,0.25,0.125,0.0,0.0,0.375,0.0,0.0,11.967745304107666,4.719851493835449,0.133931635733461,0.17916666716337204,0.375,4.887368857860565,2.174466162919998
val,base,2664,8,-0.3055167905986309,0.003458380699157715,0.0002091526985168457,0.0013649582862853998,0.0024116694927215562,0.625,0.0,0.0,0.0,0.0,0.25,0.0,0.125,22.854602336883545,17.294809341430664,0.0006629834616667524,0.0,0.30617978051304817,4.217835374176502,1.9462435767054558
val,base,2698,8,-0.4664443451911211,0.12955041229724884,-0.47717027366161346,0.08602675050497054,0.10778858140110967,0.5,0.0,0.125,0.0,0.375,0.125,0.0,0.25,5.647286146879196,3.506634473800659,0.1010406338609755,0.05000000447034836,0.13586220378056169,3.6866963133215904,1.776338592171669
val,base,2700,8,0.2325456440448761,0.6809078454971313,0.09645745158195496,0.6172604024410248,0.649084123969078,1.0,0.375,0.25,0.0,0.0,0.0,0.0,0.0,5.093253016471863,4.071056842803955,0.07585798937361687,0.17916665971279144,0.0,4.837255597114563,2.159932717680931
val,base,2752,8,-0.4663091227412224,0.09607267379760742,-0.4914059340953827,0.09248026013374329,0.09427646696567535,0.5,0.0,0.0,0.0,0.375,0.125,0.0,0.25,5.338965252041817,1.9029550552368164,0.043634854395349976,0.0,0.125,3.8646599873900414,1.7902856990695
val,base,2759,8,-0.07892216742038727,0.6760610342025757,2.682209014892578e-07,0.20294193625450122,0.43950148522853816,0.5,0.125,0.125,0.0,0.125,0.0,0.0,0.0,16.744282841682434,10.045016288757324,0.014865542047461697,0.07916666567325592,0.04697802769169357,4.768087863922119,2.162117302417755
val,base,2767,8,-0.012581832706928253,0.3702002763748169,0.07398352026939392,0.2613501965999603,0.31577523648738853,0.75,0.125,0.0,0.0,0.0,0.125,0.0,0.125,5.632570743560791,3.771904706954956,0.07305568863691592,0.0416666641831398,0.125,4.78871676325798,2.1002072170376778
val,base,2772,8,0.2593608954193769,0.7623342871665955,0.2604292631149292,0.7309250235557556,0.7466296553611755,0.875,0.5,0.375,0.0,0.0,0.0,0.0,0.0,11.116614639759064,7.222090721130371,0.15015792283520568,0.3125000149011612,0.12300915930609335,4.963025987148285,2.2134950757026672
val,base,2870,8,-0.09181302941578906,0.18791168928146362,0.005978018045425415,0.06703529953956601,0.12747349441051475,0.875,0.0,0.0,0.0,0.0,0.125,0.0,0.0,14.207082271575928,8.92265510559082,0.033234047434234526,0.0,0.1250470892264275,4.649245798587799,2.0987241566181183
val,base,2906,8,-0.19134120643138885,0.33943140506744385,0.00045174360275268555,0.24675071239471433,0.29309105873107905,0.625,0.125,0.125,0.0,0.25,0.0,0.0,0.0,6.546145260334015,1.1776151657104492,0.052820118886302225,0.1666666641831398,0.032320089638233185,4.639788269996643,2.101778209209442
val,base,2916,8,-0.4144463464617729,0.0523681640625,-0.2128574252128601,0.020801645517349233,0.0365849047899246,0.5,0.0,0.0,0.0,0.0,0.25,0.0,0.0,20.29164969921112,11.79133129119873,0.00907491710290742,0.0,0.4235212653875351,5.2159536480903625,2.2840173542499542
val,base,2925,8,0.013315483927726746,0.06627649068832397,0.003331691026687622,0.03607974648475646,0.0511781185865402,1.0,0.0,0.0,0.0,0.0,0.0,0.0,0.0,13.574366211891174,9.416916847229004,0.013315482749021612,0.0,0.0,4.936947405338287,2.202482521533966
val,base,2964,8,-0.2909942641854286,1.0,-0.2452976107597351,0.30005328059196457,0.6500266402959818,0.5,0.125,0.25,0.125,0.125,0.25,0.125,0.0,12.12114155292511,3.769547462463379,0.20443718226160712,0.12083332985639572,0.3125,4.809662163257599,2.1695078909397125
val,base,2994,8,-0.1738477721810341,1.0,0.0016008317470550537,0.7128423929214477,0.8564211964607237,0.625,0.25,0.5,0.125,0.375,0.0,0.0,0.0,12.16790121793747,4.029232025146484,0.29232230758270816,0.12083332985639572,0.016198553144931793,4.7960821986198425,2.1287463903427124
val,base,3031,8,-0.6706947758793831,0.1344417929649353,-1.0,0.04033253788948057,0.08738716542720787,0.125,0.0,0.0,0.0,0.5,0.25,0.625,0.5,17.570873141288757,9.285360336303711,0.04884994686094363,0.0,0.6482716500759125,3.5901012122631073,1.567298784852028
val,base,3065,8,-0.2420859932899475,0.20342350006103516,0.00031062960624694824,0.17841187119483948,0.1909176856279373,0.625,0.0,0.0,0.0,0.0,0.25,0.125,0.0,16.713266372680664,8.730066299438477,0.07041399928910101,0.0,0.3125,4.950144171714783,2.2202682197093964
val,base,3082,8,-0.33085309714078903,0.28646141290664673,0.0,0.12454382181167599,0.20550261735916125,0.375,0.0,0.0,0.0,0.0,0.25,0.125,0.0,23.500011384487152,7.825265407562256,0.042979896332012144,0.0,0.4363325983285904,4.874599039554596,2.160165786743164
val,base,3110,8,0.03866953402757645,0.14956873655319214,0.01682165265083313,0.08557448983192442,0.11757161319255824,1.0,0.0,0.0,0.0,0.0,0.0,0.0,0.0,7.9612603187561035,6.236712455749512,0.038669536472298205,0.0,0.0,4.985760807991028,2.228147566318512
val,base,3162,8,-0.36580637842416763,0.052845776081085205,5.7220458984375e-06,0.025462096929550163,0.03915393650531766,0.5,0.0,0.125,0.0,0.375,0.0,0.0,0.0,13.26299673318863,4.885555267333984,0.08967744370308166,0.0,0.0,5.075172424316406,2.2406812012195587
val,base,3261,8,0.002053596079349518,0.014976978302001953,0.00025272369384765625,0.004774767160415647,0.009875872731208792,0.875,0.0,0.0,0.0,0.0,0.0,0.0,0.0,18.025665044784546,14.077252388000488,0.002053600633515451,0.0,0.0,4.617617189884186,2.1017473191022873
val,base,3263,8,-0.08787371963262558,0.12095296382904053,0.01621362566947937,0.08901026844978331,0.1049816161394119,0.875,0.0,0.0,0.0,0.125,0.0,0.0,0.125,16.396355867385864,9.966873168945312,0.03714220142137492,0.0,0.0,4.161066606640816,1.9223579913377762
val,base,3267,8,-0.044669464230537415,0.9164298176765442,0.06069114804267883,0.9009883344173432,0.9087090760469436,0.5,0.5,0.75,0.125,0.375,0.125,0.125,0.0,10.000740647315979,4.700779438018799,0.347846862267043,0.625,0.43115902692079544,4.956233263015747,2.19020876288414
val,base,3434,8,-0.3157844506204128,0.10247623920440674,-0.16900323331356049,0.09488932490348816,0.09868278205394744,0.5,0.0,0.0,0.25,0.125,0.0,0.0,0.0,6.50944447517395,2.7398881912231445,0.038966629426350236,0.0,0.3595546595752239,4.752865254878998,2.164858251810074
val,base,3444,8,-0.19253381341695786,0.03530168533325195,5.960464477539063e-08,0.019283795356750483,0.02729274034500121,0.5,0.0,0.0,0.0,0.0,0.125,0.125,0.0,8.49402529001236,5.084592342376709,0.08956384584555568,0.0,0.2820976600050926,5.039865612983704,2.2527087032794952
val,base,3535,8,-0.01158934086561203,0.6420726776123047,0.024960488080978394,0.3005419135093688,0.4713072955608365,0.875,0.125,0.125,0.0,0.0,0.125,0.0,0.0,13.625491261482239,8.296964645385742,0.06324663931445684,0.06666666269302368,0.1254519376088865,5.7732502818107605,2.3594900965690613
val,base,3639,8,-0.42847343534231186,0.0017206072807312012,-0.21675008535385132,0.00131455659866333,0.0015175819396972654,0.5,0.0,0.0,0.0,0.25,0.125,0.0,0.0,22.203054666519165,16.96676254272461,0.0012511896962905666,0.0,0.17970521748065948,4.761780679225922,2.147922307252884
val,base,3734,8,-0.12028953433036804,0.4999876618385315,0.053866684436798096,0.3926915228366852,0.4463395923376082,0.75,0.25,0.0,0.0,0.25,0.0,0.0,0.125,10.953483581542969,6.4395623207092285,0.08060532089484695,0.05833332985639572,0.0,4.542267009615898,2.0326947271823883
val,base,3791,8,-0.2360871359705925,0.11093807220458984,0.0,0.03353505730628965,0.0722365647554397,0.25,0.0,0.0,0.0,0.0,0.25,0.0,0.5,21.95841121673584,10.162389755249023,0.013912865494026266,0.0,0.25,3.066182814538479,1.6046639531850815
val,base,3804,8,-0.6553103253245354,0.0006422996520996094,-0.9248186647891998,0.00019289851188659656,0.0004175990819931027,0.25,0.0,0.125,0.0,0.0,0.75,0.125,0.125,12.543738335371017,2.019907236099243,0.0946914946868187,0.0,0.8125,4.301290728151798,1.9963261932134628
val,base,3942,8,-0.0305776447057724,0.6254105567932129,0.15400481224060059,0.4779841601848602,0.5516973584890364,0.75,0.375,0.125,0.125,0.25,0.0,0.0,0.0,6.965719699859619,3.628434658050537,0.07739588536787778,0.17500001192092896,0.0,4.692543268203735,2.106443703174591
val,base,3946,8,-0.4739527553319931,0.8513912558555603,-0.7319520711898804,0.21282657384872422,0.5321089148521418,0.125,0.125,0.375,0.125,0.0,0.75,0.0,0.125,12.25093987584114,3.001426935195923,0.281850395098445,0.11249999701976776,0.8141677528619766,4.142864033579826,1.9410878866910934
val,base,4000,8,-0.060169368982315063,0.9777470827102661,-0.0963762104511261,0.967003345489502,0.972375214099884,0.5,0.375,0.625,0.0,0.125,0.125,0.0,0.0,9.074971318244934,4.617837429046631,0.36551664465696376,0.42499999701976776,0.4799417108297348,5.671092748641968,2.197128489613533
val,base,4003,8,-0.10627253353595734,0.028776466846466064,0.004254132509231567,0.021374136209487915,0.025075301527976983,0.875,0.0,0.0,0.0,0.0,0.0,0.0,0.0,12.913973093032837,8.2794189453125,0.0077571472202890845,0.0,0.11402969062328339,4.817430078983307,2.1563035547733307
val,base,4007,8,0.0004235953092575073,0.00332486629486084,9.238719940185547e-07,0.00102662444114685,0.0021757453680038433,0.875,0.0,0.0,0.0,0.0,0.0,0.0,0.0,26.95203948020935,15.716781616210938,0.0004235930035198516,0.0,0.0,4.781628668308258,2.1579060554504395
val,base,4075,8,-0.12104454636573792,0.0273362398147583,0.0001424551010131836,0.010107749700546259,0.01872199475765227,0.875,0.0,0.0,0.0,0.125,0.0,0.0,0.0,16.060211420059204,13.13103199005127,0.005248760839720035,0.0,0.0,4.6590606570243835,2.107032924890518
val,base,4080,8,-0.09442546730861068,0.3686596155166626,0.0,0.11059788465499872,0.23962875008583048,0.125,0.125,0.125,0.0,0.0,0.25,0.0,0.0,20.694114089012146,7.075940132141113,0.07816593257845336,0.10000000149011612,0.2544959164224565,4.8492043018341064,2.1834858059883118
val,base,4081,8,-0.06079778075218201,0.847421407699585,1.3709068298339844e-06,0.7205539762973785,0.7839876919984816,0.75,0.25,0.25,0.0,0.0,0.25,0.0,0.0,22.548426628112793,3.1919870376586914,0.18362690031478435,0.05000000447034836,0.25428374018520117,4.854293465614319,2.1871426552534103
val,base,4123,8,-0.06941449642181396,0.2145668864250183,0.002333998680114746,0.20678099393844604,0.21067394018173216,0.75,0.0,0.0,0.0,0.0,0.0,0.0,0.25,12.301328301429749,8.274839401245117,0.05513351740630151,0.0,0.12454801052808762,4.325680896639824,1.9158855676651
val,base,4127,8,0.04359733313322067,0.3197510242462158,0.00048351287841796875,0.11410304307937617,0.21692703366279587,1.0,0.125,0.0,0.0,0.0,0.0,0.0,0.125,13.934338122606277,3.874032735824585,0.043597323234052965,0.0,0.0,4.550818145275116,2.0162955075502396
val,base,4173,8,0.08775381033774465,0.3859337568283081,7.43567943572998e-05,0.3508286476135254,0.36838120222091675,0.625,0.25,0.0,0.0,0.0,0.0,0.0,0.0,14.114055216312408,6.919485092163086,0.09056322235313934,0.0,0.0028094049775972962,4.680514276027679,2.1136284917593002
val,base,4184,8,-0.028331652283668518,0.7172952890396118,0.03517785668373108,0.6047839522361755,0.6610396206378936,0.75,0.375,0.25,0.0,0.25,0.0,0.0,0.0,6.072992652654648,3.5463099479675293,0.23378280852921307,0.0,0.0,4.604451596736908,2.080169916152954
val,base,4186,8,-0.28653453290462494,0.006410360336303711,1.430511474609375e-06,0.004538154602050781,0.0054742574691772445,0.5,0.0,0.0,0.0,0.0,0.25,0.125,0.0,21.3218252658844,16.067537307739258,0.0015081028889642285,0.0,0.3505426272749901,5.129177927970886,2.2848287224769592
val,base,4245,8,-0.339389368891716,0.2844976782798767,3.2782554626464844e-07,0.08561382889747615,0.18505575358867632,0.625,0.0,0.125,0.0,0.375,0.0,0.0,0.0,17.642090499401093,5.48643684387207,0.12907035794262356,0.11666666716337204,0.0,4.859321057796478,2.170864015817642
val,base,4300,8,-0.32958143949508667,0.012338638305664062,1.9371509552001953e-05,0.006419110298156737,0.009378874301910395,0.625,0.0,0.125,0.125,0.125,0.125,0.0,0.0,7.255109444260597,0.7565163373947144,0.013244496405585338,0.10000000149011612,0.30913278460502625,4.646003484725952,2.111262857913971
val,base,4314,8,-0.37801956205657916,0.9647637605667114,-0.4944420481333509,0.28970750570297227,0.6272356331348414,0.25,0.125,0.25,0.0,0.375,0.125,0.0,0.0,5.961333245038986,2.9942634105682373,0.09208619958859288,0.23333333432674408,0.24873518019012408,5.0974730253219604,2.2490963637828827
val,base,4348,8,-0.034093618392944336,0.29083138704299927,0.0483088493347168,0.2060668885707855,0.24844913780689232,0.875,0.0,0.0,0.0,0.125,0.0,0.0,0.0,6.339053183794022,2.7677152156829834,0.09090638416819274,0.0,0.0,4.635056853294373,2.0996986478567123
val,base,4355,8,0.012328103184700012,0.09463357925415039,0.0002624690532684326,0.0304708957672119,0.0625522375106811,1.0,0.0,0.0,0.0,0.0,0.0,0.0,0.0,17.808476448059082,9.818471908569336,0.01232809748080399,0.0,0.0,5.4226455092430115,2.3441932648420334
val,base,4462,8,0.09014923125505447,0.38278430700302124,0.047167181968688965,0.21086056232452388,0.29682243466377245,1.0,0.125,0.0,0.125,0.0,0.0,0.0,0.125,7.1332679986953735,3.431992530822754,0.052649231743998826,0.0,0.0,4.416080072522163,2.006779871881008
val,base,4527,8,0.047155619598925114,0.7991846799850464,1.800060272216797e-05,0.5914849996566772,0.6953348398208616,0.75,0.25,0.25,0.0,0.0,0.125,0.0,0.125,11.580104500055313,3.801755666732788,0.1803156873748044,0.03333333134651184,0.14149035257287323,4.453411430120468,2.036485433578491
val,base,4587,8,-0.019981548190116882,0.8121415376663208,0.0010289549827575684,0.25995871424674977,0.5360501259565349,0.75,0.125,0.25,0.0,0.125,0.0,0.0,0.125,12.334528684616089,4.6549177169799805,0.0937939338600069,0.22083333134651184,0.0,4.304610311985016,1.9707656428217888
val,base,4609,8,-0.373975433409214,1.0,-0.6494252383708954,0.4355317234992979,0.7177658617496486,0.375,0.125,0.25,0.125,0.5,0.0,0.0,0.125,4.767052948474884,2.4257898330688477,0.1811962751671672,0.1874999925494194,0.21806004643440247,4.366908676922321,2.014190837740898
val,base,4617,8,-0.1250897994468687,0.00014024972915649414,2.3543834686279297e-06,8.15451145172119e-05,0.00011089742183685298,0.75,0.0,0.0,0.0,0.0,0.125,0.0,0.0,26.900472164154053,23.379085540771484,3.657519101807338e-05,0.0,0.125126374347019,4.865484297275543,2.1614083349704742
val,base,4621,8,-0.4817977473139763,0.1979270577430725,-0.5624527931213379,0.10556279420852659,0.1517449259757995,0.375,0.0,0.125,0.0,0.0,0.625,0.0,0.0,11.96834459900856,3.3516809940338135,0.13029334310340346,0.05416666716337204,0.625,4.629779160022736,2.1023982763290405
val,base,4644,8,-0.1118319034576416,0.03993105888366699,0.006439507007598877,0.03491613268852234,0.03742359578609466,0.875,0.0,0.0,0.0,0.0,0.125,0.0,0.0,17.955589413642883,12.35966968536377,0.013168095868422824,0.0,0.125,4.7101476192474365,2.1313885748386383
val,base,4716,8,-0.3663880378007889,0.0098915696144104,0.00012481212615966797,0.00983349084854126,0.00986253023147583,0.625,0.0,0.0,0.0,0.0,0.25,0.125,0.0,22.214986443519592,15.212244033813477,0.0025806651571045336,0.0,0.4314543157815933,5.251019835472107,2.3165474236011505
val,base,4740,8,-0.934447031468153,-0.47950515151023865,-0.9999997317790985,-0.8411029011011124,-0.6603040263056758,0.0,0.0,0.0,0.0,0.0,0.875,0.0,0.125,24.345714569091797,17.072084426879883,0.0004911142013396003,0.0,0.9349381439387798,4.052165552973747,1.9114573374390602
val,base,4797,8,-0.324498800560832,0.5534907579421997,-0.2896585986018181,0.3296362519264221,0.44156350493431074,0.375,0.125,0.25,0.125,0.0,0.25,0.0,0.0,5.935502827167511,2.6622400283813477,0.15734714426798746,0.0,0.5443459432572126,4.561003804206848,2.076071858406067
val,base,4832,8,-0.09207199513912201,0.7810888886451721,2.9802322387695312e-08,0.744682514667511,0.7628857016563415,0.5,0.25,0.375,0.0,0.125,0.25,0.0,0.0,18.269410133361816,3.455953598022461,0.21653370916783538,0.05833332985639572,0.29642563313245773,4.8357149958610535,2.14609032869339
val,base,4849,8,0.035037487745285034,0.09277927875518799,0.026300787925720215,0.07700985074043273,0.08489456474781035,1.0,0.0,0.125,0.0,0.0,0.0,0.0,0.25,4.866958886384964,3.662496328353882,0.031102036213269457,0.09583333134651184,0.08818262070417404,4.047536000609398,1.901654601097107
val,base,4937,8,0.1252437001094222,0.9237141609191895,4.470348358154297e-07,0.9010483384132385,0.9123812496662139,0.75,0.25,0.5,0.125,0.125,0.25,0.0,0.0,16.781423538923264,3.437424898147583,0.3820096949395033,0.3749999925494194,0.2630191231146455,4.900432348251343,2.1622356474399567
val,base,5004,8,-0.0922306552529335,0.9355298280715942,0.03684014081954956,0.37513248920440656,0.6553311586380001,0.75,0.125,0.125,0.0,0.25,0.125,0.0,0.0,10.562495775520802,0.8158708214759827,0.11757863944148994,0.1041666641831398,0.125,4.673640429973602,2.128321871161461
val,base,5055,8,0.054005932062864304,0.29577699303627014,0.0042871832847595215,0.15904512107372282,0.22741105705499637,1.0,0.0,0.0,0.0,0.0,0.0,0.0,0.0,15.246391296386719,9.94637680053711,0.022285661230853293,0.03333333134651184,0.00021256788750179112,4.890339970588684,2.182920664548874
val,base,5106,8,-0.4141797721385956,0.9418529272079468,-0.6972477436065674,0.3544222593307494,0.6481375932693477,0.375,0.125,0.25,0.0,0.0,0.5,0.125,0.0,14.600330114364624,5.166825771331787,0.1407487237083842,0.11249999701976776,0.6203439012169838,5.123826563358307,2.2308611273765564
val,base,5147,8,-0.10746986418962479,0.06268537044525146,0.004890859127044678,0.04434841871261596,0.0535168945789337,0.875,0.0,0.0,0.0,0.125,0.0,0.0,0.0,8.202900439500809,3.5935404300689697,0.018492858813260682,0.0,0.0,5.522883415222168,2.333830773830414
val,base,5182,8,-0.3474386930465698,0.5556827187538147,-0.49208196997642517,0.4540497601032257,0.5048662394285202,0.5,0.25,0.125,0.0,0.5,0.0,0.0,0.0,5.936454713344574,3.8713154792785645,0.18813220888841897,0.0833333358168602,0.0,4.816137671470642,2.15532186627388
val,base,5250,8,-0.24968800693750381,0.0011454224586486816,0.00022268295288085938,0.0006494998931884764,0.0008974611759185788,0.75,0.0,0.0,0.0,0.125,0.125,0.0,0.125,22.73012900352478,19.527339935302734,0.0004458670868054959,0.0,0.125,4.341063424944878,1.9946082085371017
val,base,5259,8,0.11684757471084595,0.7135162949562073,0.09426352381706238,0.7044268846511841,0.7089715898036957,0.875,0.25,0.25,0.0,0.0,0.125,0.0,0.125,4.650465965270996,3.3347439765930176,0.24184757185867056,0.0,0.125,4.321733608841896,2.0008369237184525
val,base,5272,8,-0.24836304038763046,0.830552875995636,0.009121805429458618,0.2696359574794768,0.5500944167375561,0.625,0.125,0.125,0.0,0.125,0.125,0.0,0.125,5.965107709169388,2.817598581314087,0.11600871042901417,0.0,0.23937175422906876,4.268571965396404,1.9892433807253838
val,base,5290,8,-0.4929802864789963,0.4995812177658081,-0.8929361701011658,0.38277814388275144,0.4411796808242797,0.375,0.25,0.0,0.0,0.25,0.375,0.0,0.125,5.601851284503937,3.5867919921875,0.1323454310913803,0.0,0.375,4.507682301104069,2.069732829928398
val,base,5295,8,-0.31742849946022034,0.0030170083045959473,6.556510925292969e-07,0.0011615335941314692,0.0020892709493637073,0.5,0.0,0.0,0.0,0.0,0.375,0.0,0.0,24.336133122444153,6.343354225158691,0.05757150207810014,0.0,0.375,5.056073188781738,2.254773437976837
val,base,5331,8,0.0036518648266792297,0.015171706676483154,0.0008432567119598389,0.008966165781021117,0.01206893622875213,1.0,0.0,0.0,0.0,0.0,0.0,0.0,0.0,16.37419295310974,11.608717918395996,0.003651862239006931,0.0,0.0,5.144681334495544,2.249031126499176
val,base,5332,8,-0.3646973744034767,0.00011020898818969727,0.0,4.090666770935057e-05,7.555782794952388e-05,0.25,0.0,0.0,0.0,0.0,0.25,0.0,0.0,22.823976159095764,11.080512046813965,0.009580512335641852,0.0,0.37427788227796555,4.926061153411865,2.1676910519599915
val,base,5339,8,-0.8743028566241264,2.6226043701171875e-06,-1.0,-0.6960970461368563,-0.34804721176624354,0.125,0.0,0.25,0.0,0.75,0.5,0.0,0.0,7.166395127773285,4.766475200653076,0.09428022782080347,0.11666666716337204,0.5032009882852435,4.8332799077034,2.147330567240715
val,base,5349,8,-0.42145149409770966,0.3664999008178711,-0.49999797344207764,0.2641505122184753,0.31532520651817314,0.5,0.125,0.125,0.0,0.5,0.0,0.0,0.0,6.289072751998901,3.54447865486145,0.16783198529833498,0.0,0.0,5.0882996916770935,2.2658387422561646
val,base,5398,8,-0.09737686277367175,1.3589859008789062e-05,5.960464477539063e-08,5.161762237548826e-06,9.37581062316894e-06,0.625,0.0,0.0,0.0,0.0,0.0,0.0,0.0,19.90016484260559,6.029131889343262,0.00019119669970538156,0.0,0.09756805957295,5.060293972492218,2.258878856897354
val,base,5470,8,-0.36597491055727005,0.07105886936187744,0.0,0.021819090843200672,0.046438980102539024,0.375,0.0,0.0,0.0,0.25,0.125,0.125,0.25,14.947657227516174,10.41007137298584,0.021437474682253963,0.0,0.1875,5.109967358410358,2.0120195373892784
val,base,5482,8,-0.18049512803554535,0.6294497847557068,0.0005057156085968018,0.46028044223785397,0.5448651134967802,0.5,0.25,0.125,0.0,0.0,0.375,0.0,0.0,15.905410945415497,4.940286159515381,0.12468947073948375,0.07916666567325592,0.375,4.853953123092651,2.1941238045692444
val,base,5507,8,0.1453644260764122,0.7156667113304138,0.007444053888320923,0.5045133888721466,0.61009005010128,1.0,0.25,0.125,0.0,0.0,0.0,0.0,0.0,7.848097503185272,3.71183443069458,0.09653268012334593,0.05000000447034836,0.0,4.938417494297028,2.2046777307987213
val,base,5541,8,-0.18944310396909714,0.9844496250152588,0.0,0.2953348875045775,0.6398922562599176,0.125,0.125,0.125,0.0,0.0,0.25,0.125,0.125,25.98088175058365,3.6199612617492676,0.09584374871539697,0.11666666716337204,0.3125,4.405331641435623,1.9858470112085342
val,base,5547,8,0.004450761945918202,0.03063178062438965,2.9802322387695312e-08,0.011603481136262412,0.02111763088032602,0.5,0.0,0.0,0.0,0.0,0.0,0.0,0.125,25.343926429748535,12.908618927001953,0.004503004352450315,0.0,5.2249761210987344e-05,4.421612977981567,1.9851899966597557
val,base,5548,8,-0.10076750162988901,0.5173317790031433,0.007182743400335312,0.38428984880447387,0.4508108139038085,0.75,0.25,0.125,0.0,0.0,0.125,0.0,0.125,13.463493049144745,5.861290454864502,0.12701164814758198,0.0,0.22777915094047785,4.313167452812195,1.929630622267723
val,base,5587,8,0.048540107905864716,0.28476470708847046,0.0004717409610748291,0.15562373399734494,0.2201942205429076,1.0,0.0,0.0,0.0,0.0,0.0,0.0,0.0,19.871497809886932,7.8418965339660645,0.048540104752646585,0.0,0.0,4.90076470375061,2.1920171082019806
val,base,5610,8,-0.06760688871145248,0.6686220169067383,0.058216989040374756,0.4596989274024963,0.5641604721546172,0.75,0.375,0.125,0.0,0.0,0.25,0.0,0.375,15.341076076030731,4.596081733703613,0.18239311778137512,0.0,0.25,3.515432231128216,1.74977907538414
val,base,5611,8,-0.2228638157248497,0.09869635105133057,0.0067596435546875,0.07331789135932922,0.08600712120532987,0.625,0.0,0.125,0.0,0.125,0.25,0.0,0.5,5.4362136125564575,1.6648781299591064,0.04076929855364142,0.12083332985639572,0.25,2.769603841006756,1.4819333627820015
val,base,5668,8,0.0011018365621566772,0.6773552298545837,0.04475235939025879,0.5255002439022064,0.6014277368783949,0.625,0.25,0.25,0.0,0.125,0.125,0.0,0.5,5.254913091659546,3.8441853523254395,0.219534334493801,0.07916666567325592,0.1424025073647499,2.8314216807484627,1.4823494106531143
val,base,5677,8,-0.133265882730484,0.5949839353561401,0.0001627206802368164,0.17941075563430775,0.38719734549522367,0.75,0.125,0.125,0.0,0.125,0.0,0.0,0.125,14.104742765426636,1.9657588005065918,0.08965688067632982,0.0,0.09792276471853256,4.616591542959213,2.056811049580574
val,base,5696,8,0.2157391607761383,0.6864692568778992,0.13647133111953735,0.5725400805473327,0.6295046687126159,1.0,0.25,0.25,0.0,0.0,0.0,0.0,0.25,9.420412540435791,4.346012115478516,0.21573915873887017,0.0,0.0,4.2174553498625755,1.9915289729833603
val,base,5886,8,0.10860169678926468,0.4276338815689087,0.01908692717552185,0.37920328378677365,0.40341858267784114,1.0,0.25,0.0,0.0,0.0,0.0,0.0,0.0,18.715656995773315,6.583022594451904,0.10860170654120793,0.0,0.0,5.057589113712311,2.2285591065883636
val,base,5940,8,0.013314808020368218,0.9556758999824524,0.004139572381973267,0.38867644071578966,0.6721761703491207,0.625,0.125,0.125,0.0,0.125,0.0,0.0,0.0,13.961271286010742,7.36923885345459,0.0659227595317393,0.11666666716337204,0.0025667601730674505,4.866423070430756,2.1876566857099533
val,base,5967,8,0.24710170924663544,0.6830355525016785,0.20515626668930054,0.5793775975704193,0.6312065750360488,0.875,0.5,0.375,0.125,0.0,0.0,0.0,0.375,8.598059475421906,4.4644856452941895,0.3321776455268264,0.0,0.12257593870162964,3.4642319828271866,1.745251603424549
val,base,5977,8,-0.061363086104393005,0.4869893789291382,7.748603820800781e-06,0.16093422770500174,0.32396180331706975,0.5,0.125,0.0,0.0,0.125,0.0,0.0,0.0,13.144023001194,7.23229455947876,0.03157998276529428,0.0416666641831398,0.0,4.952077567577362,2.218310385942459
val,base,5998,8,-0.22700491547584534,1.0,-0.15906721353530884,0.3000005841255186,0.6500002920627589,0.375,0.125,0.125,0.125,0.125,0.125,0.125,0.0,15.509747385978699,5.290155410766602,0.0741406197980723,0.12083332985639572,0.22766754031181335,4.826692879199982,2.161185562610626
val,base,6005,8,-0.146417036652565,0.636399507522583,0.009747505187988281,0.42496918439865106,0.5306843459606169,0.5,0.25,0.125,0.0,0.0,0.125,0.125,0.0,17.015681564807892,7.377096176147461,0.08989681587728923,0.05833332985639572,0.2760826572775841,4.819767355918884,2.1559031009674072
val,base,6065,8,-0.2499856799840927,8.386373519897461e-05,5.960464477539063e-08,4.635453224182128e-05,6.510913372039792e-05,0.625,0.0,0.0,0.0,0.25,0.0,0.0,0.0,27.107856512069702,20.086811065673828,0.00014141991184385416,0.0,0.0,5.160940706729889,2.256497234106064
val,base,6112,8,-0.12359680980443954,0.00902092456817627,9.083747863769531e-05,0.0037872850894927965,0.0064041048288345295,0.875,0.0,0.0,0.0,0.125,0.0,0.0,0.0,22.207298398017883,13.572291374206543,0.0014692411670012007,0.0,0.0,4.595631301403046,2.094365581870079
val,base,6126,8,0.01179516315460205,0.05384796857833862,0.004546016454696655,0.02891010642051696,0.04137903749942778,1.0,0.0,0.0,0.0,0.0,0.0,0.0,0.0,16.537455797195435,11.507850646972656,0.011795173724692631,0.0,0.0,4.625823616981506,2.113087385892868
val,base,6141,8,-0.4268153073467147,4.3451786041259766e-05,-0.2074587680399418,2.6649720166460607e-05,3.5050753103860176e-05,0.375,0.0,0.0,0.0,0.0,0.375,0.125,0.0,15.97391277551651,6.618246555328369,0.008622864401846897,0.0,0.4893660532512296,5.053845107555389,2.2013064175844193
val,base,6214,8,-0.37299883365631104,0.010463953018188477,0.0,0.004282152652740477,0.007373052835464473,0.25,0.0,0.0,0.0,0.0,0.375,0.0,0.0,21.432279586791992,15.097679138183594,0.002001170534726523,0.0,0.375,7.00564432144165,2.549094498157501
val,base,6408,8,0.2533547431230545,1.0,0.23696854710578918,0.9165535390377044,0.9582767695188522,0.875,0.5,0.375,0.125,0.125,0.0,0.0,0.0,7.539361000061035,5.340265274047852,0.17563082242850214,0.2958333268761635,0.0,5.823581159114838,2.312408894300461
val,base,6427,8,0.31154560670256615,0.9933722615242004,0.00031766295433044434,0.9917332887649536,0.9925527751445771,0.875,0.375,0.375,0.0,0.0,0.0,0.0,0.25,13.23608535528183,3.212653160095215,0.25493756174521437,0.3583333268761635,0.05749881640076637,3.838838756084442,1.827938012778759
val,base,6470,8,-0.7432278171181679,0.03351873159408569,-1.0,0.024516731500625607,0.029017731547355645,0.25,0.0,0.25,0.0,0.75,0.125,0.0,0.0,8.186681509017944,6.155297756195068,0.07675854105036706,0.19583334028720856,0.1252902079722844,4.844926476478577,2.195459008216858
val,base,6472,8,-0.6236986964941025,0.010410428047180176,-1.0,0.003123128414154051,0.006766778230667109,0.125,0.0,0.0,0.0,0.625,0.0,0.0,0.125,16.105018258094788,11.971925735473633,0.001964721765115444,0.0,0.0,4.569736495614052,2.0364450216293335
val,base,6481,8,-0.2790650352835655,0.6063879728317261,2.682209014892578e-07,0.1819889485836028,0.39418846070766417,0.625,0.125,0.125,0.0,0.0,0.25,0.0,0.0,23.826222777366638,14.241793632507324,0.0020166894225353005,0.07500000298023224,0.35488399118185043,5.063216865062714,2.2234029471874237
val,base,6501,8,-0.1885639950633049,0.49058204889297485,2.1070241928100586e-05,0.1475969374179839,0.3190894931554792,0.75,0.125,0.0,0.0,0.25,0.0,0.0,0.0,13.307218194007874,5.98304557800293,0.11280924089658129,0.0,0.0,5.803045988082886,2.2984933108091354
val,base,6514,8,0.11335042119026184,0.3198728561401367,0.0543462336063385,0.25066762566566464,0.28527024090290065,1.0,0.125,0.0,0.0,0.0,0.0,0.0,0.0,5.9610331654548645,3.442085027694702,0.09387561772018671,0.0208333358168602,0.0,5.108698725700378,2.2448021471500397
val,base,6565,8,-0.21888470649719238,8.344650268554688e-07,2.9802322387695312e-08,3.3378601074218737e-07,5.841255187988277e-07,0.5,0.0,0.0,0.0,0.125,0.0,0.0,0.0,26.726189613342285,22.235553741455078,5.856306831111974e-05,0.0,0.18413431197404861,4.626145899295807,2.104826658964157
val,base,6593,8,-0.4301768094301224,0.2645000219345093,-0.48721256852149963,0.21545888781547545,0.23997945487499234,0.5,0.0,0.125,0.0,0.5,0.0,0.0,0.0,7.6853532791137695,3.9110679626464844,0.08691782818641514,0.09166666120290756,0.00011604870087467134,4.8622963428497314,2.1894418597221375
val,base,6599,8,0.5238301083445549,0.7813553810119629,0.5816566348075867,0.7143021523952484,0.7478287667036057,1.0,0.875,0.75,0.0,0.0,0.0,0.0,0.125,7.004582047462463,3.4528346061706543,0.47891083549711766,0.06666666269302368,0.0,4.4776783883571625,2.0634469985961914
val,base,6613,8,-0.12358356267213821,0.006022095680236816,0.00023305416107177734,0.004537248611450195,0.005279672145843505,0.875,0.0,0.0,0.0,0.0,0.125,0.0,0.0,21.692016124725342,16.212482452392578,0.001416439896729571,0.0,0.125,4.64666485786438,2.0938164740800858
val,base,6650,8,0.3521840535104275,0.910663366317749,0.2287265807390213,0.8554101407527923,0.8830367535352707,0.75,0.5,0.5,0.0,0.0,0.0,0.0,0.125,20.343613386154175,4.115536212921143,0.14612058554273338,0.3125000074505806,0.026228751987218857,4.357513844966888,1.989801898598671
val,base,6651,8,-0.5202669135760516,0.4678676724433899,-0.8386515974998474,0.16126022543758145,0.31456394894048545,0.375,0.125,0.125,0.0,0.5,0.25,0.0,0.125,9.669141173362732,5.88878870010376,0.1350620936282212,0.0,0.3896195708657615,4.82304310798645,2.0743498057127
val,base,6686,8,-0.17113657295703888,0.47767651081085205,0.018616795539855957,0.20430172085762016,0.34098911583423597,0.75,0.125,0.125,0.0,0.25,0.0,0.0,0.0,3.9418453574180603,3.070530652999878,0.20780171861406416,0.0,0.0,5.36137455701828,2.29850572347641
val,base,6706,8,-0.3088589794933796,0.023677855730056763,4.26173210144043e-06,0.010657343268394466,0.017167599499225607,0.625,0.0,0.0,0.0,0.125,0.125,0.125,0.0,23.517970204353333,10.921706199645996,0.010477596014894702,0.0,0.19433655962347984,4.976563572883606,2.1988998353481293
val,base,6722,8,0.23779788613319397,0.512342095375061,0.22207683324813843,0.5100918352603913,0.5112169653177261,1.0,0.5,0.25,0.0,0.0,0.0,0.0,0.0,9.31228518486023,5.645565986633301,0.2377978934145517,0.0,0.0,5.43990170955658,2.2653439939022064
val,base,6857,8,-0.25364931114017963,0.01743161678314209,3.933906555175781e-06,0.014325195550918579,0.01587840616703033,0.625,0.0,0.0,0.0,0.25,0.0,0.0,0.125,22.081552505493164,14.063769340515137,0.004275584034842961,0.0,0.007922904565930367,5.144990637898445,2.143661729991436
val,base,6864,8,-0.30315541476011276,0.8195273876190186,-0.2324134111404419,0.2524211585521696,0.5359742730855938,0.375,0.125,0.25,0.0,0.25,0.25,0.0,0.125,21.059531807899475,10.447526931762695,0.015417264169898345,0.1875,0.3707066774368286,4.2214930802583694,1.9729940295219421
val,base,6865,8,-0.2603378929197788,0.030318737030029297,0.0,0.01613504290580749,0.023226889967918385,0.25,0.0,0.0,0.0,0.125,0.125,0.125,0.125,22.52590525150299,12.930401802062988,0.005072023481321535,0.0,0.2029099129140377,4.271010033786297,1.9618144854903221
val,base,6900,8,-0.13213535491377115,0.8777325749397278,0.03267901763319969,0.46393209099769583,0.6708323329687116,0.5,0.125,0.375,0.0,0.125,0.25,0.0,0.0,9.41142863035202,7.018417835235596,0.1746381800621748,0.38749998807907104,0.37058498058468103,4.832456052303314,2.15434992313385
val,base,6901,8,-0.007966667413711548,0.9355896711349487,0.0265292227268219,0.7543228805065154,0.844956275820732,0.75,0.25,0.375,0.0,0.25,0.0,0.0,0.0,5.894668847322464,2.966855764389038,0.2688963043692638,0.11249999701976776,0.0,4.781956911087036,2.1240938901901245
val,base,6911,8,-0.42444236297160387,0.00011712312698364258,-0.1978280134499073,3.513693809509275e-05,7.613003253936762e-05,0.125,0.0,0.0,0.0,0.375,0.0,0.0,0.125,26.58880352973938,22.950050354003906,1.464088403196695e-05,0.0,0.05653075501322746,4.315863557159901,1.9838345274329185
val,base,7031,8,-0.7057323242115672,-0.000972100009676069,-0.9941235184669495,-0.08054158923332581,-0.04075684462150099,0.0,0.0,0.25,0.0,0.375,0.625,0.125,0.0,15.303405046463013,4.873661994934082,0.12936734476835454,0.2708333283662796,0.7663572639593212,5.1794633865356445,2.234350562095642
val,base,7118,8,-0.3101951368153095,4.875659942626953e-05,4.172325134277344e-07,1.667141914367675e-05,3.271400928497312e-05,0.5,0.0,0.0,0.0,0.125,0.125,0.0,0.0,17.881692826747894,7.743539333343506,0.001400049242020751,0.0,0.18659299239516258,4.997584223747253,2.236318737268448
val,base,7120,8,-0.125,0.0,0.0,0.0,0.0,0.0,0.0,0.0,0.0,0.0,0.125,0.125,0.375,23.882014513015747,21.665983200073242,1.681406635785118e-12,0.0,0.1875,3.5693846866488457,1.7309879586100578
val,base,7147,8,-0.26233890280127525,0.9579633474349976,-0.05387471616268158,0.3167786955833433,0.63737102150917,0.375,0.125,0.125,0.0,0.25,0.125,0.125,0.125,10.94058272242546,3.824716806411743,0.17366032962736233,0.1041666641831398,0.22409748658537865,4.4363318383693695,2.0153992101550102
val,base,7274,8,0.04581288993358612,0.1396481990814209,0.02952602505683899,0.0943695843219757,0.11700889170169827,1.0,0.0,0.0,0.0,0.0,0.0,0.0,0.0,5.803966760635376,3.0967698097229004,0.04581290046189679,0.0,0.0,5.606711804866791,2.3140229135751724
val,base,7350,8,-0.126782271778211,0.00010067224502563477,0.0,3.349781036376952e-05,6.70850276947021e-05,0.375,0.0,0.0,0.0,0.0,0.125,0.0,0.0,24.875513076782227,20.045888900756836,1.3375986400510066e-05,0.0,0.12679564557038248,5.146514475345612,2.2674297392368317
val,base,7365,8,-0.43679987639188766,0.48064523935317993,-0.4906555712223053,0.14543458819389335,0.31303991377353646,0.5,0.125,0.25,0.125,0.25,0.5,0.0,0.125,5.41171258687973,2.4809420108795166,0.05553910408343654,0.24583332985639572,0.5625,4.357111647725105,2.007423520088196
val,base,7434,8,-0.12432236224412918,0.00476306676864624,3.5822391510009766e-05,0.001698201894760131,0.0032306343317031836,0.625,0.0,0.0,0.0,0.125,0.0,0.0,0.0,17.68568456172943,9.07804012298584,0.0006776422005155113,0.0,0.0,4.744723796844482,2.111039325594902
val,base,7501,8,-0.598805733025074,0.11987948417663574,-1.0,0.09866308569908142,0.10927128493785856,0.375,0.0,0.25,0.0,0.625,0.0,0.0,0.0,7.119510680437088,3.954699754714966,0.12071028479658708,0.23333332687616348,0.0,4.900393486022949,2.1552527844905853
val,base,7529,8,-0.0869392678141594,1.0,-0.2315094769001007,0.6889207005500793,0.8444603502750394,0.375,0.25,0.625,0.125,0.0,0.375,0.0,0.0,9.024325728416443,5.485550880432129,0.3655122695781756,0.23750001192092896,0.6036708652973175,5.134674787521362,2.2891750037670135
val,base,7537,8,0.08400502055883408,0.5117344856262207,0.06531500816345215,0.41725493669509883,0.4644947111606597,0.875,0.25,0.125,0.0,0.0,0.125,0.0,0.0,5.002283900976181,3.3921828269958496,0.20900501873256871,0.0,0.125,4.76927787065506,2.1389574855566025
val,base,7543,8,0.0959288477897644,0.5672934055328369,0.3868882656097412,0.526829195022583,0.5470613002777099,0.75,0.625,0.375,0.0,0.0,0.125,0.0,0.0,8.24505203962326,5.284151554107666,0.3234534056882694,0.0,0.22752455435693264,5.000564098358154,2.1984854638576508
val,base,7559,8,-0.1689206212759018,0.0015683770179748535,4.756450653076172e-05,0.0006102025508880613,0.0010892897844314569,0.75,0.0,0.0,0.0,0.0,0.125,0.0,0.0,23.307176113128662,18.743194580078125,0.0004975808177505314,0.0,0.16941820085048676,5.419128596782684,2.3572986125946045
val,base,7587,8,0.3098660409450531,1.0,0.1782534122467041,0.812898588180542,0.9064492940902709,1.0,0.375,0.25,0.125,0.0,0.0,0.0,0.125,10.174162566661835,4.6206889152526855,0.25047727864875924,0.14166666567325592,0.0,4.730731584131718,2.147388070821762
val,base,7602,8,-0.4555562660098076,0.7154897451400757,-1.0,0.6622942268848419,0.6888919860124587,0.375,0.25,0.75,0.0,0.625,0.125,0.0,0.0,12.266030430793762,3.609551429748535,0.14024200414860388,0.44583333283662796,0.22404923290014267,4.826208412647247,2.1628849804401398
val,base,7605,8,-0.2900269851088524,0.11975967884063721,0.0007837116718292236,0.06277118325233458,0.09126543104648585,0.625,0.0,0.0,0.0,0.0,0.25,0.125,0.25,16.455236434936523,8.324228286743164,0.02247300947895048,0.0,0.3125,4.022335268557072,1.892747014760971
val,base,7612,8,0.042013607919216156,0.2666034698486328,0.0021207332611083984,0.12096491456031797,0.1937841922044753,1.0,0.0,0.0,0.0,0.0,0.0,0.0,0.0,14.753343343734741,4.5871992111206055,0.04201360318438674,0.0,0.0,4.7996506690979,2.1626689732074738
val,base,7676,8,0.17141401767730713,0.8563117980957031,0.011551439762115479,0.7490374803543091,0.802674639225006,0.75,0.25,0.5,0.125,0.0,0.25,0.0,0.125,9.41515201330185,4.070923805236816,0.3586167130852118,0.09166666865348816,0.25,4.491274565458298,2.028006821870804
val,base,7681,8,0.24541842937469482,0.9855353236198425,0.20819467306137085,0.8437471568584441,0.9146412402391433,0.875,0.5,0.5,0.0,0.0,0.125,0.0,0.0,15.719791203737259,3.204944133758545,0.3932992992007608,0.11666666716337204,0.173194020986557,4.610682249069214,2.1162926256656647
val,base,7741,8,-0.592655822634697,0.739151656627655,-0.9998833537101746,0.2217456221580504,0.4804486393928524,0.25,0.125,0.5,0.0,0.375,0.375,0.125,0.125,15.225085377693176,3.9168715476989746,0.3003539075079046,0.0,0.5087778866291046,4.234159626066685,1.9554150253534317
val,base,7745,8,-0.19456158578395844,0.000733494758605957,3.814697265625e-06,0.0003314495086669921,0.0005324721336364743,0.75,0.0,0.0,0.0,0.0,0.0,0.0,0.0,26.46336269378662,20.41898536682129,0.00015017114688475885,0.0,0.19471174478530884,4.783471345901489,2.129247099161148
val,base,7749,8,0.024205587804317474,0.1710660457611084,0.00019633769989013672,0.06649368405342099,0.11877986490726464,0.625,0.0,0.0,0.0,0.0,0.0,0.0,0.0,14.29712438583374,8.618412971496582,0.0034822379014012575,0.0208333358168602,0.0,5.260797679424286,2.301100254058838
val,base,7781,8,0.4317474067211151,0.938398540019989,0.4284597337245941,0.7228704512119293,0.830634495615959,1.0,0.625,0.5,0.0,0.0,0.0,0.0,0.125,9.352749109268188,5.695501327514648,0.2598501266329549,0.25833334773778915,0.0,4.365380056202412,2.0522006675601006
val,base,7792,8,0.039069727063179016,0.19491910934448242,0.0011854469776153564,0.12822357416152952,0.16157134175300591,1.0,0.0,0.0,0.0,0.0,0.0,0.0,0.0,16.038888812065125,7.997621536254883,0.03906971327251085,0.0,0.0,4.525240957736969,2.0992470532655716
val,base,7844,8,-0.49318215250968933,0.00012969970703125,-0.47279593348503113,4.116296768188474e-05,8.543133735656731e-05,0.375,0.0,0.125,0.0,0.25,0.5,0.125,0.0,11.330942273139954,2.69443416595459,0.15510230849064732,0.07916666567325592,0.5625,4.62130606174469,2.109478622674942
val,base,7898,8,0.11996827274560928,0.7712255120277405,0.09872409701347351,0.6491504967212677,0.710188004374504,0.875,0.375,0.375,0.0,0.125,0.0,0.0,0.25,6.383788894861937,0.3396085202693939,0.1713662496767938,0.20416667312383652,0.0,3.9371371790766716,1.8569646999239922
val,base,7918,8,-0.80860935151577,0.0,-0.9999998211860657,-0.3500000000000001,-0.17500000000000027,0.0,0.0,0.0,0.0,0.25,0.625,0.25,0.0,27.132047057151794,12.876261711120605,0.004363117145240843,0.0,0.75,4.554192423820496,2.084298998117447
val,base,7954,8,0.053843870759010315,0.6169760227203369,0.08073806762695312,0.4703235507011413,0.543649786710739,0.875,0.25,0.125,0.0,0.125,0.0,0.0,0.0,8.255282163619995,4.529393196105957,0.13154862678493373,0.0625,0.0,4.551823914051056,2.0707274228334427
val,base,7966,8,0.23937861621379852,0.9341467022895813,0.01965346932411194,0.8970082938671112,0.9155774980783462,1.0,0.25,0.25,0.0,0.0,0.0,0.0,0.0,7.623785555362701,5.086922645568848,0.06868078501429409,0.22083333134651184,0.0,4.7043235301971436,2.1381316035985947
val,base,7981,8,0.02952486276626587,0.16930681467056274,0.00943911075592041,0.06920893788337705,0.11925787627696983,1.0,0.0,0.0,0.0,0.0,0.0,0.0,0.125,8.704233646392822,5.85111665725708,0.02952486495632911,0.0,0.0,4.341841645538807,2.001729056239128
val,base,8073,8,-0.12499941140413284,3.933906555175781e-06,2.9802322387695312e-08,1.6391277313232416e-06,2.78651714324951e-06,0.5,0.0,0.0,0.0,0.125,0.0,0.0,0.0,30.401793479919434,23.379358291625977,5.822657439397139e-07,0.0,0.0,4.9324716329574585,2.2012954354286194
val,base,8080,8,0.09936448931694031,0.30341649055480957,0.08607181906700134,0.1636475622653961,0.23353202641010273,1.0,0.125,0.0,0.0,0.0,0.0,0.0,0.0,4.281502723693848,3.6745824813842773,0.09936449374072254,0.0,0.0,5.075380504131317,2.201199561357498
val,base,8119,8,-0.2886720187962055,0.20212703943252563,-0.13376609981060028,0.1820532739162445,0.19209015667438506,0.5,0.0,0.0,0.0,0.0,0.25,0.0,0.0,16.481987237930298,9.1227388381958,0.031001225298950885,0.0625,0.38110149279236794,4.9806570410728455,2.1794424653053284
val,base,8147,8,-0.4457895904779434,0.1725386381149292,-0.36998483538627625,0.051761591434478726,0.11215011477470388,0.125,0.0,0.0,0.0,0.0,0.375,0.125,0.0,22.288932621479034,7.3954243659973145,0.06323242045513289,0.0,0.5715213418006897,5.127366125583649,2.253379136323929
val,base,8155,8,-0.33383870869874954,0.07150638103485107,0.0005238354206085205,0.022741580009460437,0.047123980522155724,0.625,0.0,0.0,0.0,0.25,0.0,0.0,0.0,15.94522762298584,10.8191556930542,0.01989658769161906,0.0,0.1035759225487709,5.988117039203644,2.2893784046173096
val,base,8179,8,-0.7905243709683418,0.6758050322532654,-1.0,-0.4972584903240207,0.08927327096462156,0.125,0.125,0.5,0.0,0.875,0.0,0.0,0.125,5.797512620687485,3.5499484539031982,0.28911516128573567,0.11249999701976776,0.0,4.210555203258991,1.9713914841413498
val,base,8207,8,-0.5207676440477371,0.6990143656730652,-0.8130978345870972,0.2105281352996825,0.45477125048637357,0.25,0.125,0.25,0.0,0.0,0.5,0.125,0.0,15.751026809215546,4.939539432525635,0.10969430739844252,0.07500000298023224,0.7493966668844223,4.750106871128082,2.174191325902939
val,base,8330,8,0.0858830139040947,0.3183261752128601,0.06721168756484985,0.16259668469429012,0.240461429953575,1.0,0.125,0.0,0.0,0.0,0.0,0.0,0.0,6.649132311344147,3.6879329681396484,0.08588301426698308,0.0,0.0,4.670605778694153,2.105660319328308
val,base,8344,8,-0.35592666640877724,0.1897887885570526,-0.020138651132583618,0.05876536667346951,0.12427707761526098,0.5,0.0,0.125,0.0,0.375,0.375,0.0,0.0,12.224980354309082,5.213390350341797,0.11133626388925677,0.11249999701976776,0.37604276451747864,4.877551436424255,2.1630066335201263
val,base,8394,8,0.1419503316283226,0.6753253936767578,0.0013835430145263672,0.41776709556579583,0.5465462446212767,1.0,0.25,0.125,0.0,0.0,0.0,0.0,0.125,18.16740733385086,6.587836265563965,0.11091526498026383,0.05416666716337204,0.0,4.608447581529617,2.0599478110671043
val,base,8468,8,-0.13391677290201187,0.06466764211654663,1.1622905731201172e-06,0.019466006755828845,0.042066824436187714,0.75,0.0,0.25,0.0,0.125,0.125,0.0,0.0,14.786623001098633,4.241783618927002,0.06017375687007309,0.22083333134651184,0.12503213877425878,4.7068721652030945,2.1399860233068466
val,base,8496,8,-0.6161942780017853,0.06094646453857422,-1.0,0.024569129943847648,0.04275779724121091,0.375,0.0,0.0,0.0,0.625,0.0,0.0,0.0,6.340583175420761,1.8684635162353516,0.016083970142062753,0.0,0.0,4.851162552833557,2.182042717933655
val,base,8530,8,0.02872982481494546,0.09180676937103271,0.014333099126815796,0.08176665306091309,0.0867867112159729,0.875,0.0,0.0,0.0,0.0,0.0,0.0,0.375,11.771922022104263,3.7167322635650635,0.029725679147759365,0.0,0.0009958534501492977,3.5168966948986053,1.6999776363372803
val,base,8534,8,-0.5638549476861954,0.47971904277801514,-1.0,0.15045737624168387,0.3150882095098493,0.375,0.125,0.125,0.0,0.625,0.125,0.0,0.25,5.803951844573021,1.666941523551941,0.07117354572415024,0.125,0.18786433339118958,3.8183343559503555,1.824295848608017
val,base,8552,8,0.1253560557961464,0.5270279049873352,0.008046507835388184,0.424209588766098,0.4756187468767165,1.0,0.25,0.125,0.0,0.0,0.0,0.0,0.0,17.233647227287292,5.783565521240234,0.12535606717888825,0.0,0.0,5.467495143413544,2.31284162402153
val,base,8553,8,-0.43142402544617653,0.0028658509254455566,-0.2278466373682022,0.001766318082809448,0.0023160845041275014,0.5,0.0,0.0,0.0,0.375,0.0,0.0,0.125,16.308858275413513,11.070228576660156,0.0005707464353292835,0.0,0.05697775259613991,4.390086203813553,1.9926353693008423
val,base,8652,8,0.006144136190414429,0.4915216565132141,0.06854796409606934,0.3552553117275238,0.42338848412036884,0.875,0.125,0.0,0.0,0.125,0.0,0.0,0.0,13.62186449766159,4.837543964385986,0.1312103042941999,0.0,0.0,4.823720872402191,2.1513308584690094
val,base,8666,8,-0.16766485571861267,0.6335864663124084,9.834766387939453e-07,0.20762974619865407,0.420608106255531,0.5,0.125,0.125,0.0,0.0,0.125,0.125,0.625,23.319030225276947,4.9047322273254395,0.08234286532992385,0.0,0.311515748500824,2.495311476290226,1.3722830712795258
val,base,8673,8,-0.12479282729327679,0.7757817506790161,0.002811521291732788,0.3412786588072776,0.5585302047431466,0.75,0.125,0.25,0.0,0.125,0.125,0.0,0.375,5.469256281852722,2.9549150466918945,0.21224069085292285,0.0,0.1251697810512269,3.334216594696045,1.666446514427662
val,base,8696,8,-0.17947816103696823,0.7002180814743042,0.0,0.21103231906890857,0.4556252002716061,0.375,0.125,0.375,0.0,0.25,0.125,0.0,0.0,12.098619282245636,6.142566204071045,0.10286599669665739,0.23749999701976776,0.125,4.8040688037872314,2.153100550174713
val,base,8743,8,-0.2468390390276909,0.010384202003479004,0.0023787319660186768,0.006910365819931029,0.008647283911705014,0.75,0.0,0.0,0.0,0.125,0.125,0.0,0.125,18.30023753643036,13.293269157409668,0.0031615772514825835,0.0,0.125,4.327347733080387,2.005370944738388
val,base,8809,8,-0.4633222073316574,0.6382877230644226,-0.996902585029602,0.4752152323722839,0.5567514777183531,0.375,0.25,0.125,0.0,0.5,0.125,0.0,0.0,11.611778199672699,4.864120006561279,0.1611727525596507,0.016666673123836517,0.16133980033919215,4.714924395084381,2.1217324286699295
val,base,8836,8,0.033320522867143154,1.0,-0.05397463217377663,0.858920919895172,0.929460459947586,0.5,0.375,0.5,0.125,0.0,0.375,0.0,0.0,13.835000932216644,6.0902886390686035,0.19079597492475386,0.36666666716337204,0.3884937623515725,4.838568270206451,2.159158781170845
val,base,8997,8,-0.550153486430645,0.09660202264785767,-0.7489173412322998,0.028983944654464706,0.06279298365116115,0.25,0.0,0.25,0.0,0.375,0.375,0.125,0.125,22.005322635173798,4.2039265632629395,0.11892955220622553,0.12916666269302368,0.5766140855848789,4.704109072685242,2.1091768741607666
val,base,9031,8,-0.24743551015853882,0.019023418426513672,4.0531158447265625e-05,0.006406307220458981,0.012714862823486318,0.625,0.0,0.0,0.0,0.125,0.125,0.0,0.0,19.662028789520264,9.758071899414062,0.0025666329050581596,0.0,0.125,4.890246272087097,2.1489304900169373
val,base,9073,8,-0.7339549139142036,0.11642688512802124,-1.0,0.04328172802925108,0.07985430657863611,0.25,0.0,0.0,0.0,0.625,0.125,0.0,0.0,24.644277811050415,10.05341911315918,0.016046042045920583,0.0,0.125,4.743483185768127,2.1236122846603394
val,base,9127,8,-0.6205948889255524,1.519918441772461e-05,-0.9823881089687347,5.894899368286131e-06,1.0547041893005364e-05,0.25,0.0,0.0,0.0,0.375,0.25,0.0,0.0,27.882996797561646,12.606443405151367,0.004405142109417476,0.0,0.25,4.725595772266388,2.133547157049179
val,base,9144,8,-0.03725244621455204,0.9651394486427307,-0.00033580343006178737,0.8767133593559265,0.9209264039993286,0.375,0.25,0.25,0.0,0.0,0.125,0.125,0.125,22.045542776584625,3.923152446746826,0.09719552951848986,0.21249999850988388,0.26351187894761097,4.441976219415665,2.0187501162290573
val,base,9158,8,-0.6006189286708832,0.6148872971534729,-0.8753209114074707,0.18449689745903003,0.3996920973062512,0.25,0.125,0.125,0.0,0.0,0.625,0.0,0.0,5.957643002271652,3.158086061477661,0.10806071806837281,0.0,0.7086796537041664,4.837952494621277,2.1700620651245117
val,base,9201,8,-0.2994150444865227,0.38960927724838257,0.001284956932067871,0.25627269744873044,0.3229409873485564,0.625,0.125,0.0,0.125,0.0,0.375,0.0,0.125,9.816734582185745,3.0001943111419678,0.038084953817360656,0.0,0.375,4.136327870190144,1.9217088595032692
val,base,9219,8,-0.24731655418872833,0.011062800884246826,0.0003654062747955322,0.009130388498306274,0.010096594691276549,0.625,0.0,0.0,0.0,0.25,0.0,0.0,0.0,15.852482080459595,11.257354736328125,0.002683448552713639,0.0,0.0,5.002072870731354,2.2232547998428345
val,base,9234,8,0.1291249543428421,0.7248416543006897,0.003845036029815674,0.6823213636875153,0.7035815089941024,0.875,0.375,0.375,0.0,0.125,0.0,0.0,0.0,8.53243002295494,3.816471815109253,0.2541253104624275,0.0,0.0,4.867114961147308,2.1950466632843018
val,base,9298,8,-0.12734486907720566,0.6162886023521423,2.9802322387695312e-08,0.19369598627090442,0.4049922943115231,0.5,0.125,0.125,0.0,0.125,0.0,0.0,0.0,25.482579946517944,12.318854331970215,0.006667612880372736,0.07500000298023224,0.08095457404851913,4.787970542907715,2.143309623003006
val,base,9324,8,0.15953419357538223,0.7018097043037415,0.03345978260040283,0.46903526782989496,0.585422486066818,1.0,0.25,0.125,0.0,0.0,0.0,0.0,0.0,5.289025843143463,3.5419414043426514,0.15953419671632219,0.0,0.0,4.888502895832062,2.1856201589107513
val,base,9338,8,-0.5453672707080841,5.960464477539063e-08,-0.6814691126346588,1.7881393432617177e-08,3.8743019104003874e-08,0.125,0.0,0.125,0.0,0.25,0.25,0.125,0.0,13.675723433494568,7.542747497558594,0.047425874479791644,0.09166666865348816,0.36508098244667053,5.026963412761688,2.2219128012657166
val,base,9343,8,-0.18917860090732574,0.23880082368850708,0.03887096047401428,0.12522742152214048,0.1820141226053237,0.75,0.0,0.25,0.0,0.25,0.0,0.0,0.0,5.345698893070221,0.7119438648223877,0.04179141181521118,0.2708333358168602,0.0,5.0613545179367065,2.2658463418483734
val,base,9359,8,-0.4329875183175318,0.058054447174072266,-0.2988111067097634,0.04439091682434082,0.05122268199920653,0.375,0.0,0.0,0.0,0.375,0.0,0.0,0.25,5.764257073402405,3.421762466430664,0.03269028969225474,0.0,0.07921288133366033,3.6699685603380203,1.7727409079670906
val,base,9390,8,0.13516490906476974,0.3627700209617615,0.09133884310722351,0.29651328921318054,0.32964165508747095,1.0,0.125,0.0,0.0,0.0,0.0,0.0,0.0,4.429194837808609,3.441511631011963,0.08332859072834253,0.05833332985639572,0.0,4.941883146762848,2.207963615655899
val,base,9547,8,-0.18201762437820435,0.241033136844635,0.03578096628189087,0.18406984210014343,0.21255148947238917,0.75,0.0,0.0,0.0,0.125,0.125,0.0,0.25,11.391552150249481,4.714165210723877,0.06798892628057729,0.0,0.125,4.123159267008305,1.880213275551796
val,base,9591,8,0.05895274132490158,0.32134872674942017,0.023974508047103882,0.1283055484294891,0.2248271375894545,1.0,0.125,0.0,0.0,0.0,0.0,0.0,0.125,5.620328307151794,3.923057794570923,0.05895274301292375,0.0,0.0,4.398214593529701,1.9651749655604362
val,base,9628,8,0.1798444166779518,0.7548798322677612,0.00019794702529907227,0.7045871257781983,0.7297334790229797,1.0,0.25,0.25,0.0,0.0,0.0,0.0,0.0,20.044173777103424,3.750380039215088,0.179844425784621,0.0,0.0,5.28270298242569,2.356417268514633
val,base,9631,8,0.08128590136766434,0.38753533363342285,0.03915950655937195,0.15706568956375117,0.27230051159858687,1.0,0.125,0.0,0.125,0.0,0.0,0.0,0.0,7.082727670669556,4.094337463378906,0.0437859024386853,0.0,0.0,4.713741660118103,2.120485872030258
val,base,9666,8,-0.02883649617433548,1.150369644165039e-05,1.8775463104248047e-06,8.457899093627928e-06,9.980797767639158e-06,0.875,0.0,0.125,0.0,0.0,0.0,0.0,0.0,25.17925116419792,3.618133306503296,0.09586702260625257,0.0,0.12470351904630661,4.884456694126129,2.1710021793842316
val,base,9700,8,0.2448265254497528,0.8392635583877563,0.11552947759628296,0.6133916497230529,0.7263276040554045,1.0,0.375,0.25,0.0,0.0,0.0,0.0,0.0,5.942679345607758,3.824977397918701,0.1443662679521367,0.1041666641831398,0.0,4.957254648208618,2.1993747651576996
val,base,9723,8,-0.20944228768348694,0.2880825996398926,5.662441253662109e-07,0.09979445338249202,0.19393852651119217,0.75,0.0,0.0,0.0,0.25,0.0,0.0,0.125,21.94418478012085,7.809429168701172,0.04056052472661209,0.0,0.0,4.584024280309677,2.0391649156808853
val,base,9725,8,-0.8749701455235481,2.384185791015625e-06,-1.0,-0.6998337686061861,-0.34991569221019797,0.125,0.0,0.0,0.0,0.25,0.75,0.5,0.0,24.611391305923462,18.875659942626953,0.00023343545250065212,0.0,1.0,4.805987238883972,2.166856437921524
val,base,9753,8,0.4014675244688988,0.9613131880760193,0.2578451335430145,0.9480838716030121,0.9546985298395156,1.0,0.5,0.375,0.0,0.0,0.0,0.0,0.0,6.7476469576358795,3.210991144180298,0.2967292769171763,0.28333333879709244,0.0,5.117054045200348,2.2244896590709686
val,base,9792,8,-0.09582077711820602,0.7951307892799377,0.04919189214706421,0.7682328939437866,0.7816818416118622,0.625,0.375,0.25,0.125,0.375,0.0,0.0,0.0,3.9054515957832336,3.3011279106140137,0.20170492818579078,0.08750000596046448,0.0,4.832134008407593,2.202035039663315
val,base,9800,8,-0.34027256071567535,0.16102135181427002,6.586313247680664e-06,0.12760403156280517,0.14431269168853758,0.625,0.0,0.125,0.125,0.125,0.375,0.0,0.25,6.166906371712685,1.9191936254501343,0.09323809761940538,0.10000000149011612,0.375,3.899436831474304,1.849362276494503
val,base,9897,8,-0.531215448398143,0.8086954951286316,-0.8812665939331055,0.2020939711481331,0.5053947331383819,0.125,0.125,0.375,0.0,0.5,0.375,0.0,0.375,8.263816237449646,3.1168737411499023,0.39011389331625423,0.10000000149011612,0.3822355684824288,3.4920880869030952,1.7135524302721024
val,base,9917,8,-0.05391600728034973,0.891584038734436,0.006075471639633179,0.6923396587371826,0.7919618487358092,0.75,0.25,0.25,0.0,0.125,0.125,0.0,0.0,9.25520247220993,4.5565056800842285,0.12832401517880498,0.1041666641831398,0.2486959546804428,4.96981281042099,2.192825108766556
val,base,9920,8,-0.24638992547988892,0.018140137195587158,5.662441253662109e-06,0.011443680524826048,0.0147919088602066,0.75,0.0,0.0,0.0,0.25,0.0,0.0,0.0,19.245851278305054,13.981797218322754,0.0036418791586356747,0.0,0.0,4.652551710605621,2.1147425770759583
val,base,10054,8,-0.020216921344399452,0.14325034618377686,0.024403810501098633,0.0829868674278259,0.11311860680580135,0.75,0.0,0.0,0.0,0.0,0.0,0.0,0.0,8.26111426949501,3.386146068572998,0.043456347622850444,0.0,0.06367325969040394,5.081947088241577,2.23336398601532
val,base,10079,8,-0.4390757903456688,0.9873714447021484,-0.7499889135360718,0.2962114334106444,0.6417914390563959,0.125,0.125,0.125,0.0,0.0,0.5,0.125,0.0,29.789984822273254,5.011183738708496,0.0776458205473019,0.12083332985639572,0.5625,4.7248751521110535,2.1150058805942535
val,base,10084,8,-0.16837990785643342,0.014482378959655762,0.00011286139488220215,0.006864547729492186,0.01067346334457397,0.75,0.0,0.125,0.0,0.0,0.25,0.0,0.0,16.251098453998566,6.4503912925720215,0.012570171760671656,0.07500000298023224,0.25005651767060044,4.678573310375214,2.1126912236213684
val,base,10121,8,-0.24624882638454437,0.023890018463134766,2.8014183044433594e-06,0.010648268461227413,0.017269143462181082,0.75,0.0,0.0,0.0,0.0,0.25,0.0,0.0,23.980982303619385,13.420230865478516,0.0037511553028899414,0.0,0.25,4.491368114948273,2.058687597513199
val,base,10201,8,-0.6003507804125547,6.008148193359375e-05,-0.780333399772644,1.8107891082763662e-05,3.9094686508178676e-05,0.25,0.0,0.0,0.0,0.125,0.375,0.125,0.0,29.41947031021118,24.403560638427734,8.756095065676206e-06,0.0,0.5378594677895308,4.793509066104889,2.1516076922416687
val,base,10217,8,0.12386526167392731,0.3033713102340698,0.07848021388053894,0.29605730772018435,0.2997143089771271,1.0,0.125,0.0,0.0,0.0,0.0,0.0,0.0,4.249626338481903,3.4628617763519287,0.12386527098715305,0.0,0.0,4.943279981613159,2.1857204288244247
val,base,10233,8,-0.36025036778301,0.005270063877105713,-0.04536142572760582,0.0015949547290801992,0.0034325093030929538,0.25,0.0,0.0,0.0,0.0,0.125,0.0,0.0,21.778554797172546,12.804120063781738,0.005221020277654359,0.0,0.36547139193862677,4.980957269668579,2.2042311131954193
val,base,10238,8,-0.31071463227272034,1.0,-0.4999960958957672,0.6599890887737273,0.8299945443868635,0.375,0.25,0.25,0.125,0.375,0.125,0.0,0.0,17.167211592197418,5.315575122833252,0.0776054567267099,0.18333332985639572,0.125,4.687770664691925,2.1258818954229355
val,base,10250,8,-0.16516565904021263,0.02432042360305786,5.662441253662109e-07,0.010474854707717892,0.01739763915538787,0.625,0.0,0.0,0.0,0.0,0.125,0.0,0.0,24.003677368164062,13.383636474609375,0.003694885750567655,0.0,0.1688605435192585,5.073037624359131,2.248295783996582
val,base,10293,8,-0.4259956106543541,0.3040064573287964,-0.476951003074646,0.18668305277824399,0.2453447550535201,0.5,0.125,0.0,0.0,0.5,0.0,0.0,0.125,6.528317153453827,3.6697463989257812,0.0973513419739902,0.0,0.0,4.287367232143879,2.0053528994321823
val,base,10334,8,-0.298002153635025,0.8131160140037537,-0.4999999701976776,0.8058488249778748,0.8094824194908142,0.5,0.25,0.25,0.0,0.375,0.125,0.0,0.0,25.564189791679382,11.313309669494629,0.009941182060437342,0.20000000298023224,0.125,4.588860034942627,2.0792557448148727
val,base,10368,8,0.08054762333631516,0.9904606938362122,0.25461599230766296,0.8291884779930114,0.9098245859146117,0.75,0.5,0.375,0.0,0.125,0.125,0.0,0.25,8.945541381835938,2.7889719009399414,0.36423387708782684,0.3166666701436043,0.26683814637362957,3.944631651043892,1.86298256367445
val,base,10490,8,-0.23378637433052063,0.03392904996871948,0.00031313300132751465,0.010545629262924188,0.02223733961582182,0.625,0.0,0.0,0.0,0.0,0.125,0.0,0.125,13.853810727596283,5.032186985015869,0.007459948451858267,0.0,0.2412463277578354,4.222376368939877,1.9546443819999695
val,base,10530,8,-0.6095537566579878,0.0,-0.8968502581119537,-0.029366837441921242,-0.014683418720960639,0.0,0.0,0.0,0.0,0.0,0.625,0.0,0.125,23.17605698108673,8.993609428405762,0.025990120614542048,0.0,0.6355438777245581,4.427938669919968,2.0189293399453163
val,base,10613,8,-0.0013637025840580463,0.007408618927001953,5.334615707397461e-06,0.005218523740768432,0.006313571333885191,0.5,0.0,0.0,0.0,0.0,0.0,0.0,0.0,17.42727530002594,11.367950439453125,0.001489599913405478,0.0,0.0028533046133816242,4.6322091817855835,2.0809890627861023
val,base,10673,8,-0.6759745255112648,0.5445336699485779,-1.0,0.19672918915748588,0.37063142955303163,0.25,0.125,0.125,0.0,0.75,0.0,0.0,0.0,8.898582220077515,5.1040825843811035,0.08064307778840885,0.0,0.0,4.977064788341522,2.2025757431983948
val,base,10718,8,0.11920873820781708,0.8616114854812622,0.03918200731277466,0.6959523200988769,0.7787819027900694,0.75,0.375,0.375,0.0,0.125,0.0,0.125,0.0,5.594001471996307,3.5242300033569336,0.29120286124073136,0.0833333283662796,0.0625,4.691641092300415,2.110388696193695
val,base,10734,8,0.158476174576208,1.0,0.0858299732208252,0.9359072864055633,0.9679536432027817,0.75,0.25,0.25,0.125,0.0,0.125,0.0,0.5,10.381581872701645,2.913407802581787,0.24773623970031622,0.19583333283662796,0.12843500007875264,2.754590779542923,1.4668810665607452
val,base,10738,8,-0.20222698152065277,0.37605535984039307,2.9802322387695312e-08,0.11504429578781121,0.24554982781410198,0.5,0.125,0.0,0.0,0.25,0.0,0.0,0.125,23.239227890968323,7.012650489807129,0.05584408035517652,0.0,0.0,4.336108677089214,2.00448789447546
val,base,10857,8,-0.12366887927055359,0.0051149725914001465,8.934736251831055e-05,0.005107128620147705,0.005111050605773926,0.75,0.0,0.0,0.0,0.0,0.125,0.0,0.25,14.285889387130737,8.612479209899902,0.0013311143930189728,0.0,0.125,4.111139476299286,1.9226559549570084
val,base,10915,8,-0.15080781280994415,0.660991370677948,5.662441253662109e-07,0.328965413570404,0.49497839212417577,0.625,0.125,0.25,0.0,0.25,0.0,0.0,0.125,16.882828652858734,6.100228786468506,0.13528010033036963,0.13750000298023224,0.11690133064985275,4.480034440755844,2.008943498134613
val,base,10917,8,0.12720657885074615,0.42224979400634766,0.05305197834968567,0.3042338669300079,0.3632418304681777,1.0,0.125,0.0,0.0,0.0,0.0,0.0,0.0,11.72652268409729,5.141510963439941,0.12720657139220748,0.0,0.0,4.70619398355484,2.1115587800741196
val,base,11026,8,0.09448999911546707,0.24993419647216797,0.07849150896072388,0.19470871686935423,0.22232145667076106,1.0,0.0,0.0,0.0,0.0,0.0,0.0,0.0,6.977553486824036,5.51973295211792,0.0944899947498925,0.0,0.0,4.9394321739673615,2.199232965707779
val,base,11103,8,-0.12445162236690521,0.761838972568512,0.0050897300243377686,0.35534118413925164,0.5585900783538815,0.75,0.125,0.125,0.0,0.25,0.0,0.0,0.125,4.4532953798770905,2.260861396789551,0.12554837687582676,0.0,0.1197790578007698,4.578770816326141,2.04056728631258
val,base,11172,8,-0.005432628095149994,0.4806697368621826,0.043899208307266235,0.3371230602264404,0.4088963985443114,0.875,0.125,0.0,0.0,0.125,0.0,0.0,0.0,5.329215168952942,3.4466657638549805,0.11956736235879362,0.0,0.041124794632196426,4.652727723121643,2.0925846993923187
val,base,11231,8,-0.874106340110302,0.0,-1.0,-0.6950148224830629,-0.3475074112415319,0.0,0.0,0.0,0.0,0.625,0.125,0.0,0.0,24.415096521377563,21.034238815307617,3.447574733073083e-06,0.0,0.3489144295454025,4.8334972858428955,2.152500092983246
val,base,11309,8,-0.3584868609905243,0.08879119157791138,0.0,0.030273705720901475,0.05953244864940639,0.375,0.0,0.0,0.0,0.0,0.375,0.0,0.0,20.865179300308228,10.65696907043457,0.016513145500422995,0.0,0.375,4.774483561515808,2.168092042207718
val,base,11362,8,-0.11760643869638443,0.03229391574859619,0.0026605427265167236,0.013882571458816525,0.023088243603706347,0.875,0.0,0.0,0.0,0.0,0.125,0.0,0.125,16.329821944236755,12.80009937286377,0.007393558556941571,0.0,0.125,4.374679237604141,1.9627759903669357
val,base,11451,8,-0.07901518046855927,0.3437914252281189,0.0005907714366912842,0.11782889366149897,0.2308101594448088,0.875,0.125,0.0,0.0,0.125,0.0,0.0,0.0,14.163299605250359,1.7121151685714722,0.04598481567381896,0.0,0.0,5.286187589168549,2.3614367246627808
val,base,11456,8,0.00701412558555603,0.03567761182785034,0.003531426191329956,0.014884120225906367,0.02528086602687834,1.0,0.0,0.0,0.0,0.0,0.0,0.0,0.25,7.800208806991577,5.920365333557129,0.007014116866344011,0.0,0.0,3.961247533559799,1.888622984290123
val,base,11659,8,-0.046559274196624756,0.23315751552581787,0.060396403074264526,0.20125967264175415,0.21720859408378598,0.875,0.0,0.0,0.0,0.0,0.125,0.0,0.0,11.849924981594086,7.942354679107666,0.07844072234001942,0.0,0.125,5.0135228633880615,2.191960960626602
val,base,11684,8,0.005050085484981537,0.023983538150787354,0.0004146397113800049,0.015138375759124753,0.01956095695495605,1.0,0.0,0.0,0.0,0.0,0.0,0.0,0.0,20.197927117347717,13.412219047546387,0.005050079891816495,0.0,0.0,4.987565577030182,2.260888695716858
val,base,11769,8,-0.24319369345903397,0.02917701005935669,3.248453140258789e-06,0.02639135718345642,0.02778418362140655,0.5,0.0,0.0,0.0,0.25,0.0,0.0,0.0,16.264691054821014,5.206638813018799,0.0069189813895043145,0.0,0.0,4.792396724224091,2.158412754535675
val,base,11817,8,0.26646243035793304,0.7035492062568665,0.09705168008804321,0.6667132496833801,0.6851312279701233,1.0,0.375,0.375,0.0,0.0,0.0,0.0,0.0,4.53079292178154,3.4087936878204346,0.2664624381577596,0.0,0.0,4.740362763404846,2.141953319311142
val,base,11821,8,-0.4013338088989258,0.7764468193054199,-0.4935586452484131,0.23293404579162583,0.5046904325485225,0.125,0.125,0.25,0.0,0.25,0.125,0.0,0.0,15.609511017799377,7.945683479309082,0.04536708743674217,0.15416666865348816,0.24838966131210327,4.752169489860535,2.129271611571312
val,base,11925,8,-0.5057733757421374,0.008102238178253174,-0.5297125093638897,0.005382925271987914,0.006742581725120543,0.375,0.0,0.0,0.0,0.25,0.25,0.0,0.0,7.47256863117218,5.193421363830566,0.09614666677225614,0.0,0.2927815606817603,4.874703764915466,2.1723581850528717
val,base,11942,8,-0.029549643397331238,0.8934057950973511,0.0016528069972991943,0.8538743078708648,0.873640051484108,0.75,0.25,0.25,0.0,0.25,0.0,0.0,0.0,13.019379556179047,5.3536295890808105,0.09677049111684255,0.20000000298023224,0.0048048836179077625,5.6967597007751465,2.400547534227371
val,base,12050,8,-0.42325957119464874,0.5835927128791809,-0.4964579641819,0.1833151102066039,0.38345391154289216,0.5,0.125,0.25,0.0,0.375,0.125,0.125,0.0,8.381486415863037,4.070846080780029,0.12972726807493018,0.1041666641831398,0.1875,5.110430657863617,2.2556440085172653
val,base,12054,8,-0.10233096033334732,0.05607181787490845,0.019187062978744507,0.04814022779464722,0.052106022834777825,0.875,0.0,0.0,0.0,0.0,0.125,0.0,0.0,16.88096308708191,11.646832466125488,0.022669033565662744,0.0,0.125,5.031940937042236,2.183009058237076
val,base,12061,8,-0.37526702729519457,2.384185791015625e-07,-0.0010682581923902035,1.1324882507324216e-07,1.7583370208740225e-07,0.25,0.0,0.0,0.0,0.25,0.125,0.125,0.0,25.65356296300888,7.398904323577881,0.04149174707506688,0.0,0.18776706454809755,4.852126955986023,2.1727907359600067
val,base,12122,8,-0.2458164191339165,0.00751882791519165,5.581974983215332e-05,0.0029126644134521472,0.005215746164321896,0.5,0.0,0.0,0.0,0.125,0.25,0.0,0.0,19.010278344154358,12.151335716247559,0.005964215729285899,0.0,0.2517804822418839,4.995789110660553,2.2127743661403656
val,base,12149,8,-0.07610258460044861,0.12132251262664795,0.04058504104614258,0.09725812673568725,0.10929031968116759,0.875,0.0,0.125,0.0,0.125,0.0,0.0,0.0,6.909887194633484,3.3255090713500977,0.05733365670312196,0.10833333432674408,0.0,5.473203897476196,2.2112839818000793
val,base,12154,8,-0.24968375265598297,0.001282811164855957,0.00010439753532409668,0.0008174717426300048,0.0010501414537429806,0.75,0.0,0.0,0.0,0.0,0.25,0.0,0.125,24.10663414001465,19.31480598449707,0.0003162530099243277,0.0,0.25,4.284906588494778,1.97685856372118
val,base,12237,8,0.002251923084259033,0.01020050048828125,1.1861324310302734e-05,0.005843132734298705,0.008021816611289975,1.0,0.0,0.0,0.0,0.0,0.0,0.0,0.375,23.13701033592224,15.15009880065918,0.002251921332316442,0.0,0.0,3.3644671738147736,1.6843041479587555
val,base,12239,8,0.08868891466408968,1.0,0.0016553103923797607,0.9757960081100464,0.9878980040550231,0.625,0.375,0.375,0.125,0.125,0.125,0.0,0.25,15.69918543100357,3.212359666824341,0.2725980901458698,0.2083333283662796,0.13260655384510756,3.8048750683665276,1.8209357634186745
val,base,12243,8,-0.2573681101202965,0.06399458646774292,0.0002459883689880371,0.03922428488731384,0.05160943567752836,0.625,0.0,0.375,0.0,0.25,0.125,0.0,0.0,5.363800555467606,2.167956590652466,0.12277888076232557,0.22500000149011612,0.125,4.894881308078766,2.1655090749263763
val,base,12254,8,-0.131707563996315,0.14661723375320435,0.08418571949005127,0.141295725107193,0.14395647943019865,0.75,0.0,0.0,0.0,0.0,0.125,0.0,0.0,6.5387924909591675,3.4945154190063477,0.11820294818971888,0.0,0.24991051107645035,4.822111129760742,2.1575679183006287
val,base,12306,8,-0.09578197449445724,0.21842920780181885,9.5367431640625e-07,0.07623298764228817,0.14733109772205344,0.875,0.0,0.0,0.0,0.0,0.125,0.0,0.0,24.29449987411499,7.793456077575684,0.004793941479906749,0.02499999850988388,0.125,4.975086331367493,2.217288076877594
val,base,12320,8,0.11711876839399338,0.4305698871612549,0.040971964597702026,0.30399547815322875,0.36728268265724173,1.0,0.125,0.0,0.0,0.0,0.0,0.0,0.0,4.557224810123444,3.2663872241973877,0.11711876529898291,0.0,0.0,4.842936158180237,2.1605006754398346
val,base,12354,8,0.48916599433869123,1.0,0.474968284368515,1.0,1.0,0.875,0.5,0.5,0.25,0.0,0.0,0.0,0.0,6.374806702136993,3.984377384185791,0.43263893434777856,0.23749999701976776,0.011997498106211424,4.882498025894165,2.1839140355587006
val,base,12394,8,-0.3765216863248497,0.0,-0.01075256709009409,0.0,0.0,0.0,0.0,0.0,0.0,0.0,0.375,0.0,0.125,20.883320569992065,15.329912185668945,0.0011664569610974455,0.0,0.3776881417725235,4.385161764919758,2.0363129898905754
val,base,12411,8,-0.3623773157596588,0.025012314319610596,9.930133819580078e-05,0.008616745471954342,0.016814529895782457,0.625,0.0,0.0,0.0,0.25,0.0,0.0,0.5,16.53020679950714,9.73454761505127,0.006927302280587355,0.0,0.12461960595101118,2.8188980519771576,1.4874483346939087
val,base,12460,8,-0.1519013326615095,0.00012797117233276367,5.424022674560547e-06,0.00010243654251098632,0.00011520385742187498,0.5,0.0,0.0,0.0,0.125,0.0,0.0,0.0,27.351617574691772,23.926027297973633,3.87991126907794e-05,0.0,0.0269401203840971,4.55241596698761,2.0615932047367096
val,base,12476,8,-0.10996349900960922,0.11433964967727661,0.0010135769844055176,0.03575611710548399,0.07504788339138024,0.75,0.0,0.0,0.0,0.125,0.0,0.0,0.0,17.001128554344177,9.971893310546875,0.015151677686543574,0.0,0.0,4.9285330176353455,2.1722016036510468
val,base,12481,8,0.10959886852651834,0.9604116678237915,8.940696716308594e-08,0.2881353080272673,0.624273487925529,0.75,0.125,0.125,0.0,0.0,0.0,0.0,0.0,24.630605310201645,3.6674602031707764,0.09534788965346516,0.1041666641831398,0.01049171295017004,5.042193591594696,2.188273459672928
val,base,12483,8,-0.011233843863010406,0.9647853970527649,0.2951848804950714,0.8051768958568573,0.884981146454811,0.625,0.5,0.5,0.0,0.375,0.0,0.0,0.5,5.34102426469326,0.5017441511154175,0.32464385833281995,0.11249999701976776,0.0,2.9768530055880547,1.5686780139803886
val,base,12521,8,-0.25368788838386536,0.8492377996444702,0.005255579948425293,0.2688567757606505,0.55904728770256,0.625,0.125,0.125,0.0,0.125,0.25,0.0,0.125,7.691495954990387,4.8060407638549805,0.027085756533779204,0.1041666641831398,0.3472103625535965,4.273480542004108,1.968120887875557
val,base,12530,8,-0.21767278015613556,0.6337618827819824,0.007202357053756714,0.5004230499267578,0.56709246635437,0.625,0.25,0.125,0.0,0.375,0.0,0.0,0.0,16.954023718833923,8.587116241455078,0.05194337161715623,0.13333333283662796,0.0,4.71116179227829,2.1314989626407623
val,base,12579,8,-0.3251166045665741,0.020923078060150146,-0.1553155481815338,0.006284308433532711,0.013603693246841419,0.375,0.0,0.125,0.0,0.0,0.25,0.0,0.0,8.194354683160782,3.5022802352905273,0.055162882237375754,0.11666666716337204,0.45280642807483673,4.768498241901398,2.1434512436389923
val,base,12603,8,-0.3748867139220238,0.0006225109100341797,5.125999450683594e-06,0.00028263330459594717,0.00045257210731506324,0.5,0.0,0.0,0.0,0.25,0.125,0.0,0.0,25.530693531036377,20.762174606323242,0.00017508455979453608,0.0,0.125,4.739144921302795,2.1407729536294937
val,base,12638,8,0.018972688994836062,0.10318554192781448,0.0036989476066082716,0.045971109718084324,0.07457832582294936,1.0,0.0,0.0,0.0,0.0,0.0,0.0,0.0,9.04562509059906,5.721237659454346,0.019894506725009364,0.0,0.0009218141422024928,5.1008217334747314,2.263098180294037
val,base,12752,8,-0.14218775928020477,0.4182594418525696,0.022740870714187622,0.2732388079166412,0.3457491248846053,0.75,0.125,0.125,0.0,0.125,0.25,0.0,0.375,5.171800822019577,3.303877830505371,0.1795643485384062,0.13749999552965164,0.25,3.430121809244156,1.6246614307165146
val,base,12777,8,0.03123142197728157,1.0,0.0018953979015350342,0.8088581085205078,0.9044290542602538,0.625,0.375,0.5,0.125,0.125,0.125,0.0,0.125,11.285256147384644,4.012238025665283,0.3588079615292372,0.11666666716337204,0.15196961164474487,4.488903045654297,2.0107636600732803
val,base,12847,8,0.25072716921567917,0.950892448425293,0.021189093589782715,0.9487706124782562,0.9498315304517746,1.0,0.25,0.25,0.0,0.0,0.0,0.0,0.0,8.033460199832916,5.873037815093994,0.0735461349831894,0.23333333432674408,0.0,5.167897582054138,2.294487774372101
val,base,12857,8,-0.027581512928009033,0.3138695955276489,0.00036895275115966797,0.11449758410453792,0.2141835898160933,0.75,0.125,0.0,0.0,0.0,0.125,0.0,0.125,15.236921966075897,7.53532075881958,0.07511382735195489,0.02916666865348816,0.125,4.8082171976566315,2.1220743656158447
val,base,12974,8,-0.4870447367429733,1.0,-0.8823977112770081,0.2999999999999998,0.6499999999999995,0.125,0.125,0.125,0.125,0.25,0.25,0.125,0.0,15.773892045021057,4.724745750427246,0.08457053209066491,0.12083332985639572,0.4270074814558029,4.951751291751862,2.206919848918915
val,base,12978,8,0.01751401275396347,0.7173201441764832,2.282857894897461e-05,0.2247003078460692,0.47101022601127585,0.75,0.125,0.125,0.0,0.0,0.0,0.0,0.0,14.752766251564026,4.137585639953613,0.09172427353158685,0.0,0.0742102563381195,4.787875115871429,2.138328716158867
val,base,13009,8,-0.5185243375599384,0.8107479810714722,-0.9236117005348206,0.25448151528835283,0.5326147481799122,0.25,0.125,0.375,0.0,0.5,0.375,0.0,0.0,13.40614914894104,5.40364408493042,0.17289493088901509,0.2875000089406967,0.66085419151932,4.885561048984528,2.1661831736564636
val,base,13064,8,-0.24360103905200958,0.02689039707183838,0.002350360155105591,0.018169611692428585,0.022530004382133477,0.625,0.0,0.0,0.0,0.25,0.125,0.0,0.0,12.811649978160858,6.537027835845947,0.020534618920874825,0.0416666641831398,0.125,4.68081521987915,2.1145129203796387
val,base,13184,8,0.08216403424739838,0.44581878185272217,0.01084032654762268,0.24482110738754267,0.34531994462013227,1.0,0.125,0.0,0.0,0.0,0.0,0.0,0.0,8.723873853683472,5.59773063659668,0.08216404046106618,0.0,0.0,4.921978533267975,2.2015461921691895
val,base,13213,8,-0.35333269089460373,6.139278411865234e-06,-0.20112554728984833,1.925230026245116e-06,4.032254219055173e-06,0.25,0.0,0.0,0.0,0.0,0.25,0.0,0.0,29.13716697692871,24.69852066040039,5.719814624664116e-06,0.0,0.35333840548992157,4.711458265781403,2.1420943439006805
val,base,13217,8,-0.11337736435234547,0.11840331554412842,0.0,0.11510183811187744,0.11675257682800293,0.375,0.0,0.0,0.0,0.0,0.125,0.0,0.0,13.305256247520447,9.767498016357422,0.029501111095652253,0.0,0.14287846721708775,4.792212545871735,2.1631572544574738
val,base,13237,8,0.2573238015174866,1.0,0.04096192121505737,0.9124274849891663,0.956213742494583,1.0,0.25,0.25,0.25,0.0,0.0,0.0,0.0,6.750835061073303,4.434945106506348,0.16151476649974938,0.11249999701976776,0.0,5.622045338153839,2.2718980610370636
val,base,13317,8,-0.4957760125398636,0.9481987953186035,-0.87920942902565,0.28463742136955245,0.6164181083440776,0.25,0.125,0.375,0.0,0.25,0.625,0.0,0.0,18.4987074136734,8.496750831604004,0.0429066164914175,0.34583333134651184,0.6984700262546539,4.686316549777985,2.1063418686389923
val,base,13330,8,0.004751965403556824,0.022799253463745117,9.572505950927734e-05,0.01706414222717285,0.01993169784545898,1.0,0.0,0.0,0.0,0.0,0.0,0.0,0.25,21.999480605125427,13.515920639038086,0.004751969828248548,0.0,0.0,3.9036564752459526,1.8573876395821571
val,base,13345,8,-0.17288022488355637,0.6169415712356567,1.1920928955078125e-07,0.18509127497673022,0.40101642310619323,0.625,0.125,0.125,0.0,0.0,0.25,0.0,0.0,24.463397085666656,5.046825885772705,0.0771197748238146,0.0,0.25,4.691064715385437,2.130773976445198
val,base,13368,8,-0.012211106717586517,0.7252688407897949,0.0036486685276031494,0.48767340779304497,0.6064711242914198,0.75,0.25,0.25,0.0,0.125,0.0,0.0,0.125,7.984624445438385,4.288716793060303,0.14121394640824292,0.2541666626930237,0.07048577815294266,4.362020522356033,2.018433101475239
val,base,13386,8,-0.3759995475411415,0.894264280796051,-0.4928244650363922,0.30362008810043317,0.5989421844482417,0.5,0.125,0.125,0.125,0.375,0.125,0.125,0.125,4.799495458602905,0.7230358123779297,0.07113258296158165,0.10000000149011612,0.25,4.262837685644627,1.9789462015032768
val,base,13400,8,-0.028689809143543243,0.41738104820251465,0.014780580997467041,0.28673273921012876,0.35205689370632165,0.875,0.125,0.125,0.0,0.125,0.0,0.0,0.0,11.284452229738235,3.2180984020233154,0.19414653754938627,0.0,0.0,4.700471043586731,2.1302964091300964
val,base,13421,8,-0.5469286888837814,0.5252798199653625,-1.0,0.21247221827507012,0.36887601912021617,0.375,0.125,0.5,0.0,0.625,0.0,0.0,0.0,5.057425916194916,2.827577829360962,0.12001063965726644,0.2958333268761635,0.0,4.809850573539734,2.143120765686035
val,base,13483,8,-0.024446040391921997,0.7467902302742004,0.0011413097381591797,0.24458823204040514,0.49568923115730246,0.875,0.125,0.125,0.0,0.125,0.0,0.0,0.0,12.831444948911667,3.826768636703491,0.14687538518020204,0.0,0.0,4.7954195737838745,2.1566493809223175
val,base,13507,8,-0.3408793732523918,0.12463325262069702,0.02702200412750244,0.07521022558212279,0.09992173910140988,0.625,0.0,0.0,0.0,0.375,0.125,0.0,0.125,6.979437366127968,1.1508036851882935,0.039453993551433086,0.0,0.125,5.40668660402298,2.1020802333950996
val,base,13581,8,0.05740828067064285,0.48096561431884766,0.07504311203956604,0.3792022287845611,0.43008392155170433,0.875,0.25,0.0,0.0,0.0,0.125,0.0,0.0,6.459414541721344,4.297797203063965,0.18240827924455516,0.0,0.125,5.064436137676239,2.24195297062397
val,base,13621,8,0.24675956089049578,1.0,0.02993476390838623,0.928324168920517,0.9641620844602584,0.875,0.25,0.25,0.125,0.0,0.0,0.0,0.0,12.5447296500206,4.208935737609863,0.15823469742463203,0.21666666120290756,0.011717620305716991,4.818037509918213,2.153418153524399
val,base,13630,8,0.013107059057801962,0.7021687030792236,0.0004703104496002197,0.4150231748819351,0.5585959389805791,0.75,0.125,0.125,0.0,0.125,0.0,0.0,0.0,22.852304697036743,15.844799041748047,0.0015630910214323723,0.15416668355464935,0.016857707407325506,4.752039074897766,2.1351826936006546
val,base,13639,8,-0.02974190190434456,0.041234612464904785,0.014742791652679443,0.0352302610874176,0.03823243677616119,0.75,0.0,0.0,0.0,0.0,0.0,0.0,0.0,14.45451045036316,10.300634384155273,0.016914864342954805,0.0,0.0466567762196064,4.886527061462402,2.18276883661747
val,base,13688,8,-0.4971597319236025,0.014619548805058002,-0.49999991059303284,0.010055971052497625,0.01233775992877781,0.5,0.0,0.0,0.0,0.5,0.125,0.0,0.0,17.67640256881714,13.237969398498535,0.005676192482788167,0.0,0.2464319368591532,4.740461111068726,2.12967886030674
val,base,13735,8,-0.5028086346574128,0.0003253817558288574,-0.5116365719586611,0.00029421448707580563,0.0003097981214523315,0.375,0.0,0.0,0.0,0.125,0.25,0.125,0.0,24.14643096923828,18.8372802734375,0.0002996970758335324,0.0,0.44040915789082646,4.767069041728973,2.1571187376976013
val,base,13780,8,0.13315721601247787,1.0,0.08045303821563721,0.8117543697357177,0.9058771848678587,0.875,0.25,0.25,0.125,0.125,0.0,0.0,0.0,6.9827300906181335,5.116558074951172,0.1457371991709806,0.19999999552965164,0.09869381040334702,5.117647588253021,2.28146231174469
val,base,13800,8,-0.09134247899055481,0.22684675455093384,4.166364669799805e-05,0.06867223978042598,0.14775949716567982,0.875,0.0,0.125,0.0,0.0,0.125,0.125,0.0,22.480606019496918,4.0426344871521,0.0961575181813199,0.0,0.1875,5.0982871651649475,2.2526956498622894
val,base,13989,8,-0.45439567789435387,0.18204879760742188,-0.5114181786775589,0.05588281750679013,0.11896580755710592,0.375,0.0,0.0,0.0,0.0,0.375,0.0,0.0,6.63218092918396,4.1764631271362305,0.06060265914129559,0.0,0.5149983279407024,4.732773780822754,2.1444228142499924
val,base,13993,8,0.012989819049835205,0.10270923376083374,6.020069122314453e-05,0.031210100650787335,0.0669596672058105,1.0,0.0,0.0,0.0,0.0,0.0,0.0,0.0,18.03549039363861,8.439654350280762,0.012989828748658283,0.0,0.0,4.874825477600098,2.2057081162929535
val,base,14103,8,-0.6288737393915653,0.03230410814285278,-0.9120655655860901,-0.018795526027679456,0.0067542910575866325,0.125,0.0,0.125,0.0,0.0,0.625,0.0,0.125,15.167303025722504,4.354791164398193,0.09727348680013392,0.10833333432674408,0.759212214499712,4.3296686336398125,2.0049161463975906
val,base,14117,8,-0.07140976469963789,0.2711470127105713,0.028383631259202957,0.1203525900840759,0.1957498013973235,0.875,0.0,0.0,0.0,0.0,0.125,0.0,0.0,8.546395599842072,4.801611423492432,0.053878406323391914,0.0,0.1252881689579226,4.728066265583038,2.1210941076278687
val,base,14137,8,-0.026324737817049026,0.7498160004615784,0.3690089136362076,0.7379704773426056,0.743893238902092,0.625,0.625,0.625,0.0,0.375,0.125,0.0,0.125,7.234291195869446,3.1609649658203125,0.44655007345500053,0.17083332687616348,0.13862998504191637,4.0838616490364075,1.909405879676342
val,base,14148,8,-0.19194716215133667,0.613669753074646,0.0,0.5650003731250763,0.5893350630998611,0.375,0.25,0.25,0.0,0.125,0.125,0.0,0.125,21.318136870861053,5.0744709968566895,0.1447565718710808,0.0,0.21170373260974884,4.402368403971195,2.0188408717513084
val,base,14154,8,-0.24716700613498688,1.4901161193847656e-06,0.0,4.887580871582029e-07,9.894371032714836e-07,0.375,0.0,0.0,0.0,0.0,0.125,0.125,0.0,27.401553511619568,13.25798511505127,0.003232446653265955,0.0,0.25039946287870407,4.823801398277283,2.1639500856399536
val,base,14237,8,-0.07984066009521484,0.8814711570739746,-0.03512507677078247,0.6714274644851684,0.7764493107795714,0.5,0.375,0.375,0.0,0.0,0.375,0.0,0.0,12.57800978422165,6.063845634460449,0.14952809944995593,0.3374999985098839,0.4665824621915817,4.935339033603668,2.208807557821274
val,base,14287,8,-0.07258797436952591,0.11614453792572021,0.04156184196472168,0.09665998816490173,0.10640226304531096,0.875,0.0,0.0,0.0,0.125,0.0,0.0,0.0,5.890592575073242,3.5589067935943604,0.06486598472110927,0.0,0.0,5.051094472408295,2.248700827360153
val,base,14291,8,-0.1859319657087326,0.005385458469390869,0.0001036524772644043,0.004646831750869751,0.00501614511013031,0.625,0.0,0.0,0.0,0.125,0.0,0.125,0.0,17.988043904304504,14.430601119995117,0.001568026693493531,0.0,0.0625,4.825987756252289,2.1567178666591644
val,base,14315,8,0.0017096325755119324,0.00863790512084961,0.00018665194511413574,0.005319654941558837,0.006978780031204221,1.0,0.0,0.0,0.0,0.0,0.0,0.0,0.0,16.29050374031067,10.44021987915039,0.001709637788406937,0.0,0.0,5.277968466281891,2.357665926218033
val,base,14334,8,-0.18227965384721756,0.009214282035827637,0.0033851265907287598,0.008026713132858276,0.008620497584342956,0.625,0.0,0.125,0.0,0.125,0.0,0.125,0.0,7.945957124233246,3.3465170860290527,0.005220349163039394,0.125,0.13671012222766876,4.956012070178986,2.183969885110855
val,base,14337,8,-0.0768689513206482,0.09274411201477051,0.05189266800880432,0.08101311922073363,0.08687861561775206,0.875,0.0,0.0,0.0,0.125,0.0,0.0,0.0,5.513761669397354,3.887155294418335,0.05254994465940399,0.0,0.0,5.197658360004425,2.281005084514618
val,base,14421,8,0.0008056685328483582,1.0,2.041459083557129e-05,0.30007359981536846,0.6500367999076838,0.75,0.125,0.125,0.125,0.0,0.125,0.0,0.0,22.271092414855957,4.264429092407227,0.08884124931121075,0.11666666716337204,0.125,4.686605244874954,2.146169066429138
val,base,14426,8,-0.6074396073818207,0.09501379728317261,-1.0,0.05720911026000976,0.07611145377159116,0.375,0.0,0.25,0.0,0.625,0.0,0.0,0.0,6.11291378736496,3.8799757957458496,0.1782567459740676,0.1875000074505806,0.0,5.131096541881561,2.2666002810001373
val,base,14428,8,-0.18124085664749146,4.738569259643555e-05,0.0,1.4215707778930656e-05,3.080070018768308e-05,0.125,0.0,0.0,0.0,0.0,0.125,0.125,0.0,18.276252150535583,5.647599220275879,0.05407238679163129,0.0,0.23531324416399002,4.846929430961609,2.142882376909256
val,base,14448,8,0.43532781302928925,0.9386647343635559,0.36698687076568604,0.729593151807785,0.8341289430856703,1.0,0.75,0.25,0.0,0.0,0.0,0.0,0.0,4.838139176368713,3.5016207695007324,0.3279910758137703,0.11666666716337204,0.0,4.917937397956848,2.16008722782135
val,base,14472,8,-0.3456522598862648,0.6716254353523254,-0.5,0.5897561967372894,0.6306908160448074,0.375,0.25,0.5,0.0,0.5,0.0,0.0,0.0,4.271788597106934,2.2913997173309326,0.15434774078513241,0.25,0.12150228768587112,6.197703242301941,2.411561280488968
val,base,14481,8,0.028788626194000244,0.2776916027069092,0.04614254832267761,0.25463337302207945,0.2661624878644943,0.875,0.0,0.0,0.0,0.0,0.0,0.125,0.0,17.84575527906418,7.911881923675537,0.0912886290726318,0.0,0.0625,5.806602239608765,2.370670646429062
val,base,14487,8,0.010451599955558777,1.0,0.0015988647937774658,0.9358151197433472,0.9679075598716735,0.625,0.25,0.5,0.125,0.125,0.25,0.0,0.0,13.267973899841309,4.931124687194824,0.2648822343382423,0.4583333283662796,0.2511183161986992,4.90815532207489,2.1963518857955933
val,base,14520,8,0.02715824544429779,0.06659483909606934,0.02103877067565918,0.058176213502883906,0.06238552629947662,0.875,0.0,0.0,0.0,0.0,0.0,0.0,0.0,9.264886975288391,4.268240451812744,0.02715826197527349,0.0,0.0,4.757704854011536,2.131744459271431
val,base,14529,8,-0.5336548313498497,0.6275466084480286,-0.955590158700943,0.1982968807220458,0.41292174458503694,0.375,0.125,0.125,0.0,0.25,0.25,0.0,0.0,5.743718266487122,0.3773183822631836,0.08681989867739048,0.0,0.3704747334122658,4.861874759197235,2.1584366112947464
val,base,14559,8,-0.17470703274011612,0.501015305519104,0.0,0.22123445272445671,0.36112487912178015,0.375,0.125,0.125,0.0,0.125,0.125,0.0,0.125,25.15289533138275,10.36510181427002,0.012920153564755852,0.0625,0.125,4.278680182993412,1.9749317839741707
val,base,14602,8,-0.3494735173881054,0.20066094398498535,-0.15492625534534454,0.19005385041236877,0.19535739719867706,0.375,0.0,0.0,0.0,0.0,0.25,0.125,0.0,17.174118876457214,10.769315719604492,0.01634858702554403,0.05833333730697632,0.48464738205075264,5.142823874950409,2.2948638200759888
val,base,14620,8,0.011628665030002594,0.03458636999130249,0.009167402982711792,0.022190767526626583,0.02838856875896453,1.0,0.0,0.0,0.0,0.0,0.0,0.0,0.0,9.4129159450531,7.418427467346191,0.0116286679985933,0.0,0.0,4.878027856349945,2.1726136803627014
val,base,14751,8,-0.24102381616830826,0.06998705863952637,0.00017318129539489746,0.02176687121391295,0.045876964926719624,0.5,0.0,0.0,0.0,0.25,0.0,0.0,0.375,15.860485076904297,11.145951271057129,0.010975024651998512,0.0,0.0,3.5097697973251343,1.716039925813675
val,base,14856,8,-0.5498195961117744,0.0006948113441467285,-0.6996273696422577,0.00020986199378967272,0.0004523366689682003,0.25,0.0,0.125,0.0,0.125,0.5,0.125,0.25,26.250011920928955,18.606164932250977,0.0003174825032064071,0.07500000298023224,0.5625,5.469848982989788,2.1837832555174828
val,base,15044,8,-0.7548888772726059,0.007480919361114502,-0.9999936819076538,-0.0780068099498749,-0.03526294529438025,0.125,0.0,0.375,0.0,0.5,0.375,0.0,0.0,5.928622484207153,2.652038335800171,0.09861528743533654,0.32500000298023224,0.4344772584736347,5.042857527732849,2.233034670352936
val,base,15050,8,-0.004687577486038208,0.046805739402770996,4.4226646423339844e-05,0.020772683620452877,0.03378921151161192,0.75,0.0,0.25,0.0,0.0,0.25,0.0,0.0,11.14373505115509,5.090984344482422,0.15050834811052027,0.22083333134651184,0.25,4.924255967140198,2.1865732967853546
val,base,15105,8,-0.303419753909111,0.00865858793258667,-0.12706151604652405,0.008094865083694457,0.008376726508140564,0.5,0.0,0.0,0.125,0.125,0.0,0.0,0.125,8.860588610172272,4.202447414398193,0.004875830381934065,0.0,0.18247662484645844,4.331403277814388,1.9962174743413925
val,base,15190,8,-0.1129041537642479,0.7107619047164917,3.8743019104003906e-07,0.6846653878688812,0.6977136462926864,0.5,0.25,0.25,0.0,0.0,0.25,0.0,0.0,14.647921204566956,4.2018256187438965,0.18674389780337555,0.0,0.2996480464935303,4.925355315208435,2.2097832560539246
val,base,15228,8,-0.1190069168806076,0.01710742712020874,0.004073202610015869,0.014533311128616333,0.015820369124412533,0.75,0.0,0.0,0.0,0.125,0.0,0.0,0.0,22.007384181022644,14.101946830749512,0.005993207279365809,0.0,0.0,4.816503524780273,2.1600665748119354
val,base,15260,8,-0.4200945748016238,0.2237359881401062,-0.3493114896118641,0.11883978098630903,0.17128788456320754,0.5,0.0,0.0,0.0,0.375,0.0,0.0,0.0,6.275543361902237,2.633427381515503,0.11699057766236365,0.0,0.1371189775527455,5.053650796413422,2.2543924748897552
val,base,15274,8,-0.49073322862386703,0.9650838971138,-0.8326292932033539,0.28952579498291,0.6273048460483546,0.25,0.125,0.375,0.0,0.25,0.5,0.125,0.125,16.54730212688446,4.75454044342041,0.19383868208519317,0.3124999925494194,0.6537569239735603,4.564798645675182,2.0660136863589287
val,base,15307,8,0.11253619194030762,0.3217064142227173,0.06365156173706055,0.27271922826766964,0.29721282124519344,1.0,0.125,0.0,0.0,0.0,0.0,0.0,0.0,5.524064093828201,3.9222195148468018,0.11253620160277933,0.0,0.0,4.958393812179565,2.20163494348526
val,base,15309,8,-0.4795944896177389,0.0706028938293457,-0.5018909501377493,0.06595605015754699,0.06827947199344635,0.375,0.0,0.125,0.0,0.5,0.0,0.0,0.0,15.231987059116364,5.395529270172119,0.0987270911291489,0.0,0.02811340248445049,4.804718613624573,2.1527251303195953
val,base,15337,8,-0.26438673213124275,0.013181865215301514,2.384185791015625e-07,0.004597556591033933,0.008889710903167718,0.5,0.0,0.0,0.0,0.0,0.25,0.0,0.0,15.954681158065796,12.392723083496094,0.002195579545174464,0.0,0.26658231392502785,4.836445927619934,2.137960821390152
val,base,15433,8,0.3152073547244072,0.9503360986709595,0.06563776731491089,0.7955914020538329,0.8729637503623962,1.0,0.375,0.375,0.0,0.0,0.0,0.0,0.0,9.444153130054474,4.018133163452148,0.27485544214141555,0.10833333432674408,0.0,5.191728591918945,2.3163534700870514
val,base,15509,8,-0.12811327166855335,0.022999048233032227,0.00016945600509643555,0.0201911985874176,0.021595123410224914,0.75,0.0,0.0,0.0,0.0,0.125,0.0,0.0,14.874225497245789,8.419914245605469,0.005733930765245532,0.0,0.13384719379246235,5.009073555469513,2.2209525406360626
val,base,15637,8,-0.2317706122994423,0.1446542739868164,4.5746564865112305e-05,0.04383258223533628,0.09424342811107628,0.625,0.0,0.125,0.0,0.25,0.0,0.0,0.0,14.444090068340302,5.163520336151123,0.10817321766938433,0.0,0.0,6.010023295879364,2.4708324670791626
val,base,15659,8,-0.06751792132854462,0.9893977642059326,-0.009535878896713257,0.7588150918483734,0.8741064280271529,0.5,0.25,0.375,0.0,0.0,0.5,0.0,0.0,11.397495150566101,4.187389373779297,0.3604775154405475,0.23749999701976776,0.5,4.982801556587219,2.2013109922409058
val,base,15690,8,-0.12498342245817184,1.6689300537109375e-06,0.0,5.00679016113281e-07,1.0848045349121085e-06,0.125,0.0,0.0,0.0,0.0,0.125,0.0,0.0,24.633822441101074,21.682109832763672,1.6575020673729638e-05,0.0,0.125,4.743695795536041,2.131180614233017
val,base,15709,8,-1.0,-1.0,-1.0,-1.0,-1.0,0.0,0.0,0.375,0.0,1.0,0.0,0.0,0.0,11.98117583990097,5.000044822692871,0.21268874373661673,0.28333333879709244,0.0,5.002765357494354,2.2067052125930786
val,base,15726,8,-0.11267419159412384,0.04332190752029419,0.00411561131477356,0.03283843994140625,0.03808017373085021,0.875,0.0,0.125,0.0,0.125,0.0,0.0,0.25,8.205358549952507,0.7840508222579956,0.012325806166700204,0.125,0.0,3.8184583708643913,1.8353807404637337
val,base,15737,8,-0.26910699903964996,0.0019069314002990723,6.0498714447021484e-06,0.0007350504398345944,0.0013209909200668326,0.5,0.0,0.0,0.0,0.0,0.25,0.0,0.25,17.11698418855667,6.381541728973389,0.0013019259771911429,0.0,0.27040892094373703,3.8441857993602753,1.8271659463644028
val,base,15803,8,-0.4998897686600685,1.1920928955078125e-07,-0.4995679557323456,3.5762786865234354e-08,7.748603820800775e-08,0.125,0.0,0.0,0.0,0.0,0.5,0.125,0.0,28.820296049118042,20.105653762817383,0.0001102383907255015,0.0,0.5625,4.797241032123566,2.161102756857872
val,base,15866,8,0.09470339119434357,0.5323053002357483,0.02235502004623413,0.23691632151603692,0.38461081087589244,1.0,0.125,0.125,0.0,0.0,0.0,0.0,0.125,12.95688670873642,5.741197109222412,0.09470339299878106,0.0,0.0,4.23723728209734,2.001089982688427
val,base,15914,8,-0.08171913772821426,0.17033302783966064,0.023274660110473633,0.10350618958473204,0.1369196087121963,0.875,0.0,0.0,0.0,0.0,0.125,0.0,0.0,14.441689491271973,9.166537284851074,0.04328086298846756,0.0,0.125,5.183939516544342,2.305470108985901
val,base,15927,8,-0.10638768970966339,0.08062469959259033,0.009306669235229492,0.040847378969192494,0.060736039280891385,0.875,0.0,0.0,0.0,0.125,0.0,0.0,0.0,7.382317833602428,0.9394459128379822,0.018612308864248917,0.0,0.0,4.707653105258942,2.1662903130054474
val,base,15984,8,0.10164215415716171,0.36585187911987305,0.020060181617736816,0.28803067207336425,0.32694127559661856,1.0,0.125,0.0,0.0,0.0,0.0,0.0,0.0,12.540247976779938,6.955402851104736,0.10164216668636072,0.0,0.0,4.993274450302124,2.2233423739671707
val,base,16250,8,0.046036213636398315,0.36294788122177124,0.0007245838642120361,0.1105968534946441,0.2367723673582075,1.0,0.125,0.0,0.0,0.0,0.0,0.0,0.0,19.833875477313995,7.065714359283447,0.046899063452656264,0.0,0.0008628576761111617,4.96535986661911,2.209513336420059
val,base,16256,8,-0.42953067272901535,0.0343402624130249,-0.2357361614704132,0.010475188493728632,0.022407725453376753,0.375,0.0,0.25,0.0,0.125,0.25,0.125,0.25,10.578604698181152,2.5158863067626953,0.18795213433031677,0.0,0.5456285923719406,3.8461734876036644,1.845366545021534
val,base,16303,8,0.18724986910820007,0.8722637295722961,0.0014336705207824707,0.6616137981414795,0.7669387638568876,1.0,0.25,0.25,0.0,0.0,0.0,0.0,0.0,19.708176374435425,11.831411361694336,0.013393948482672613,0.17916667461395264,0.0,4.727540612220764,2.113637775182724
val,base,16321,8,-0.26553184166550636,0.7988149523735046,-0.12088070809841156,0.2418436765670775,0.5203293144702907,0.5,0.125,0.125,0.0,0.25,0.125,0.0,0.0,7.467345625162125,2.7389163970947266,0.057067326519281814,0.09583333134651184,0.15522873029112816,4.900597035884857,2.199164241552353
val,base,16366,8,-0.7343732267618179,0.12501311302185059,-1.0,0.03750468492507932,0.0812588989734649,0.25,0.0,0.125,0.0,0.75,0.0,0.125,0.0,7.052325636148453,3.5956547260284424,0.07949998531269387,0.15833333134651184,0.0625,5.01941055059433,2.2334715723991394
val,base,16417,8,-0.0901278629899025,0.608332633972168,4.172325134277344e-07,0.44853558540344235,0.528434109687805,0.625,0.375,0.25,0.0,0.25,0.125,0.0,0.0,15.408091723918915,4.846058368682861,0.21539751757404701,0.16250000149011612,0.125,4.890178859233856,2.1924073845148087
val,base,16429,8,0.2587798535823822,0.9100567698478699,0.06301546096801758,0.9060999035835267,0.9080783367156983,1.0,0.25,0.25,0.0,0.0,0.0,0.0,0.125,7.727058947086334,6.286242961883545,0.050048406701534986,0.22499999403953552,0.0,4.407874628901482,1.977512687444687
val,base,16445,8,0.042612381279468536,0.7303181290626526,2.440810203552246e-05,0.21932495832443225,0.47482154369354207,0.875,0.125,0.125,0.0,0.0,0.0,0.0,0.0,23.645041406154633,4.00752592086792,0.09134867819562054,0.0,0.048736296594142914,4.845209121704102,2.158976197242737
val,base,16467,8,-0.609292970450042,0.0,-0.9250412583351135,-0.00013881295162718746,-6.940647581359383e-05,0.0,0.0,0.0,0.0,0.25,0.25,0.0,0.0,28.448203563690186,21.361989974975586,6.014463790259342e-05,0.0,0.3593522398186906,4.661352813243866,2.0936635732650757
val,base,16553,8,-0.10838994942605495,0.823095440864563,2.2649765014648438e-06,0.4452315270900725,0.6341634839773176,0.625,0.125,0.375,0.0,0.25,0.0,0.0,0.0,12.087821960449219,4.44891357421875,0.18907711850064235,0.2916666641831398,0.2113178949803114,4.946439146995544,2.1936789751052856
val,base,16554,8,-0.1244682646356523,0.9500129818916321,2.8312206268310547e-06,0.32263209223747236,0.6363225370645518,0.625,0.125,0.25,0.0,0.125,0.25,0.0,0.0,13.09755825996399,4.194782733917236,0.03945600492406243,0.24166666716337204,0.2514015934430063,4.650560826063156,2.105393722653389
val,base,16676,8,-0.061175815761089325,0.37637466192245483,0.00010925531387329102,0.2064784169197082,0.29142653942108143,0.625,0.125,0.0,0.0,0.125,0.0,0.0,0.25,17.861170768737793,14.024494171142578,0.002104321669937009,0.0625000074505806,0.0,4.13379080593586,1.8577344715595245
val,base,16688,8,-0.3639774713665247,0.0004495978355407715,-0.06111515313386917,0.00019133090972900385,0.0003204643726348875,0.25,0.0,0.0,0.0,0.0,0.25,0.125,0.0,22.186082363128662,12.308172225952148,0.005278923450613661,0.0,0.4316640067845583,4.9067001938819885,2.1629402935504913
val,base,16695,8,0.04577574133872986,0.17162787914276123,0.020465224981307983,0.11590664386749266,0.14376726150512692,1.0,0.0,0.0,0.0,0.0,0.0,0.0,0.0,6.713437080383301,4.702127456665039,0.045775741116187874,0.0,0.0,4.917880892753601,2.1730811297893524
val,base,16736,8,-0.5550432070158422,0.6110607981681824,-0.9995102286338806,0.18332120180129993,0.3971909999847409,0.25,0.125,0.125,0.0,0.0,0.625,0.125,0.0,24.367096185684204,13.120035171508789,0.0036821343642188253,0.07500000298023224,0.6941251992247999,5.189757406711578,2.251436173915863
val,base,16744,8,-0.6419275477528572,0.08090794086456299,-0.9864905476570129,0.05173045396804809,0.06631919741630551,0.25,0.0,0.25,0.125,0.5,0.5,0.0,0.0,5.954783380031586,3.42191219329834,0.13562117313267663,0.23749999701976776,0.5134106213226914,5.310258686542511,2.299926668405533
val,base,16808,8,-0.27028818614780903,0.0015399456024169922,0.0,0.0005257368087768552,0.001032841205596923,0.375,0.0,0.0,0.0,0.125,0.125,0.125,0.0,25.245373487472534,17.90699005126953,0.0005308380662066659,0.0,0.20799529738724232,4.618211090564728,2.1120569556951523
val,base,16809,8,-0.17402011901140213,0.36696505546569824,0.006121575832366943,0.2551037669181824,0.3110344111919402,0.625,0.125,0.5,0.0,0.25,0.125,0.0,0.0,9.275276005268097,4.771607398986816,0.34009664386394434,0.42916665226221085,0.39565835148096085,4.640783965587616,2.096394896507263
val,base,16814,8,-0.05280490964651108,0.2157360315322876,0.04138651490211487,0.1622041404247284,0.18897008597850795,0.875,0.0,0.125,0.0,0.125,0.0,0.0,0.0,7.689415201544762,1.1116207838058472,0.07219508506386774,0.125,0.0,5.095393419265747,2.2437550127506256
val,base,16835,8,-0.20603740587830544,0.006970643997192383,5.960464477539063e-08,0.0020955324172973622,0.00453308820724487,0.5,0.0,0.125,0.0,0.0,0.25,0.0,0.375,24.965701937675476,8.878301620483398,0.024831914868528555,0.09583333134651184,0.3083336092531681,3.9289376586675644,1.7664526104927063
val,base,16922,8,0.3234529048204422,0.9733078479766846,0.004486203193664551,0.9580287933349609,0.9656683206558228,0.625,0.375,0.5,0.0,0.0,0.0,0.0,0.0,13.059517115354538,3.22979998588562,0.2819935903906116,0.3166666626930237,0.10048232972621918,4.973321080207825,2.2095142602920532
val,base,16968,8,-0.8709210231900215,0.0,-1.0,-0.6771577298641207,-0.33857886493206074,0.0,0.0,0.0,0.0,0.375,0.5,0.125,0.0,6.879491686820984,4.434751510620117,0.0,0.0,0.6834210231900215,4.883364319801331,2.172585517168045
val,base,16988,8,-0.2775413990020752,0.5078853368759155,0.0014953911304473877,0.3347138166427612,0.42129957675933827,0.625,0.125,0.125,0.0,0.375,0.0,0.0,0.0,6.838119208812714,3.8406262397766113,0.11942408227446322,0.0,0.0,5.412462592124939,2.358049750328064
val,base,17017,8,-0.11603282834403217,0.0019001960754394531,4.380941390991211e-06,0.0005866646766662595,0.0012434303760528553,0.75,0.0,0.0,0.0,0.0,0.125,0.0,0.0,23.626086950302124,10.748003005981445,0.010937355634313306,0.0,0.1269701838027686,5.078425228595734,2.265035927295685
val,base,17034,8,0.09243133664131165,0.2866189479827881,0.054800570011138916,0.2033576965332031,0.24498832225799555,1.0,0.0,0.0,0.0,0.0,0.0,0.0,0.0,7.149374842643738,3.533151626586914,0.09243134444113821,0.0,0.0,4.796804487705231,2.150333136320114
val,base,17043,8,-0.12087847596558277,0.028101325035095215,6.562471389770508e-05,0.012421935796737667,0.02026163041591643,0.75,0.0,0.0,0.0,0.0,0.125,0.0,0.0,17.20834171772003,12.065330505371094,0.004354175864705212,0.0,0.12523265487106983,5.102958261966705,2.236834079027176
val,base,17048,8,-0.2230713814496994,0.1882537603378296,0.00044670701026916504,0.07367123961448666,0.13096249997615805,0.75,0.0,0.125,0.0,0.25,0.0,0.0,0.0,12.221764653921127,3.6658122539520264,0.12225429513878794,0.10833333432674408,0.0,4.872000992298126,2.1700346767902374
val,base,17071,8,-0.38674256578087807,0.06683522462844849,-0.1290656179189682,0.061127692461013794,0.06398145854473114,0.5,0.0,0.0,0.0,0.25,0.25,0.0,0.25,4.667761608958244,1.5747038125991821,0.03430839543824504,0.0,0.29605095461010933,3.884945772588253,1.8482158482074738
val,base,17099,8,-0.1744997575879097,0.0228918194770813,0.0,0.008975195884704586,0.015933507680892932,0.375,0.0,0.125,0.0,0.125,0.125,0.0,0.0,22.006248235702515,13.21888256072998,0.006549721503028657,0.07083334028720856,0.125,4.945244252681732,2.21715384721756
val,base,17104,8,-0.5275846282020211,0.008503735065460205,-0.5328852832317352,-0.057205154746770875,-0.024350709840655377,0.125,0.0,0.0,0.0,0.0,0.5,0.0,0.0,6.294005781412125,3.824836015701294,0.05063483148114756,0.0,0.5782194593921304,4.4736021757125854,2.0679657757282257
val,base,17170,8,-0.1794361136853695,1.0,-0.44950170814991,0.8295588076114654,0.9147794038057326,0.5,0.375,0.5,0.125,0.125,0.375,0.125,0.0,16.82439622282982,3.732692003250122,0.1529009243647259,0.27916667610406876,0.49758431036025286,4.6346123814582825,2.107567936182022
val,base,17202,8,0.025558918714523315,0.09160542488098145,0.00873073935508728,0.07820383310317992,0.08490462899208068,1.0,0.0,0.0,0.0,0.0,0.0,0.0,0.0,15.193099737167358,9.635557174682617,0.02555892208511068,0.0,0.0,4.901801705360413,2.1962790489196777
val,base,17424,8,-0.029913678765296936,0.7405248880386353,2.980232238769531e-07,0.23613417148590074,0.4883295297622677,0.625,0.125,0.125,0.0,0.0,0.125,0.0,0.0,24.17380204796791,3.9026033878326416,0.09508632456835259,0.0,0.125,4.859635949134827,2.176149547100067
val,base,17669,8,-0.1226649871096015,0.026745140552520752,0.0026027262210845947,0.021338266134262082,0.024041703343391414,0.75,0.0,0.0,0.0,0.0,0.125,0.0,0.0,9.107011616230011,5.721785068511963,0.008758171826741545,0.0,0.13142315950244665,4.804149687290192,2.1569792330265045
val,base,17699,8,0.2979995310306549,0.9379247426986694,0.2792383134365082,0.5815345764160156,0.7597296595573423,1.0,0.5,0.125,0.0,0.0,0.0,0.0,0.0,6.626476526260376,5.566047668457031,0.18936781195225194,0.11666666716337204,0.0,4.831153869628906,2.1577890515327454
val,base,17716,8,0.018026970326900482,0.9340063333511353,0.1396467387676239,0.7335144698619842,0.8337604016065596,0.75,0.25,0.25,0.0,0.0,0.125,0.0,0.0,9.634279310703278,4.139030933380127,0.19580481457524002,0.15833333134651184,0.24893373250961304,5.048095881938934,2.2283264994621277
val,base,17762,8,-0.032969020307064056,0.2326655387878418,0.0858626663684845,0.13986017704010006,0.18626285791397088,0.875,0.0,0.0,0.0,0.125,0.0,0.0,0.25,5.064446330070496,3.4535531997680664,0.09203097876161337,0.0,0.0,3.7557684034109116,1.8026221692562103
val,base,17784,8,-0.49505168944597244,1.0,-0.9802114367485046,0.300005257129669,0.650002628564834,0.375,0.125,0.125,0.125,0.375,0.0,0.0,0.0,14.44777238368988,5.226482391357422,0.08561704539182813,0.12083332985639572,0.2450539395213127,4.922695636749268,2.2207864820957184
val,base,17857,8,-0.24898076057434082,0.007901430130004883,2.3245811462402344e-06,0.002501815557479857,0.005201622843742367,0.75,0.0,0.125,0.0,0.25,0.125,0.0,0.125,6.7275872603058815,0.2510250210762024,0.0010193561032325604,0.125,0.125,4.5002342611551285,2.0178689435124397
val,base,17861,8,-0.23027966171503067,0.07711571455001831,0.007821917533874512,0.055423378944396966,0.06626954674720763,0.75,0.0,0.0,0.0,0.25,0.0,0.0,0.25,6.82513427734375,3.2904529571533203,0.024041425647737924,0.0,0.0,3.678944155573845,1.794000618159771
val,base,18003,8,-0.284665510058403,0.7131893038749695,0.0008313953876495361,0.21859883666038502,0.46589407026767693,0.625,0.125,0.375,0.0,0.375,0.0,0.0,0.0,10.168242007493973,3.755039930343628,0.3272394855157472,0.0,0.0,4.44557785987854,2.032548502087593
val,base,18036,8,0.36631182581186295,0.9621524810791016,0.2390766739845276,0.9406855762004852,0.9514190286397933,1.0,0.5,0.375,0.0,0.0,0.0,0.0,0.0,7.069921374320984,5.7850728034973145,0.10924463428091258,0.34583333134651184,0.0,5.008713185787201,2.230457156896591
val,base,18063,8,-0.23797450959682465,0.05616116523742676,0.004538983106613159,0.028507286310195917,0.04233422577381132,0.75,0.0,0.0,0.0,0.25,0.0,0.0,0.0,6.644466012716293,3.012477159500122,0.013782714231638238,0.0,0.0,5.289940416812897,2.2830600440502167
val,base,18151,8,0.12188254296779633,0.9264493584632874,0.6605171263217926,0.8993929564952851,0.9129211574792861,0.625,0.625,0.875,0.0,0.25,0.125,0.0,0.0,8.137533158063889,3.7513201236724854,0.4168235233555606,0.4749999940395355,0.125,4.73373943567276,2.1573966443538666
val,base,18245,8,-0.37349633872509,0.005762279033660889,4.172325134277344e-07,0.005223631858825684,0.005492955446243286,0.625,0.0,0.0,0.0,0.375,0.0,0.0,0.0,17.12459909915924,10.38706111907959,0.003281093966919002,0.0,0.00032585515873506665,5.018792390823364,2.2243844866752625
val,base,18259,8,-0.04878972843289375,0.0764768123626709,0.00022926926612854004,0.02927275300025939,0.052874782681465116,0.875,0.0,0.0,0.0,0.0,0.0,0.0,0.0,14.805096745491028,9.072928428649902,0.01089631654993184,0.0,0.059686046093702316,4.829369783401489,2.1529363691806793
val,base,18284,8,-0.24999931454658508,5.4836273193359375e-06,0.0,1.6450881958007803e-06,3.5643577575683567e-06,0.125,0.0,0.0,0.0,0.25,0.0,0.0,0.0,28.423109769821167,22.680130004882812,1.3572419442385228e-06,0.0,0.0,4.790765941143036,2.1395023316144943
val,base,18348,8,-0.6243994235992432,0.0006415843963623047,-0.9981853663921356,0.00045524835586547847,0.0005484163761138915,0.375,0.0,0.125,0.0,0.5,0.125,0.125,0.0,14.586148142814636,5.970965385437012,0.06497852495454026,0.05000000447034836,0.1875,5.022812724113464,2.2507969439029694
val,base,18355,8,-0.4995187819004059,3.981590270996094e-05,-0.4981052279472351,1.9413232803344722e-05,2.9614567756652816e-05,0.375,0.0,0.0,0.0,0.375,0.125,0.0,0.0,16.473420023918152,9.781842231750488,0.0008501193074570423,0.0,0.16402741894125938,5.327007055282593,2.3175516724586487
val,base,18407,8,0.052257880568504333,0.9461605548858643,0.0030825436115264893,0.599732232093811,0.7729463934898374,0.875,0.25,0.125,0.0,0.125,0.0,0.0,0.125,8.288053452968597,4.30702543258667,0.08306755917146802,0.11666666716337204,0.0,6.225483477115631,2.182814083993435
val,base,18470,8,-0.6224032491445541,0.029999077320098877,-0.7135252058506012,-0.17202427983284002,-0.0710126012563707,0.125,0.0,0.25,0.375,0.375,0.625,0.0,0.0,7.391448080539703,4.200465679168701,0.21020326943835244,0.12083332985639572,0.6875,4.9034464955329895,2.18146088719368
val,base,18492,8,0.08312777429819107,0.620373010635376,0.07584583759307861,0.6101803123950958,0.6152766615152359,0.875,0.25,0.25,0.0,0.125,0.0,0.0,0.0,4.9208192974328995,0.6866196393966675,0.20812777313403785,0.0,0.0,4.875672936439514,2.1849044859409332
val,base,18530,8,0.2659805715084076,0.9513492584228516,0.0004570186138153076,0.8471626698970794,0.8992559641599654,0.875,0.375,0.25,0.0,0.0,0.0,0.0,0.125,13.89671504497528,5.892021656036377,0.12005551908215378,0.23750000447034836,0.0,4.31750562787056,2.0014374405145645
val,base,18572,8,-0.125,0.0,0.0,0.0,0.0,0.0,0.0,0.0,0.0,0.125,0.0,0.0,0.25,31.983504056930542,26.388511657714844,1.992529712391603e-09,0.0,0.0,3.8332970291376114,1.8283255621790886
val,base,18640,8,-0.4637952595949173,0.2655687928199768,-0.4999999701976776,0.09651873707771297,0.18104376494884478,0.5,0.0,0.0,0.0,0.5,0.0,0.0,0.0,20.349275588989258,8.034444808959961,0.04567981439944324,0.0,0.0,4.6525574922561646,2.1125687807798386
val,base,18648,8,0.14039406180381775,0.3818856477737427,0.050328344106674194,0.37610272169113157,0.3789941847324371,1.0,0.25,0.0,0.0,0.0,0.0,0.0,0.125,6.829585313796997,3.924020767211914,0.10124559415271506,0.0416666641831398,0.0,4.333044141530991,1.9643956944346428
val,base,18710,8,-0.5394278913736343,1.1920928955078125e-07,-0.6577116250991821,3.5762786865234354e-08,7.748603820800775e-08,0.125,0.0,0.0,0.0,0.0,0.5,0.0,0.0,27.728116273880005,14.780282974243164,1.494725273530662e-08,0.0,0.5394279062747955,5.188635051250458,2.2542143762111664
val,base,18797,8,0.06669744849205017,0.43406355381011963,0.00016498565673828125,0.1989500701427459,0.3165068119764326,1.0,0.125,0.0,0.0,0.0,0.0,0.0,0.0,22.342545986175537,9.452071189880371,0.03132642968621191,0.0416666641831398,0.0,4.784033477306366,2.1690658628940582
val,base,18814,8,0.20842579752206802,0.6818878054618835,0.1337602734565735,0.4349292576313018,0.5584085315465925,1.0,0.25,0.125,0.0,0.0,0.0,0.0,0.0,5.15259450674057,3.6314334869384766,0.12889776472002268,0.0833333283662796,0.0,4.701266825199127,2.1035614013671875
val,base,18851,8,-0.24896876513957977,1.0,-0.4816015958786011,0.9728765070438385,0.9864382535219193,0.5,0.25,0.375,0.125,0.25,0.25,0.125,0.625,5.395430080592632,0.8172957301139832,0.19767654591123573,0.34166666120290756,0.46019175462424755,2.3745562210679054,1.3590220138430595
val,base,18866,8,-0.2860862836241722,0.9300940632820129,-0.49757054448127747,0.8171385407447814,0.8736163020133971,0.5,0.25,0.375,0.0,0.5,0.0,0.0,0.0,5.95552995800972,3.5888490676879883,0.1253570583066903,0.2666666656732559,0.0,4.800567090511322,2.1659408509731293
val,base,18869,8,0.003928422927856445,0.022709310054779053,1.8477439880371094e-06,0.012878143787384031,0.017793726921081537,1.0,0.0,0.0,0.0,0.0,0.0,0.0,0.0,24.379193663597107,13.524012565612793,0.003928424027938249,0.0,0.0,4.927434504032135,2.205869644880295
val,base,18974,8,-0.4505515769124031,1.5079975128173828e-05,-0.3022140860557556,4.774332046508786e-06,9.9271535873413e-06,0.375,0.0,0.625,0.0,0.375,0.125,0.0,0.375,7.9993137419223785,3.988332509994507,0.2771096472164034,0.44999999552965164,0.37081490457057953,3.690019264817238,1.7210391908884048
val,base,18983,8,-0.2262007682584226,0.17766833305358887,1.341104507446289e-06,0.056565719842910735,0.11711702644824973,0.625,0.0,0.0,0.0,0.0,0.25,0.0,0.375,14.414464354515076,9.001455307006836,0.02984835770203631,0.0,0.2560491352342069,3.641950197517872,1.7368154525756836
val,base,18985,8,-0.4784655533730984,0.21648889780044556,-0.621922180056572,0.19953402876853943,0.2080114632844925,0.375,0.0,0.0,0.0,0.5,0.0,0.0,0.0,12.336883664131165,8.432843208312988,0.07059555178011578,0.0,0.04871701821684837,4.688938200473785,2.1295367777347565
val,base,18992,8,-0.2080734670162201,0.7931658029556274,5.91278076171875e-05,0.27178366780281055,0.5324747353792186,0.625,0.125,0.125,0.0,0.25,0.125,0.0,0.0,12.385067343711853,6.083433151245117,0.08969707130611937,0.15416666120290756,0.125,4.526462197303772,2.083885610103607
val,base,18993,8,-0.48148614168167114,0.7780952453613281,-1.0,0.43629828691482536,0.6071967661380765,0.375,0.125,0.125,0.0,0.625,0.0,0.0,0.0,10.359953880310059,5.54856538772583,0.1361291673820233,0.0625,0.0,4.6828773021698,2.1181379556655884
val,base,19027,8,0.03736102340189973,0.9566377997398376,5.960464477539063e-08,0.702704918384552,0.8296713590621947,0.5,0.25,0.375,0.0,0.0,0.25,0.0,0.0,19.838604271411896,4.540198802947998,0.09984924534951824,0.2749999910593033,0.2600458605083986,4.8459842801094055,2.1590945720672607
val,base,19073,8,0.13801023364067078,0.5595744848251343,0.0003427863121032715,0.5481455683708191,0.5538600265979767,1.0,0.25,0.25,0.0,0.0,0.0,0.0,0.375,14.490651786327362,5.45244836807251,0.1380102290761318,0.0,0.0,3.733822450041771,1.6853961274027824
val,base,19074,8,-0.9331185072660446,-0.46494805812835693,-1.0,-0.8394844174385072,-0.6522162377834323,0.0,0.0,0.25,0.0,0.875,0.0,0.0,0.125,5.789528056979179,1.1871000528335571,0.07328821392729878,0.22083333134651184,0.07807013392448425,4.352876365184784,1.98142471909523
val,base,19076,8,0.4582463800907135,1.0,0.22733250260353088,0.9766968965530396,0.9883484482765198,1.0,0.375,0.625,0.125,0.0,0.0,0.0,0.0,6.996002525091171,3.1729042530059814,0.45464883581735194,0.5041666626930237,0.14541935175657272,4.910992324352264,2.1937987208366394
val,base,19153,8,-0.23757044225931168,0.5143585801124573,0.0371188223361969,0.4602981388568878,0.4873283594846725,0.625,0.25,0.125,0.0,0.375,0.0,0.0,0.125,6.9668199717998505,3.888840436935425,0.16213060438167304,0.0,0.0,4.503059394657612,2.064953848719597
val,base,19171,8,-0.31334958417573944,0.0002422332763671875,-0.0035306590143591166,8.756518363952633e-05,0.00016489923000335684,0.5,0.0,0.0,0.0,0.25,0.0,0.125,0.125,21.412251591682434,6.454424858093262,0.0557191613754231,0.0,0.06347061140695587,4.624752663075924,2.1312515810132027
val,base,19177,8,-0.13656513392925262,0.7769702672958374,0.016574352979660034,0.2741946160793303,0.5255824416875836,0.75,0.125,0.25,0.0,0.25,0.0,0.0,0.0,6.456063412129879,0.5280987620353699,0.0260024688905105,0.22083333134651184,0.0,5.4690423011779785,2.2809096574783325
val,base,19219,8,-0.13091493397951126,0.9178904891014099,0.0017646253108978271,0.2934260964393614,0.6056582927703853,0.75,0.125,0.125,0.0,0.0,0.25,0.0,0.0,15.193282663822174,6.896973133087158,0.05237108290066792,0.10833333432674408,0.25,4.835985600948334,2.16548153758049
val,base,19222,8,-0.6098680645227432,0.008097290992736816,-0.9462828636169434,0.004658585786819457,0.006377938389778135,0.375,0.0,0.0,0.0,0.375,0.25,0.0,0.0,9.885251462459564,5.454565525054932,0.019420594738221553,0.0,0.25,5.536783754825592,2.299917459487915
val,base,19228,8,-0.4080614596605301,0.371401309967041,-0.4999999701976776,0.3662436485290527,0.3688224792480469,0.5,0.25,0.0,0.0,0.5,0.0,0.0,0.125,13.330890893936157,7.011264324188232,0.09519837414955923,0.0,0.0,4.631444215774536,2.0879923552274704
val,base,19254,8,0.007838137447834015,0.9009249806404114,2.5928020477294922e-05,0.2714098215103148,0.5861674010753627,0.75,0.125,0.25,0.0,0.0,0.125,0.0,0.0,19.516282856464386,5.963000774383545,0.12188516013044648,0.22083333134651184,0.22832396626472473,4.771750271320343,2.140030011534691
val,base,19292,8,0.18979976326227188,0.9455588459968567,0.011540412902832031,0.874009644985199,0.9097842454910278,0.75,0.375,0.375,0.0,0.125,0.0,0.0,0.0,17.09925326704979,3.3935110569000244,0.1656906474759778,0.23333333432674408,0.0,4.695590496063232,2.1215005218982697
val,base,19315,8,-0.37497372180223465,0.0001042485237121582,6.258487701416016e-07,9.945034980773926e-05,0.00010184943675994873,0.625,0.0,0.0,0.0,0.375,0.0,0.125,0.0,16.138895213603973,6.089426517486572,0.0065352948431893765,0.0,0.0625,4.75322699546814,2.1177021861076355
val,base,19421,8,-0.31276170164346695,0.8983207941055298,-0.2769082188606262,0.26949665546417223,0.5839087247848507,0.25,0.125,0.5,0.0,0.25,0.375,0.0,0.125,18.080850899219513,5.008299350738525,0.11870967423501355,0.3999999985098839,0.5025699520483613,4.203300274908543,1.9517471492290497
val,base,19423,8,0.11200475692749023,0.39936745166778564,0.06601101160049438,0.28411639928817745,0.3417419254779815,1.0,0.125,0.0,0.0,0.0,0.0,0.0,0.0,6.000288337469101,3.604668378829956,0.11200475950317923,0.0,0.0,4.928101718425751,2.208211213350296
val,base,19440,8,-0.3175887167453766,0.7243072390556335,-0.47741079330444336,0.5722701728343963,0.6482887059450149,0.5,0.25,0.25,0.0,0.5,0.0,0.0,0.0,11.580386996269226,4.068142890930176,0.21231965437618783,0.0,0.0,4.608039915561676,2.085384964942932
val,base,19498,8,-0.12527630478143692,0.7454500794410706,0.022753000259399414,0.664824903011322,0.7051374912261962,0.625,0.375,0.375,0.0,0.375,0.0,0.0,0.0,6.265856355428696,3.7024776935577393,0.23907162199611776,0.09166666865348816,0.0,4.5073495507240295,2.073650822043419
val,base,19531,8,-0.11975801736116409,0.03175848722457886,0.0003037750720977783,0.010584771633148188,0.02117162942886351,0.875,0.0,0.0,0.0,0.0,0.0,0.0,0.0,20.843042016029358,12.834464073181152,0.00505611614610757,0.0,0.12481412291526794,4.835706949234009,2.172802656888962
val,base,19566,8,0.0019588880240917206,0.5470215082168579,0.026389628648757935,0.44341641664505005,0.4952189624309539,0.75,0.25,0.125,0.0,0.0,0.125,0.125,0.0,8.155271857976913,3.7893483638763428,0.05162657378684088,0.10000000149011612,0.20047641173005104,4.722497999668121,2.140847086906433
val,base,19592,8,-0.6639734208583832,0.7022677063941956,-1.0,0.20084176063537584,0.45155473351478537,0.125,0.125,0.25,0.0,0.75,0.25,0.0,0.25,5.473397493362427,2.8191945552825928,0.24573138203049893,0.0,0.4055432453751564,3.734859973192215,1.806220956146717
val,base,19610,8,-0.4853527098894119,0.07124358415603638,-0.49999961256980896,0.05352430343627929,0.062383943796157824,0.5,0.0,0.0,0.0,0.5,0.0,0.0,0.125,15.972879707813263,7.077301502227783,0.014733154484446231,0.0,0.0,4.91745987534523,2.1598261892795563
val,base,19620,8,0.08911241311579943,0.9070190191268921,0.00028586387634277344,0.8200096428394318,0.8635143309831619,0.75,0.25,0.25,0.0,0.0,0.125,0.0,0.125,10.352291733026505,3.397048234939575,0.2086187231925578,0.07083334028720856,0.1347051216289401,4.47265949845314,2.019609473645687
val,base,19672,8,-0.4739582687616348,0.04342931509017944,-0.42174357175827026,0.01881847977638244,0.031123897433280926,0.375,0.0,0.25,0.0,0.375,0.125,0.0,0.0,6.182388782501221,4.159550189971924,0.0206886548348848,0.25,0.24455318599939346,5.449398219585419,2.36760276556015
val,base,19690,8,-0.2119767740368843,0.3041849136352539,0.0,0.09125605821609492,0.19772048592567426,0.25,0.125,0.0,0.0,0.0,0.25,0.125,0.0,23.767152905464172,7.6548967361450195,0.03802321930807085,0.0,0.3125,5.074643909931183,2.2516042292118073
val,base,19730,8,-0.3667386844754219,0.03378582000732422,5.188584327697754e-05,0.032576638460159305,0.03318122923374176,0.625,0.0,0.0,0.0,0.375,0.0,0.0,0.25,19.957252740859985,12.70668888092041,0.008430178012062584,0.0,0.0,4.234215684235096,1.9527277871966362
val,base,19736,8,0.3911679610610008,0.8616167902946472,0.3645516335964203,0.8057705104351044,0.8336936503648757,1.0,0.5,0.5,0.0,0.0,0.0,0.0,0.125,16.044812500476837,3.447199821472168,0.3811533934210871,0.04583333432674408,0.0,4.132797062397003,1.9318580627441406
val,base,19747,8,-0.22047246992588043,0.04342007637023926,0.0,0.019388735294342034,0.03140440583229063,0.375,0.0,0.0,0.0,0.0,0.125,0.0,0.0,15.578372776508331,5.952304840087891,0.020838054770138115,0.0,0.24131052941083908,4.639370560646057,2.091761276125908
val,base,19755,8,-0.07055895030498505,0.22145462036132812,0.018457770347595215,0.13788173794746397,0.17966817915439598,0.875,0.0,0.0,0.0,0.125,0.125,0.0,0.0,7.655356347560883,4.118938446044922,0.06761259326594882,0.0,0.125,4.817108571529388,2.1482973098754883
val,base,19785,8,-0.30372707545757294,0.2328484058380127,-0.003873288631439209,0.2142402946949005,0.22354435026645658,0.5,0.0,0.125,0.0,0.25,0.375,0.0,0.0,5.201020166277885,1.1143745183944702,0.16310154056372994,0.09583333134651184,0.38853420317173004,4.838329315185547,2.1458294093608856
val,base,19819,8,-0.3616931512951851,0.9363945722579956,-0.4993579089641571,0.37353355884551986,0.6549640655517575,0.5,0.125,0.625,0.125,0.5,0.125,0.0,0.0,5.249878233298659,0.21418409049510956,0.1189406399789732,0.5249999910593033,0.24663308262825012,5.336127996444702,2.305551379919052
val,base,19820,8,-0.13625224959105253,0.00015610456466674805,0.0,0.00013803839683532715,0.0001470714807510376,0.375,0.0,0.0,0.0,0.125,0.0,0.0,0.0,26.790064334869385,17.09905433654785,0.00046550422735617197,0.0,0.01129389088600874,4.993077516555786,2.2094516456127167
val,base,19835,8,-0.12173451483249664,0.016257166862487793,0.00034373998641967773,0.00855288505554199,0.012405025959014887,0.75,0.0,0.0,0.0,0.125,0.0,0.0,0.0,16.35853672027588,11.168581008911133,0.00328085992578087,0.0,0.0,4.868377089500427,2.168447032570839
val,base,19844,8,0.07351765409111977,0.5565488338470459,0.019780337810516357,0.18262760043144216,0.36958821713924384,0.875,0.125,0.125,0.0,0.0,0.0,0.0,0.0,15.33716344833374,5.5456647872924805,0.08181350234963247,0.0,0.008295845240354538,4.937354862689972,2.2001526057720184
val,base,19877,8,-0.3382313922047615,1.0,-0.694480299949646,0.7779018342494964,0.888950917124748,0.375,0.25,0.25,0.125,0.125,0.5,0.125,0.0,12.186823427677155,1.9234187602996826,0.20103021542120025,0.22499999403953552,0.596864715218544,4.933568000793457,2.1762581765651703
val,base,20008,8,-0.7150755971670151,0.1722298264503479,-1.0,0.12668472528457642,0.14945727586746213,0.25,0.0,0.0,0.0,0.75,0.0,0.0,0.0,8.026992976665497,5.67210578918457,0.12153326265979558,0.0,0.0,5.052660405635834,2.242821514606476
val,base,20028,8,-0.2483399659395218,0.01058417558670044,0.0,0.004999977350234984,0.0077920764684677075,0.375,0.0,0.0,0.0,0.25,0.0,0.0,0.25,15.391443014144897,8.723294258117676,0.022987187576488446,0.0,0.0,3.706604167819023,1.7818841859698296
val,base,20041,8,-0.06645310670137405,0.9568739533424377,0.024744361639022827,0.6682884514331817,0.8125812023878095,0.625,0.25,0.625,0.0,0.125,0.25,0.0,0.125,8.447480618953705,4.216216087341309,0.41145793185569346,0.32499999552965164,0.329558241282939,4.170830205082893,1.933814860880375
val,base,20153,8,-0.004845716059207916,0.853864312171936,0.0001366138458251953,0.3266016602516173,0.5902329862117763,0.875,0.125,0.125,0.0,0.125,0.0,0.0,0.375,13.475593566894531,7.993490219116211,0.047197502233562005,0.10000000149011612,0.0,3.5633624345064163,1.6897005662322044
val,base,20169,8,0.2504700571298599,0.7006914019584656,0.016662895679473877,0.678271871805191,0.6894816368818283,1.0,0.375,0.375,0.0,0.0,0.0,0.0,0.0,20.732788681983948,12.785988807678223,0.005443561074976344,0.24583333730697632,0.0,4.657186686992645,2.1124111711978912
val,base,20177,8,-0.05095838010311127,1.0,8.344650268554688e-07,0.3008874535560606,0.6504437267780299,0.625,0.125,0.25,0.125,0.125,0.125,0.0,0.0,15.106058418750763,5.263040065765381,0.15779924373458934,0.12083332985639572,0.125,4.8469207882881165,2.154495447874069
val,base,20325,8,-0.5203002095222473,0.6286956071853638,-0.8796835541725159,0.18861277103424062,0.4086541891098019,0.25,0.125,0.25,0.0,0.125,0.625,0.125,0.0,18.686248183250427,5.808222770690918,0.08019058590006213,0.22083333134651184,0.6908018828835338,4.732236087322235,2.13724148273468
val,base,20335,8,-0.12838433682918549,0.5051806569099426,6.318092346191406e-06,0.46696891784667965,0.4860747873783111,0.75,0.25,0.125,0.0,0.0,0.125,0.0,0.5,19.924142479896545,5.958553314208984,0.12098646459712192,0.0,0.24937079846858978,2.9802195131778717,1.5121513530611992
val,base,20410,8,-0.45053113251924515,1.1920928955078125e-07,-0.30271607637405396,3.5762786865234354e-08,7.748603820800775e-08,0.125,0.0,0.0,0.0,0.0,0.375,0.125,0.125,27.152755975723267,19.476335525512695,0.00014981120472582138,0.0,0.5131790190935135,4.286297038197517,1.9914626851677895
val,base,20451,8,-0.3634387254714966,0.06329762935638428,1.3113021850585938e-06,0.03930200338363647,0.051299816370010354,0.625,0.0,0.125,0.0,0.25,0.125,0.0,0.0,20.355068683624268,4.053825378417969,0.10227810934838288,0.0,0.125,4.720937073230743,2.130813628435135
val,base,20462,8,-0.0012235790491104126,0.9868403673171997,0.0,0.29621199369430523,0.641526180505752,0.25,0.125,0.125,0.0,0.0,0.125,0.0,0.0,15.68255889415741,5.145529747009277,0.07607274556721677,0.12083332985639572,0.125,5.235883831977844,2.276099294424057
val,base,20625,8,-0.6062397621572018,5.960464477539063e-08,-0.849138468503952,1.7881393432617177e-08,3.8743019104003874e-08,0.125,0.0,0.0,0.0,0.375,0.125,0.0,0.0,17.66103494167328,8.532610893249512,0.016120859087304748,0.0,0.24736006930470467,4.736378073692322,2.1360663771629333
val,base,20702,8,0.024386361241340637,0.08816546201705933,0.00047391653060913086,0.08241424560546876,0.08528985381126403,1.0,0.0,0.0,0.0,0.0,0.0,0.0,0.0,16.60580265522003,10.126021385192871,0.024386376502206986,0.0,0.0,4.701692223548889,2.1318782567977905
val,base,20714,8,-0.1719178706407547,0.33413076400756836,0.0013019442558288574,0.29337499141693113,0.31375287771224974,0.75,0.125,0.0,0.0,0.25,0.0,0.0,0.0,14.04448413848877,7.241143703460693,0.08104472613429102,0.0,0.0,4.824289441108704,2.154891550540924
val,base,20720,8,0.043794140219688416,0.3188064694404602,0.0038039684295654297,0.10804755687713617,0.21342701315879806,1.0,0.125,0.0,0.0,0.0,0.0,0.0,0.0,15.657516121864319,7.446955680847168,0.043794143747163616,0.0,0.0,6.301675915718079,2.2887101769447327
val,base,20722,8,-0.24533654749393463,0.027859985828399658,0.0009460747241973877,0.009945482015609738,0.018902733922004686,0.75,0.0,0.0,0.0,0.0,0.25,0.0,0.0,19.592543244361877,13.104575157165527,0.004663445795131338,0.0,0.25,4.830037713050842,2.1688804030418396
val,base,20777,8,-0.11150884628295898,0.46119487285614014,0.18663933873176575,0.39159389734268185,0.42639438509941097,0.625,0.375,0.0,0.0,0.25,0.0,0.0,0.125,8.70139080286026,6.311066150665283,0.20716905962035526,0.0,0.06652671657502651,4.421382315456867,2.036140628159046
val,base,20856,8,-0.25516732037067413,0.6918925046920776,3.546476364135742e-06,0.38258915543556204,0.5372408300638196,0.625,0.125,0.125,0.0,0.375,0.0,0.0,0.0,22.224467515945435,7.800662040710449,0.04603260269073628,0.09583333879709244,0.0,4.687618374824524,2.133974105119705
val,base,20857,8,-0.3365669995546341,0.5045067071914673,-0.19421613216400146,0.1513520121574401,0.32792935967445347,0.125,0.125,0.25,0.0,0.125,0.5,0.25,0.0,18.844616889953613,5.9166154861450195,0.11156519445350857,0.18333333730697632,0.6375074721872807,4.8862065076828,2.2013757824897766
val,base,20907,8,-0.08672744035720825,0.15193843841552734,0.003691643476486206,0.11406682729721068,0.13300263285636899,0.875,0.0,0.0,0.0,0.125,0.0,0.0,0.0,11.946595311164856,9.129501342773438,0.03828262826300488,0.0,0.0,4.955978214740753,2.2183600664138794
val,base,20945,8,0.03739417344331741,0.2337406873703003,0.010766476392745972,0.0823726117610931,0.1580566495656966,1.0,0.0,0.0,0.0,0.0,0.0,0.0,0.25,8.611159324645996,6.217658042907715,0.03739417705219239,0.0,0.0,3.987749867141247,1.8377756997942924
val,base,20975,8,-0.1585959906806238,0.43336236476898193,4.798173904418945e-06,0.1300422549247741,0.28170230984687783,0.625,0.125,0.0,0.0,0.125,0.0,0.0,0.125,27.313411712646484,24.22846031188965,3.370140069591798e-05,0.05416666716337204,0.08777982398169115,4.382069356739521,1.9949122592806816
val,base,21015,8,0.1210891529917717,0.5493698716163635,0.02872142195701599,0.36223712563514704,0.4558034986257552,1.0,0.125,0.125,0.0,0.0,0.0,0.0,0.0,7.9312039613723755,4.481733798980713,0.12108915408316534,0.0,0.0,5.408320188522339,2.3719541430473328
val,base,21091,8,-0.11069464683532715,6.526708602905273e-05,2.8908252716064453e-06,4.6783685684204093e-05,5.602538585662841e-05,0.75,0.0,0.0,0.0,0.0,0.0,0.0,0.0,27.810096740722656,24.211429595947266,1.8512965871547715e-05,0.0,0.1107131615281105,5.241080462932587,2.275545448064804
val,base,21132,8,-0.056091248989105225,0.9260183572769165,0.0023061633110046387,0.8468312978744507,0.8864248275756835,0.625,0.25,0.25,0.0,0.25,0.125,0.0,0.0,10.01789104938507,5.549114227294922,0.19394166393612977,0.19999999552965164,0.21182825788855553,4.725821435451508,2.1332906782627106
val,base,21163,8,-0.5358687769621611,0.4178429841995239,-0.8262940347194672,0.12537680268287651,0.2716098934412,0.25,0.125,0.0,0.0,0.375,0.375,0.0,0.0,5.184432163834572,0.7559400796890259,0.09581218159898697,0.0,0.3816808219999075,4.774359822273254,2.161152556538582
val,base,21227,8,-0.008319467306137085,0.34563636779785156,0.001998692750930786,0.31403350830078125,0.3298349380493164,0.875,0.25,0.0,0.0,0.0,0.0,0.0,0.375,11.929652750492096,7.276474952697754,0.1128307607943384,0.0,0.12115023285150528,3.166001632809639,1.5940166413784027
val,base,21254,8,0.01286710798740387,0.031013190746307373,0.011232465505599976,0.025798451900482175,0.02840582132339477,1.0,0.0,0.0,0.0,0.0,0.0,0.0,0.0,6.233566164970398,4.775357246398926,0.012867099592767772,0.0,0.0,4.73042905330658,2.1327215433120728
val,base,21266,8,-0.34667597711086273,0.06461840867996216,0.026151716709136963,0.06447717547416687,0.06454779207706451,0.625,0.0,0.0,0.0,0.375,0.0,0.0,0.0,6.945469081401825,4.542887210845947,0.039090004516765475,0.0,0.0,4.751628756523132,2.1143916100263596
val,base,21308,8,-0.3739369250833988,0.7712873816490173,-0.5647248476743698,0.4880529284477233,0.6296701550483701,0.25,0.25,0.25,0.0,0.125,0.375,0.125,0.0,24.830018639564514,8.911240577697754,0.026125922477573116,0.22083333134651184,0.45368946716189384,4.828923225402832,2.1575095504522324
val,base,21312,8,-0.874996617436409,0.0,-0.9999970197677612,-0.6999925732612612,-0.34999628663063104,0.0,0.0,0.0,0.0,0.375,0.75,0.125,0.0,24.604947805404663,12.792020797729492,0.004124528390937546,0.0,0.8156778290867805,4.723012924194336,2.1552009880542755
val,base,21361,8,-0.08929704874753952,1.0,1.2516975402832031e-06,0.4998096466064452,0.7499048233032223,0.625,0.125,0.5,0.25,0.25,0.125,0.0,0.0,13.88791537284851,4.3871917724609375,0.2637502044457592,0.4833333194255829,0.125,5.843907952308655,2.318242758512497
val,base,21429,8,-0.3194619342684746,1.0,-0.29285502433776855,0.30003379583358747,0.6500168979167933,0.375,0.125,0.125,0.125,0.0,0.5,0.0,0.0,17.845388114452362,5.01950216293335,0.0842495190553871,0.1666666716337204,0.5003645330434665,4.929547905921936,2.170459419488907
val,base,21450,8,-0.10422365367412567,0.058086514472961426,0.001555323600769043,0.05465356707572937,0.0563700407743454,0.875,0.0,0.0,0.0,0.0,0.0,0.0,0.125,14.149992942810059,6.923839092254639,0.020770997358741994,0.0,0.124994657933712,4.65220170468092,2.0959594547748566
val,base,21488,8,-0.10690485686063766,0.08201795816421509,0.011939167976379395,0.03732309341430663,0.059670525789260825,0.875,0.0,0.0,0.0,0.125,0.0,0.0,0.125,7.547562271356583,3.0314078330993652,0.018456266053263448,0.0,0.0,4.448293536901474,2.010240837931633
val,base,21529,8,-0.010846860706806183,0.9149529337882996,0.19353249669075012,0.8310502707958222,0.8730016022920608,0.625,0.5,0.625,0.0,0.25,0.0,0.0,0.0,6.267085134983063,2.9252729415893555,0.3989296655636281,0.22083333134651184,0.12451960146427155,5.5857290625572205,2.2842525839805603
val,base,21639,8,0.10642771422863007,0.6319898962974548,0.013271600008010864,0.2629849135875701,0.44748740494251227,1.0,0.125,0.125,0.0,0.0,0.0,0.0,0.0,13.341626822948456,4.872987270355225,0.10642770365666365,0.0,0.0,4.703107953071594,2.110932931303978
val,base,21665,8,-0.429191954433918,0.557633638381958,-0.7484680414199829,0.5212855100631714,0.5394595742225646,0.375,0.25,0.25,0.0,0.25,0.375,0.25,0.0,24.07377564907074,11.803295135498047,0.00832636104929918,0.12916666269302368,0.5,4.831949472427368,2.151198446750641
val,base,21672,8,-0.35234386660158634,0.013479173183441162,-0.16611594706773758,0.004044419527053831,0.00876179635524749,0.375,0.0,0.125,0.0,0.25,0.125,0.25,0.0,15.446169376373291,5.6048688888549805,0.07550267316028414,0.14999999850988388,0.27910790778696537,5.324140667915344,2.2035764306783676
val,base,21793,8,0.11109305173158646,0.61461341381073,0.0030535459518432617,0.35548774003982536,0.48505057692527753,1.0,0.125,0.125,0.0,0.0,0.0,0.0,0.5,12.267954766750336,5.002506256103516,0.11109304973297185,0.0,0.0,2.923995815217495,1.4725950881838799
val,base,21802,8,-0.0968540757894516,0.0773845911026001,0.01836642622947693,0.07030949592590331,0.0738470435142517,0.875,0.0,0.0,0.0,0.125,0.0,0.0,0.0,7.9317110776901245,6.298922538757324,0.028579649777384475,0.0,0.0,4.794317901134491,2.146755635738373
val,base,21807,8,-0.25182937178760767,0.0005483031272888184,0.0,0.00016449093818664542,0.00035639703273773163,0.125,0.0,0.0,0.0,0.0,0.25,0.125,0.125,21.40445852279663,14.463824272155762,0.0018589509964200804,0.0,0.31618832144886255,4.197900094091892,1.966042973101139
val,base,21832,8,-0.2748626545071602,0.7038117051124573,0.0011944174766540527,0.2512641310691832,0.47753791809081997,0.625,0.125,0.375,0.0,0.25,0.25,0.0,0.0,5.310048520565033,3.5240225791931152,0.26403638661213336,0.1041666641831398,0.25,4.672761082649231,2.121652901172638
val,base,21850,8,-0.15057995170354843,0.5886745452880859,0.010090142488479614,0.28634252548217765,0.43750853538513157,0.625,0.125,0.125,0.0,0.25,0.0,0.0,0.0,6.436628699302673,1.9946494102478027,0.08377179725715189,0.02916666865348816,0.0,5.097528159618378,2.2275931537151337
val,base,21890,8,-0.28805746883153915,0.1986566185951233,2.256035804748535e-05,0.0708619713783264,0.13475929498672476,0.625,0.0,0.0,0.0,0.25,0.0,0.0,0.125,7.013665534555912,0.9778559803962708,0.02932513147191429,0.0,0.06672599166631699,4.462100215256214,2.0339949056506157
val,base,21915,8,-0.5735892653465271,0.25031161308288574,-1.0,0.14556055068969725,0.19793608188629142,0.375,0.0,0.0,0.0,0.625,0.0,0.0,0.125,7.5325523018836975,4.930938720703125,0.08649320271797478,0.0,0.0,4.126238822937012,1.9470251947641373
val,base,21955,8,-0.1615656353533268,0.8325949907302856,-0.06047441065311432,0.6103410303592681,0.7214680105447767,0.5,0.375,0.25,0.0,0.25,0.125,0.0,0.0,15.949798226356506,9.069720268249512,0.037558452145587395,0.2666666656732559,0.14012273028492928,4.698391318321228,2.1329221427440643
val,base,21959,8,-0.1941167414188385,0.14288944005966187,0.016221672296524048,0.14034711718559265,0.14161827862262727,0.75,0.0,0.0,0.0,0.25,0.0,0.0,0.0,7.632680922746658,3.842787504196167,0.055902328195398976,0.0,0.0,4.718757390975952,2.135963588953018
val,base,21972,8,0.1828701717313379,0.7424425482749939,0.026394903659820557,0.5995794653892517,0.6710110068321227,0.875,0.25,0.25,0.0,0.0,0.0,0.0,0.375,11.621241927146912,3.667797088623047,0.18309370955648774,0.0,0.00022354000248014927,3.903165578842163,1.7933013439178467
val,base,22014,8,-0.48689260333776474,0.0722704529762268,-0.49970608949661255,0.040507793426513665,0.05638912320137021,0.5,0.0,0.125,0.0,0.5,0.0,0.0,0.25,8.072382420301437,1.211913824081421,0.024460692889988422,0.125,0.0,3.799311414361,1.8511512354016304
val,base,22090,8,-0.24995196610689163,0.00019502639770507812,2.6226043701171875e-06,0.00011750459671020506,0.00015626549720764154,0.625,0.0,0.0,0.0,0.125,0.125,0.0,0.125,26.901938438415527,23.084300994873047,4.873437040699147e-05,0.0,0.125,4.796033531427383,2.159996248781681
val,base,22098,8,-0.37494007498025894,0.0004724264144897461,0.0,0.00014660954475402823,0.00030951797962188696,0.25,0.0,0.0,0.0,0.375,0.0,0.0,0.125,15.058743596076965,11.351433753967285,0.0027040195014936775,0.0,0.0,4.320968747138977,1.9837458953261375
val,base,22119,8,-0.038604989647865295,0.9551921486854553,0.012587517499923706,0.7658799886703491,0.8605360686779021,0.75,0.25,0.375,0.0,0.25,0.125,0.125,0.0,6.261659037321806,0.18881258368492126,0.18902374933168176,0.22500000149011612,0.1875,4.706934452056885,2.1081111431121826
val,base,22142,8,0.37238451838493347,0.9591970443725586,0.06609991192817688,0.9438580751419068,0.9515275597572327,1.0,0.375,0.375,0.0,0.0,0.0,0.0,0.0,7.555747330188751,5.791797161102295,0.14769317395985126,0.3333333283662796,0.0,4.61166125535965,2.1036156117916107
val,base,22167,8,-0.2452658861875534,0.013523280620574951,0.004523932933807373,0.00976802110671997,0.011645650863647458,0.75,0.0,0.0,0.0,0.25,0.25,0.0,0.125,9.35485953092575,4.203222751617432,0.014013439504196867,0.0,0.25,4.410141736268997,1.9805449098348618
val,base,22249,8,-0.2738775685429573,0.32844799757003784,0.0018151402473449707,0.18072461485862729,0.2545863062143325,0.625,0.125,0.125,0.0,0.125,0.125,0.0,0.0,5.708485374227166,0.2194710522890091,0.06233620909915771,0.125,0.21121377497911453,5.076622724533081,2.2545382380485535
val,base,22275,8,-0.24247179925441742,0.04250502586364746,0.001360088586807251,0.02089726328849792,0.031701144576072676,0.75,0.0,0.0,0.0,0.25,0.0,0.0,0.0,15.06103765964508,9.388227462768555,0.007890542065354111,0.0,0.0,4.794272541999817,2.172710657119751
val,base,22296,8,0.04323432804085314,0.34330981969833374,9.796023368835449e-05,0.10865337252616876,0.2259815961122511,0.875,0.125,0.0,0.0,0.0,0.0,0.0,0.0,20.014718890190125,7.297158241271973,0.04465653907709566,0.0,0.001422216882929206,4.583322823047638,2.095315605401993
val,base,22307,8,-0.006913386285305023,0.011288881301879883,0.0007060766220092773,0.009474962949752808,0.010381922125816343,0.625,0.0,0.0,0.0,0.0,0.0,0.125,0.125,11.699547231197357,6.636539936065674,0.05558661815260899,0.0,0.0625,4.705665215849876,2.0851021111011505
val,base,22433,8,-0.1249997466802597,0.0,0.0,0.0,0.0,0.0,0.0,0.0,0.0,0.0,0.125,0.0,0.0,29.41225552558899,22.019075393676758,2.55264810259072e-07,0.0,0.125,5.0035640597343445,2.2564979791641235
val,base,22521,8,-0.0839916244149208,0.929894745349884,0.006516814231872559,0.3304790735244749,0.630186909437179,0.75,0.125,0.125,0.0,0.0,0.125,0.0,0.0,13.855948030948639,6.206492900848389,0.07324481086692458,0.10833333432674408,0.21419693529605865,4.664431869983673,2.137008637189865
val,base,22540,8,0.07057583332061768,0.4101550579071045,0.014717698097229004,0.17931178212165827,0.29473342001438124,1.0,0.125,0.0,0.0,0.0,0.0,0.0,0.0,18.14786982536316,6.726649284362793,0.07057583288025171,0.0,0.0,4.970367848873138,2.1829900443553925
val,base,22573,8,0.053343288600444794,0.2240263819694519,0.015627026557922363,0.1678569972515106,0.19594168961048122,1.0,0.0,0.0,0.0,0.0,0.0,0.0,0.0,15.840558290481567,8.484709739685059,0.053343289252410386,0.0,0.0,4.7899892926216125,2.1809260547161102
val,base,22639,8,-0.18371987342834473,1.0,-0.4997052848339081,0.9037910640239716,0.9518955320119857,0.5,0.375,0.375,0.125,0.375,0.125,0.0,0.125,13.809580743312836,4.318579196929932,0.21210037082119015,0.22083333134651184,0.125,4.387674443423748,2.0188189074397087
val,base,22658,8,-0.2704894170165062,0.7906736731529236,-0.1441139578819275,0.47068412303924556,0.6306788980960844,0.25,0.25,0.375,0.0,0.0,0.625,0.125,0.0,18.44929552078247,3.3420181274414062,0.10946167094988482,0.2541666626930237,0.6875,4.597170472145081,2.0867673456668854
val,base,22719,8,-0.4982685297727585,0.00653231143951416,-0.4963451623916626,0.001959693431854247,0.004246002435684201,0.125,0.0,0.0,0.0,0.0,0.5,0.25,0.0,24.111791491508484,15.805632591247559,0.001740978012047937,0.0,0.625,4.917888164520264,2.2160718142986298
val,base,22744,8,0.060208000242710114,0.7072444558143616,0.00015226006507873535,0.6955023646354676,0.7013734102249145,0.625,0.25,0.375,0.0,0.0,0.125,0.0,0.0,5.918710917234421,2.9966509342193604,0.2775224067640487,0.10000000149011612,0.254240071401,4.753306031227112,2.1336819678545
val,base,22798,8,-0.7128347530961037,0.008803904056549072,-0.967252641916275,0.0026493906974792464,0.005726647377014156,0.25,0.0,0.125,0.0,0.125,0.75,0.0,0.0,6.65810751914978,3.4696078300476074,0.037165252648037495,0.125,0.75,4.572467386722565,2.0795565843582153
val,base,22883,8,0.2114755380898714,1.0,0.0,0.97848140001297,0.989240700006485,0.25,0.25,0.25,0.125,0.0,0.0,0.0,0.0,24.478604435920715,4.414902687072754,0.15340842818583184,0.22500000149011612,0.03468206338584423,4.6875468492507935,2.1017978340387344
val,base,22924,8,0.0002051815390586853,0.0015466809272766113,8.940696716308594e-08,0.0005298852920532224,0.0010382831096649161,0.5,0.0,0.0,0.0,0.0,0.0,0.0,0.0,25.491010665893555,18.9401798248291,0.00020518123794304854,0.0,0.0,4.665998876094818,2.0964330285787582
val,base,22956,8,-0.1322825327515602,0.45833712816238403,0.0513920783996582,0.38900672793388363,0.4236719280481338,0.625,0.25,0.125,0.0,0.25,0.125,0.0,0.0,5.736091919243336,0.7137609124183655,0.14305413655529264,0.14166667312383652,0.125,4.980697691440582,2.182135671377182
val,base,23075,8,-0.4561549350619316,0.13857895135879517,-0.39454352855682373,0.04245963692665097,0.090519294142723,0.5,0.0,0.0,0.0,0.25,0.125,0.125,0.125,13.774330973625183,6.840747833251953,0.07930180904362477,0.0,0.28613612055778503,4.4945449233055115,2.014259971678257
val,base,23083,8,-0.05504754185676575,0.9043236970901489,1.4901161193847656e-06,0.27551720738410934,0.5899204522371287,0.75,0.125,0.25,0.0,0.125,0.125,0.0,0.125,13.39148062467575,3.7004480361938477,0.21723060425251806,0.21249999850988388,0.22697758674621582,4.331744804978371,1.9783124774694443
val,base,23101,8,-0.002116838004440069,0.00015592575073242188,5.036592483520508e-06,8.278489112854002e-05,0.00011935532093048089,0.75,0.0,0.0,0.0,0.0,0.0,0.0,0.0,25.926630973815918,16.419498443603516,0.0007076891097346424,0.0,0.002824523951858282,4.92916601896286,2.209614932537079
val,base,23119,8,-0.7511600013822317,5.960464477539062e-07,-0.9999786615371704,-0.10674119740724566,-0.053370300680399024,0.125,0.0,0.0,0.0,0.125,0.625,0.125,0.0,19.306918144226074,7.178497314453125,0.0557619515877974,0.012499995529651642,0.7065996434539557,4.645330190658569,2.1038625240325928
val,base,23138,8,-0.14893340319395065,0.7598108053207397,0.00016185641288757324,0.2593941450119017,0.5096024751663204,0.75,0.125,0.25,0.0,0.125,0.125,0.0,0.0,13.13587474822998,3.696685314178467,0.19235260055120307,0.0,0.125,5.5514368414878845,2.233926683664322
val,base,23186,8,0.3780347555875778,0.9813882112503052,0.07667428255081177,0.966616427898407,0.9740023195743561,1.0,0.375,0.375,0.0,0.0,0.0,0.0,0.0,6.529709488153458,3.7750632762908936,0.1805320458861388,0.34166666120290756,0.0,4.89120352268219,2.1929602324962616
val,base,23188,8,-0.6107821762561798,0.09970444440841675,-0.9998092949390411,0.039466083049774156,0.06958526372909542,0.375,0.0,0.125,0.0,0.375,0.5,0.125,0.0,6.028778254985809,2.683380603790283,0.1195270411537308,0.0,0.5970510095357895,6.288273334503174,2.2957819402217865
val,base,23203,8,0.0035385489463806152,0.023351609706878662,0.0009097456932067871,0.008070468902587887,0.015711039304733266,1.0,0.0,0.0,0.0,0.0,0.0,0.0,0.0,21.20331561565399,13.466919898986816,0.00353855907627576,0.0,0.0,4.723067998886108,2.1444784104824066
val,base,23236,8,-0.1913893148303032,0.8317371606826782,0.008951634168624878,0.6679224550724029,0.7498298078775405,0.625,0.25,0.25,0.125,0.25,0.25,0.125,0.0,6.486651763319969,1.362357497215271,0.08404734808908643,0.22083333134651184,0.37898796051740646,4.863969326019287,2.178018629550934
val,base,23289,8,0.03585055470466614,0.18281888961791992,0.015579015016555786,0.08627295494079587,0.13454592227935783,0.875,0.0,0.0,0.0,0.0,0.0,0.0,0.0,7.307903230190277,5.730443477630615,0.035850559135965465,0.0,0.0,4.99122941493988,2.217716798186302
val,base,23291,8,-0.12407051771879196,0.4679951071739197,0.00011530518531799316,0.1676809906959533,0.3178380489349363,0.5,0.125,0.0,0.0,0.0,0.125,0.125,0.0,18.214976251125336,6.25639009475708,0.06342948533129839,0.0,0.1875,4.632766783237457,2.109195277094841
val,base,23367,8,-0.10676620900630951,0.054023802280426025,0.0028097331523895264,0.030509996414184566,0.04226689934730528,0.875,0.0,0.0,0.0,0.0,0.0,0.0,0.0,6.933063089847565,3.0137176513671875,0.015455361847216409,0.0,0.12222156673669815,4.67798238992691,2.1091126203536987
val,base,23406,8,-0.21683137794025242,0.16030246019363403,0.0,0.13212316036224364,0.1462128102779388,0.375,0.0,0.0,0.0,0.0,0.25,0.0,0.0,21.890002369880676,9.311957359313965,0.03521469411816952,0.0,0.2520460702944547,4.745811879634857,2.1110252141952515
val,base,23420,8,0.07849448174238205,0.20436352491378784,0.05250510573387146,0.16180317997932434,0.18308335244655605,1.0,0.0,0.0,0.0,0.0,0.0,0.0,0.0,6.570783793926239,3.6113667488098145,0.07849448709748685,0.0,0.0,5.989525496959686,2.3659088909626007
val,base,23465,8,0.00024734437465667725,0.0019428730010986328,3.8743019104003906e-07,0.0006060600280761715,0.0012744665145874015,0.875,0.0,0.0,0.0,0.0,0.0,0.0,0.0,27.536029815673828,18.480667114257812,0.0002473455184029971,0.0,0.0,5.134969770908356,2.23846635222435
val,base,23495,8,0.10466472059488297,0.7059122323989868,0.005468398332595825,0.2815364062786101,0.49372431933879823,0.75,0.125,0.125,0.0,0.0,0.0,0.0,0.0,10.619454681873322,6.902574062347412,0.04952324769916483,0.07500000298023224,0.0,4.9778151512146,2.2098383009433746
val,base,23498,8,-0.3326621912547125,0.00592273473739624,-4.960601654602215e-05,0.004324734210968018,0.005123734474182128,0.5,0.0,0.0,0.0,0.125,0.25,0.0,0.0,22.00258159637451,12.529014587402344,0.006230615154375174,0.03750000149011612,0.2725586146243586,4.987274408340454,2.21503484249115
val,base,23521,8,0.00826697051525116,0.041343092918395996,0.002920001745223999,0.020783877372741694,0.03106348514556883,1.0,0.0,0.0,0.0,0.0,0.0,0.0,0.0,15.070670485496521,9.961040496826172,0.008266979537260966,0.0,0.0,4.803258776664734,2.1601838767528534
val,base,23540,8,0.007494846358895302,0.412026047706604,0.0,0.36729809641838074,0.3896620720624923,0.25,0.25,0.0,0.0,0.0,0.0,0.125,0.0,25.616488337516785,6.7111921310424805,0.09501939555253233,0.0,0.0875245463103056,4.712573170661926,2.1162324845790863
val,base,23544,8,0.022060126066207886,0.7673048377037048,0.00036466121673583984,0.5154620826244354,0.64138346016407,0.875,0.25,0.125,0.0,0.125,0.0,0.0,0.0,13.678386718034744,3.6136863231658936,0.14738658431235763,0.0,0.0,4.611867994070053,2.107669308781624
val,base,23652,8,0.0019185170531272888,0.006833970546722412,0.0015182197093963623,0.003787797689437865,0.005310884118080137,1.0,0.0,0.0,0.0,0.0,0.0,0.0,0.125,16.209453344345093,11.760568618774414,0.0019185114588253782,0.0,0.0,4.2749931290745735,1.969535917043686
val,base,23676,8,0.24245349317789078,0.7958254218101501,0.1500817835330963,0.6290932178497314,0.7124593198299407,1.0,0.25,0.25,0.0,0.0,0.0,0.0,0.25,9.347247391939163,3.251539945602417,0.24245349169359542,0.0,0.0,3.9728332459926605,1.870726317167282
val,base,23700,8,-0.46970415115356445,0.6686524748802185,-0.9816752374172211,0.5180485188961028,0.5933504968881606,0.375,0.25,0.375,0.25,0.5,0.5,0.0,0.0,4.654167339205742,1.4042996168136597,0.17344250436872244,0.12083332985639572,0.6103882268071175,4.856094598770142,2.167102128267288
val,base,23739,8,0.0677102655172348,0.9660754799842834,0.03399011492729187,0.8581608355045318,0.9121181577444075,0.75,0.375,0.375,0.0,0.25,0.0,0.0,0.0,12.232786178588867,4.327540874481201,0.2440941094791924,0.23333333432674408,0.02094908244907856,5.580547630786896,2.321239858865738
val,base,23829,8,0.2976449877023697,1.0,0.03899148106575012,0.7693634629249573,0.8846817314624784,1.0,0.375,0.375,0.125,0.0,0.0,0.0,0.125,6.669607639312744,3.7412075996398926,0.1853683888912201,0.19999999552965164,0.032624985731672496,4.239900253713131,1.9657845497131348
val,base,23973,8,-0.5536762103438377,0.040623366832733154,-0.7415729463100433,0.020390677452087398,0.030507022142410262,0.375,0.0,0.0,0.0,0.5,0.0,0.125,0.0,12.691831827163696,7.409631729125977,0.014055225838092156,0.0,0.0625,4.788204908370972,2.1410185396671295
val,base,24044,8,-0.3127318099141121,0.188315749168396,0.0005783438682556152,0.10278471112251279,0.14555023014545435,0.625,0.0,0.0,0.0,0.25,0.0,0.0,0.0,17.164151072502136,8.921980857849121,0.03315669348285155,0.0,0.09515871107578278,4.771113932132721,2.130488693714142
val,base,24064,8,-0.09370805090293288,0.5622966885566711,0.09203371405601501,0.36054711937904355,0.4614219039678572,0.75,0.125,0.125,0.0,0.0,0.25,0.0,0.0,10.715244233608246,5.4989094734191895,0.15686199388983368,0.0,0.2505700492183678,4.7389310002326965,2.1099645495414734
val,base,24138,8,-0.10511785000562668,0.12926149368286133,0.0005629062652587891,0.051717495918273904,0.09048949480056756,0.875,0.0,0.0,0.0,0.125,0.0,0.0,0.125,13.692000389099121,8.05698013305664,0.01988365150566551,0.0,0.0,4.567132569849491,2.0589151680469513
val,base,24163,8,0.002333190757781267,0.9239603877067566,-0.15628738515079021,0.9085629642009735,0.916261675953865,0.375,0.375,0.5,0.125,0.0,0.25,0.0,0.375,8.186579555273056,3.4530739784240723,0.3409387104253483,0.10000000149011612,0.413620448904112,3.2784143313765526,1.6543670371174812
val,base,24191,8,-0.23640736192464828,0.055413663387298584,0.005560576915740967,0.035558360815048214,0.04548601210117338,0.75,0.0,0.0,0.0,0.125,0.125,0.0,0.0,16.44096612930298,10.285843849182129,0.013614496190712089,0.0,0.125,4.9771342277526855,2.241776704788208
val,base,24199,8,-0.460984175093472,0.06856948137283325,-0.4358995147049427,0.03197910785675048,0.05027429461479184,0.375,0.0,0.0,0.0,0.25,0.125,0.0,0.0,13.797070741653442,8.426736831665039,0.046612820064183325,0.02916666865348816,0.2549566300585866,4.727516770362854,2.1325829923152924
val,base,24257,8,-0.19551269710063934,1.0,-0.48881426453590393,0.9585905492305755,0.9792952746152878,0.5,0.375,0.375,0.125,0.25,0.25,0.0,0.0,10.387964129447937,4.522042751312256,0.28906250532256905,0.2291666641831398,0.3408823609352112,4.988089382648468,2.196197986602783
val,base,24334,8,-0.24688061326742172,0.8201203942298889,0.0007976293563842773,0.2800736129283904,0.5500970035791393,0.625,0.125,0.125,0.0,0.0,0.25,0.0,0.0,8.64321967959404,3.862009286880493,0.033866084232158755,0.10000000149011612,0.37068650871515274,4.855611801147461,2.133755773305893
val,base,24351,8,0.06513562798500061,0.5311294198036194,0.14990368485450745,0.47297400832176206,0.5020517140626907,0.75,0.375,0.375,0.0,0.125,0.125,0.0,0.0,7.255972146987915,1.3646297454833984,0.2678380554688715,0.21250000596046448,0.125,4.750158786773682,2.1025217920541763
val,base,24352,8,-0.6293815448880196,0.7857959270477295,-0.9453216195106506,0.22381844520568833,0.5048071861267085,0.125,0.125,0.25,0.125,0.0,0.75,0.125,0.0,14.474853277206421,3.860342502593994,0.1829826292858317,0.23749999701976776,0.9311550036072731,4.578305542469025,2.0771832019090652
val,base,24366,8,-0.4875868931412697,0.058132827281951904,-0.49888646602630615,0.03674999475479125,0.047441411018371564,0.5,0.0,0.0,0.0,0.5,0.0,0.0,0.0,7.740787908434868,1.2733033895492554,0.026921714656054974,0.0,0.1656050942838192,4.92853307723999,2.1934456527233124
val,base,24383,8,-0.3639638423919678,0.08812040090560913,0.0,0.02655311226844786,0.057336756587028456,0.375,0.0,0.0,0.0,0.0,0.375,0.125,0.0,26.142626881599426,10.673579216003418,0.011036215774942128,0.0,0.4375,4.895610928535461,2.1602011620998383
val,base,24408,8,0.18147513270378113,1.0,0.044525325298309326,0.5119948387145995,0.7559974193572995,1.0,0.25,0.125,0.125,0.0,0.0,0.0,0.0,9.915218353271484,4.033923149108887,0.14743468180577235,0.10000000149011612,0.0,5.850066065788269,2.2676981985569
val,base,24409,8,-0.44027162343263626,0.3723090887069702,-0.46056297421455383,0.11990440487861627,0.24610674679279307,0.5,0.125,0.125,0.0,0.25,0.375,0.0,0.0,6.698290705680847,2.916213035583496,0.16483160902862437,0.0,0.375,4.996079623699188,2.217429906129837
val,base,24457,8,-0.5465895161032677,0.9000077247619629,-0.9245586097240448,0.14200910925865157,0.5210084170103068,0.125,0.125,0.5,0.0,0.125,0.5,0.0,0.125,16.95714971423149,3.761272668838501,0.2023830403268823,0.23750000447034836,0.731140173971653,4.2496450543403625,1.9662327393889427
val,base,24613,8,0.10561210662126541,0.8448241949081421,3.427267074584961e-06,0.25348472595214827,0.5491544604301448,0.75,0.125,0.125,0.0,0.0,0.0,0.0,0.375,17.279718339443207,6.138077259063721,0.06035248480323024,0.08750000596046448,0.0,3.616141438484192,1.6518215835094452
val,base,24669,8,-0.2694638818502426,0.7454489469528198,0.013458251953125,0.25583990216255176,0.5006444245576855,0.625,0.125,0.125,0.0,0.25,0.125,0.0,0.125,6.504785239696503,3.8328468799591064,0.034533788637418183,0.09166666865348816,0.125,4.956690579652786,2.164053224027157
val,base,24680,8,-0.2494579181075096,0.004024088382720947,3.5762786865234375e-07,0.0014047026634216302,0.0027143955230712873,0.625,0.0,0.0,0.0,0.125,0.25,0.0,0.0,27.324551105499268,17.022842407226562,0.0005420845015347425,0.0,0.25,5.793187260627747,2.2845225632190704
val,base,24774,8,-0.3183591365814209,0.3853450417518616,0.010515272617340088,0.13475177288055412,0.2600484073162077,0.625,0.125,0.0,0.0,0.375,0.0,0.0,0.125,6.072025775909424,2.9798154830932617,0.06480777193792164,0.07916666567325592,0.0,5.327937215566635,2.1048068329691887
val,base,24815,8,-0.1209401860833168,0.02054363489151001,9.238719940185547e-07,0.014448451995849609,0.017496043443679804,0.875,0.0,0.0,0.0,0.125,0.0,0.0,0.0,25.53260326385498,13.728841781616211,0.004066320114652466,0.0,6.504381872218801e-06,4.874690890312195,2.1755388379096985
val,base,24838,8,0.22262459993362427,0.7483330368995667,0.2707188129425049,0.5497539341449738,0.6490434855222701,0.875,0.5,0.125,0.0,0.0,0.125,0.0,0.0,6.786120563745499,3.8205173015594482,0.34763864148408175,0.0,0.12501404618978995,4.7969536781311035,2.1571131497621536
val,base,24997,8,-0.06496428698301315,0.4685782194137573,0.00015717744827270508,0.1482304334640502,0.3084043264389036,0.875,0.125,0.0,0.0,0.0,0.125,0.0,0.125,17.65406107902527,6.251700401306152,0.06003572208130237,0.0,0.125,4.196745775640011,1.9334659576416016
val,base,25049,8,0.2944144085049629,0.7051536440849304,0.6464934349060059,0.6881822526454926,0.6966679483652115,0.875,0.625,0.75,0.0,0.125,0.0,0.0,0.0,4.823281466960907,3.7777462005615234,0.49660122639906135,0.0,0.0,5.105209052562714,2.230385333299637
val,base,25127,8,-0.5159898549318314,2.384185791015625e-07,-0.5296390950679779,-0.022203958034515386,-0.011101859807968156,0.125,0.0,0.375,0.0,0.0,0.875,0.0,0.0,20.003651916980743,4.4666619300842285,0.21054348419487656,0.3374999985098839,0.875,5.075246155261993,2.2546535432338715
val,base,25144,8,-0.12110867351293564,0.02812093496322632,0.00037476420402526855,0.00928021669387817,0.01870057582855223,0.875,0.0,0.0,0.0,0.125,0.0,0.0,0.25,19.05684459209442,11.314945220947266,0.003969622527904448,0.0,0.0,3.9163322001695633,1.8638600409030914
val,base,25174,8,-0.060426145792007446,0.11891734600067139,0.021379828453063965,0.0591399848461151,0.0890286654233932,0.875,0.0,0.0,0.0,0.0,0.0,0.0,0.375,5.893963575363159,3.7902181148529053,0.037778548430651426,0.0,0.09820470213890076,3.5872865840792656,1.7016924321651459
val,base,25176,8,0.1129302978515625,0.7522302269935608,0.4451715350151062,0.6893427312374115,0.7207864791154861,0.75,0.625,0.375,0.0,0.0,0.25,0.0,0.0,8.592043727636337,3.778702974319458,0.3159802271562313,0.05833332985639572,0.25,5.190448820590973,2.310004621744156
val,base,25209,8,-0.29192980006337166,0.0002359151840209961,-0.06665545701980591,8.095502853393551e-05,0.0001584351062774657,0.25,0.0,0.0,0.0,0.0,0.125,0.0,0.0,26.54947555065155,14.875662803649902,0.0014917387467421536,0.0,0.29342153295874596,5.06002813577652,2.2508576810359955
val,base,25211,8,-0.1242683008313179,0.0023548007011413574,0.0005835890769958496,0.0014888346195220945,0.0019218176603317254,0.75,0.0,0.0,0.0,0.0,0.125,0.0,0.0,21.490088939666748,18.09787940979004,0.0007316965227711081,0.0,0.125,5.721788644790649,2.3615627586841583
val,base,25219,8,0.12044525891542435,0.6029488444328308,0.041914939880371094,0.2801686346530914,0.4415587395429609,1.0,0.125,0.125,0.0,0.0,0.0,0.0,0.0,10.505255818367004,8.603414535522461,0.04599814978428185,0.07500000298023224,0.0,5.050035893917084,2.215874969959259
val,base,25224,8,-0.11571015417575836,0.466802716255188,0.018179982900619507,0.43837007284164425,0.4525863945484161,0.75,0.25,0.125,0.0,0.125,0.0,0.125,0.25,4.974275559186935,2.3769166469573975,0.16578877484425902,0.125,0.17197002470493317,3.8889407739043236,1.8525152578949928
val,base,25247,8,-0.05236863158643246,0.42682451009750366,0.00776904821395874,0.3149212062358856,0.3708728581666946,0.75,0.125,0.0,0.0,0.0,0.125,0.0,0.0,13.247689306735992,6.476297855377197,0.07557994586841232,0.02916666865348816,0.15583586506545544,4.809709846973419,2.153761178255081
val,base,25341,8,-0.3542690724134445,0.05484139919281006,0.019826740026474,0.04192404747009277,0.048382723331451404,0.625,0.0,0.0,0.0,0.375,0.0,0.0,0.125,6.002849459648132,3.6507654190063477,0.057686785236001015,0.0,0.0,4.9020607098937035,2.1221805289387703
val,base,25404,8,-0.11029534786939621,0.6692267656326294,0.005215436220169067,0.49322949647903436,0.5812281310558318,0.75,0.25,0.375,0.0,0.25,0.0,0.0,0.0,10.537148773670197,5.504317283630371,0.22006858100257887,0.2666666731238365,0.0,4.88191145658493,2.1821332424879074
val,base,25429,8,-0.23458092659711838,0.043253958225250244,0.002190202474594116,0.04144546389579773,0.04234971106052399,0.75,0.0,0.0,0.0,0.125,0.125,0.0,0.0,6.817734450101852,3.7558605670928955,0.013898320077714743,0.0,0.24667390435934067,4.877450883388519,2.172326296567917
val,base,25450,8,-0.4599285274744034,0.013443231582641602,-0.34644508361816406,0.004032969474792478,0.008738100528717034,0.125,0.0,0.0,0.0,0.0,0.375,0.0,0.0,20.988937854766846,14.472379684448242,0.001682745546177099,0.0,0.4616112783551216,4.683577835559845,2.100964978337288
val,base,25465,8,0.004030384123325348,0.031110405921936035,6.3478946685791016e-06,0.010110342502593989,0.020610374212264998,1.0,0.0,0.0,0.0,0.0,0.0,0.0,0.0,24.927441477775574,12.877215385437012,0.004030384512056173,0.0,0.0,4.755522668361664,2.1503548473119736
val,base,25470,8,-0.35383645072579384,0.0,-0.005893275141716003,0.0,0.0,0.0,0.0,0.0,0.0,0.0,0.25,0.0,0.0,29.388091802597046,10.051074981689453,0.014573887499817091,0.0,0.368410337716341,5.289043486118317,2.3621371388435364
val,base,25485,8,-0.34734705090522766,0.40381574630737305,-0.10126680135726929,0.1211490631103515,0.2624824047088621,0.375,0.125,0.0,0.0,0.0,0.375,0.0,0.0,15.89102303981781,5.794965744018555,0.052985499156145366,0.0,0.4003325551748276,5.290276944637299,2.3202040791511536
val,base,25528,8,-0.03126109391450882,1.0,0.043977558612823486,0.5707879483699798,0.7853939741849896,0.625,0.25,0.125,0.125,0.25,0.0,0.0,0.0,6.288022547960281,3.485126495361328,0.17772567366574565,0.06666666269302368,0.0,5.061851382255554,2.2384191751480103
val,base,25622,8,-0.05011779069900513,0.4456559419631958,0.023998379707336426,0.17421836256980888,0.3099371522665022,0.875,0.125,0.0,0.0,0.125,0.0,0.0,0.0,4.961147874593735,3.8371260166168213,0.07488220412051305,0.0,0.0,4.555401861667633,2.0901470333337784
val,base,25638,8,0.014092065393924713,0.05519735813140869,0.01054537296295166,0.02794902920722961,0.041573193669319136,1.0,0.0,0.0,0.0,0.0,0.0,0.0,0.0,8.244194358587265,3.4248831272125244,0.014092070769265774,0.0,0.0,4.661086559295654,2.087009698152542
val,base,25642,8,-0.39598795026540756,0.5503814220428467,-0.36141344904899597,0.1680134415626525,0.3591974318027493,0.5,0.125,0.125,0.0,0.125,0.25,0.0,0.0,5.310408614575863,0.1922275424003601,0.06936950872852776,0.0,0.3403574600815773,4.9954347014427185,2.229041188955307
val,base,25643,8,-0.08968205004930496,0.09955310821533203,0.02577701210975647,0.07556240558624266,0.08755775690078733,0.875,0.0,0.0,0.0,0.125,0.0,0.0,0.5,7.837244927883148,4.733498573303223,0.08688082901062444,0.0,0.0,2.875265657901764,1.5115119442343712
val,base,25691,8,-0.18861350417137146,1.0,-0.3880499005317688,0.9933417201042175,0.9966708600521088,0.5,0.25,0.5,0.5,0.25,0.625,0.0,0.25,10.146072000265121,3.6177213191986084,0.30388957135482997,0.4749999865889549,0.625,4.033022738993168,1.9043800607323647
val,base,25808,8,0.06591615825891495,0.29086005687713623,0.008868217468261719,0.21629509925842283,0.2535775780677795,1.0,0.0,0.0,0.0,0.0,0.0,0.0,0.0,13.088622152805328,6.004364967346191,0.06591616328000782,0.0,0.0,4.734920501708984,2.1531619280576706
val,base,25852,8,-0.018418457359075546,0.0008422136306762695,2.682209014892578e-07,0.0005573689937591552,0.0006997913122177121,0.75,0.0,0.0,0.0,0.0,0.0,0.0,0.0,25.36586856842041,20.157175064086914,0.00017962700676510401,0.0,0.018598075956106186,4.798403084278107,2.1485937535762787
val,base,25873,8,-0.7359870225191116,0.11210352182388306,-1.0,0.033631056547164896,0.07286728918552393,0.125,0.0,0.0,0.0,0.0,0.75,0.125,0.125,29.345165848731995,10.13886547088623,0.014012972188758561,0.0,0.8125,4.378682695329189,2.0081440582871437
val,base,25894,8,-0.6460819840431213,0.76099693775177,-1.0,0.2775421142578124,0.5192695260047909,0.25,0.125,0.125,0.0,0.75,0.0,0.0,0.375,4.39540097117424,1.5104048252105713,0.15865772496908903,0.0,0.0,3.308240331709385,1.6563091427087784
val,base,25967,8,-0.35729997605085373,0.0682063102722168,0.0,0.04992676973342895,0.05906654000282286,0.375,0.0,0.0,0.0,0.375,0.0,0.0,0.0,10.871368706226349,3.961751937866211,0.10190460225567222,0.0,0.0,4.7832419872283936,2.18391016125679
val,base,25985,8,0.3230937421321869,0.934395432472229,0.1852024495601654,0.8079572916030884,0.8711763620376586,1.0,0.5,0.375,0.0,0.0,0.0,0.0,0.0,7.720069587230682,2.4703712463378906,0.11684368379064836,0.2541666626930237,0.0,4.572120785713196,2.1123621463775635
val,base,25997,8,-0.41896201856434345,0.029541432857513428,-0.2591531053185463,0.011731445789337155,0.02063643932342528,0.375,0.0,0.0,0.0,0.125,0.375,0.0,0.125,14.228976011276245,9.049485206604004,0.022187009043411754,0.0,0.43980456329882145,4.163471430540085,1.976024679839611
val,base,26080,8,0.2727854251861572,0.5418595671653748,0.26096510887145996,0.49894824624061584,0.5204039067029953,1.0,0.5,0.125,0.0,0.0,0.0,0.0,0.0,4.6601546704769135,3.4824368953704834,0.2727854298427701,0.0,0.0,5.484268248081207,2.246006190776825
val,base,26111,8,-0.36222313344478607,0.09139299392700195,0.00011444091796875,0.03460827469825743,0.06300063431262966,0.625,0.0,0.125,0.0,0.375,0.125,0.0,0.0,14.489949643611908,4.282668113708496,0.023222639478262863,0.05833332985639572,0.125,4.526539146900177,2.0669306367635727
val,base,26134,8,-0.13638382218778133,0.9283026456832886,0.0007432699203491211,0.31666681766509996,0.6224847316741939,0.625,0.125,0.125,0.125,0.25,0.0,0.0,0.75,7.300900340080261,2.4547104835510254,0.13281216870109347,0.11666666716337204,0.05641714669764042,1.845912680029869,1.1754632890224457
val,base,26137,8,-0.09741659462451935,0.07679885625839233,0.011952430009841919,0.045226955413818354,0.06101290583610532,0.875,0.0,0.0,0.0,0.0,0.125,0.0,0.0,8.368330419063568,4.866415977478027,0.027583408600548864,0.0,0.125,4.793709099292755,2.1441600024700165
val,base,26294,8,-0.361421562731266,0.23278862237930298,-0.11039239168167114,0.13746968507766721,0.18512915372848504,0.5,0.0,0.25,0.0,0.125,0.25,0.25,0.375,15.740411162376404,3.7301597595214844,0.23021646555641873,0.02916666865348816,0.4345150887966156,3.459463581442833,1.672288566827774
val,base,26333,8,-0.2170252613723278,1.0,-0.17368458211421967,0.30058112144470195,0.6502905607223506,0.25,0.125,0.125,0.125,0.125,0.125,0.125,0.25,12.125439047813416,4.21555757522583,0.07378149379749215,0.12083332985639572,0.28188642486929893,4.157610043883324,1.8727014288306236
val,base,26362,8,-0.12578115554060787,0.003650665283203125,1.5914440155029297e-05,0.002519840002059936,0.0030852526426315297,0.75,0.0,0.0,0.0,0.0,0.125,0.0,0.125,23.575677156448364,17.21837615966797,0.001030172986501432,0.0,0.12681132496800274,4.4592191725969315,1.9905785247683525
val,base,26422,8,-0.47347017377614975,0.23157817125320435,-0.5474717617034912,0.11856769919395443,0.1750729352235793,0.375,0.0,0.0,0.0,0.5,0.0,0.0,0.0,6.079113930463791,3.595353841781616,0.07754503126488999,0.0,0.01972489058971405,5.144657015800476,2.2255039662122726
val,base,26438,8,0.010955458623357117,0.08188360929489136,0.0005389750003814697,0.028318005800247178,0.055100807547569235,0.875,0.0,0.0,0.0,0.0,0.0,0.0,0.0,15.572770953178406,9.281606674194336,0.01159940318180075,0.0,0.00064394052606076,4.77229642868042,2.1447127014398575
val,base,26537,8,0.08072010125033557,1.0,0.00012299418449401855,0.539905023574829,0.7699525117874142,0.625,0.25,0.125,0.125,0.0,0.0,0.0,0.0,13.369395017623901,5.048048496246338,0.1310515352089059,0.12083332985639572,0.09825893049128354,5.03408682346344,2.223304033279419
val,base,26562,8,-0.3874172568321228,0.09910273551940918,-0.16707348823547363,0.037727081775665264,0.06841490864753719,0.5,0.0,0.25,0.0,0.25,0.25,0.0,0.125,10.520330876111984,3.5991017818450928,0.2097745521473371,0.0,0.25,4.3136294558644295,2.0075867027044296
val,base,26601,8,0.03478623181581497,0.27762144804000854,3.5434961318969727e-05,0.08352913856506343,0.18057529330253586,0.5,0.0,0.0,0.0,0.0,0.0,0.0,0.0,15.983205199241638,10.263648986816406,0.01221190762177268,0.02499999850988388,0.0,4.730483710765839,2.119710296392441
val,base,26743,8,-0.04862726479768753,0.6608169674873352,0.01966729760169983,0.5201303362846375,0.5904736518859862,0.75,0.375,0.0,0.125,0.25,0.0,0.0,0.125,5.8590779304504395,4.2696332931518555,0.12406575270870235,0.05000000447034836,0.0,4.321956634521484,2.009859189391136
val,base,26779,8,-0.8745751231908798,0.0033990144729614258,-1.0,-0.6989802956581117,-0.3477906405925756,0.125,0.0,0.0,0.0,0.875,0.0,0.0,0.0,6.071078583598137,1.7067092657089233,0.040861898130970076,0.0,0.0,4.568570017814636,2.0642142295837402
val,base,26863,8,-0.23263158649206161,0.045243144035339355,0.012768477201461792,0.04202502965927124,0.0436340868473053,0.75,0.0,0.0,0.0,0.25,0.0,0.0,0.0,6.468376517295837,3.7620387077331543,0.036778687048354186,0.0,0.0,4.954643726348877,2.1902207285165787
val,base,26922,8,-0.44868483394384384,0.35252654552459717,-0.4977473318576813,0.12890168428421014,0.24071411490440353,0.5,0.125,0.0,0.0,0.5,0.0,0.0,0.0,5.862646162509918,3.5728600025177,0.08220476959832013,0.0,0.0,5.715829432010651,2.2978734970092773
val,base,26944,8,-0.5677602514624596,0.41869890689849854,-0.9906488955020905,0.13779845237731925,0.2782486796379087,0.375,0.125,0.0,0.0,0.0,0.5,0.0,0.0,19.106551706790924,6.656233310699463,0.055198443741083736,0.0,0.6229586973786354,4.944539129734039,2.1908929646015167
val,base,26963,8,0.12655971944332123,0.9020767211914062,0.013385176658630371,0.29470584392547594,0.5983912825584408,1.0,0.125,0.125,0.0,0.0,0.0,0.0,0.0,7.978322207927704,3.797752857208252,0.09799876596662216,0.08750000596046448,0.0,5.041837990283966,2.2309566289186478
val,base,27008,8,-0.09850066155195236,0.05266296863555908,0.024960190057754517,0.04495322108268737,0.04880809485912323,0.875,0.0,0.0,0.0,0.125,0.0,0.0,0.0,7.099506914615631,5.678569316864014,0.039403589325957,0.0,0.0,4.990281820297241,2.2044845819473267
val,base,27132,8,0.034546978771686554,0.2398098111152649,0.0017919540405273438,0.09135739803314205,0.16558360457420337,1.0,0.0,0.0,0.0,0.0,0.0,0.0,0.25,15.5690096616745,8.288108825683594,0.03454698197538164,0.0,0.0,4.153167650103569,1.8495487198233604
val,base,27158,8,-0.043131984770298004,0.947008490562439,2.709031105041504e-05,0.2884747684001921,0.6177416294813152,0.625,0.125,0.125,0.0,0.0,0.0,0.0,0.0,15.083290874958038,4.473572254180908,0.087408795164865,0.1041666641831398,0.1636604592204094,4.658009827136993,2.092608019709587
val,base,27159,8,0.07862398773431778,0.3166537284851074,0.001315683126449585,0.3095662832260132,0.3131100058555603,1.0,0.25,0.0,0.0,0.0,0.0,0.0,0.125,14.514446318149567,7.404107570648193,0.07862398286761163,0.0,0.0,4.135674238204956,1.9657473266124725
val,base,27175,8,0.0942520946264267,0.5844994783401489,0.005714088678359985,0.27902069091796866,0.43176008462905857,1.0,0.125,0.125,0.0,0.0,0.0,0.0,0.125,14.326715886592865,5.2232489585876465,0.09425209808250656,0.0,0.0,4.1702598705887794,1.9608168080449104
val,base,27179,8,0.3342728018760681,1.0,0.0032019317150115967,0.9318971395492553,0.9659485697746276,1.0,0.375,0.375,0.125,0.0,0.0,0.0,0.0,10.807303071022034,5.153894901275635,0.20916317802402773,0.2666666731238365,0.0,4.593779563903809,2.0641946494579315
val,base,27186,8,-0.52636793628335,0.0489155650138855,-0.6341024488210678,0.01852943897247314,0.0337225019931793,0.375,0.0,0.125,0.0,0.125,0.25,0.0,0.0,6.908873498439789,4.130877494812012,0.07087513610940732,0.11666666716337204,0.42493511363863945,4.741607904434204,2.1273588240146637
val,base,27204,8,0.3408654034137726,1.0,0.2284066081047058,0.8442473948001861,0.9221236974000929,1.0,0.5,0.375,0.125,0.0,0.0,0.0,0.0,7.417128801345825,4.103726863861084,0.14966329418530222,0.3124999925494194,0.037374347448349,5.189630925655365,2.2948521971702576
val,base,27206,8,-0.06866870517842472,0.225488543510437,0.020648700185120106,0.10100968480110165,0.16324911415576926,0.875,0.0,0.0,0.0,0.0,0.0,0.0,0.25,8.240188777446747,4.526089191436768,0.047846268804278225,0.0,0.1165149777662009,3.9402560740709305,1.8669505417346954
val,base,27208,8,-0.03741111978888512,0.028098702430725098,5.364418029785156e-07,0.00859470963478088,0.018346706032752978,0.875,0.0,0.0,0.0,0.0,0.0,0.0,0.0,26.0128231048584,13.086942672729492,0.003547417615102062,0.0,0.04095853492617607,4.858123242855072,2.170243889093399
val,base,27239,8,-0.23661840707063675,0.03300589323043823,0.009313911199569702,0.03069046139717102,0.031848177313804626,0.75,0.0,0.0,0.0,0.25,0.0,0.0,0.0,7.46448677778244,4.182208061218262,0.04512362863169983,0.0,0.0,4.877160847187042,2.182934492826462
val,base,27312,8,-0.11877411603927612,1.0,-0.10576438903808594,0.8943836390972137,0.9471918195486068,0.375,0.25,0.5,0.125,0.25,0.375,0.125,0.375,12.587702751159668,4.117959022521973,0.2422251061328744,0.5124999955296516,0.4375,3.2795947268605232,1.6526058688759804
val,base,27329,8,-0.12110266089439392,0.9157057404518127,0.001993924379348755,0.3488372921943663,0.6322715163230892,0.75,0.125,0.125,0.0,0.25,0.0,0.0,0.125,15.16567474603653,6.618077754974365,0.06319414881795637,0.10833333432674408,0.016815835377201438,4.690361678600311,2.058385133743286
val,base,27343,8,-0.11031617224216461,0.04699814319610596,0.006665915250778198,0.038183981180191034,0.04259106218814849,0.875,0.0,0.125,0.0,0.125,0.0,0.0,0.125,12.731002807617188,4.270130157470703,0.10237224362475317,0.0,0.0,4.39625009149313,2.0121358186006546
val,base,27360,8,-0.11414219439029694,0.08239555358886719,0.0007436275482177734,0.02575482130050658,0.05407518744468685,0.875,0.0,0.125,0.0,0.125,0.0,0.0,0.25,13.017527535557747,1.613458275794983,0.01085779985623958,0.125,0.0,3.8439482748508453,1.8165695071220398
val,base,27383,8,-0.2437283620238304,0.9400664567947388,0.008567780256271362,0.3131788611412047,0.6266226589679713,0.5,0.125,0.125,0.0,0.0,0.375,0.125,0.125,18.288532435894012,6.805393695831299,0.06384644629236402,0.11249999701976776,0.4375,4.486709997057915,2.013089582324028
val,base,27385,8,-0.6268215957097709,0.0,-0.9921424686908722,0.0,0.0,0.0,0.0,0.0,0.0,0.0,0.625,0.375,0.0,23.238826990127563,14.274137496948242,0.0019647214641215927,0.0,0.8162859785370529,5.15398770570755,2.290767192840576
val,base,27408,8,-0.7654774636030197,0.08621841669082642,-1.0,-0.12116116285324102,-0.017471373081207428,0.125,0.0,0.125,0.0,0.75,0.125,0.0,0.0,4.493431091308594,2.7860937118530273,0.1428315342636779,0.15416666865348816,0.20976885553682223,4.708663821220398,2.1118469536304474
val,base,27487,8,0.17807312309741974,1.0,0.046804279088974,0.4721458792686461,0.7360729396343227,0.875,0.125,0.125,0.125,0.0,0.0,0.0,0.0,6.32325741648674,3.86357045173645,0.06782945511376592,0.12083332985639572,0.0,5.4086955189704895,2.3443069458007812
val,base,27511,8,-0.24362827301956713,0.01556551456451416,8.940696716308594e-08,0.008187299966812132,0.011876407265663141,0.5,0.0,0.0,0.0,0.125,0.125,0.0,0.0,7.165214270353317,3.1326968669891357,0.009257981830050388,0.0,0.12788624526001513,5.344466209411621,2.317156732082367
val,base,27532,8,0.0090065598487854,0.02020484209060669,0.011559247970581055,0.016054213047027588,0.018129527568817135,0.875,0.0,0.0,0.0,0.0,0.0,0.0,0.25,13.41798585653305,7.355175495147705,0.009006553333847478,0.0,0.0,4.187092639505863,1.978643499314785
val,base,27540,8,-0.17903926223516464,0.3309977054595947,1.4930963516235352e-05,0.2649218440055847,0.29795977473258967,0.75,0.125,0.0,0.0,0.25,0.0,0.0,0.25,22.414726853370667,7.407350540161133,0.07096447767116842,0.0,0.0,4.016804061830044,1.920861393213272
val,base,27562,8,0.08324294537305832,0.5908990502357483,0.131182461977005,0.5525128662586212,0.5717059582471847,0.875,0.25,0.375,0.0,0.125,0.0,0.0,0.375,5.00589394569397,1.0171711444854736,0.2082429540216708,0.125,0.0,3.4914245530962944,1.711228497326374
val,base,27636,8,0.040127724409103394,0.6028833389282227,0.022132068872451782,0.5104357957839966,0.5566595673561096,0.875,0.25,0.125,0.0,0.0,0.0,0.0,0.0,11.974156975746155,5.1645894050598145,0.14624635276190645,0.0,0.10611862689256668,4.804163634777069,2.115825653076172
val,base,27637,8,-0.36705831438302994,0.2308809757232666,-0.302619993686676,0.08062152862548824,0.15575125217437732,0.375,0.0,0.125,0.125,0.0,0.375,0.0,0.0,6.57667875289917,4.319477558135986,0.03305355104384944,0.11666666716337204,0.5428203120827675,4.953932881355286,2.208932250738144
val,base,27659,8,-0.24968676269054413,0.0024289488792419434,5.960464477539063e-08,0.000782382488250732,0.0016056656837463365,0.625,0.0,0.0,0.0,0.125,0.125,0.0,0.0,23.97640347480774,18.0356388092041,0.0004650824389648164,0.0,0.125,4.85729306936264,2.1682432889938354
val,base,27668,8,-0.12157166749238968,0.02698761224746704,5.8710575103759766e-06,0.008276486396789545,0.01763204932212828,0.625,0.0,0.0,0.0,0.125,0.0,0.0,0.0,15.253712832927704,7.7712788581848145,0.004100311777132547,0.0,0.0,5.862385034561157,2.366972655057907
val,base,27724,8,-0.14459159970283508,0.8015455007553101,0.0,0.26966850757598865,0.535607004165649,0.25,0.125,0.125,0.0,0.0,0.125,0.25,0.0,21.18575096130371,8.135873794555664,0.03718967608500856,0.09166666865348816,0.25,5.092257380485535,2.223534256219864
val,base,27737,8,-0.12345689535140991,0.002688586711883545,0.00021210312843322754,0.001982462406158447,0.0023355245590209956,0.875,0.0,0.0,0.0,0.0,0.125,0.0,0.0,21.10494816303253,15.95712947845459,0.0015431093531788065,0.0,0.125,4.890730619430542,2.1904212832450867
val,base,27800,8,0.38715870678424835,0.9668256044387817,0.3927924335002899,0.7691484332084655,0.8679870188236235,1.0,0.625,0.375,0.0,0.0,0.0,0.0,0.0,10.543491333723068,3.7900383472442627,0.23270908731967666,0.25833332538604736,0.0,4.549432694911957,2.0854856073856354
val,base,27893,8,0.2720786929130554,0.7672735452651978,0.1862921416759491,0.6171867072582244,0.692230126261711,1.0,0.375,0.25,0.0,0.0,0.0,0.0,0.0,13.720336437225342,8.686660766601562,0.021792627972899936,0.26250000298023224,0.0008645921479910612,6.177979052066803,2.30279178917408
val,base,27916,8,0.12281326949596405,0.816075325012207,0.0039560794830322266,0.30280794501304614,0.5594416350126263,1.0,0.125,0.125,0.0,0.0,0.0,0.0,0.0,14.396830677986145,10.225780487060547,0.030850939185672832,0.10000000149011612,0.0,4.8699973821640015,2.173363745212555
val,base,27926,8,0.02010025829076767,0.5023706555366516,0.22154104709625244,0.4359411060810089,0.4691558808088302,0.75,0.5,0.125,0.0,0.0,0.25,0.0,0.125,9.168330371379852,5.926729202270508,0.2701002496032743,0.0,0.25,4.35747267305851,1.9920521080493927
val,base,27942,8,0.09159426391124725,0.2697451114654541,0.06820175051689148,0.20932016372680662,0.23953263759613033,1.0,0.0,0.0,0.0,0.0,0.0,0.0,0.0,6.010926306247711,3.5795834064483643,0.09159427022677846,0.0,0.0,4.748281240463257,2.1436343789100647
val,base,27953,8,-0.3141607195138931,0.4313633441925049,0.010242998600006104,0.14552110433578486,0.2884422242641447,0.625,0.125,0.0,0.125,0.375,0.0,0.0,0.0,7.1340140998363495,3.7140214443206787,0.09175760178186465,0.0,0.0,4.8359644412994385,2.1616558581590652
val,base,27979,8,0.07240717113018036,0.4402623176574707,0.01734161376953125,0.17391681075096124,0.3070895642042158,1.0,0.125,0.0,0.0,0.0,0.0,0.0,0.0,8.735232710838318,5.714707374572754,0.027847116649013515,0.04999999701976776,0.0,4.90361887216568,2.171545535326004
val,base,28002,8,0.009749386459589005,0.6410706639289856,0.01642143726348877,0.43814931809902186,0.5396099910140036,0.875,0.25,0.25,0.0,0.125,0.0,0.0,0.0,12.696401417255402,4.839971542358398,0.1462872554693604,0.08750000596046448,0.0069291191175580025,4.764177620410919,2.1511523127555847
val,base,28032,8,-0.3747897669672966,0.0005204677581787109,1.7464160919189453e-05,0.0004320979118347168,0.0004762828350067138,0.625,0.0,0.0,0.0,0.25,0.125,0.0,0.25,24.22807216644287,21.04179573059082,0.00021234921590007616,0.0,0.125,3.6536936908960342,1.7816242799162865
val,base,28067,8,-0.6287060482427478,0.05237913131713867,-1.0,0.017380958795547477,0.034880045056343054,0.25,0.0,0.0,0.0,0.625,0.0,0.0,0.5,14.62891799211502,6.619893550872803,0.04219341865513776,0.0,0.11260209511965513,3.0481749400496483,1.5757792294025421
val,base,28220,8,0.27936264127492905,1.0,0.16354218125343323,0.9947472095489502,0.9973736047744751,0.75,0.375,0.5,0.25,0.0,0.25,0.0,0.0,9.869653165340424,3.526705741882324,0.32801327201419384,0.47083333134651184,0.2776997156906873,5.091579556465149,2.2768861949443817
val,base,28251,8,-0.1437290906906128,0.784003496170044,0.004014521837234497,0.2630302906036376,0.5235168933868404,0.75,0.125,0.125,0.0,0.25,0.0,0.0,0.0,12.945445656776428,5.768093109130859,0.06048243775876472,0.07916666567325592,0.0,4.754132032394409,2.139755994081497
val,base,28260,8,0.31838832795619965,0.8495911955833435,0.06025251746177673,0.8072515666484833,0.8284213811159133,1.0,0.375,0.375,0.0,0.0,0.0,0.0,0.0,19.808128237724304,9.976823806762695,0.05065476401505453,0.2958333268761635,0.0,4.917558252811432,2.1910935938358307
val,base,28292,8,0.03973925858736038,0.6689439415931702,0.01913014054298401,0.558942300081253,0.6139431208372115,0.875,0.25,0.375,0.0,0.125,0.0,0.0,0.25,7.045467913150787,3.6444902420043945,0.21537948420154862,0.02916666865348816,0.0,4.544242262840271,1.9390100613236427
val,base,28443,8,0.015314340591430664,0.10079944133758545,0.0001805722713470459,0.04485782384872435,0.07282863259315486,1.0,0.0,0.0,0.0,0.0,0.0,0.0,0.0,18.902180671691895,10.376739501953125,0.015314341284806687,0.0,0.0,4.929782509803772,2.183677464723587
val,base,28453,8,-0.3314530476927757,0.9731886386871338,-0.795293927192688,0.9679949283599854,0.9705917835235596,0.375,0.25,0.25,0.0,0.0,0.625,0.25,0.0,16.672292470932007,2.696432113647461,0.2196830869270041,0.2499999925494194,0.75,4.7216930985450745,2.1270610243082047
val,base,28497,8,0.16432942663232097,0.8768700361251831,0.0003396655956748873,0.5673041224479675,0.7220870792865751,0.75,0.25,0.125,0.0,0.0,0.0,0.0,0.0,23.55620586872101,10.981050491333008,0.017182023618495766,0.15833333879709244,9.631467946746852e-06,4.772372007369995,2.1346335411071777
val,base,28525,8,-0.1455274298787117,0.7371742129325867,0.0086192786693573,0.6261730074882507,0.6816736102104186,0.625,0.25,0.25,0.125,0.25,0.125,0.0,0.0,5.622952211648226,0.308680921792984,0.21519520308356732,0.125,0.2244960367679596,4.825238645076752,2.190545231103897
val,base,28537,8,-0.6841562837362289,0.46683400869369507,-0.999997079372406,0.1818049550056457,0.3243194818496702,0.25,0.125,0.0,0.0,0.0,0.75,0.125,0.0,25.334946393966675,11.515527725219727,0.007528694938540859,0.05833332985639572,0.8125,4.857600092887878,2.175355911254883
val,base,28578,8,0.04909606650471687,0.7986654043197632,2.7924776077270508e-05,0.2402549266815184,0.5194601655006404,0.75,0.125,0.125,0.0,0.0,0.0,0.0,0.0,15.531154036521912,6.844349384307861,0.049795890446148405,0.0833333283662796,0.05103344842791557,4.854925811290741,2.1796895563602448
val,base,28717,8,-0.41797906905412674,0.057037532329559326,-0.25987082719802856,0.05183843970298767,0.0544379860162735,0.5,0.0,0.25,0.0,0.25,0.125,0.0,0.0,4.869195617735386,0.7861705422401428,0.03729336499236524,0.25,0.20527243614196777,4.878337860107422,2.2021444439888
val,base,28788,8,-0.07432614266872406,0.19506871700286865,0.018503457307815552,0.11651155352592465,0.1557901352643966,0.875,0.0,0.125,0.0,0.125,0.0,0.0,0.0,7.45471778512001,3.3715202808380127,0.05067385418806225,0.125,0.0,4.588751018047333,2.102382481098175
val,base,28842,8,-0.35478387027978897,0.0897175669670105,0.0058792829513549805,0.04881930947303771,0.06926843822002407,0.625,0.0,0.0,0.0,0.25,0.125,0.0,0.0,8.435394763946533,4.171035289764404,0.025573823979357257,0.0,0.125,4.790303468704224,2.163604199886322
val,base,28877,8,-0.06909315288066864,0.0666235089302063,0.0005743205547332764,0.06559795141220093,0.06611073017120361,0.875,0.0,0.0,0.0,0.0,0.0,0.0,0.0,16.237164735794067,11.27530574798584,0.018050023572641294,0.0,0.0871431827545166,4.954818785190582,2.2430753111839294
val,base,28920,8,0.1322592869400978,0.7156690955162048,0.013423383235931396,0.681740540266037,0.6987048178911209,0.875,0.375,0.375,0.0,0.0,0.125,0.125,0.0,7.776489675045013,4.8408050537109375,0.03386115581088234,0.24166667461395264,0.1875,4.8382455706596375,2.1689206659793854
val,base,28952,8,-0.33509673178195953,1.0,-0.3826206922531128,0.3104054868221281,0.6552027434110637,0.5,0.125,0.125,0.125,0.0,0.5,0.0,0.0,16.843390583992004,5.595885276794434,0.10869615809640318,0.12083332985639572,0.5,4.573851108551025,2.0832465291023254
val,base,28987,8,0.09624714404344559,0.7160787582397461,0.003489583730697632,0.23724937438964833,0.47666406631469693,1.0,0.125,0.125,0.0,0.0,0.0,0.0,0.0,12.779709875583649,4.149646282196045,0.09624714080784713,0.0,0.0,4.685020446777344,2.1469927430152893
val,base,28990,8,0.2951890900731087,0.6785441040992737,0.28464025259017944,0.5858390867710114,0.6321915954351425,1.0,0.5,0.5,0.0,0.0,0.0,0.0,0.0,8.219983518123627,5.040374279022217,0.1276045531121781,0.19166667014360428,0.0,4.930023550987244,2.204392433166504
val,base,29012,8,-0.34979260712862015,0.1158708930015564,0.0009902119636535645,0.0649367332458496,0.09040381312370296,0.625,0.0,0.0,0.0,0.375,0.0,0.0,0.125,9.608565777540207,3.4330837726593018,0.043875832023331895,0.0,0.0,4.222647555172443,1.9466301202774048
val,base,29096,8,-0.12155932933092117,0.009814858436584473,0.0009521543979644775,0.009129929542541503,0.009472393989562988,0.875,0.0,0.0,0.0,0.0,0.125,0.0,0.125,18.455978512763977,13.978854179382324,0.003440673354361934,0.0,0.125,4.365593038499355,1.9873790964484215
val,base,29106,8,-0.5935811214148998,0.018680036067962646,-0.7407052218914032,0.005905210971832272,0.01229262351989745,0.25,0.0,0.125,0.0,0.25,0.25,0.0,0.0,6.682695239782333,3.40899658203125,0.023302006047742907,0.125,0.44671785458922386,4.846754789352417,2.1518462896347046
val,base,29135,8,0.00377810001373291,0.572225034236908,0.10149100422859192,0.5481385350227356,0.5601817846298217,0.75,0.375,0.375,0.0,0.125,0.0,0.0,0.0,8.07492309808731,5.2835588455200195,0.2923566916724667,0.0,0.09000245481729507,4.7955162525177,2.1533106863498688
val,base,29136,8,0.0986870527267456,0.9241938591003418,0.006844639778137207,0.8011108517646789,0.8626523554325103,0.875,0.25,0.25,0.0,0.125,0.0,0.0,0.0,16.42287439107895,3.8202199935913086,0.1653240595004064,0.10833333432674408,0.00043047586223110557,4.737710952758789,2.1199977695941925
val,base,29151,8,-0.3705040290951729,0.009139180183410645,0.0056254565715789795,0.00898926854133606,0.009064224362373353,0.625,0.0,0.0,0.0,0.375,0.0,0.0,0.0,8.317168116569519,3.5324020385742188,0.020271451445296407,0.0208333358168602,0.0,4.787816345691681,2.1476520895957947
val,base,29162,8,0.012510746717453003,0.057177186012268066,0.00627174973487854,0.03242344856262207,0.044800317287445046,0.875,0.0,0.0,0.0,0.0,0.0,0.0,0.0,13.221795678138733,8.646263122558594,0.012510752572223893,0.0,0.0,4.984263896942139,2.2169754207134247
val,base,29186,8,-0.06754574179649353,0.9288845062255859,0.013627439737319946,0.9096361935138703,0.919260349869728,0.625,0.375,0.5,0.125,0.375,0.0,0.0,0.375,4.301560461521149,1.7539193630218506,0.1376279117539525,0.47083332389593124,0.08628258109092712,3.4250700622797012,1.706621177494526
val,base,29239,8,-0.3718121501769929,0.02581644058227539,-0.00021591900440398604,0.00774956345558166,0.016783002018928513,0.25,0.0,0.0,0.0,0.0,0.375,0.0,0.125,27.077930212020874,13.261173248291016,0.0032418261031942693,0.0,0.375053979751101,4.412534482777119,2.0186822190880775
val,base,29252,8,-0.09973298013210297,0.0574985146522522,2.5540590286254883e-05,0.03203781843185424,0.044768166542053206,0.875,0.0,0.0,0.0,0.0,0.0,0.0,0.125,17.97266399860382,10.36258316040039,0.011080794961486617,0.0,0.11081377416849136,4.376242317259312,2.017583817243576
val,base,29276,8,-0.723725751042366,0.2078615427017212,-0.9999499917030334,0.06235862970352169,0.13511008620262135,0.25,0.0,0.0,0.0,0.125,0.625,0.0,0.125,24.99418354034424,8.675727844238281,0.02627449294717521,0.0,0.625,4.783089071512222,2.1367664709687233
val,base,29313,8,-0.40321411192417145,0.6468102931976318,-0.49426746368408203,0.24213097095489491,0.44447063207626314,0.5,0.125,0.25,0.0,0.5,0.0,0.0,0.125,5.4003956615924835,3.0046322345733643,0.13898996089119464,0.10000000149011612,0.0,4.3756808415055275,2.0370959863066673
val,base,29358,8,-0.09447867423295975,0.07397425174713135,0.028859347105026245,0.06286994218826293,0.06842209696769713,0.875,0.0,0.0,0.0,0.125,0.0,0.0,0.0,5.631578356027603,3.4648053646087646,0.055599463114049286,0.0,0.0,4.517443001270294,2.0933979898691177
val,base,29368,8,-0.40456725656986237,0.6700295209884644,-0.4999997615814209,0.26640546321868885,0.4682174921035763,0.5,0.125,0.125,0.0,0.5,0.0,0.0,0.125,7.23727822303772,1.700993299484253,0.18093576771508424,0.0,0.0,4.4094837084412575,2.027537889778614
val,base,29395,8,-0.8229051828384399,0.001120150089263916,-1.0,-0.40871708393096934,-0.20379846692085296,0.125,0.0,0.0,0.0,0.75,0.25,0.125,0.0,7.291890323162079,5.216626167297363,0.054611435189144686,0.0,0.45806457102298737,4.736531376838684,2.145661234855652
val,base,29398,8,-0.23274186253547668,0.09430098533630371,1.519918441772461e-06,0.04386304020881651,0.06908201277256008,0.75,0.0,0.0,0.0,0.0,0.25,0.0,0.0,22.749874353408813,10.524431228637695,0.017258141838915466,0.0,0.25,4.738193511962891,2.1296610236167908
val,base,29431,8,-0.4952094033360481,0.0,-0.48083919286727905,0.0,0.0,0.0,0.0,0.0,0.0,0.0,0.375,0.125,0.125,26.22056770324707,16.59227180480957,0.0006236356102102974,0.0,0.5583330318331718,4.456074334681034,2.0293163657188416
val,base,29528,8,-0.37467705458402634,0.0001226663589477539,0.0,3.855228424072263e-05,8.060932159423822e-05,0.25,0.0,0.0,0.0,0.0,0.375,0.0,0.0,24.116727113723755,19.065807342529297,0.00032294760053436504,0.0,0.375,4.707499206066132,2.122016966342926
val,base,29596,8,-0.4999187961220741,1.9669532775878906e-06,-0.499824196100235,1.0907649993896483e-06,1.5288591384887688e-06,0.5,0.0,0.0,0.0,0.25,0.25,0.0,0.125,25.717944145202637,17.791725158691406,0.00011449713580802268,0.0,0.25,4.171444930136204,1.9276592954993248
val,base,29686,8,-0.24393338710069656,0.03446662425994873,0.0009035468101501465,0.016159880161285396,0.025313252210617053,0.75,0.0,0.0,0.0,0.25,0.0,0.0,0.25,12.447885513305664,6.259828567504883,0.0063195779061970825,0.0,0.0,4.03552470356226,1.8608354702591896
val,base,29717,8,-0.21646784245967865,2.384185791015625e-07,0.0,7.152557373046871e-08,1.549720764160155e-07,0.125,0.0,0.0,0.0,0.0,0.25,0.0,0.0,24.27287745475769,8.006967544555664,0.0335321602031175,0.0,0.25,4.883551120758057,2.183176815509796
val,base,29733,8,-0.09521075338125229,0.07069921493530273,0.025853395462036133,0.05512033700942993,0.06290977597236633,0.875,0.0,0.0,0.0,0.125,0.0,0.0,0.0,6.074942946434021,3.782015323638916,0.029789251857437193,0.0,0.0,4.755894958972931,2.1203040182590485
val,base,29756,8,0.07688356935977936,0.745694637298584,0.13749364018440247,0.7313663721084595,0.7385305047035218,0.75,0.375,0.375,0.0,0.125,0.125,0.0,0.0,10.928534090518951,4.1363911628723145,0.2841038434116854,0.07916666567325592,0.12635994646501558,4.875369071960449,2.18722727894783
val,base,29792,8,0.24852396160713397,1.0,5.364418029785156e-07,0.961423808336258,0.9807119041681289,0.5,0.375,0.375,0.125,0.0,0.0,0.0,0.125,12.482761442661285,5.608154296875,0.17783566254061617,0.3333333283662796,0.10616284250863828,4.383702367544174,2.0085143372416496
val,base,29849,8,0.02228579670190811,0.7185997366905212,0.024113863706588745,0.40729529857635494,0.5629475176334379,0.875,0.125,0.125,0.0,0.125,0.0,0.0,0.25,6.398292034864426,3.305859327316284,0.14833735977299511,0.0208333358168602,0.0,3.834375537931919,1.7987326383590698
val,base,29867,8,-0.01587727665901184,0.0006066560745239258,3.057718276977539e-05,0.00026936531066894525,0.0004380106925964353,0.875,0.0,0.0,0.0,0.0,0.0,0.0,0.0,16.95360279083252,13.706710815429688,0.00012562890200129573,0.0,0.01600290834903717,4.840179443359375,2.155141830444336
val,base,30012,8,-0.1934644877910614,0.3842219114303589,0.00398099422454834,0.12986879348754876,0.25704535245895366,0.75,0.125,0.0,0.0,0.0,0.25,0.0,0.125,13.248112976551056,6.934758186340332,0.05653550298893606,0.0,0.25,4.460963316261768,2.037486292421818
val,base,30034,8,-0.4719553738832474,0.060565292835235596,-0.41831716895103455,0.018169587850570667,0.039367440342903105,0.125,0.0,0.0,0.0,0.0,0.375,0.0,0.375,24.10815715789795,11.483100891113281,0.008047556558508953,0.0,0.48000292479991913,3.721307225525379,1.731309749186039
val,base,30042,8,-0.12231483310461044,0.014089703559875488,0.0,0.0042524874210357645,0.009171095490455621,0.25,0.0,0.0,0.0,0.0,0.0,0.0,0.125,17.532333970069885,12.399042129516602,0.0017657878835618806,0.0,0.12408062070608139,4.577702105045319,2.054186776280403
val,base,30059,8,-0.7488371161743999,0.02090585231781006,-1.0,-0.013268593698740014,0.0038186293095350023,0.125,0.0,0.125,0.125,0.5,0.25,0.0,0.0,7.008525133132935,3.0935449600219727,0.004661433371055068,0.125,0.31598956417292356,4.676758050918579,2.100389152765274
val,base,30073,8,-0.31199479941278696,0.235309898853302,2.5153160095214844e-05,0.22003113627433776,0.22767051756381987,0.625,0.0,0.0,0.0,0.375,0.0,0.0,0.125,15.898072719573975,8.24288272857666,0.07875828438356791,0.0,0.13552652392536402,4.40999710559845,1.975880779325962
val,base,30180,8,-0.3454965275595896,0.1795881986618042,-0.002293198136612773,0.0539987504482269,0.11679347455501547,0.375,0.0,0.0,0.0,0.0,0.375,0.0,0.0,23.770300149917603,9.038277626037598,0.03007782078588228,0.0,0.37557434261543676,4.764135539531708,2.1557792723178864
val,base,30194,8,0.0003062039613723755,0.0013669133186340332,0.00013706088066101074,0.0007987678050994872,0.0010828405618667598,0.625,0.0,0.0,0.0,0.0,0.0,0.0,0.0,17.225255131721497,13.815460205078125,0.00030619807185323336,0.0,0.0,4.9192246198654175,2.1835272014141083
val,base,30205,8,-0.45367442816495895,0.3705776333808899,-0.4999915659427643,0.11118034124374383,0.2408789873123167,0.25,0.125,0.125,0.0,0.125,0.375,0.125,0.0,23.352229297161102,2.676234722137451,0.10583658502696965,0.04583333432674408,0.4375,5.235797464847565,2.3030919283628464
val,base,30207,8,-0.002025770954787731,1.0,0.0006709694862365723,0.309012722969055,0.654506361484527,0.75,0.125,0.125,0.125,0.0,0.125,0.0,0.125,13.492795944213867,4.065672874450684,0.09295747918986308,0.12083332985639572,0.12941500823944807,4.355027437210083,1.9791089445352554
val,base,30278,8,-0.13407011330127716,0.7228716611862183,-0.24814918637275696,0.7168891310691834,0.7198803961277008,0.5,0.375,0.375,0.0,0.25,0.0,0.125,0.0,12.268299341201782,8.47583293914795,0.07180162371358279,0.2666666582226753,0.1407105103135109,4.711550354957581,2.122799426317215
val,base,30282,8,0.0004907995462417603,0.0012807846069335938,0.00037473440170288086,0.001080179214477539,0.0011804819107055662,1.0,0.0,0.0,0.0,0.0,0.0,0.0,0.0,17.966935396194458,13.941229820251465,0.0004907967604435015,0.0,0.0,4.844143331050873,2.178547203540802
val,base,30306,8,0.021974653005599976,0.5633031129837036,0.06971964240074158,0.3528684318065643,0.4580857723951338,0.75,0.125,0.125,0.0,0.125,0.0,0.0,0.125,8.168696522712708,5.12271785736084,0.16303069760659838,0.0,0.0,4.336708590388298,1.9805944710969925
val,base,30558,8,0.3840676620602608,0.8590090274810791,0.3600618541240692,0.7862192273139953,0.8226141273975371,1.0,0.5,0.5,0.0,0.0,0.0,0.0,0.0,7.317022800445557,4.867502212524414,0.08481821935856715,0.3708333298563957,0.020019495859742165,4.983827114105225,2.1971175968647003
val,base,30598,8,0.20942509919404984,1.0,0.41439488530158997,1.0,1.0,0.75,0.5,0.5,0.25,0.0,0.25,0.0,0.125,13.36763283610344,3.8263301849365234,0.24437244221225835,0.4333333298563957,0.25,5.111804850399494,2.2260559275746346
val,base,30613,8,-0.6992640271782875,0.06605690717697144,-1.0,0.050345098972320555,0.058201003074645985,0.25,0.0,0.0,0.0,0.625,0.0,0.0,0.125,6.858841955661774,3.623776912689209,0.01693575270473957,0.0,0.08797257393598557,4.398759610950947,2.0025462359189987
val,base,30617,8,-0.022356294095516205,0.6528033018112183,0.01598721742630005,0.2531711995601653,0.45298725068569157,0.875,0.125,0.125,0.0,0.0,0.125,0.0,0.0,14.177321672439575,4.737231254577637,0.10264370778168086,0.0,0.125,4.695558547973633,2.1270527839660645
val,base,30667,8,-0.26065920293331146,0.0006646513938903809,1.7285346984863281e-06,0.0004589974880218505,0.0005618244409561155,0.625,0.0,0.125,0.0,0.0,0.25,0.0,0.0,12.290549635887146,7.601734161376953,0.042899282962125085,0.07916666567325592,0.3590841144323349,4.78068995475769,2.140668034553528
val,base,30816,8,-0.12183742434717715,0.042042434215545654,0.0003146827220916748,0.013541156053543084,0.02779179513454435,0.75,0.0,0.0,0.0,0.125,0.0,0.0,0.0,17.618318736553192,7.619958400726318,0.005614984551262565,0.0,0.002442078897729516,5.084710776805878,2.251341789960861
val,base,30830,8,-0.1130545511841774,0.036761343479156494,0.001019805669784546,0.034066271781921384,0.03541380763053894,0.875,0.0,0.0,0.0,0.0,0.125,0.0,0.0,20.23047375679016,12.531706809997559,0.011945447371772389,0.0,0.125,5.661042511463165,2.3938754200935364
val,base,30860,8,-0.428077295422554,0.0741836428642273,-0.24940547347068787,0.02225847244262694,0.04822105765342709,0.5,0.0,0.125,0.0,0.375,0.0,0.125,0.0,5.841017417609692,0.3819095492362976,0.05018846369587493,0.125,0.0625,5.042056024074554,2.205365836620331
val,base,30895,8,-0.2404428501613438,0.5516749620437622,-0.006013024598360062,0.1899144109338521,0.3707946864888069,0.5,0.125,0.125,0.0,0.0,0.25,0.0,0.0,7.03825256228447,3.8459079265594482,0.02818649308028398,0.0625,0.32466997993469704,4.847065329551697,2.1638100147247314
val,base,30902,8,-0.12452851235866547,0.0024129152297973633,1.1920928955078125e-07,0.0016737878322601316,0.002043351531028747,0.75,0.0,0.0,0.0,0.125,0.0,0.0,0.0,25.10787844657898,14.189292907714844,0.0025200601984861314,0.0,0.0,4.819399297237396,2.15964874625206
val,base,30908,8,-0.08711911737918854,0.006405353546142578,0.0011086463928222656,0.005098581314086914,0.005751967430114745,0.875,0.0,0.0,0.0,0.0,0.0,0.0,0.0,19.76577663421631,16.088260650634766,0.0024480660383403574,0.0,0.08956719189882278,5.095944881439209,2.2656142115592957
val,base,30942,8,-0.5718487948179245,1.0728836059570312e-06,-0.7873957455158234,3.6358833312988263e-07,7.182359695434564e-07,0.25,0.0,0.0,0.0,0.125,0.375,0.0,0.0,24.988231420516968,17.281749725341797,0.00044477047566547753,0.0,0.44729355722665787,4.736583769321442,2.1376210749149323
val,base,30976,8,-0.1066063791513443,0.27455055713653564,0.08254310488700867,0.2448293328285217,0.2596899449825287,0.625,0.0,0.125,0.0,0.0,0.375,0.0,0.0,8.352288246154785,3.4936652183532715,0.2447766470722854,0.1041666641831398,0.375,4.733505189418793,2.134559839963913
val,base,31022,8,-0.30839718133211136,0.2613046169281006,0.0014105141162872314,0.10413375496864315,0.18271918594837178,0.5,0.0,0.0,0.0,0.25,0.0,0.0,0.0,14.51330280303955,6.745052814483643,0.04117007235833272,0.0,0.09715258330106735,4.731740415096283,2.1236425787210464
val,base,31064,8,-0.21903985738754272,0.2228682041168213,1.0371208190917969e-05,0.07868266105651853,0.1507754325866698,0.5,0.0,0.125,0.125,0.0,0.375,0.0,0.0,6.610136657953262,3.561609983444214,0.08678105034409014,0.09583333134651184,0.375,4.8354527950286865,2.165749102830887
val,base,31169,8,0.12350389361381531,0.9275933504104614,0.00758323073387146,0.29334836006164533,0.6104708552360529,1.0,0.125,0.125,0.0,0.0,0.0,0.0,0.0,14.545196533203125,4.402698516845703,0.09376543760299683,0.09583333134651184,0.0,4.818756639957428,2.1595494747161865
val,base,31172,8,0.01584269106388092,0.10703372955322266,0.0010683834552764893,0.0419993221759796,0.07451652586460109,1.0,0.0,0.0,0.0,0.0,0.0,0.0,0.0,16.608285188674927,10.124671936035156,0.015842692329897545,0.0,0.0,4.949184775352478,2.185941129922867
val,base,31229,8,-0.23491062968969345,0.07857197523117065,0.0022992193698883057,0.045643442869186396,0.062107709050178504,0.75,0.0,0.0,0.0,0.25,0.0,0.0,0.0,15.569007158279419,8.60042667388916,0.015112938170318557,0.0,0.0,4.764243960380554,2.145460307598114
val,base,31234,8,-0.039516985416412354,0.6698042154312134,0.00016266107559204102,0.21028969287872304,0.4400469541549679,0.875,0.125,0.25,0.0,0.125,0.0,0.0,0.125,15.045752212405205,0.34544599056243896,0.0029341037120502733,0.2083333283662796,0.0,4.151905409991741,1.9542637765407562
val,base,31240,8,0.1306203231215477,0.49459779262542725,0.009151220321655273,0.4892922639846802,0.4919450283050537,1.0,0.25,0.0,0.0,0.0,0.0,0.0,0.25,12.341959357261658,5.7599873542785645,0.13062033399182837,0.0,0.0,4.1864597499370575,1.8873017132282257
val,base,31242,8,0.06525547802448273,0.5682382583618164,3.427267074584961e-06,0.5262531518936158,0.547245705127716,0.875,0.375,0.25,0.0,0.0,0.125,0.0,0.0,19.744502365589142,5.450666427612305,0.19025547948660915,0.0,0.125,4.823124051094055,2.154097020626068
val,base,31261,8,-0.49743739515542984,0.008557617664337158,-0.4995522201061249,0.00848093032836914,0.00851927399635315,0.5,0.0,0.0,0.0,0.5,0.0,0.0,0.0,7.442017287015915,2.565276861190796,0.021365363711083774,0.0,0.0,4.864896476268768,2.170676976442337
val,base,31330,8,0.006630644202232361,0.32186269760131836,0.08559510111808777,0.3029995322227478,0.31243111491203307,0.875,0.125,0.125,0.0,0.125,0.0,0.0,0.0,5.443755924701691,3.658336639404297,0.13163063311367296,0.125,0.0,5.016524374485016,2.2324048578739166
val,base,31397,8,-0.7484427094459534,0.008489131927490234,-1.0,0.0053251743316650385,0.006907153129577634,0.25,0.0,0.0,0.0,0.75,0.0,0.0,0.0,5.931574165821075,3.565225839614868,0.03406074846861884,0.0,0.0,4.830048143863678,2.1684776544570923
val,base,31407,8,0.04714908450841904,0.6504377126693726,0.0016392171382904053,0.581778597831726,0.6161081552505493,0.875,0.25,0.25,0.0,0.0,0.0,0.0,0.0,13.250410258769989,4.7363409996032715,0.16375934239422918,0.0,0.11661025881767273,4.756529808044434,2.154955744743347
val,base,31474,8,0.15849687904119492,0.8361013531684875,0.00022345781326293945,0.5521952807903289,0.694148316979408,0.875,0.25,0.125,0.0,0.0,0.0,0.0,0.0,15.208155453205109,6.4374260902404785,0.07654755955947465,0.10000000149011612,0.0,5.090211987495422,2.2547410130500793
val,base,31534,8,-0.20602502673864365,0.7091273069381714,0.03402310609817505,0.4936046421527862,0.6013659745454787,0.625,0.25,0.125,0.0,0.375,0.0,0.0,0.0,10.711204051971436,6.7907562255859375,0.12876544202299556,0.06666666269302368,0.0,4.9929239153862,2.224207729101181
val,base,31544,8,-0.428057288427226,0.3654075264930725,-0.40878002961107995,0.10962267518043511,0.23751510083675365,0.25,0.125,0.125,0.0,0.125,0.5,0.0,0.25,19.231932550668716,3.799995183944702,0.16575720820018486,0.11666666716337204,0.5000319310020132,3.886316403746605,1.8541616573929787
val,base,31577,8,0.423777312040329,1.0,0.6753922402858734,0.8378899395465851,0.9189449697732924,0.875,0.75,0.75,0.125,0.125,0.0,0.0,0.125,5.0418098866939545,3.205512762069702,0.3266983591020107,0.3333333358168602,0.0,5.646627023816109,2.163935862481594
val,base,31593,8,-0.2194449007511139,0.10344630479812622,0.015522241592407227,0.08451613187789916,0.09398121833801268,0.5,0.0,0.0,0.0,0.25,0.0,0.0,0.0,11.048861414194107,3.513427734375,0.04244235809892416,0.0,0.0,4.851498067378998,2.182737648487091
val,base,31602,8,-0.026587292551994324,0.31492263078689575,0.0,0.266351592540741,0.29063711166381834,0.375,0.125,0.0,0.0,0.0,0.125,0.125,0.0,18.85358613729477,7.554409503936768,0.09842204832846214,0.0,0.1875,4.986938118934631,2.224650114774704
val,base,31672,8,0.12752479314804077,0.9662684202194214,0.00353434681892395,0.309217458963394,0.6377429395914073,1.0,0.125,0.125,0.0,0.0,0.0,0.0,0.125,7.236401677131653,2.810542583465576,0.0684945715022991,0.11666666716337204,0.0,4.296747446060181,1.9360271617770195
val,base,31845,8,0.06243140250444412,0.4203401803970337,0.0016913414001464844,0.1679853975772857,0.29416278898715953,1.0,0.125,0.0,0.0,0.0,0.0,0.0,0.375,18.816994965076447,6.642754077911377,0.06243139667367359,0.0,0.0,3.432563968002796,1.7112391293048859
val,base,31861,8,-0.606852799654007,0.11227679252624512,-1.0,0.05670863986015318,0.08449271619319912,0.375,0.0,0.0,0.0,0.625,0.0,0.0,0.0,7.836571097373962,6.967002868652344,0.03369011120889809,0.0,0.0,4.8023810386657715,2.163692891597748
val,base,31879,8,0.024412818253040314,1.0,0.017989158630371094,0.7774095833301544,0.888704791665077,0.75,0.375,0.375,0.125,0.25,0.0,0.25,0.0,6.164458006620407,2.666059732437134,0.1927846981920993,0.29999999701976776,0.125,4.952816605567932,2.238196462392807
val,base,31933,8,-0.297734335064888,0.7800254821777344,-0.2738804519176483,0.3568332612514495,0.5684293717145916,0.5,0.125,0.125,0.125,0.125,0.375,0.125,0.0,4.648938417434692,3.3471713066101074,0.19231015584955458,0.11666666716337204,0.5096651539206505,4.906246364116669,2.2156398594379425
val,base,31975,8,-0.44658487290143967,0.0048277974128723145,-0.2750505805015564,0.0030082464218139644,0.003918021917343138,0.25,0.0,0.125,0.0,0.25,0.25,0.125,0.0,15.45193761587143,4.270615100860596,0.11901930865311172,0.11249999701976776,0.31876324117183685,4.784381031990051,2.1547267735004425
val,base,32022,8,-0.2499547153711319,0.0003205537796020508,2.682209014892578e-07,0.00012366175651550286,0.00022210776805877671,0.75,0.0,0.0,0.0,0.0,0.25,0.0,0.125,28.329071521759033,21.49030876159668,4.52815154066144e-05,0.0,0.25,4.448258027434349,2.0362888276576996
val,base,32037,8,0.0038408301770687103,0.33741796016693115,0.0070732831954956055,0.13371465802192684,0.23556630909442886,0.875,0.125,0.0,0.0,0.0,0.0,0.0,0.0,12.861368834972382,7.0499587059021,0.055629045129435895,0.0,0.051788222044706345,4.879601836204529,2.188293904066086
val,base,32065,8,0.26469629909843206,1.0,0.1735711246728897,1.0,1.0,0.625,0.5,0.5,0.25,0.0,0.25,0.0,0.0,6.472353637218475,4.646931171417236,0.28825416980544105,0.4958333224058151,0.3092818016839374,4.789118707180023,2.168444573879242
val,base,32113,8,-0.07294690329581499,0.6892509460449219,0.05092799663543701,0.29046920537948595,0.4898600757122037,0.625,0.125,0.125,0.0,0.125,0.0,0.0,0.0,6.6988305151462555,3.364995002746582,0.13391758609213866,0.0,0.07865715492516756,4.375787079334259,2.005233123898506
val,base,32125,8,-0.39130478352308273,0.8575322031974792,-1.0,0.7220536351203918,0.7897929191589355,0.375,0.375,0.25,0.0,0.625,0.0,0.0,0.25,6.0174108147621155,3.223395347595215,0.24995167180895805,0.03750000149011612,0.0,4.2280451357364655,1.918929547071457
val,base,32133,8,-0.1996273472905159,0.1831737756729126,0.005018442869186401,0.17191917896270753,0.17754647731781004,0.75,0.0,0.0,0.0,0.125,0.125,0.0,0.0,14.187221884727478,8.989954948425293,0.05579673819488562,0.0,0.2257148027420044,4.641470968723297,2.1165409982204437
val,base,32232,8,-0.0873028114438057,0.8534050583839417,0.008089721202850342,0.5055683672428131,0.6794867128133771,0.75,0.25,0.125,0.0,0.25,0.0,0.0,0.0,7.239446818828583,4.840988636016846,0.14221620983880712,0.08750000596046448,0.0,4.906325161457062,2.17915415763855
val,base,32240,8,-0.7499887049198151,0.0,-0.9999831914901733,0.0,0.0,0.0,0.0,0.0,0.0,0.125,0.625,0.0,0.0,28.515811920166016,25.295364379882812,1.1287595765955687e-05,0.0,0.625,4.61239492893219,2.0733751952648163
val,base,32286,8,-0.46439167857170105,0.28281474113464355,-0.49906066060066223,0.08496562838554378,0.18389018476009356,0.25,0.0,0.125,0.0,0.375,0.25,0.0,0.125,14.763605084270239,0.23064729571342468,0.03597768194797755,0.125,0.25,4.591565936803818,2.0577875301241875
val,base,32290,8,-0.6203362494707108,0.03098475933074951,-1.0,0.013723099231719965,0.022353929281234728,0.25,0.0,0.0,0.0,0.625,0.0,0.0,0.0,9.903944671154022,6.234128475189209,0.021652613242622465,0.0,0.0,4.649035155773163,2.121833086013794
val,base,32342,8,-0.37474338710308075,0.00041663646697998047,4.470348358154297e-07,0.0003694057464599609,0.00039302110671997066,0.5,0.0,0.0,0.0,0.25,0.125,0.0,0.0,17.075775861740112,8.776782989501953,0.025231125383943787,0.0,0.14076166786253452,5.134989678859711,2.2033732533454895
val,base,32347,8,-0.24438553303480148,0.004838764667510986,8.910894393920898e-06,0.0021476566791534418,0.003493210673332212,0.75,0.0,0.0,0.0,0.0,0.125,0.125,0.0,14.875819325447083,12.095508575439453,0.0013699242548943502,0.0,0.3082539439201355,5.126866281032562,2.254190742969513
val,base,32406,8,-0.4346253424882889,0.028725624084472656,-0.2528902590274811,0.008651691675186151,0.01868865787982939,0.375,0.0,0.0,0.0,0.125,0.25,0.0,0.0,5.199655824806541,0.05451340600848198,0.003597317559024482,0.0,0.31322266161441803,5.122371971607208,2.244684725999832
val,base,32412,8,-0.32413536310195923,0.373555064201355,4.76837158203125e-06,0.13485292196273796,0.25420399308204633,0.625,0.125,0.0,0.0,0.25,0.125,0.0,0.0,12.993516981601715,5.2637810707092285,0.0510313875423023,0.0,0.125,4.783798813819885,2.1397128105163574
val,base,32460,8,-0.38604843616485596,0.8718503713607788,-0.4804146885871887,0.26192728281021105,0.5668888270854946,0.5,0.125,0.25,0.0,0.25,0.25,0.125,0.0,6.856484264135361,2.241159200668335,0.12346184855979914,0.10000000149011612,0.3125,4.874372482299805,2.182094544172287
val,base,32466,8,-0.4176357835531235,0.12624907493591309,-0.2499384880065918,0.059809803962707506,0.09302943944931025,0.5,0.0,0.0,0.0,0.25,0.125,0.125,0.0,12.668564558029175,9.869048118591309,0.031059223270631264,0.0,0.1875,5.226461112499237,2.2522351443767548
val,base,32474,8,0.0259200781583786,0.08981800079345703,0.014847040176391602,0.05938401818275451,0.07460100948810575,0.875,0.0,0.0,0.0,0.0,0.0,0.0,0.0,7.198487826756069,3.8504176139831543,0.025920074549503624,0.0,0.0,4.956332087516785,2.1911575496196747
val,base,32546,8,-0.11893009766936302,0.3028774857521057,0.0005479753017425537,0.13110744953155512,0.21699246764183033,0.75,0.125,0.0,0.0,0.0,0.125,0.0,0.0,13.237947881221771,7.6626057624816895,0.057275590239441954,0.0,0.17620568349957466,5.097006440162659,2.2265695929527283
val,base,32577,8,-0.49613336473703384,0.018207311630249023,-0.499700129032135,0.013017648458480833,0.015612480044364925,0.5,0.0,0.125,0.0,0.5,0.125,0.0,0.0,10.618324965238571,3.4760472774505615,0.121076871510013,0.0,0.125,4.657686114311218,2.124464899301529
val,base,32615,8,-0.03198868781328201,0.8216577172279358,-0.11520946025848389,0.532939326763153,0.6772985219955442,0.375,0.25,0.75,0.0,0.0,0.625,0.0,0.25,6.672302633523941,3.62099289894104,0.4752930192044005,0.3375000059604645,0.6621404737234116,4.0778031051158905,1.9116002470254898
val,base,32619,8,-0.7145762369036674,0.015868425369262695,-0.9396647214889526,0.004760527610778806,0.010314476490020742,0.125,0.0,0.0,0.0,0.0,0.5,0.0,0.0,18.69856584072113,9.533031463623047,0.020339939528029847,0.0,0.7349161803722382,4.9878345131874084,2.21689835190773
val,base,32665,8,-0.05013414053246379,0.31073951721191406,0.06907339580357075,0.2974083125591278,0.30407391488552094,0.75,0.125,0.125,0.0,0.125,0.125,0.0,0.0,12.18864381313324,7.593328952789307,0.12483652209448337,0.09583333134651184,0.12504064627501066,4.863419055938721,2.1633723080158234
val,base,32679,8,0.008588425815105438,0.04214489459991455,0.000599592924118042,0.023257279396057123,0.03270108699798582,1.0,0.0,0.0,0.0,0.0,0.0,0.0,0.0,21.118210911750793,12.247164726257324,0.008588428668928394,0.0,0.0,4.786131262779236,2.1478281915187836
val,base,32870,8,-0.4003072455525398,0.000737607479095459,-0.10173508524894714,0.00023450851440429674,0.00048605799674987754,0.5,0.0,0.125,0.0,0.25,0.125,0.0,0.125,20.266971468925476,8.668453216552734,0.03422748643525253,0.05833332985639572,0.34206848591566086,4.429477460682392,2.0465820655226707
val,base,32926,8,-0.2540557235479355,0.923961877822876,-0.3776894509792328,0.7265650033950806,0.8252634406089782,0.5,0.25,0.125,0.25,0.375,0.25,0.0,0.125,6.84601217508316,3.0345544815063477,0.18152351607568562,0.0,0.25,4.5539452731609344,2.0427329167723656
val,base,32927,8,-0.4065198078751564,0.3058818578720093,-0.2936149835586548,0.11095696091651912,0.20841940939426407,0.375,0.125,0.125,0.0,0.0,0.5,0.125,0.125,17.812491297721863,7.954137802124023,0.04655016464828038,0.11249999701976776,0.5625,4.330927953124046,1.9777747094631195
val,base,33006,8,-0.11663772910833359,0.007674694061279297,6.940960884094238e-05,0.004083114862442016,0.005878904461860654,0.625,0.0,0.0,0.0,0.0,0.125,0.0,0.0,15.836119651794434,11.118532180786133,0.008362262414485178,0.0,0.125,4.83613121509552,2.161365509033203
val,base,33075,8,0.2734360247850418,0.9366577863693237,0.16922292113304138,0.9043755471706391,0.9205166667699813,0.875,0.375,0.375,0.0,0.0,0.125,0.0,0.0,10.178408443927765,3.576131820678711,0.2658883819840696,0.3166666626930237,0.16272474243305624,4.780361771583557,2.150067612528801
val,base,33085,8,-0.4861782267689705,0.10983109474182129,-0.5,0.033439576625823954,0.07163533568382258,0.375,0.0,0.125,0.0,0.25,0.375,0.125,0.0,14.962407529354095,4.346982479095459,0.0014583182765274803,0.13749999552965164,0.4375,4.910513401031494,2.191237047314644
val,base,33095,8,-0.2743222266435623,0.11171239614486694,0.002079606056213379,0.04835584759712218,0.08003412187099451,0.5,0.0,0.0,0.0,0.0,0.25,0.0,0.0,14.245033979415894,10.151597023010254,0.03416905635723966,0.05416666716337204,0.35738183557987213,4.882613003253937,2.173708349466324
val,base,33217,8,0.046271562576293945,0.13900649547576904,0.033790916204452515,0.11712027192115783,0.12806338369846343,0.875,0.0,0.0,0.0,0.0,0.0,0.0,0.25,7.384542614221573,3.7188971042633057,0.04627155997160194,0.0,0.0,4.3557050079107285,1.9701613783836365
val,base,33233,8,0.08463358134031296,0.5106725692749023,0.018232613801956177,0.20279707312583917,0.3567348212003706,1.0,0.125,0.125,0.0,0.0,0.0,0.0,0.125,7.528556644916534,4.830692768096924,0.08463358538574539,0.0,0.0,4.102254666388035,1.9122961834073067
val,base,33288,8,-0.3255254775285721,0.18718641996383667,0.0009738802909851074,0.1421865165233612,0.1646864682435989,0.625,0.0,0.25,0.125,0.125,0.5,0.0,0.0,5.496696174144745,2.5499281883239746,0.12971726186879096,0.13333333283662796,0.5,4.621947348117828,2.060043692588806
val,base,33314,8,-0.0365295335650444,0.4843343496322632,0.0008819103240966797,0.27490181922912593,0.37961808443069445,0.5,0.125,0.0,0.0,0.0,0.125,0.0,0.0,13.475090026855469,7.216032981872559,0.03917888892519232,0.05416666716337204,0.125,4.891008913516998,2.1585836708545685
val,base,33331,8,-0.15661878511309624,0.725211501121521,-0.050908833742141724,0.21830645799636827,0.4717589795589443,0.375,0.125,0.25,0.25,0.0,0.25,0.125,0.0,5.613005816936493,2.702296018600464,0.14067147193215604,0.12083332985639572,0.4806229061837257,4.8161269426345825,2.153974011540413
val,base,33506,8,-0.06290111690759659,0.564055323600769,0.014203935861587524,0.3978548407554626,0.4809550821781157,0.75,0.25,0.125,0.0,0.0,0.125,0.125,0.0,12.149132370948792,5.156851768493652,0.12459888215437331,0.0,0.1875,5.186298847198486,2.2706114053726196
val,base,33562,8,0.0014140307903289795,0.006961643695831299,3.930926322937012e-05,0.005013042688369751,0.005987343192100524,1.0,0.0,0.0,0.0,0.0,0.0,0.0,0.0,24.420217037200928,15.92070198059082,0.0014140309142973706,0.0,0.0,4.925450086593628,2.214842051267624
val,base,33687,8,-0.35368671640753746,0.002819955348968506,-0.25865769386291504,0.0009662747383117671,0.0018931150436401352,0.375,0.0,0.25,0.0,0.125,0.5,0.125,0.0,15.059297263622284,3.8879780769348145,0.2028790871589763,0.0,0.6148863323032856,4.7007246017456055,2.1460383534431458
val,base,33769,8,-0.25,0.0,0.0,0.0,0.0,0.0,0.0,0.0,0.0,0.0,0.25,0.125,0.0,24.214848279953003,13.99203872680664,0.0022570805158672064,0.0,0.3125,4.980648636817932,2.221501052379608
val,base,33824,8,-0.09550274163484573,0.18847203254699707,0.003973931074142456,0.07258599400520321,0.13052901327610006,0.75,0.0,0.0,0.0,0.0,0.125,0.0,0.0,6.575428644816081,4.978609085083008,0.029497261075448478,0.0,0.125,5.322417080402374,2.2976850271224976
val,base,33851,8,-0.6639638766646385,0.18455851078033447,-1.0,0.05771974325180051,0.12113912701606741,0.25,0.0,0.0,0.0,0.625,0.0,0.125,0.0,8.592542290687561,4.840332508087158,0.06742201809902326,0.0,0.0625,5.875227451324463,2.351354092359543
val,base,33875,8,0.1153470054268837,1.0,0.09367111325263977,0.9093500196933746,0.9546750098466873,0.75,0.375,0.375,0.125,0.125,0.25,0.0,0.0,14.330470263957977,4.75289249420166,0.19950417640286133,0.3166666626930237,0.25,4.846469342708588,2.1653720140457153
val,base,33947,8,-0.02754516899585724,0.7903570532798767,0.04489171504974365,0.7890656769275666,0.7897113651037216,0.75,0.25,0.25,0.0,0.125,0.125,0.0,0.0,14.40467482805252,3.345841407775879,0.22245739597726555,0.0,0.125,4.906537890434265,2.2073734998703003
val,base,33957,8,0.010947220027446747,0.7908110618591309,0.04310503602027893,0.7414447784423828,0.7661279201507568,0.75,0.375,0.25,0.0,0.25,0.0,0.0,0.25,6.306438833475113,2.681828737258911,0.18655950628453866,0.09583333134651184,0.0,4.7673290222883224,1.9509457647800446
val,base,34013,8,-0.29950795602053404,0.7055648565292358,-0.37435610219836235,0.6645809412002563,0.6850728988647461,0.375,0.25,0.25,0.0,0.125,0.5,0.0,0.125,22.167007863521576,3.592644214630127,0.11087783224576286,0.15833333134651184,0.5182284312322736,4.5478794649243355,2.059941105544567
val,base,34067,8,0.03273312747478485,0.16481012105941772,0.00044906139373779297,0.11436391472816466,0.13958701789379116,1.0,0.0,0.0,0.0,0.0,0.0,0.0,0.0,17.13844919204712,8.903485298156738,0.03273311980298388,0.0,0.0,4.735449552536011,2.124364137649536
val,base,34082,8,0.1434725746512413,0.9064083099365234,0.4842190742492676,0.7748967051506042,0.8406525075435638,0.625,0.625,0.625,0.0,0.0,0.25,0.0,0.125,14.13570249080658,4.125585079193115,0.1550605490045882,0.3916666582226753,0.3630353584885597,4.82708266377449,2.0687710642814636
val,base,34135,8,0.1364482119679451,1.0,0.006866037845611572,0.3304947733879088,0.6652473866939539,0.875,0.125,0.125,0.125,0.0,0.0,0.0,0.25,18.012446582317352,5.6361260414123535,0.07961809896139804,0.11249999701976776,0.0,3.7560806572437286,1.8181675150990486
val,base,34159,8,-0.4959430918097496,0.027042090892791748,-0.49970874190330505,0.010613936185836788,0.018828013539314258,0.5,0.0,0.0,0.0,0.125,0.375,0.125,0.125,16.777636647224426,9.103628158569336,0.004059502238760615,0.0,0.4901370741426945,4.359085902571678,2.0273377522826195
val,base,34167,8,-0.6226428896188736,0.018854856491088867,-1.0,0.005657583475112912,0.01225621998310088,0.375,0.0,0.0,0.0,0.625,0.0,0.0,0.0,7.153357237577438,3.3982603549957275,0.04809038250769859,0.016666673123836517,0.0,4.640957176685333,2.0954465866088867
val,base,34196,8,-0.13095038384199142,0.74010169506073,-0.15275508165359497,0.7262324690818787,0.7331670820713043,0.375,0.25,0.375,0.25,0.125,0.125,0.0,0.0,11.873607635498047,4.4919023513793945,0.24349662917990123,0.2666666582226753,0.3718749899417162,4.993953585624695,2.209841310977936
val,base,34209,8,-0.0036508962512016296,0.5414479374885559,0.0002409219741821289,0.4618006289005279,0.5016242831945419,0.875,0.25,0.125,0.0,0.0,0.125,0.0,0.5,16.4147430062294,5.6676530838012695,0.12134910322743053,0.0,0.125,2.894201837480068,1.534348838031292
val,base,34278,8,0.01771843433380127,0.052866995334625244,0.010598182678222656,0.03898032903671264,0.045923662185668936,1.0,0.0,0.0,0.0,0.0,0.0,0.0,0.0,7.78339546918869,6.434594631195068,0.01771844015456736,0.0,0.0,5.111450791358948,2.2659536004066467
val,base,34279,8,0.10988064110279083,0.7767729759216309,0.010857969522476196,0.2703148305416106,0.5235439032316205,1.0,0.125,0.125,0.0,0.0,0.0,0.0,0.0,8.906890153884888,6.093278408050537,0.03314633961599611,0.09166666865348816,0.0,4.862696945667267,2.1769401729106903
val,base,34298,8,-0.14144961535930634,0.9403427839279175,4.9948692321777344e-05,0.39876964092254624,0.6695562124252314,0.625,0.125,0.125,0.0,0.125,0.125,0.0,0.125,14.623711347579956,4.831396102905273,0.08836254875857641,0.14166667312383652,0.1789601966738701,4.535290613770485,2.0596374347805977
val,base,34321,8,-0.4348166361451149,0.2509259581565857,-0.4101704955101013,0.13266820311546323,0.19179708063602438,0.375,0.0,0.0,0.0,0.375,0.0,0.0,0.375,12.074691534042358,4.056533336639404,0.0475234017028513,0.0,0.10255628824234009,3.31904486566782,1.6794885471463203
val,base,34351,8,0.12002256512641907,0.2586514353752136,0.08935078978538513,0.2374420881271362,0.2480467617511749,1.0,0.0,0.0,0.0,0.0,0.0,0.0,0.0,6.023062348365784,3.3933961391448975,0.120022565824911,0.0,0.0,4.775257110595703,2.167482405900955
val,base,34374,8,-0.5417653396725655,0.8205495476722717,-0.8661332726478577,0.21859973073005662,0.5195746392011638,0.125,0.125,0.375,0.0,0.0,0.75,0.0,0.0,15.78667140007019,4.2608323097229,0.17627144246915671,0.3124999925494194,0.8840917125344276,4.742012858390808,2.149079829454422
val,base,34378,8,0.05928890407085419,0.13262349367141724,0.055183082818984985,0.10406830906867981,0.1183459013700485,1.0,0.0,0.0,0.0,0.0,0.0,0.0,0.0,5.544827878475189,3.6864585876464844,0.059288897551596165,0.0,0.0,4.807292103767395,2.140820622444153
val,base,34413,8,0.03597010672092438,0.14509177207946777,0.007245540618896484,0.08830872178077696,0.11670024693012233,0.875,0.0,0.0,0.0,0.0,0.0,0.0,0.0,15.592936158180237,9.50024700164795,0.03597010168960714,0.0,0.0,4.7146390080451965,2.1430709064006805
val,base,34459,8,-0.12457448244094849,0.0011655092239379883,1.2755393981933594e-05,0.0006036221981048583,0.0008845657110214229,0.875,0.0,0.0,0.0,0.0,0.125,0.0,0.0,24.4990656375885,18.793210983276367,0.0004255213951509518,0.0,0.125,4.871486485004425,2.17999729514122
val,base,34478,8,-0.605020584538579,0.3280012011528015,-1.0,0.11444424390792841,0.22122272253036485,0.25,0.125,0.25,0.0,0.625,0.0,0.0,0.0,5.929584503173828,3.617022752761841,0.28259870200417936,0.02916666865348816,0.025723235681653023,4.747822046279907,2.1342569291591644
val,base,34526,8,-0.7355984151363373,0.11521267890930176,-1.0,0.03456380367279051,0.07488824129104608,0.125,0.0,0.0,0.0,0.75,0.0,0.0,0.125,7.475077569484711,3.558420181274414,0.09916668361984193,0.0,0.0,4.603802964091301,2.0886614471673965
val,base,34575,8,-0.21000543935224414,0.27425217628479004,0.0032776910811662674,0.1017411351203918,0.18799665570259083,0.75,0.0,0.0,0.0,0.25,0.125,0.0,0.125,13.69202345609665,7.9444451332092285,0.042824567158618265,0.0,0.1250137831302709,4.361743725836277,2.0072507187724113
val,base,34625,8,-0.3901088759303093,0.3666912317276001,-0.2499481737613678,0.11033139228820794,0.23851131200790385,0.25,0.125,0.0,0.0,0.125,0.25,0.125,0.0,24.93180286884308,14.843365669250488,0.001569206477202184,0.09166666865348816,0.3125,4.751004099845886,2.10540571808815
val,base,34682,8,0.1958051696419716,0.9906577467918396,0.04964715242385864,0.8851362645626067,0.9378970056772231,0.75,0.375,0.375,0.0,0.125,0.0,0.0,0.0,13.739474713802338,4.113724231719971,0.11027854646363267,0.32083332538604736,0.016967348754405975,4.67073792219162,2.0878592133522034
val,base,34699,8,0.09057031571865082,0.8767983317375183,0.07606157660484314,0.8322284281253814,0.8545133799314498,0.75,0.375,0.375,0.0,0.125,0.125,0.0,0.0,11.915709733963013,5.693604469299316,0.16337634040735338,0.2708333358168602,0.125,4.622818350791931,2.0874257385730743
val,base,34721,8,-0.7912918254733086,-0.1257980465888977,-0.9993470013141632,-0.19079477787017823,-0.158296412229538,0.0,0.0,0.25,0.0,0.0,0.875,0.125,0.375,18.53638768196106,5.694243907928467,0.11937150247112616,0.10000000149011612,1.0320994481444359,3.514179714024067,1.755073994398117
val,base,34746,8,-0.042489562183618546,0.5673399567604065,0.016988947987556458,0.5206684529781341,0.5440042048692703,0.75,0.375,0.5,0.0,0.125,0.25,0.0,0.25,20.31516432762146,11.58026123046875,0.007832840380118,0.3125000074505806,0.29583508148789406,3.6882514357566833,1.7901557460427284
val,base,34824,8,-0.20891136676073074,0.5228206515312195,-0.018407195806503296,0.43173019886016845,0.4772754251956939,0.5,0.5,0.25,0.0,0.0,0.5,0.0,0.0,10.308165788650513,5.683296203613281,0.22370854299697385,0.07500000298023224,0.5,5.101629197597504,2.2414160072803497
val,base,34902,8,0.15028221160173416,0.5377414226531982,0.08668765425682068,0.3646578967571258,0.4511996597051619,1.0,0.125,0.125,0.0,0.0,0.0,0.0,0.0,7.259374558925629,4.194910049438477,0.15028220659587532,0.0,0.0,4.876786530017853,2.1948250830173492
val,base,34945,8,-0.0728679895401001,0.33132898807525635,0.000903010368347168,0.14273338317871087,0.2370311856269835,0.875,0.125,0.0,0.0,0.125,0.0,0.0,0.0,15.397757053375244,6.044388771057129,0.05213321016731243,0.0,0.0,4.967586517333984,2.208334982395172
val,base,34972,8,-0.5277737332507968,0.06520599126815796,-0.5999639332294464,0.020218104124069203,0.04271204769611355,0.25,0.0,0.0,0.0,0.125,0.375,0.125,0.25,17.119224667549133,11.325549125671387,0.02019799025424558,0.0,0.547798010520637,3.659943677484989,1.7801701202988625
val,base,35009,8,0.30101755261421204,0.9649937152862549,0.3771460950374603,0.8958698034286499,0.9304317593574524,0.875,0.5,0.5,0.0,0.0,0.125,0.0,0.5,7.218841642141342,3.92557692527771,0.17743995037744753,0.3541666567325592,0.125,2.850203864276409,1.5228759571909904
val,base,35089,8,-0.05684333294630051,0.541088879108429,0.00022995471954345703,0.1630797266960143,0.35208430290222137,0.5,0.125,0.125,0.0,0.0,0.125,0.0,0.0,15.961904287338257,4.102017402648926,0.06815665957409024,0.0,0.125,5.263193428516388,2.235230028629303
val,base,35096,8,0.03713854402303696,0.734345018863678,0.005974769592285156,0.5870760023593902,0.660710510611534,0.875,0.25,0.25,0.0,0.0,0.125,0.0,0.25,17.997825622558594,12.237716674804688,0.010616538508202211,0.17916667461395264,0.14859251491725445,4.084221765398979,1.9071542397141457
val,base,35120,8,-0.030432097613811493,0.3118162155151367,0.08983433246612549,0.15968923568725582,0.23575272560119617,0.875,0.125,0.0,0.0,0.125,0.0,0.0,0.0,4.982903152704239,3.600031852722168,0.09921873442362994,0.0,0.0,4.820443391799927,2.1402807533740997
val,base,35138,8,-0.1226925402879715,0.007949113845825195,0.0005061924457550049,0.007311832904815674,0.007630473375320434,0.875,0.0,0.0,0.0,0.0,0.125,0.0,0.0,20.03263807296753,15.652450561523438,0.0023074672312759503,0.0,0.125,4.9110196232795715,2.2166476249694824
val,base,35253,8,-0.31008075922727585,0.7836758494377136,-0.24865800142288208,0.3976052224636077,0.5906405359506604,0.5,0.125,0.125,0.0,0.125,0.375,0.125,0.0,7.383613705635071,5.175812244415283,0.03857183250511298,0.09583333134651184,0.4375,5.4363009333610535,2.355684280395508
val,base,35408,8,0.3504421263933182,0.884830892086029,0.21411946415901184,0.7852433741092681,0.8350371330976485,1.0,0.5,0.375,0.0,0.0,0.0,0.0,0.0,7.115352213382721,3.1784427165985107,0.054403400572482497,0.32499999552965164,0.0,4.796963214874268,2.1548184156417847
val,base,35428,8,-0.49186940491199493,0.0019985437393188477,-0.4686571955680847,0.0007924079895019528,0.0013954758644103993,0.375,0.0,0.0,0.0,0.375,0.0,0.0,0.0,18.227424263954163,10.97457218170166,0.000514848286738534,0.0,0.11735425144433975,4.984081447124481,2.1908403635025024
val,base,35459,8,0.10021841526031494,0.9537127017974854,0.1865442395210266,0.854549092054367,0.9041308969259261,0.625,0.5,0.5,0.0,0.0,0.375,0.125,0.0,10.497134327888489,4.736861705780029,0.3477021643183383,0.2708333283662796,0.4375,5.028376460075378,2.2228903472423553
val,base,35573,8,0.062331512570381165,0.19075292348861694,0.049775779247283936,0.14614004492759702,0.16844648420810696,1.0,0.0,0.0,0.0,0.0,0.0,0.0,0.0,5.524840235710144,3.5325160026550293,0.06233150971820578,0.0,0.0,5.01063472032547,2.1833046078681946
val,base,35585,8,-0.142584050539881,0.00017547607421875,1.2516975402832031e-06,0.00012073516845703124,0.00014810562133789058,0.5,0.0,0.0,0.0,0.125,0.0,0.0,0.0,17.903807401657104,12.655871391296387,7.240729806604063e-05,0.0,0.017631227616220713,4.742202818393707,2.146780401468277
val,base,35623,8,-0.10208895057439804,0.5325825810432434,0.0005023479461669922,0.36636724472045895,0.44947491288185104,0.75,0.125,0.375,0.0,0.125,0.0,0.0,0.0,12.542895674705505,5.738667964935303,0.13538714927950224,0.1250000074505806,0.15178699791431427,4.928667366504669,2.1977646350860596
val,base,35634,8,0.0576518177986145,0.15815484523773193,0.05474650859832764,0.09641745090484617,0.12728614807128902,1.0,0.0,0.0,0.0,0.0,0.0,0.0,0.0,6.172915875911713,4.352719306945801,0.05765181337483227,0.0,0.0,4.975367546081543,2.22398978471756
val,base,35667,8,-0.03590594232082367,0.5929556488990784,0.002688765525817871,0.24348257184028615,0.41821911036968207,0.875,0.125,0.125,0.0,0.125,0.0,0.0,0.25,16.34458291530609,5.206975936889648,0.0891001145860173,0.0,0.0,3.8665929809212685,1.8437623754143715
val,base,35672,8,-0.2326686680316925,0.1350858211517334,1.946091651916504e-05,0.04262062907218931,0.0888532251119613,0.625,0.0,0.0,0.0,0.125,0.125,0.125,0.125,14.067883372306824,7.5175981521606445,0.04406353226264398,0.0,0.1875,4.3172073140740395,2.0002118051052094
val,base,35730,8,-0.8749058023095131,0.0,-1.0,-0.6994828820228578,-0.34974144101142934,0.0,0.0,0.0,0.0,0.5,0.375,0.25,0.125,23.573959827423096,13.158685684204102,0.0035676963996537064,0.0,0.5113603034988046,4.414682865142822,1.9875300154089928
val,base,35808,8,-0.40569661371409893,7.271766662597656e-06,-0.12279360741376877,2.1815299987792957e-06,4.726648330688472e-06,0.125,0.0,0.0,0.0,0.0,0.375,0.0,0.0,28.522961854934692,23.605863571166992,2.0053427212576275e-05,0.0,0.40571667067706585,5.107459306716919,2.23751500248909
val,base,35824,8,-0.19653361290693283,0.3013303875923157,0.01106482744216919,0.12796293497085567,0.21464666128158555,0.75,0.125,0.0,0.0,0.125,0.125,0.0,0.0,5.504711523652077,1.90664803981781,0.05346639630376515,0.0,0.125,4.668869435787201,2.0974240601062775
val,base,35860,8,0.23204588890075684,0.5999164581298828,0.14253821969032288,0.5705129146575928,0.5852146863937377,1.0,0.25,0.25,0.0,0.0,0.0,0.0,0.0,4.358585476875305,3.6222758293151855,0.2320458919275552,0.0,0.0,5.200071215629578,2.2784827947616577
val,base,35863,8,-0.0375819206237793,0.17123466730117798,0.06665962934494019,0.15895138382911683,0.16509302556514738,0.875,0.0,0.0,0.0,0.0,0.125,0.0,0.0,5.808369010686874,3.4192471504211426,0.08741808240301907,0.0,0.125,5.197507262229919,2.298678368330002
val,base,35877,8,-0.29925255477428436,1.0,-0.25425657629966736,0.37922264933586103,0.6896113246679301,0.5,0.125,0.125,0.125,0.125,0.375,0.0,0.25,16.573228865861893,3.9518325328826904,0.1410022762288463,0.15416666865348816,0.375,3.763909935951233,1.805433765053749
val,base,35945,8,8.61138105392456e-05,0.0004665851593017578,2.5779008865356445e-05,0.00020915269851684565,0.00033786892890930154,1.0,0.0,0.0,0.0,0.0,0.0,0.0,0.0,19.304811477661133,14.05112075805664,8.611120111190473e-05,0.0,0.0,4.940462350845337,2.190187156200409
val,base,35950,8,-0.517416387796402,0.5767213702201843,-1.0,0.3541592419147491,0.46544030606746656,0.375,0.125,0.5,0.0,0.625,0.0,0.0,0.0,7.005674064159393,3.571780204772949,0.14331866125576198,0.3125000074505806,0.0,4.77795135974884,2.1569072008132935
val,base,35959,8,0.11182324588298798,0.43660855293273926,0.0013128817081451416,0.35744085311889645,0.3970247030258178,1.0,0.25,0.0,0.0,0.0,0.0,0.0,0.0,14.03425657749176,6.509364128112793,0.11182324410901856,0.0,0.0,4.629754722118378,2.0619763880968094
val,base,35988,8,-0.19252729415893555,0.012059152126312256,2.9802322387695312e-08,0.0045703709125518785,0.008314761519432062,0.5,0.0,0.0,0.0,0.125,0.0,0.0,0.0,24.260944485664368,14.811301231384277,0.0018768535857959755,0.0,0.06940415501594543,4.783095717430115,2.135068714618683
val,base,36095,8,-0.35233524441719055,0.04846864938735962,0.02745586633682251,0.044647717475891115,0.04655818343162536,0.625,0.0,0.0,0.0,0.375,0.0,0.0,0.0,6.907219886779785,4.117151260375977,0.028660994954407215,0.0,0.0,4.765860736370087,2.1197832822799683
val,base,36127,8,0.21326793730258942,0.8931885957717896,0.0021212995052337646,0.8173505365848541,0.8552695661783218,1.0,0.25,0.25,0.0,0.0,0.0,0.0,0.0,13.933770656585693,8.786185264587402,0.05252534174132961,0.20000000298023224,0.0,4.83803790807724,2.1743428111076355
val,base,36174,8,-0.15145681874128059,0.26826608180999756,-0.007100048707798123,0.08048633337020869,0.174376207590103,0.25,0.0,0.125,0.0,0.125,0.125,0.0,0.0,10.225768968462944,1.3348616361618042,0.03808051839665039,0.08750000596046448,0.17592830845387653,5.008641183376312,2.221207916736603
val,base,36210,8,0.003302238881587982,0.015536069869995117,0.0011897087097167969,0.007839214801788327,0.011687642335891719,1.0,0.0,0.0,0.0,0.0,0.0,0.0,0.0,21.041592597961426,14.297868728637695,0.0033022296796945128,0.0,0.0,4.899452269077301,2.184858351945877
val,base,36249,8,-1.0,-1.0,-1.0,-1.0,-1.0,0.0,0.0,0.0,0.0,1.0,0.0,0.0,0.0,7.851414918899536,4.605525493621826,0.0213899516093079,0.09583333134651184,0.0,4.822904467582703,2.1641880571842194
val,base,36254,8,-0.3061903938651085,0.922459602355957,-0.5411700010299683,0.7726768434047698,0.8475682228803634,0.375,0.25,0.625,0.0,0.375,0.375,0.0,0.125,10.20190680027008,3.7908506393432617,0.4278631278066314,0.3999999985098839,0.49477491655852646,4.364849261939526,2.0168913081288338
val,base,36469,8,0.0035775750875473022,0.024519920349121094,3.7044286727905273e-05,0.009083902835845942,0.01680191159248351,1.0,0.0,0.0,0.0,0.0,0.0,0.0,0.0,22.935325264930725,13.366814613342285,0.003577581647249417,0.0,0.0,4.714279055595398,2.1138773411512375
val,base,36507,8,0.002922460436820984,0.41720008850097656,0.07839113473892212,0.2984825015068054,0.3578412950038909,0.875,0.125,0.0,0.0,0.125,0.0,0.0,0.0,11.136325240135193,6.6649651527404785,0.12812860661142622,0.0,0.0,4.749164640903473,2.152480572462082
val,base,36553,8,0.0014842525124549866,0.011188387870788574,9.429454803466797e-05,0.0035686790943145735,0.0073785334825515695,0.875,0.0,0.0,0.0,0.0,0.0,0.0,0.0,17.5835679769516,14.45179557800293,0.001484246173806404,0.0,0.0,4.635453760623932,2.1045120656490326
val,base,36580,8,0.47639645636081696,0.9822421073913574,0.3779396712779999,0.9564029395580291,0.9693225234746933,1.0,0.5,0.375,0.0,0.0,0.0,0.0,0.0,6.952951550483704,3.604602575302124,0.4092889100301136,0.2541666701436043,0.0,5.16791695356369,2.255967855453491
val,base,36592,8,-0.24435493350028992,0.014879286289215088,0.003482043743133545,0.01415209174156189,0.014515689015388487,0.625,0.0,0.0,0.0,0.125,0.125,0.25,0.25,8.984853744506836,3.123964309692383,0.00564507477096754,0.0,0.25,3.9770651534199715,1.8651608601212502
val,base,36635,8,-0.2502678856253624,0.2950640320777893,-0.16829559206962585,0.1355039298534393,0.21528398096561419,0.5,0.0,0.25,0.125,0.0,0.25,0.125,0.0,14.079547107219696,5.998190402984619,0.08833447032100139,0.19999999552965164,0.5096626654267311,4.814918339252472,2.1560854464769363
val,base,36674,8,0.04589845985174179,0.7507339119911194,0.07869371771812439,0.3971854746341704,0.5739596933126447,0.875,0.125,0.125,0.0,0.125,0.0,0.0,0.5,5.2295640632510185,0.11953729391098022,0.17089846195813152,0.0,0.0,3.1530391722917557,1.6324822902679443
val,base,36687,8,0.017659798031672835,0.8324159979820251,0.12141194846481085,0.8138614594936371,0.8231387287378311,0.5,0.375,0.5,0.0,0.0,0.375,0.0,0.5,16.071111619472504,5.581691265106201,0.09714836222219958,0.36250001192092896,0.38230210659094155,3.0131829977035522,1.5664606243371964
val,base,36739,8,-0.5212752373772673,0.09295493364334106,-0.6291564851999283,0.027886521816253645,0.06042072772979731,0.25,0.0,0.0,0.0,0.0,0.5,0.0,0.0,24.448278546333313,10.55615520477295,0.01161937743143335,0.0,0.5328946189838462,4.856812596321106,2.176005870103836
val,base,36754,8,-0.1787673681974411,0.35120296478271484,0.000561445951461792,0.19076600670814509,0.2709844857454299,0.75,0.125,0.0,0.0,0.25,0.0,0.0,0.0,10.777083694934845,7.227510929107666,0.0715672413152788,0.0,0.0,4.878044545650482,2.1837004125118256
val,base,36792,8,-0.05080632120370865,1.0,2.9802322387695312e-08,0.3037042319774626,0.6518521159887308,0.5,0.125,0.25,0.125,0.0,0.25,0.0,0.0,15.74864661693573,4.841465950012207,0.15430416148197473,0.12083332985639572,0.25,4.762008011341095,2.1381537318229675
val,base,36956,8,0.11174847185611725,0.6392940282821655,0.03442823886871338,0.25646387934684745,0.44787895381450626,1.0,0.125,0.125,0.0,0.0,0.0,0.0,0.125,12.416989922523499,4.855363845825195,0.11174847443180624,0.0,0.0,4.35336871445179,2.00815299898386
val,base,36994,8,-0.6094658002257347,0.6188174486160278,-1.0,0.5394645392894745,0.5791409939527511,0.25,0.25,0.625,0.0,0.75,0.0,0.0,0.125,4.829413026571274,3.376317024230957,0.3396868144045584,0.11666666716337204,0.0,4.264101967215538,1.9737409055233002
val,base,37006,8,0.009404785931110382,0.06883728504180908,0.00209614634513855,0.03102387785911559,0.04993058145046231,0.875,0.0,0.0,0.0,0.0,0.0,0.0,0.0,9.142510950565338,4.1168131828308105,0.07121981123054866,0.0,0.06181502342224121,5.234838783740997,2.2974487841129303
val,base,37094,8,-0.7499010264873505,5.662441253662109e-06,-1.0,1.990795135498046e-06,3.826618194580076e-06,0.25,0.0,0.0,0.0,0.5,0.25,0.0,0.0,25.261291980743408,20.295146942138672,0.00020272579106630356,0.0,0.3897375427186489,4.658048450946808,2.0819649696350098
val,base,37189,8,-0.6519616022706032,0.0,-0.8396473228931427,0.0,0.0,0.0,0.0,0.0,0.0,0.0,0.5,0.125,0.25,24.496622562408447,10.769025802612305,0.010544582922515599,0.0,0.725006178021431,3.7299255281686783,1.7948449105024338
val,base,37192,8,-0.09047598391771317,0.9876233339309692,-0.010213911533355713,0.9311908841133117,0.9594071090221404,0.5,0.25,0.375,0.0,0.0,0.375,0.0,0.375,10.054712444543839,2.085273027420044,0.28422995595747125,0.32083332538604736,0.4498148486018181,3.2995114102959633,1.6133407950401306
val,base,37234,8,-0.04255346208810806,1.0,-0.07827046513557434,0.9431618750095367,0.9715809375047684,0.5,0.5,0.875,0.125,0.5,0.0,0.0,0.375,6.924768149852753,3.60537052154541,0.4268708345480263,0.7874999865889549,0.003987891133874655,3.2561088651418686,1.607369378209114
val,base,37239,8,-0.028931356966495514,0.7342363595962524,0.0004055202007293701,0.22267045378684985,0.47845340669155084,0.75,0.125,0.125,0.0,0.0,0.0,0.0,0.0,24.25046396255493,17.344541549682617,0.0011385644367904596,0.09166666865348816,0.12142617255449295,5.2729663252830505,2.2775661945343018
val,base,37297,8,-0.11576977372169495,0.036271095275878906,0.0,0.01326481103897094,0.02476795315742491,0.25,0.0,0.0,0.0,0.0,0.125,0.0,0.0,21.673616647720337,12.55956745147705,0.0092302319244782,0.0,0.125,4.8882182240486145,2.1691460609436035
val,base,37306,8,-0.14087505638599396,0.7872544527053833,4.607439041137695e-05,0.2921615123748778,0.5397079825401303,0.625,0.125,0.125,0.125,0.125,0.25,0.125,0.0,23.02256727218628,5.04096794128418,0.08792234112696717,0.12083332985639572,0.3125,4.690071523189545,2.1007551103830338
val,base,37340,8,-0.1441035494208336,0.96791011095047,3.9011240005493164e-05,0.7528776109218597,0.8603938609361647,0.625,0.25,0.375,0.0,0.375,0.0,0.0,0.0,10.982032477855682,4.469310760498047,0.18235252962273663,0.30000001192092896,0.0,4.976152420043945,2.2172708213329315
val,base,37372,8,0.037924736738204956,0.06394451856613159,0.039597541093826294,0.061409163475036624,0.0626768410205841,1.0,0.0,0.0,0.0,0.0,0.0,0.0,0.125,5.154124587774277,3.6768763065338135,0.037924736097920686,0.0,0.0,4.3596231415867805,2.0065202489495277
val,base,37473,8,0.04813249409198761,0.3893952965736389,0.10475000739097595,0.2330758392810821,0.3112355679273604,0.875,0.125,0.0,0.0,0.0,0.0,0.0,0.0,6.12014639377594,3.567497968673706,0.11941805473290756,0.0,0.07128555327653885,5.075599789619446,2.199183017015457
val,base,37542,8,-0.29189383238554,0.6338188052177429,0.0,0.21183952093124378,0.4228291630744931,0.375,0.125,0.125,0.0,0.375,0.0,0.0,0.25,20.43004882335663,12.884978294372559,0.007836171772420006,0.13749999552965164,0.0,3.884521946310997,1.8351558074355125
val,base,37608,8,-0.24594490975141525,0.015176773071289062,0.0015676021575927734,0.010100013017654418,0.012638393044471737,0.75,0.0,0.0,0.0,0.25,0.0,0.0,0.125,16.045989155769348,12.91720199584961,0.004060237614602613,0.0,0.0,4.561021119356155,2.0320129841566086
val,base,37609,8,-0.2537206783890724,0.10363292694091797,2.1457672119140625e-06,0.10153937935829163,0.1025861531496048,0.625,0.0,0.0,0.0,0.25,0.0,0.0,0.0,16.80868375301361,10.31498908996582,0.053019646945713816,0.0,0.03450646251440048,4.842130780220032,2.146862119436264
val,base,37616,8,-0.12426786124706268,0.0056517720222473145,1.8864870071411133e-05,0.0017627060413360587,0.003707239031791684,0.625,0.0,0.0,0.0,0.0,0.125,0.0,0.0,19.888347148895264,9.364498138427734,0.0007321374807816028,0.0,0.125,5.12309205532074,2.2783926725387573
val,base,37725,8,0.11543271690607071,0.2957773208618164,0.09679856896400452,0.2160973012447357,0.255937311053276,1.0,0.0,0.0,0.0,0.0,0.0,0.0,0.0,5.923502504825592,4.020049095153809,0.11543271457776427,0.0,0.0,4.808308959007263,2.1452547013759613
val,base,37745,8,-0.0806167721748352,0.3229098320007324,0.0006534159183502197,0.11495897769927974,0.21893440485000593,0.875,0.125,0.0,0.0,0.125,0.0,0.0,0.125,5.102723687887192,0.3202812671661377,0.0443832232572845,0.0,0.0,4.320502288639545,1.9943382516503334
val,base,37990,8,-0.592538945376873,2.384185791015625e-07,-0.7383133471012115,1.549720764160156e-07,1.96695327758789e-07,0.25,0.0,0.25,0.0,0.25,0.5,0.25,0.25,19.69530177116394,5.177163600921631,0.1299294774761055,0.09166667610406876,0.7963825091719627,3.6286632269620895,1.7698576226830482
val,base,38066,8,0.1758720427751541,0.7828097343444824,0.0009156167507171631,0.6644278526306152,0.7236187934875488,1.0,0.25,0.25,0.0,0.0,0.0,0.0,0.125,15.825268268585205,9.164661407470703,0.014236306733437232,0.17083333432674408,0.0,4.289183586835861,1.9761814549565315
val,base,38073,8,-0.8619832098484039,0.10413432121276855,-1.0,-0.6687597036361697,-0.28231269121170105,0.125,0.0,0.125,0.0,0.875,0.0,0.0,0.125,5.5788732171058655,3.5573630332946777,0.053039489313960075,0.09166666865348816,0.0,4.62699518352747,2.0407215878367424
val,base,38116,8,0.35493404418230057,0.8682466149330139,0.30391472578048706,0.7623540878295898,0.8153003513813017,1.0,0.5,0.25,0.0,0.0,0.0,0.0,0.0,7.368689239025116,4.775171756744385,0.19007151282858104,0.22083333879709244,0.0,5.234482109546661,2.2718418538570404
val,base,38145,8,-0.05022059381008148,0.14119720458984375,0.07465291023254395,0.12903087139129638,0.13511403799057006,0.875,0.0,0.0,0.0,0.0,0.125,0.0,0.0,5.892025113105774,3.746387004852295,0.0747794126473309,0.0,0.125,4.643867671489716,2.0918073058128357
val,base,38204,8,-0.38305515225511044,0.055335044860839844,-0.0599004696123302,0.016615366935729972,0.03597520589828489,0.375,0.0,0.0,0.0,0.25,0.125,0.0,0.0,25.103665351867676,11.674829483032227,0.006960946910166577,0.0,0.14000775094609708,4.678078651428223,2.1290371119976044
val,base,38232,8,-0.6246537938714027,0.001454472541809082,-1.0,0.00135650634765625,0.0014054894447326658,0.375,0.0,0.0,0.0,0.625,0.0,0.0,0.0,14.521331310272217,10.208320617675781,0.0037094668724080293,0.05416666716337204,0.0,5.023301303386688,2.191967561841011
val,base,38237,8,0.04816991835832596,0.23787033557891846,0.006272554397583008,0.14483799934387204,0.1913541674613952,1.0,0.0,0.0,0.0,0.0,0.0,0.0,0.25,11.692640960216522,6.972358226776123,0.0481699180147217,0.0,0.0,3.9724952280521393,1.8759626150131226
val,base,38331,8,0.15657544136047363,0.714154839515686,0.00240933895111084,0.5646908044815063,0.6394228219985961,1.0,0.25,0.25,0.0,0.0,0.0,0.0,0.125,12.925772607326508,4.166640281677246,0.15657543913948757,0.0,0.0,4.345463812351227,2.0388581082224846
val,base,38353,8,-0.16344218328595161,0.0027444958686828613,5.960464477539063e-08,0.0011222958564758296,0.0019333958625793444,0.5,0.0,0.0,0.0,0.0,0.125,0.0,0.0,16.82525885105133,11.69735050201416,0.00039648524356064585,0.0,0.16383866593241692,4.8663517236709595,2.1621919572353363
val,base,38429,8,-0.3723107799887657,0.0014079809188842773,1.3113021850585938e-05,0.0012154698371887207,0.001311725378036499,0.625,0.0,0.0,0.0,0.125,0.25,0.0,0.0,25.052948832511902,13.923386573791504,0.0026901325635782514,0.04583333432674408,0.25,4.879132390022278,2.1933575868606567
val,base,38438,8,-0.46716936043230817,0.0704803466796875,-0.42302617873065174,0.04762618541717529,0.05905326604843138,0.375,0.0,0.0,0.0,0.25,0.125,0.0,0.0,7.175037860870361,2.3599119186401367,0.013634060527692782,0.0,0.29805623850552365,4.6976383328437805,2.1339236199855804
val,base,38474,8,-0.36940814554691315,0.8122744560241699,-0.3872445821762085,0.2436876773834227,0.527981066703796,0.375,0.125,0.125,0.125,0.125,0.125,0.0,0.0,17.88710841536522,3.5158698558807373,0.0967863285864472,0.12083332985639572,0.4060179255902767,4.728717923164368,2.134128674864769
val,base,38477,8,-0.6174737811088562,4.7266483306884766e-05,-0.665398359298706,-0.1939622223377228,-0.09695747792720809,0.125,0.0,0.25,0.0,0.375,0.5,0.125,0.0,10.327539265155792,5.234091281890869,0.11829328943622386,0.1875,0.6725319623947144,5.694648206233978,2.3201718032360077
val,base,38510,8,0.010084979236125946,0.07597112655639648,3.463029861450195e-05,0.024737769365310656,0.05035444796085354,0.875,0.0,0.0,0.0,0.0,0.0,0.0,0.125,17.04923951625824,10.66908073425293,0.01008498338639893,0.0,0.0,4.427028752863407,2.061301566660404
val,base,38653,8,-0.41074688732624054,0.00028079748153686523,-0.14318808913230896,0.00016672611236572262,0.00022376179695129386,0.5,0.0,0.125,0.0,0.0,0.5,0.125,0.375,24.455274879932404,4.173901081085205,0.08925310581351992,0.0,0.5625,3.4182472601532936,1.678879290819168
val,base,38684,8,-0.6449734345078468,0.7301849722862244,-1.0,0.2960747778415679,0.5131298750638958,0.25,0.125,0.125,0.0,0.75,0.0,0.0,0.0,5.486792147159576,2.8835506439208984,0.0910405027680099,0.08750000596046448,0.0,4.667415738105774,2.1017035096883774
val,base,38735,8,0.09844770282506943,0.3818831443786621,1.3917684555053711e-05,0.3318063974380493,0.35684477090835565,1.0,0.25,0.0,0.0,0.0,0.0,0.0,0.0,20.215897262096405,6.963125705718994,0.0984477076372059,0.0,0.0,4.79970920085907,2.1442184448242188
val,base,38736,8,0.13351082056760788,0.28790533542633057,0.12294211983680725,0.2414020597934723,0.2646536976099014,1.0,0.0,0.0,0.0,0.0,0.0,0.0,0.0,6.216250985860825,3.7297403812408447,0.09447021898813546,0.0416666641831398,0.0,5.287527978420258,2.292300298810005
val,base,38864,8,-0.8728415220975876,0.017267823219299316,-1.0,-0.6948196530342103,-0.338775914907456,0.125,0.0,0.0,0.0,0.875,0.0,0.0,0.0,6.30281588435173,3.6060378551483154,0.07250999961979687,0.0,0.0,4.5944172739982605,2.0812908411026
val,base,38966,8,1.5832483768463135e-05,0.00011646747589111328,7.450580596923828e-07,3.936290740966795e-05,7.791519165039056e-05,1.0,0.0,0.0,0.0,0.0,0.0,0.0,0.0,27.97980284690857,24.055208206176758,1.582076715500591e-05,0.0,0.0,5.222270131111145,2.26638662815094
val,base,39020,8,-0.37752546602860093,0.0030043721199035645,-0.011954495683312416,0.0013813793659210201,0.002192875742912291,0.5,0.0,0.0,0.0,0.375,0.0,0.0,0.0,17.422356128692627,11.734143257141113,0.0013417272302831407,0.0,0.0030201920308172703,4.924764096736908,2.203599601984024
val,base,39075,8,-0.2452138364315033,0.013464629650115967,0.001767665147781372,0.011558794975280761,0.012511712312698363,0.75,0.0,0.0,0.0,0.25,0.0,0.0,0.0,12.865562438964844,8.158278465270996,0.013251924414362293,0.0,0.003426110837608576,4.671426773071289,2.1269505321979523
val,base,39078,8,-0.6235473528504372,0.8555074334144592,-0.9894380271434784,0.30035483241081223,0.5779311329126353,0.25,0.125,0.125,0.0,0.5,0.25,0.0,0.25,5.688782602548599,2.9896295070648193,0.08976180828176439,0.09583333134651184,0.25,3.8462265133857727,1.8259540274739265
val,base,39091,8,-0.8749929890036583,1.5735626220703125e-05,-0.9999995827674866,-0.6999714136123659,-0.34997783899307305,0.125,0.0,0.0,0.0,0.0,0.875,0.25,0.0,25.369651556015015,17.1307315826416,0.0009096617189711109,0.0,1.0,4.86851567029953,2.2072335481643677
val,base,39098,8,-0.08922704309225082,0.00031882524490356445,0.0,0.00017809271812438963,0.00024845898151397693,0.25,0.0,0.0,0.0,0.0,0.0,0.0,0.0,24.713035821914673,16.4755859375,0.0006273508864115084,0.0,0.08985438942909241,4.793140292167664,2.147528350353241
val,base,39111,8,-0.025015220046043396,0.45677709579467773,0.03853127360343933,0.23073236942291253,0.34375473260879497,0.875,0.125,0.0,0.0,0.0,0.125,0.0,0.125,11.523179769515991,4.218418121337891,0.09998477381027371,0.0,0.125,4.480801053345203,2.0710684955120087
val,base,39210,8,0.005403589457273483,0.19906938076019287,0.0009358227252960205,0.06319999098777768,0.1311346858739852,0.875,0.0,0.0,0.0,0.0,0.0,0.0,0.75,14.088206052780151,8.784150123596191,0.02621859880960642,0.0,0.020815011113882065,2.0693322122097015,1.2281675189733505
val,base,39230,8,-0.02835593745112419,0.03846299648284912,0.00013506412506103516,0.014897119998931879,0.026680058240890484,0.875,0.0,0.0,0.0,0.0,0.0,0.0,0.625,20.06457543373108,11.5648775100708,0.01280019715909475,0.0,0.041156139224767685,2.41177686303854,1.3301393017172813
val,base,39330,8,0.30973146855831146,0.9388917684555054,0.39303669333457947,0.8651962816715241,0.9020440250635147,0.875,0.5,0.625,0.0,0.125,0.0,0.0,0.0,5.280250653624535,0.2949255704879761,0.13786614064883906,0.4375,0.0,4.937774181365967,2.213264510035515
val,base,39400,8,-0.5792227629572153,0.07284843921661377,-0.7498202323913574,-0.03170198649168017,0.02057322636246673,0.125,0.0,0.125,0.0,0.375,0.25,0.25,0.0,7.790133476257324,3.025887966156006,0.024396225215696177,0.125,0.40619693882763386,4.774930059909821,2.1283977329730988
val,base,39446,8,-0.1247478798031807,0.0012516975402832031,9.745359420776367e-06,0.0008356750011444091,0.0010436862707138058,0.875,0.0,0.0,0.0,0.125,0.0,0.0,0.0,16.901726484298706,10.460874557495117,0.0011317783572906137,0.0,0.0,4.939687609672546,2.175566166639328
val,base,39450,8,-0.09190282970666885,0.859072208404541,0.029576808214187622,0.4618023514747619,0.6604372799396512,0.75,0.125,0.25,0.0,0.25,0.0,0.0,0.125,6.196009123697877,0.1715497523546219,0.07001731044147164,0.2291666641831398,0.0,4.472494259476662,2.0018949285149574
val,base,39463,8,-0.24173785001039505,0.049827396869659424,0.0004361569881439209,0.0218572974205017,0.03584234714508054,0.75,0.0,0.0,0.0,0.25,0.0,0.0,0.25,8.662102460861206,4.436081409454346,0.018813015999512572,0.0,0.0,4.047461181879044,1.8851337283849716
val,base,39491,8,-0.4327564239501953,0.3497874140739441,-0.494302362203598,0.20236998796463007,0.276078701019287,0.5,0.125,0.0,0.0,0.5,0.0,0.0,0.375,7.620736360549927,4.227458953857422,0.08800128690199926,0.03750000149011612,0.0,3.8393256291747093,1.7513382285833359
val,base,39530,8,0.35222192108631134,0.9498661160469055,0.6670825481414795,0.9068564116954804,0.9283612638711929,0.75,0.625,0.875,0.125,0.0,0.375,0.0,0.75,8.908162027597427,2.9566309452056885,0.3805793650972191,0.6458333507180214,0.40335875004529953,2.22711268812418,1.2109434902668
val,base,39582,8,-0.45258742198348045,0.4509589374065399,-0.5456272065639496,0.14896368682384484,0.29996131211519217,0.375,0.125,0.25,0.0,0.125,0.5,0.0,0.0,12.893353521823883,3.6767449378967285,0.20351603122402917,0.08750000596046448,0.557371873408556,4.966647505760193,2.22071136534214
val,base,39627,8,-0.9338040351867676,-0.4738221764564514,-0.9995527863502502,-0.8409693479537965,-0.6573957622051242,0.0,0.0,0.125,0.0,0.125,0.875,0.0,0.0,20.585820078849792,5.79038143157959,0.06619606205506301,0.0,0.875,5.2938767075538635,2.257486015558243
val,base,39639,8,0.015197023749351501,0.788714587688446,1.0520219802856445e-05,0.5075574934482574,0.6481360405683515,0.75,0.25,0.125,0.0,0.0,0.125,0.0,0.0,19.207360804080963,6.919361591339111,0.090652989558071,0.08750000596046448,0.1351292292238213,4.942123711109161,2.195936232805252
val,base,39682,8,-0.11713920533657074,0.9726594090461731,1.7881393432617188e-07,0.3021274983882902,0.6373934537172312,0.5,0.125,0.125,0.0,0.0,0.125,0.0,0.0,14.037956416606903,4.045129299163818,0.09417363746910978,0.11249999701976776,0.2420709803700447,4.919609606266022,2.193798288702965
val,base,39685,8,-0.18743612617254257,0.00016295909881591797,0.0,7.700920104980466e-05,0.00011998414993286126,0.25,0.0,0.0,0.0,0.125,0.0,0.125,0.0,15.547328650951385,4.999353885650635,8.461559279954753e-05,0.0,0.0625,4.969465553760529,2.2059661149978638
val,base,39736,8,-0.6520809009671211,0.0,-0.9296338856220245,0.0,0.0,0.0,0.0,0.0,0.0,0.0,0.375,0.0,0.0,30.30206561088562,14.962778091430664,0.0013988773576672697,0.0,0.653479777276516,5.0495811104774475,2.2324024736881256
val,base,39738,8,-0.22638800740242004,0.05798912048339844,0.02108106017112732,0.048926246166229245,0.053457683324813834,0.75,0.0,0.125,0.0,0.25,0.0,0.0,0.0,5.630384147167206,3.277531623840332,0.11716318450635299,0.0,0.0,4.702154636383057,2.141945332288742
val,base,39808,8,0.04615171253681183,0.9961170554161072,0.022205054759979248,0.8770218312740325,0.9365694433450698,0.625,0.375,0.625,0.125,0.25,0.125,0.0,0.0,7.953045845031738,2.719883918762207,0.3922402805183083,0.40833333134651184,0.16423872858285904,4.924472212791443,2.1932670772075653
val,base,39819,8,-0.4411450996994972,0.451413631439209,-0.5,0.14902198910713188,0.30021781027317024,0.25,0.125,0.0,0.0,0.375,0.125,0.0,0.0,15.932390093803406,8.95936107635498,0.02459464482420936,0.0416666641831398,0.125,4.522602796554565,2.056041955947876
val,base,39866,8,-0.17772181471809745,0.00015795230865478516,-0.029137378558516502,5.539655685424802e-05,0.00010667443275451652,0.5,0.0,0.0,0.0,0.0,0.0,0.0,0.125,27.143441438674927,20.87666130065918,4.843741652266892e-05,0.0,0.17777025839313865,4.425560116767883,1.9729426577687263
val,base,39869,8,-0.6836385950446129,0.025545358657836914,-1.0,0.00783525705337524,0.016690307855606067,0.25,0.0,0.125,0.0,0.625,0.0,0.25,0.0,6.207528501749039,3.052349328994751,0.10508069918121521,0.0,0.24502670764923096,4.613382458686829,2.094918966293335
val,base,39887,8,-0.23175339214503765,0.0,0.0,0.0,0.0,0.0,0.0,0.0,0.0,0.125,0.0,0.0,0.0,19.90752649307251,12.77263069152832,0.0,0.0,0.10675339214503765,5.0771843791008,2.2690652310848236
val,base,39921,8,-0.2076423466205597,0.742785632610321,8.046627044677734e-06,0.6351310491561889,0.6889583408832549,0.625,0.25,0.375,0.0,0.25,0.125,0.0,0.125,18.337151885032654,3.879004955291748,0.1847460898521831,0.07083334028720856,0.125,4.601057201623917,2.027911312878132
val,base,39961,8,-0.6156394192948937,0.03188490867614746,-1.0,0.027816385775804517,0.02985064722597599,0.375,0.0,0.0,0.0,0.625,0.0,0.0,0.125,6.174733579158783,3.86269474029541,0.06699703214690089,0.0,4.258102853782475e-05,4.952538579702377,2.1385755985975266
val,base,39982,8,-0.24091768264770508,0.019957542419433594,1.1622905731201172e-06,0.0064962446689605675,0.013226893544197073,0.75,0.0,0.0,0.0,0.125,0.125,0.0,0.25,13.207788348197937,4.016434669494629,0.00917500483204492,0.0,0.24998092651367188,3.814125634729862,1.8170693889260292
val,base,39984,8,-0.16565512120723724,0.6256498098373413,0.005422443151473999,0.20657492280006398,0.4161123663187024,0.75,0.125,0.125,0.0,0.25,0.125,0.0,0.375,6.434617593884468,1.2624341249465942,0.0843448818681054,0.0,0.125,3.32187856733799,1.6520234420895576
val,base,39985,8,-0.12321053445339203,0.0122147798538208,9.119510650634766e-06,0.004990816116333006,0.008602797985076899,0.625,0.0,0.0,0.0,0.0,0.125,0.0,0.0,17.345702290534973,12.024931907653809,0.0017894616807482,0.0,0.125,5.276071727275848,2.2281413823366165
