split,policy,pool_idx,n_samples,reward_mean,reward_max,reward_p50,reward_p90,reward_p95,positive_rate,high_reward_rate,near_miss_rate,collision_rate,init_invalid_rate,goal_offlane_rate,controlled_parking_rate,small_vehicle_rate,ego_adv_min_dist_mean,ego_adv_min_dist_min,r_approach_mean,r_ttc_mean,constraint_mean,adv_length_mean,adv_width_mean
train,conditioning_real_adv,4,1,1.0,1.0,1.0,1.0,1.0,1.0,1.0,1.0,1.0,0.0,0.0,0.0,0.0,6.839810848236084,6.839810848236084,0.3965394198894501,0.9333333373069763,0.0,5.283745765686035,2.3618199825286865
train,conditioning_real_adv,74,1,-1.0,-1.0,-1.0,-1.0,-1.0,0.0,0.0,0.0,0.0,0.0,1.0,1.0,0.0,29.912397384643555,29.912397384643555,1.169195371630849e-07,0.0,1.5,4.457079887390137,2.023606300354004
train,conditioning_real_adv,99,1,8.940696716308594e-07,8.940696716308594e-07,8.940696716308594e-07,8.940696716308594e-07,8.940696716308594e-07,1.0,0.0,0.0,0.0,0.0,0.0,0.0,0.0,30.472089767456055,30.472089767456055,8.948410368248005e-07,0.0,0.0,4.818221092224121,2.131154775619507
train,conditioning_real_adv,815,1,0.00043839216232299805,0.00043839216232299805,0.00043839216232299805,0.00043839216232299805,0.00043839216232299805,1.0,0.0,0.0,0.0,0.0,0.0,0.0,0.0,17.342315673828125,17.342315673828125,0.0004383625346235931,0.0,0.0,4.881886005401611,2.2969462871551514
train,conditioning_real_adv,865,1,-1.0,-1.0,-1.0,-1.0,-1.0,0.0,0.0,0.0,0.0,0.0,1.0,1.0,0.0,16.93585968017578,16.93585968017578,0.0012989058159291744,0.0,1.5,5.093383312225342,2.2541847229003906
train,conditioning_real_adv,920,1,3.5643577575683594e-05,3.5643577575683594e-05,3.5643577575683594e-05,3.5643577575683594e-05,3.5643577575683594e-05,1.0,0.0,0.0,0.0,0.0,0.0,0.0,0.0,15.47488021850586,15.47488021850586,3.562928759492934e-05,0.0,0.0,4.599277973175049,2.059910774230957
train,conditioning_real_adv,1062,1,-1.0,-1.0,-1.0,-1.0,-1.0,0.0,0.0,0.0,0.0,0.0,1.0,1.0,0.0,42.03508758544922,42.03508758544922,6.744620972831683e-10,0.0,1.5,8.654790878295898,2.805959701538086
train,conditioning_real_adv,1417,1,0.0018380284309387207,0.0018380284309387207,0.0018380284309387207,0.0018380284309387207,0.0018380284309387207,1.0,0.0,0.0,0.0,0.0,0.0,0.0,1.0,12.463903427124023,12.463903427124023,0.0018380247056484222,0.0,0.0,0.9045462012290955,0.8751303553581238
train,conditioning_real_adv,1493,1,-1.0,-1.0,-1.0,-1.0,-1.0,0.0,0.0,0.0,0.0,0.0,1.0,1.0,0.0,38.97859573364258,38.97859573364258,9.590407357151776e-10,0.0,1.5,5.282492637634277,2.358440637588501
train,conditioning_real_adv,1749,1,-0.5,-0.5,-0.5,-0.5,-0.5,0.0,0.0,0.0,0.0,0.0,0.0,1.0,0.0,27.476776123046875,27.476776123046875,2.9235687204476335e-09,0.0,0.5,4.510458946228027,2.061676502227783
train,conditioning_real_adv,2067,1,-1.0,-1.0,-1.0,-1.0,-1.0,0.0,0.0,0.0,0.0,0.0,0.0,1.0,1.0,18.336172103881836,18.336172103881836,9.740745008457452e-05,0.0,1.4732434749603271,0.8830615282058716,0.9273551106452942
train,conditioning_real_adv,2160,1,0.0,0.0,0.0,0.0,0.0,0.0,0.0,0.0,0.0,0.0,0.0,0.0,0.0,15.415511131286621,15.415511131286621,3.062265339307674e-13,0.0,0.0,4.888238906860352,2.1832499504089355
train,conditioning_real_adv,2384,1,-0.5,-0.5,-0.5,-0.5,-0.5,0.0,0.0,0.0,0.0,0.0,0.0,1.0,0.0,33.56343460083008,33.56343460083008,1.5533112296406415e-10,0.0,0.5,6.03916072845459,2.48264741897583
train,conditioning_real_adv,2532,1,-1.0,-1.0,-1.0,-1.0,-1.0,0.0,0.0,0.0,0.0,0.0,1.0,1.0,0.0,37.78997802734375,37.78997802734375,1.1209631001207754e-09,0.0,1.5,4.5823187828063965,2.089557409286499
train,conditioning_real_adv,2550,1,9.5367431640625e-07,9.5367431640625e-07,9.5367431640625e-07,9.5367431640625e-07,9.5367431640625e-07,1.0,0.0,0.0,0.0,0.0,0.0,0.0,0.0,27.76793670654297,27.76793670654297,9.632917681301478e-07,0.0,0.0,4.584664344787598,2.0957658290863037
train,conditioning_real_adv,2580,1,0.0,0.0,0.0,0.0,0.0,0.0,0.0,0.0,0.0,0.0,0.0,0.0,0.0,28.73648452758789,28.73648452758789,1.7499247884078528e-10,0.0,0.0,6.997513294219971,2.9130189418792725
train,conditioning_real_adv,2653,1,0.0,0.0,0.0,0.0,0.0,0.0,0.0,0.0,0.0,0.0,0.0,0.0,0.0,33.346466064453125,33.346466064453125,0.0,0.0,0.0,5.276907920837402,2.3556931018829346
train,conditioning_real_adv,2964,1,0.43411242961883545,0.43411242961883545,0.43411242961883545,0.43411242961883545,0.43411242961883545,1.0,1.0,0.0,0.0,0.0,0.0,0.0,0.0,6.528887748718262,6.528887748718262,0.43411242961883545,0.0,0.0,4.616854667663574,2.1132802963256836
train,conditioning_real_adv,2994,1,-1.0,-1.0,-1.0,-1.0,-1.0,0.0,0.0,0.0,0.0,0.0,1.0,1.0,1.0,30.29212760925293,30.29212760925293,1.2691202755377162e-08,0.0,1.5,0.9415561556816101,0.8657633066177368
train,conditioning_real_adv,3065,1,-1.0,-1.0,-1.0,-1.0,-1.0,0.0,0.0,0.0,0.0,0.0,1.0,1.0,1.0,15.8267822265625,15.8267822265625,1.16335904749576e-05,0.0,1.5,0.9969316124916077,0.8832299709320068
train,conditioning_real_adv,3267,1,-1.0,-1.0,-1.0,-1.0,-1.0,0.0,0.0,0.0,0.0,0.0,1.0,1.0,0.0,34.680572509765625,34.680572509765625,5.43708177438984e-12,0.0,1.5,4.569957733154297,2.122087240219116
train,conditioning_real_adv,3804,1,0.018638312816619873,0.018638312816619873,0.018638312816619873,0.018638312816619873,0.018638312816619873,1.0,0.0,0.0,0.0,0.0,0.0,0.0,0.0,13.053942680358887,13.053942680358887,0.01863832399249077,0.0,0.0,14.615670204162598,3.080998659133911
train,conditioning_real_adv,4000,1,1.9073486328125e-06,1.9073486328125e-06,1.9073486328125e-06,1.9073486328125e-06,1.9073486328125e-06,1.0,0.0,0.0,0.0,0.0,0.0,0.0,0.0,30.167224884033203,30.167224884033203,1.891579017865297e-06,0.0,0.0,4.590140342712402,2.062418222427368
train,conditioning_real_adv,4003,1,-0.5,-0.5,-0.5,-0.5,-0.5,0.0,0.0,0.0,0.0,0.0,0.0,1.0,0.0,31.714313507080078,31.714313507080078,6.018578413424791e-10,0.0,0.5,4.452337741851807,2.0598196983337402
train,conditioning_real_adv,4075,1,8.344650268554688e-07,8.344650268554688e-07,8.344650268554688e-07,8.344650268554688e-07,8.344650268554688e-07,1.0,0.0,0.0,0.0,0.0,0.0,0.0,0.0,24.65390396118164,24.65390396118164,8.49588502660481e-07,0.0,0.0,5.278593063354492,2.3574700355529785
train,conditioning_real_adv,4081,1,0.0002473592758178711,0.0002473592758178711,0.0002473592758178711,0.0002473592758178711,0.0002473592758178711,1.0,0.0,0.0,0.0,0.0,0.0,0.0,0.0,22.51283073425293,22.51283073425293,0.0002473878557793796,0.0,0.0,4.6375555992126465,2.0455963611602783
train,conditioning_real_adv,4127,1,0.03841465711593628,0.03841465711593628,0.03841465711593628,0.03841465711593628,0.03841465711593628,1.0,0.0,0.0,0.0,0.0,0.0,0.0,0.0,4.069363117218018,4.069363117218018,0.03841465339064598,0.0,0.0,5.288352012634277,2.362180233001709
train,conditioning_real_adv,4186,1,-1.0,-1.0,-1.0,-1.0,-1.0,0.0,0.0,0.0,0.0,0.0,1.0,1.0,0.0,32.96152114868164,32.96152114868164,1.6547668790778403e-09,0.0,1.5,4.761897087097168,2.1289873123168945
train,conditioning_real_adv,4527,1,0.0,0.0,0.0,0.0,0.0,0.0,0.0,0.0,0.0,0.0,0.0,0.0,0.0,24.863784790039062,24.863784790039062,8.291878468569269e-13,0.0,0.0,7.355981826782227,2.9151272773742676
train,conditioning_real_adv,4587,1,5.960464477539063e-08,5.960464477539063e-08,5.960464477539063e-08,5.960464477539063e-08,5.960464477539063e-08,1.0,0.0,0.0,0.0,0.0,0.0,0.0,0.0,31.398122787475586,31.398122787475586,8.280057528509133e-08,0.0,0.0,4.96727180480957,2.1879935264587402
train,conditioning_real_adv,4716,1,4.172325134277344e-07,4.172325134277344e-07,4.172325134277344e-07,4.172325134277344e-07,4.172325134277344e-07,1.0,0.0,0.0,0.0,0.0,0.0,0.0,0.0,31.0941162109375,31.0941162109375,4.425541817454359e-07,0.0,0.0,5.181233882904053,2.2808234691619873
train,conditioning_real_adv,4832,1,0.0,0.0,0.0,0.0,0.0,0.0,0.0,0.0,0.0,0.0,0.0,0.0,0.0,31.17943000793457,31.17943000793457,2.3226576217894035e-09,0.0,0.0,4.751844882965088,2.1192307472229004
train,conditioning_real_adv,4849,1,-1.0,-1.0,-1.0,-1.0,-1.0,0.0,0.0,0.0,0.0,0.0,1.0,1.0,0.0,32.24897766113281,32.24897766113281,1.8601562998266097e-11,0.0,1.5,5.283376693725586,2.358532190322876
train,conditioning_real_adv,5182,1,-0.7793564200401306,-0.7793564200401306,-0.7793564200401306,-0.7793564200401306,-0.7793564200401306,0.0,0.0,0.0,0.0,0.0,0.0,0.0,0.0,21.65376853942871,21.65376853942871,6.44591091258917e-06,0.0,0.7793628573417664,4.617297649383545,2.0423221588134766
train,conditioning_real_adv,5259,1,3.7550926208496094e-06,3.7550926208496094e-06,3.7550926208496094e-06,3.7550926208496094e-06,3.7550926208496094e-06,1.0,0.0,0.0,0.0,0.0,0.0,0.0,0.0,23.085647583007812,23.085647583007812,3.781935674851411e-06,0.0,0.0,5.2829179763793945,2.3585429191589355
train,conditioning_real_adv,5272,1,1.043081283569336e-05,1.043081283569336e-05,1.043081283569336e-05,1.043081283569336e-05,1.043081283569336e-05,1.0,0.0,0.0,0.0,0.0,0.0,0.0,0.0,24.7762451171875,24.7762451171875,1.0411400580778718e-05,0.0,0.0,4.732574939727783,2.0653064250946045
train,conditioning_real_adv,5290,1,-1.0,-1.0,-1.0,-1.0,-1.0,0.0,0.0,0.0,0.0,0.0,1.0,1.0,0.0,25.415220260620117,25.415220260620117,3.641065049464487e-08,0.0,1.5,4.2383317947387695,1.9507275819778442
train,conditioning_real_adv,5398,1,-0.5,-0.5,-0.5,-0.5,-0.5,0.0,0.0,0.0,0.0,0.0,0.0,1.0,0.0,24.25131607055664,24.25131607055664,9.612540985415308e-09,0.0,0.5,5.757711410522461,2.4216909408569336
train,conditioning_real_adv,5470,1,-0.5,-0.5,-0.5,-0.5,-0.5,0.0,0.0,0.0,0.0,0.0,0.0,1.0,0.0,34.23283386230469,34.23283386230469,0.0,0.0,0.5,9.487147331237793,3.0170936584472656
train,conditioning_real_adv,5886,1,4.291534423828125e-06,4.291534423828125e-06,4.291534423828125e-06,4.291534423828125e-06,4.291534423828125e-06,1.0,0.0,0.0,0.0,0.0,0.0,0.0,0.0,27.892114639282227,27.892114639282227,4.280258053768193e-06,0.0,0.0,4.738277435302734,2.158653497695923
train,conditioning_real_adv,5977,1,1.7881393432617188e-07,1.7881393432617188e-07,1.7881393432617188e-07,1.7881393432617188e-07,1.7881393432617188e-07,1.0,0.0,0.0,0.0,0.0,0.0,0.0,0.0,31.669843673706055,31.669843673706055,2.0066237027549505e-07,0.0,0.0,5.2776312828063965,2.3559679985046387
train,conditioning_real_adv,5998,1,-1.0,-1.0,-1.0,-1.0,-1.0,0.0,0.0,0.0,0.0,0.0,1.0,1.0,0.0,39.01694869995117,39.01694869995117,4.053687163718678e-09,0.0,1.5,8.46975040435791,3.029853343963623
train,conditioning_real_adv,6005,1,-1.0,-1.0,-1.0,-1.0,-1.0,0.0,0.0,0.0,0.0,0.0,1.0,1.0,0.0,29.12932014465332,29.12932014465332,5.976619754655133e-10,0.0,1.5,4.784172534942627,2.1682016849517822
train,conditioning_real_adv,6112,1,-1.0,-1.0,-1.0,-1.0,-1.0,0.0,0.0,0.0,0.0,0.0,1.0,1.0,0.0,35.698875427246094,35.698875427246094,1.1490961959736978e-08,0.0,1.5,4.925004482269287,2.1781485080718994
train,conditioning_real_adv,6214,1,0.0,0.0,0.0,0.0,0.0,0.0,0.0,0.0,0.0,0.0,0.0,0.0,0.0,32.806095123291016,32.806095123291016,1.6680652692446785e-10,0.0,0.0,4.737621307373047,2.126575469970703
train,conditioning_real_adv,6472,1,-1.0,-1.0,-1.0,-1.0,-1.0,0.0,0.0,0.0,0.0,0.0,1.0,1.0,1.0,22.248796463012695,22.248796463012695,2.647053179316572e-06,0.0,1.5,0.8195270895957947,0.848520040512085
train,conditioning_real_adv,6593,1,7.152557373046875e-07,7.152557373046875e-07,7.152557373046875e-07,7.152557373046875e-07,7.152557373046875e-07,1.0,0.0,0.0,0.0,0.0,0.0,0.0,0.0,24.054662704467773,24.054662704467773,7.162625479395501e-07,0.0,0.0,4.658778190612793,2.0253822803497314
train,conditioning_real_adv,6599,1,5.960464477539063e-08,5.960464477539063e-08,5.960464477539063e-08,5.960464477539063e-08,5.960464477539063e-08,1.0,0.0,0.0,0.0,0.0,0.0,0.0,0.0,31.395965576171875,31.395965576171875,4.023021915600111e-08,0.0,0.0,4.718936920166016,2.069587469100952
train,conditioning_real_adv,6613,1,-0.7257404327392578,-0.7257404327392578,-0.7257404327392578,-0.7257404327392578,-0.7257404327392578,0.0,0.0,0.0,0.0,0.0,0.0,1.0,0.0,30.720861434936523,30.720861434936523,1.065065546868027e-08,0.0,0.7257404327392578,5.282818794250488,2.356869697570801
train,conditioning_real_adv,6651,1,-1.0,-1.0,-1.0,-1.0,-1.0,0.0,0.0,0.0,0.0,0.0,1.0,1.0,0.0,27.315309524536133,27.315309524536133,3.1008250971353846e-06,0.0,1.5,4.945399761199951,2.174835681915283
train,conditioning_real_adv,7147,1,1.329183578491211e-05,1.329183578491211e-05,1.329183578491211e-05,1.329183578491211e-05,1.329183578491211e-05,1.0,0.0,0.0,0.0,0.0,0.0,0.0,0.0,27.886764526367188,27.886764526367188,1.326224173681112e-05,0.0,0.0,5.283468246459961,2.3617475032806396
train,conditioning_real_adv,7559,1,1.1920928955078125e-07,1.1920928955078125e-07,1.1920928955078125e-07,1.1920928955078125e-07,1.1920928955078125e-07,1.0,0.0,0.0,0.0,0.0,0.0,0.0,0.0,33.42057800292969,33.42057800292969,1.060211118897314e-07,0.0,0.0,4.562562465667725,2.0782454013824463
train,conditioning_real_adv,7605,1,-1.0,-1.0,-1.0,-1.0,-1.0,0.0,0.0,0.0,0.0,0.0,1.0,1.0,0.0,29.089658737182617,29.089658737182617,5.372517014601286e-11,0.0,1.5,4.500925064086914,2.0607547760009766
train,conditioning_real_adv,7676,1,-0.5,-0.5,-0.5,-0.5,-0.5,0.0,0.0,0.0,0.0,0.0,0.0,1.0,0.0,38.81931686401367,38.81931686401367,1.0785432442983467e-11,0.0,0.5,4.858736991882324,2.191622018814087
train,conditioning_real_adv,7681,1,-0.9999997019767761,-0.9999997019767761,-0.9999997019767761,-0.9999997019767761,-0.9999997019767761,0.0,0.0,0.0,0.0,0.0,1.0,0.0,0.0,21.41485023498535,21.41485023498535,3.1935596211951633e-07,0.0,1.0,4.823818206787109,2.134509801864624
train,conditioning_real_adv,7844,1,3.7550926208496094e-06,3.7550926208496094e-06,3.7550926208496094e-06,3.7550926208496094e-06,3.7550926208496094e-06,1.0,0.0,0.0,0.0,0.0,0.0,0.0,1.0,28.598569869995117,28.598569869995117,3.7556451388809364e-06,0.0,0.0,0.8900195360183716,0.850825846195221
train,conditioning_real_adv,8119,1,0.27717912197113037,0.27717912197113037,0.27717912197113037,0.27717912197113037,0.27717912197113037,1.0,0.0,0.0,0.0,0.0,0.0,0.0,0.0,7.911608695983887,7.911608695983887,0.277179092168808,0.0,0.0,5.280465602874756,2.357027292251587
train,conditioning_real_adv,8155,1,-1.0,-1.0,-1.0,-1.0,-1.0,0.0,0.0,0.0,0.0,0.0,1.0,0.0,0.0,40.11216354370117,40.11216354370117,7.307104227249894e-11,0.0,1.0,4.451727867126465,2.001887083053589
train,conditioning_real_adv,8179,1,-1.0,-1.0,-1.0,-1.0,-1.0,0.0,0.0,0.0,0.0,0.0,1.0,1.0,0.0,43.270172119140625,43.270172119140625,3.377907762530663e-13,0.0,1.5,4.498121738433838,2.0854127407073975
train,conditioning_real_adv,8534,1,-0.4998273253440857,-0.4998273253440857,-0.4998273253440857,-0.4998273253440857,-0.4998273253440857,0.0,0.0,0.0,0.0,0.0,0.0,1.0,0.0,23.23345375061035,23.23345375061035,0.000172652376932092,0.0,0.5,4.348587989807129,2.003382921218872
train,conditioning_real_adv,8553,1,-0.5,-0.5,-0.5,-0.5,-0.5,0.0,0.0,0.0,0.0,0.0,0.0,1.0,0.0,31.944719314575195,31.944719314575195,5.683656656430003e-09,0.0,0.5,4.7241530418396,2.1414272785186768
train,conditioning_real_adv,8673,1,-0.9849963188171387,-0.9849963188171387,-0.9849963188171387,-0.9849963188171387,-0.9849963188171387,0.0,0.0,0.0,0.0,0.0,0.0,1.0,0.0,29.399145126342773,29.399145126342773,9.578245752095427e-09,0.0,0.9849963188171387,4.367734432220459,2.0256080627441406
train,conditioning_real_adv,8836,1,2.9802322387695312e-06,2.9802322387695312e-06,2.9802322387695312e-06,2.9802322387695312e-06,2.9802322387695312e-06,1.0,0.0,0.0,0.0,0.0,0.0,0.0,0.0,26.120588302612305,26.120588302612305,2.975772758873063e-06,0.0,0.0,4.529783248901367,2.0203332901000977
train,conditioning_real_adv,9127,1,-0.5,-0.5,-0.5,-0.5,-0.5,0.0,0.0,0.0,0.0,0.0,0.0,1.0,1.0,30.038305282592773,30.038305282592773,6.433063859390131e-09,0.0,0.5,1.0156135559082031,0.8900173902511597
train,conditioning_real_adv,9158,1,3.635883331298828e-06,3.635883331298828e-06,3.635883331298828e-06,3.635883331298828e-06,3.635883331298828e-06,1.0,0.0,0.0,0.0,0.0,0.0,0.0,0.0,25.951335906982422,25.951335906982422,3.64501556759933e-06,0.0,0.0,5.277875900268555,2.3568763732910156
train,conditioning_real_adv,9338,1,2.1398067474365234e-05,2.1398067474365234e-05,2.1398067474365234e-05,2.1398067474365234e-05,2.1398067474365234e-05,1.0,0.0,0.0,0.0,0.0,0.0,0.0,0.0,22.21880340576172,22.21880340576172,2.1403348000603728e-05,0.0,0.0,4.68336820602417,2.118326187133789
train,conditioning_real_adv,9591,1,-0.5,-0.5,-0.5,-0.5,-0.5,0.0,0.0,0.0,0.0,0.0,0.0,1.0,0.0,30.611297607421875,30.611297607421875,2.663694265159222e-11,0.0,0.5,4.441712379455566,2.0480661392211914
train,conditioning_real_adv,9631,1,0.0017940402030944824,0.0017940402030944824,0.0017940402030944824,0.0017940402030944824,0.0017940402030944824,1.0,0.0,0.0,0.0,0.0,0.0,0.0,0.0,18.638330459594727,18.638330459594727,0.0017940402030944824,0.0,0.0,4.821553707122803,2.1582157611846924
train,conditioning_real_adv,9800,1,-0.49999964237213135,-0.49999964237213135,-0.49999964237213135,-0.49999964237213135,-0.49999964237213135,0.0,0.0,0.0,0.0,0.0,0.0,1.0,1.0,27.952587127685547,27.952587127685547,3.5866597158928926e-07,0.0,0.5,0.984252393245697,0.8777799606323242
train,conditioning_real_adv,10054,1,0.0,0.0,0.0,0.0,0.0,0.0,0.0,0.0,0.0,0.0,0.0,0.0,0.0,24.500411987304688,24.500411987304688,4.527846467986679e-14,0.0,0.0,4.51690149307251,2.053048849105835
train,conditioning_real_adv,10334,1,1.0132789611816406e-05,1.0132789611816406e-05,1.0132789611816406e-05,1.0132789611816406e-05,1.0132789611816406e-05,1.0,0.0,0.0,0.0,0.0,0.0,0.0,0.0,28.220739364624023,28.220739364624023,1.0106670742970891e-05,0.0,0.0,4.727698802947998,2.160338878631592
train,conditioning_real_adv,10368,1,-0.9999721646308899,-0.9999721646308899,-0.9999721646308899,-0.9999721646308899,-0.9999721646308899,0.0,0.0,0.0,0.0,0.0,1.0,0.0,0.0,24.66141700744629,24.66141700744629,2.782409319479484e-05,0.0,1.0,4.753199100494385,2.127462387084961
train,conditioning_real_adv,10490,1,-0.5644457340240479,-0.5644457340240479,-0.5644457340240479,-0.5644457340240479,-0.5644457340240479,0.0,0.0,0.0,0.0,0.0,0.0,1.0,0.0,20.17299461364746,20.17299461364746,9.129454525691472e-08,0.0,0.5644458532333374,5.279728412628174,2.3583319187164307
train,conditioning_real_adv,10613,1,0.007029116153717041,0.007029116153717041,0.007029116153717041,0.007029116153717041,0.007029116153717041,1.0,0.0,0.0,0.0,0.0,0.0,0.0,0.0,15.900537490844727,15.900537490844727,0.007029116619378328,0.0,0.0,4.66903018951416,2.093451976776123
train,conditioning_real_adv,10857,1,-1.0,-1.0,-1.0,-1.0,-1.0,0.0,0.0,0.0,0.0,0.0,1.0,1.0,0.0,20.977834701538086,20.977834701538086,6.983562172990787e-08,0.0,1.5,4.766630172729492,2.1346616744995117
train,conditioning_real_adv,11103,1,0.00010842084884643555,0.00010842084884643555,0.00010842084884643555,0.00010842084884643555,0.00010842084884643555,1.0,0.0,0.0,0.0,0.0,0.0,0.0,0.0,19.56035614013672,19.56035614013672,0.00010841617040568963,0.0,0.0,4.9458088874816895,2.2948107719421387
train,conditioning_real_adv,11172,1,-1.0,-1.0,-1.0,-1.0,-1.0,0.0,0.0,0.0,0.0,0.0,1.0,1.0,0.0,31.396900177001953,31.396900177001953,7.894588094359278e-09,0.0,1.5,6.001739978790283,2.5366148948669434
train,conditioning_real_adv,11456,1,0.047268033027648926,0.047268033027648926,0.047268033027648926,0.047268033027648926,0.047268033027648926,1.0,0.0,0.0,0.0,0.0,0.0,0.0,0.0,12.006997108459473,12.006997108459473,0.04726805165410042,0.0,0.0,4.753961086273193,2.198718309402466
train,conditioning_real_adv,11817,1,0.03664577007293701,0.03664577007293701,0.03664577007293701,0.03664577007293701,0.03664577007293701,1.0,0.0,0.0,0.0,0.0,0.0,0.0,0.0,12.511260032653809,12.511260032653809,0.03664577379822731,0.0,0.0,4.74921989440918,2.1459336280822754
train,conditioning_real_adv,12050,1,0.0,0.0,0.0,0.0,0.0,0.0,0.0,0.0,0.0,0.0,0.0,0.0,1.0,25.69000816345215,25.69000816345215,2.9072393797663824e-18,0.0,0.0,0.9675995707511902,0.8554927110671997
train,conditioning_real_adv,12122,1,0.04534369707107544,0.04534369707107544,0.04534369707107544,0.04534369707107544,0.04534369707107544,1.0,0.0,0.0,0.0,0.0,0.0,0.0,0.0,10.859328269958496,10.859328269958496,0.04534372314810753,0.0,0.0,5.283639907836914,2.3592841625213623
train,conditioning_real_adv,12237,1,0.0004687309265136719,0.0004687309265136719,0.0004687309265136719,0.0004687309265136719,0.0004687309265136719,1.0,0.0,0.0,0.0,0.0,0.0,0.0,0.0,21.175254821777344,21.175254821777344,0.00046874649706296623,0.0,0.0,5.25144100189209,2.2450900077819824
train,conditioning_real_adv,12320,1,-1.0,-1.0,-1.0,-1.0,-1.0,0.0,0.0,0.0,0.0,0.0,1.0,1.0,0.0,35.564598083496094,35.564598083496094,1.905772251120652e-08,0.0,1.5,4.454745292663574,2.0068628787994385
train,conditioning_real_adv,12354,1,-1.0,-1.0,-1.0,-1.0,-1.0,0.0,0.0,0.0,0.0,0.0,1.0,1.0,0.0,39.285064697265625,39.285064697265625,1.0369666930687416e-10,0.0,1.5,4.672657489776611,2.1477861404418945
train,conditioning_real_adv,12411,1,-0.5,-0.5,-0.5,-0.5,-0.5,0.0,0.0,0.0,0.0,0.0,0.0,1.0,0.0,27.98151397705078,27.98151397705078,4.057973068682941e-09,0.0,0.5,4.822451114654541,2.2008399963378906
train,conditioning_real_adv,12476,1,1.7881393432617188e-07,1.7881393432617188e-07,1.7881393432617188e-07,1.7881393432617188e-07,1.7881393432617188e-07,1.0,0.0,0.0,0.0,0.0,0.0,0.0,0.0,30.561811447143555,30.561811447143555,1.7815644071106362e-07,0.0,0.0,5.283324241638184,2.3585879802703857
train,conditioning_real_adv,12521,1,5.602836608886719e-06,5.602836608886719e-06,5.602836608886719e-06,5.602836608886719e-06,5.602836608886719e-06,1.0,0.0,0.0,0.0,0.0,0.0,0.0,0.0,24.981611251831055,24.981611251831055,5.586455245065736e-06,0.0,0.0,4.493034362792969,2.0852651596069336
train,conditioning_real_adv,12603,1,5.960464477539063e-08,5.960464477539063e-08,5.960464477539063e-08,5.960464477539063e-08,5.960464477539063e-08,1.0,0.0,0.0,0.0,0.0,0.0,0.0,1.0,32.80682373046875,32.80682373046875,7.420418768333548e-08,0.0,0.0,1.8912967443466187,0.8671495914459229
train,conditioning_real_adv,12752,1,-1.0,-1.0,-1.0,-1.0,-1.0,0.0,0.0,0.0,0.0,0.0,1.0,0.0,0.0,36.046043395996094,36.046043395996094,1.7712705968619957e-08,0.0,1.0,5.276618003845215,2.3582990169525146
train,conditioning_real_adv,13064,1,-1.0,-1.0,-1.0,-1.0,-1.0,0.0,0.0,0.0,0.0,0.0,1.0,1.0,0.0,31.5997257232666,31.5997257232666,1.7516765815628332e-10,0.0,1.5,4.5675249099731445,2.1020898818969727
train,conditioning_real_adv,13317,1,0.02450728416442871,0.02450728416442871,0.02450728416442871,0.02450728416442871,0.02450728416442871,1.0,0.0,0.0,0.0,0.0,0.0,0.0,0.0,8.679574966430664,8.679574966430664,0.02450728975236416,0.0,0.0,5.277857780456543,2.3585546016693115
train,conditioning_real_adv,13330,1,-1.0,-1.0,-1.0,-1.0,-1.0,0.0,0.0,0.0,0.0,0.0,1.0,1.0,0.0,37.99758529663086,37.99758529663086,3.1695814861620875e-09,0.0,1.5,4.61508321762085,2.068396806716919
train,conditioning_real_adv,13400,1,0.0,0.0,0.0,0.0,0.0,0.0,0.0,0.0,0.0,0.0,0.0,0.0,0.0,28.90495491027832,28.90495491027832,6.950923392423647e-09,0.0,0.0,4.625030040740967,2.0280356407165527
train,conditioning_real_adv,13800,1,-1.0,-1.0,-1.0,-1.0,-1.0,0.0,0.0,0.0,0.0,0.0,1.0,1.0,0.0,27.769067764282227,27.769067764282227,4.755567467595867e-11,0.0,1.5,5.280264854431152,2.3579416275024414
train,conditioning_real_adv,14103,1,-1.0,-1.0,-1.0,-1.0,-1.0,0.0,0.0,0.0,0.0,0.0,1.0,1.0,0.0,22.434680938720703,22.434680938720703,1.8308601568151062e-07,0.0,1.5,4.448598384857178,2.0830931663513184
train,conditioning_real_adv,14315,1,0.0003089308738708496,0.0003089308738708496,0.0003089308738708496,0.0003089308738708496,0.0003089308738708496,1.0,0.0,0.0,0.0,0.0,0.0,0.0,0.0,17.376070022583008,17.376070022583008,0.00030895377858541906,0.0,0.0,4.229916572570801,1.9702726602554321
train,conditioning_real_adv,14337,1,7.748603820800781e-07,7.748603820800781e-07,7.748603820800781e-07,7.748603820800781e-07,7.748603820800781e-07,1.0,0.0,0.0,0.0,0.0,0.0,0.0,0.0,26.60289192199707,26.60289192199707,7.501316190428042e-07,0.0,0.0,5.2818193435668945,2.3573672771453857
train,conditioning_real_adv,14448,1,-1.0,-1.0,-1.0,-1.0,-1.0,0.0,0.0,0.0,0.0,0.0,1.0,1.0,0.0,33.97608184814453,33.97608184814453,2.723128744719361e-08,0.0,1.5,4.468310356140137,2.026902437210083
train,conditioning_real_adv,14472,1,-1.0,-1.0,-1.0,-1.0,-1.0,0.0,0.0,0.0,0.0,0.0,1.0,1.0,0.0,33.773963928222656,33.773963928222656,4.743767600956517e-10,0.0,1.5,4.630359172821045,2.0933332443237305
train,conditioning_real_adv,14529,1,1.7881393432617188e-07,1.7881393432617188e-07,1.7881393432617188e-07,1.7881393432617188e-07,1.7881393432617188e-07,1.0,0.0,0.0,0.0,0.0,0.0,0.0,0.0,31.48127555847168,31.48127555847168,1.6931866753111535e-07,0.0,0.0,4.718937397003174,2.145787000656128
train,conditioning_real_adv,14620,1,1.430511474609375e-06,1.430511474609375e-06,1.430511474609375e-06,1.430511474609375e-06,1.430511474609375e-06,1.0,0.0,0.0,0.0,0.0,0.0,0.0,0.0,25.919300079345703,25.919300079345703,1.45872854773188e-06,0.0,0.0,4.542906284332275,2.0413389205932617
train,conditioning_real_adv,15433,1,0.0666266679763794,0.0666266679763794,0.0666266679763794,0.0666266679763794,0.0666266679763794,1.0,0.0,0.0,0.0,0.0,0.0,0.0,0.0,11.279400825500488,11.279400825500488,0.0666266605257988,0.0,0.0,4.68609094619751,2.0750131607055664
train,conditioning_real_adv,15637,1,-1.0,-1.0,-1.0,-1.0,-1.0,0.0,0.0,0.0,0.0,0.0,1.0,1.0,0.0,26.306781768798828,26.306781768798828,1.1339578804836492e-06,0.0,1.5,4.448298454284668,2.054790496826172
train,conditioning_real_adv,15690,1,-1.0,-1.0,-1.0,-1.0,-1.0,0.0,0.0,0.0,0.0,0.0,0.0,1.0,0.0,37.81112289428711,37.81112289428711,5.637737832131506e-09,0.0,1.4989426136016846,4.678494930267334,2.05625057220459
train,conditioning_real_adv,15737,1,-1.0,-1.0,-1.0,-1.0,-1.0,0.0,0.0,0.0,0.0,0.0,1.0,1.0,0.0,28.013370513916016,28.013370513916016,3.798406922328468e-08,0.0,1.5,5.27302360534668,2.36138653755188
train,conditioning_real_adv,15866,1,5.960464477539063e-08,5.960464477539063e-08,5.960464477539063e-08,5.960464477539063e-08,5.960464477539063e-08,1.0,0.0,0.0,0.0,0.0,0.0,0.0,0.0,29.261659622192383,29.261659622192383,5.8124228985434456e-08,0.0,0.0,4.692169189453125,2.132580041885376
train,conditioning_real_adv,15927,1,7.987022399902344e-06,7.987022399902344e-06,7.987022399902344e-06,7.987022399902344e-06,7.987022399902344e-06,1.0,0.0,0.0,0.0,0.0,0.0,0.0,0.0,26.28093719482422,26.28093719482422,7.971308150445111e-06,0.0,0.0,4.943319320678711,2.1886606216430664
train,conditioning_real_adv,15984,1,-0.5,-0.5,-0.5,-0.5,-0.5,0.0,0.0,0.0,0.0,0.0,0.0,1.0,0.0,40.5132942199707,40.5132942199707,6.675166495939688e-12,0.0,0.5,4.599649429321289,2.091050386428833
train,conditioning_real_adv,16417,1,-0.9996643662452698,-0.9996643662452698,-0.9996643662452698,-0.9996643662452698,-0.9996643662452698,0.0,0.0,0.0,0.0,0.0,1.0,0.0,0.0,20.73031997680664,20.73031997680664,0.0003356236848048866,0.0,1.0,4.408041954040527,2.023956775665283
train,conditioning_real_adv,16429,1,5.960464477539063e-08,5.960464477539063e-08,5.960464477539063e-08,5.960464477539063e-08,5.960464477539063e-08,1.0,0.0,0.0,0.0,0.0,0.0,0.0,0.0,27.541473388671875,27.541473388671875,6.092132309731824e-08,0.0,0.0,4.638339042663574,2.125748872756958
train,conditioning_real_adv,16445,1,-1.0,-1.0,-1.0,-1.0,-1.0,0.0,0.0,0.0,0.0,0.0,1.0,1.0,0.0,31.785015106201172,31.785015106201172,4.227057370798093e-09,0.0,1.5,4.648041725158691,2.1133878231048584
train,conditioning_real_adv,16968,1,2.8014183044433594e-06,2.8014183044433594e-06,2.8014183044433594e-06,2.8014183044433594e-06,2.8014183044433594e-06,1.0,0.0,0.0,0.0,0.0,0.0,0.0,0.0,26.453821182250977,26.453821182250977,2.8023882805428e-06,0.0,0.0,4.292981147766113,2.0144124031066895
train,conditioning_real_adv,16988,1,0.0805477499961853,0.0805477499961853,0.0805477499961853,0.0805477499961853,0.0805477499961853,1.0,0.0,0.0,0.0,0.0,0.0,0.0,0.0,5.0573811531066895,5.0573811531066895,0.0805477499961853,0.0,0.0,5.279658794403076,2.3584647178649902
train,conditioning_real_adv,17034,1,9.5367431640625e-07,9.5367431640625e-07,9.5367431640625e-07,9.5367431640625e-07,9.5367431640625e-07,1.0,0.0,0.0,0.0,0.0,0.0,0.0,0.0,31.176380157470703,31.176380157470703,9.608370419300627e-07,0.0,0.0,4.621286392211914,2.100114345550537
train,conditioning_real_adv,17043,1,-0.6183924674987793,-0.6183924674987793,-0.6183924674987793,-0.6183924674987793,-0.6183924674987793,0.0,0.0,0.0,0.0,0.0,0.0,1.0,0.0,31.85008430480957,31.85008430480957,7.100991461506112e-10,0.0,0.6183924674987793,4.844520568847656,2.1682357788085938
train,conditioning_real_adv,17048,1,0.0,0.0,0.0,0.0,0.0,0.0,0.0,0.0,0.0,0.0,0.0,0.0,0.0,25.224889755249023,25.224889755249023,1.5961743926595773e-08,0.0,0.0,4.8890380859375,2.2734103202819824
train,conditioning_real_adv,17071,1,-1.0,-1.0,-1.0,-1.0,-1.0,0.0,0.0,0.0,0.0,0.0,0.0,1.0,0.0,19.744274139404297,19.744274139404297,5.647710622724844e-06,0.0,1.3709542751312256,5.2795915603637695,2.357774496078491
train,conditioning_real_adv,17762,1,-0.8080884218215942,-0.8080884218215942,-0.8080884218215942,-0.8080884218215942,-0.8080884218215942,0.0,0.0,0.0,0.0,0.0,0.0,1.0,0.0,31.926963806152344,31.926963806152344,5.900029909078341e-10,0.0,0.8080884218215942,4.447700023651123,2.0091841220855713
train,conditioning_real_adv,18036,1,1.7881393432617188e-07,1.7881393432617188e-07,1.7881393432617188e-07,1.7881393432617188e-07,1.7881393432617188e-07,1.0,0.0,0.0,0.0,0.0,0.0,0.0,0.0,27.998008728027344,27.998008728027344,1.887306950720813e-07,0.0,0.0,5.254141807556152,2.3241689205169678
train,conditioning_real_adv,18063,1,-1.0,-1.0,-1.0,-1.0,-1.0,0.0,0.0,0.0,0.0,0.0,1.0,0.0,0.0,34.90565872192383,34.90565872192383,1.4815512150434529e-09,0.0,1.0,4.997790336608887,2.208645820617676
train,conditioning_real_adv,18407,1,0.0,0.0,0.0,0.0,0.0,0.0,0.0,0.0,0.0,0.0,0.0,0.0,0.0,23.153120040893555,23.153120040893555,0.0,0.0,0.0,5.28291130065918,2.3571667671203613
train,conditioning_real_adv,18470,1,0.0,0.0,0.0,0.0,0.0,0.0,0.0,0.0,0.0,0.0,0.0,0.0,0.0,34.98281478881836,34.98281478881836,7.903079080051612e-09,0.0,0.0,4.560470104217529,2.049453020095825
train,conditioning_real_adv,18851,1,-0.5,-0.5,-0.5,-0.5,-0.5,0.0,0.0,0.0,0.0,0.0,0.0,1.0,0.0,33.25492858886719,33.25492858886719,4.780409401661245e-09,0.0,0.5,4.694416046142578,2.13547682762146
train,conditioning_real_adv,18866,1,1.1920928955078125e-07,1.1920928955078125e-07,1.1920928955078125e-07,1.1920928955078125e-07,1.1920928955078125e-07,1.0,0.0,0.0,0.0,0.0,0.0,0.0,0.0,30.704675674438477,30.704675674438477,9.597690819873606e-08,0.0,0.0,4.537278175354004,2.076326370239258
train,conditioning_real_adv,19027,1,-0.9999998211860657,-0.9999998211860657,-0.9999998211860657,-0.9999998211860657,-0.9999998211860657,0.0,0.0,0.0,0.0,0.0,1.0,0.0,0.0,21.17788314819336,21.17788314819336,1.8708715288084932e-07,0.0,1.0,5.103947639465332,2.2835910320281982
train,conditioning_real_adv,19076,1,-1.0,-1.0,-1.0,-1.0,-1.0,0.0,0.0,0.0,0.0,0.0,1.0,1.0,0.0,32.18103790283203,32.18103790283203,5.583966178335231e-09,0.0,1.5,4.577723503112793,2.0928375720977783
train,conditioning_real_adv,19730,1,0.00013053417205810547,0.00013053417205810547,0.00013053417205810547,0.00013053417205810547,0.00013053417205810547,1.0,0.0,0.0,0.0,0.0,0.0,0.0,0.0,23.643089294433594,23.643089294433594,0.00013050503912381828,0.0,0.0,4.600148677825928,2.0805015563964844
train,conditioning_real_adv,19755,1,1.0,1.0,1.0,1.0,1.0,1.0,1.0,1.0,1.0,0.0,0.0,0.0,1.0,3.7856929302215576,3.7856929302215576,0.7515979409217834,0.9666666388511658,0.0,1.1411590576171875,0.9166284799575806
train,conditioning_real_adv,19877,1,1.8477439880371094e-06,1.8477439880371094e-06,1.8477439880371094e-06,1.8477439880371094e-06,1.8477439880371094e-06,1.0,0.0,0.0,0.0,0.0,0.0,0.0,0.0,22.015491485595703,22.015491485595703,1.8546076034908765e-06,0.0,0.0,5.275534152984619,2.358095645904541
train,conditioning_real_adv,20325,1,0.00010377168655395508,0.00010377168655395508,0.00010377168655395508,0.00010377168655395508,0.00010377168655395508,1.0,0.0,0.0,0.0,0.0,0.0,0.0,0.0,4.017723083496094,4.017723083496094,0.00010375736746937037,0.0,0.0,4.612161636352539,2.0697224140167236
train,conditioning_real_adv,20335,1,0.00022333860397338867,0.00022333860397338867,0.00022333860397338867,0.00022333860397338867,0.00022333860397338867,1.0,0.0,0.0,0.0,0.0,0.0,0.0,0.0,22.11356544494629,22.11356544494629,0.0002233650884591043,0.0,0.0,4.556713581085205,2.0806868076324463
train,conditioning_real_adv,20410,1,-1.0,-1.0,-1.0,-1.0,-1.0,0.0,0.0,0.0,0.0,0.0,1.0,1.0,1.0,27.233915328979492,27.233915328979492,5.997669028090513e-09,0.0,1.5,0.8386750221252441,0.8447211980819702
train,conditioning_real_adv,20451,1,0.00032395124435424805,0.00032395124435424805,0.00032395124435424805,0.00032395124435424805,0.00032395124435424805,1.0,0.0,0.0,0.0,0.0,0.0,0.0,0.0,18.811166763305664,18.811166763305664,0.0003239535726606846,0.0,0.0,4.489258766174316,2.0637104511260986
train,conditioning_real_adv,20722,1,5.6624412536621094e-05,5.6624412536621094e-05,5.6624412536621094e-05,5.6624412536621094e-05,5.6624412536621094e-05,1.0,0.0,0.0,0.0,0.0,0.0,0.0,0.0,23.718067169189453,23.718067169189453,5.665026037604548e-05,0.0,0.0,4.918165683746338,2.2262449264526367
train,conditioning_real_adv,20777,1,-1.0,-1.0,-1.0,-1.0,-1.0,0.0,0.0,0.0,0.0,0.0,1.0,1.0,0.0,25.525253295898438,25.525253295898438,1.5728876534559788e-10,0.0,1.5,4.541018962860107,2.097282648086548
train,conditioning_real_adv,20975,1,-0.5,-0.5,-0.5,-0.5,-0.5,0.0,0.0,0.0,0.0,0.0,0.0,1.0,0.0,35.08897018432617,35.08897018432617,1.880480363439241e-12,0.0,0.5,5.763047695159912,2.4182662963867188
train,conditioning_real_adv,21254,1,2.3663043975830078e-05,2.3663043975830078e-05,2.3663043975830078e-05,2.3663043975830078e-05,2.3663043975830078e-05,1.0,0.0,0.0,0.0,0.0,0.0,0.0,0.0,25.986591339111328,25.986591339111328,2.3659631551709026e-05,0.0,0.0,5.278532028198242,2.358269691467285
train,conditioning_real_adv,21312,1,0.0,0.0,0.0,0.0,0.0,0.0,0.0,0.0,0.0,0.0,0.0,0.0,1.0,27.411632537841797,27.411632537841797,1.086094325586373e-09,0.0,0.0,1.8845405578613281,0.8738418221473694
train,conditioning_real_adv,21361,1,-0.5,-0.5,-0.5,-0.5,-0.5,0.0,0.0,0.0,0.0,0.0,0.0,1.0,0.0,40.598793029785156,40.598793029785156,4.074104335144435e-13,0.0,0.5,5.047954082489014,2.2511179447174072
train,conditioning_real_adv,21639,1,0.0029021501541137695,0.0029021501541137695,0.0029021501541137695,0.0029021501541137695,0.0029021501541137695,1.0,0.0,0.0,0.0,0.0,0.0,0.0,0.0,7.695764064788818,7.695764064788818,0.0029021219816058874,0.0,0.0,5.846931457519531,2.478935718536377
train,conditioning_real_adv,21793,1,0.002700507640838623,0.002700507640838623,0.002700507640838623,0.002700507640838623,0.002700507640838623,1.0,0.0,0.0,0.0,0.0,0.0,0.0,0.0,13.31768798828125,13.31768798828125,0.0027004911098629236,0.0,0.0,4.842231273651123,2.1947176456451416
train,conditioning_real_adv,21807,1,-1.0,-1.0,-1.0,-1.0,-1.0,0.0,0.0,0.0,0.0,0.0,1.0,1.0,0.0,44.19086456298828,44.19086456298828,2.7335789187787896e-10,0.0,1.5,4.56820821762085,2.0954649448394775
train,conditioning_real_adv,21832,1,9.5367431640625e-06,9.5367431640625e-06,9.5367431640625e-06,9.5367431640625e-06,9.5367431640625e-06,1.0,0.0,0.0,0.0,0.0,0.0,0.0,0.0,28.49620819091797,28.49620819091797,9.540187420498114e-06,0.0,0.0,4.6673903465271,2.075012683868408
train,conditioning_real_adv,21915,1,-1.0,-1.0,-1.0,-1.0,-1.0,0.0,0.0,0.0,0.0,0.0,1.0,1.0,0.0,30.072660446166992,30.072660446166992,9.756299590435447e-08,0.0,1.5,4.697652339935303,2.1167309284210205
train,conditioning_real_adv,21972,1,0.29511237144470215,0.29511237144470215,0.29511237144470215,0.29511237144470215,0.29511237144470215,1.0,0.0,0.0,0.0,0.0,0.0,0.0,0.0,7.741363525390625,7.741363525390625,0.29511240124702454,0.0,0.0,5.281500816345215,2.3579697608947754
train,conditioning_real_adv,22014,1,-0.5,-0.5,-0.5,-0.5,-0.5,0.0,0.0,0.0,0.0,0.0,0.0,1.0,0.0,34.42490768432617,34.42490768432617,4.042964574235697e-11,0.0,0.5,5.24921178817749,2.2600080966949463
train,conditioning_real_adv,22433,1,-0.9999998807907104,-0.9999998807907104,-0.9999998807907104,-0.9999998807907104,-0.9999998807907104,0.0,0.0,0.0,0.0,0.0,1.0,0.0,1.0,34.47089385986328,34.47089385986328,1.0069971523307686e-07,0.0,1.0,0.8555967807769775,0.8345384001731873
train,conditioning_real_adv,22956,1,0.002534627914428711,0.002534627914428711,0.002534627914428711,0.002534627914428711,0.002534627914428711,1.0,0.0,0.0,0.0,0.0,0.0,0.0,0.0,17.890033721923828,17.890033721923828,0.0025346102192997932,0.0,0.0,5.280395984649658,2.3585317134857178
train,conditioning_real_adv,23083,1,-1.0,-1.0,-1.0,-1.0,-1.0,0.0,0.0,0.0,0.0,0.0,1.0,1.0,0.0,37.58518600463867,37.58518600463867,1.009069050539324e-09,0.0,1.5,4.425779819488525,2.035971164703369
train,conditioning_real_adv,23186,1,-1.0,-1.0,-1.0,-1.0,-1.0,0.0,0.0,0.0,0.0,0.0,1.0,1.0,0.0,22.162084579467773,22.162084579467773,5.267849246592959e-06,0.0,1.5,4.610759258270264,2.0756454467773438
train,conditioning_real_adv,23406,1,7.092952728271484e-06,7.092952728271484e-06,7.092952728271484e-06,7.092952728271484e-06,7.092952728271484e-06,1.0,0.0,0.0,0.0,0.0,0.0,0.0,0.0,24.71945571899414,24.71945571899414,7.06753689883044e-06,0.0,0.0,5.076587677001953,2.261828660964966
train,conditioning_real_adv,23420,1,2.980232238769531e-07,2.980232238769531e-07,2.980232238769531e-07,2.980232238769531e-07,2.980232238769531e-07,1.0,0.0,0.0,0.0,0.0,0.0,0.0,0.0,30.458398818969727,30.458398818969727,2.962432290587458e-07,0.0,0.0,4.6888861656188965,2.1324825286865234
train,conditioning_real_adv,23465,1,1.1563301086425781e-05,1.1563301086425781e-05,1.1563301086425781e-05,1.1563301086425781e-05,1.1563301086425781e-05,1.0,0.0,0.0,0.0,0.0,0.0,0.0,0.0,22.42922592163086,22.42922592163086,1.1583145351323765e-05,0.0,0.0,5.279624938964844,2.3582923412323
train,conditioning_real_adv,23498,1,-1.0,-1.0,-1.0,-1.0,-1.0,0.0,0.0,0.0,0.0,1.0,1.0,1.0,0.0,13.077186584472656,13.077186584472656,0.015191531740128994,0.0,1.5,4.605554103851318,2.0927016735076904
train,conditioning_real_adv,23540,1,-1.0,-1.0,-1.0,-1.0,-1.0,0.0,0.0,0.0,0.0,0.0,1.0,1.0,0.0,31.992650985717773,31.992650985717773,9.735563111235024e-08,0.0,1.5,4.904115200042725,2.1893374919891357
train,conditioning_real_adv,24257,1,-1.0,-1.0,-1.0,-1.0,-1.0,0.0,0.0,0.0,0.0,0.0,1.0,1.0,0.0,33.8038330078125,33.8038330078125,2.0842548173471975e-11,0.0,1.5,4.29984712600708,2.0175728797912598
train,conditioning_real_adv,24383,1,-0.5,-0.5,-0.5,-0.5,-0.5,0.0,0.0,0.0,0.0,0.0,0.0,1.0,0.0,34.123931884765625,34.123931884765625,1.1704885061192272e-08,0.0,0.5,4.309406280517578,2.0343618392944336
train,conditioning_real_adv,24815,1,0.09958148002624512,0.09958148002624512,0.09958148002624512,0.09958148002624512,0.09958148002624512,1.0,0.0,0.0,0.0,0.0,0.0,0.0,0.0,9.829024314880371,9.829024314880371,0.09958145022392273,0.0,0.0,5.2873382568359375,2.3087234497070312
train,conditioning_real_adv,25224,1,0.0006167292594909668,0.0006167292594909668,0.0006167292594909668,0.0006167292594909668,0.0006167292594909668,1.0,0.0,0.0,0.0,0.0,0.0,0.0,0.0,19.876636505126953,19.876636505126953,0.0006167461979202926,0.0,0.0,4.428495407104492,2.0133705139160156
train,conditioning_real_adv,25247,1,0.12039637565612793,0.12039637565612793,0.12039637565612793,0.12039637565612793,0.12039637565612793,1.0,0.0,0.0,0.0,0.0,0.0,0.0,0.0,6.670253753662109,6.670253753662109,0.12039639055728912,0.0,0.0,4.347975254058838,2.0002636909484863
train,conditioning_real_adv,25429,1,1.055002212524414e-05,1.055002212524414e-05,1.055002212524414e-05,1.055002212524414e-05,1.055002212524414e-05,1.0,0.0,0.0,0.0,0.0,0.0,0.0,0.0,20.587663650512695,20.587663650512695,1.0520436262595467e-05,0.0,0.0,5.2785797119140625,2.3582375049591064
train,conditioning_real_adv,25470,1,0.0070365071296691895,0.0070365071296691895,0.0070365071296691895,0.0070365071296691895,0.0070365071296691895,1.0,0.0,0.0,0.0,0.0,0.0,0.0,0.0,14.319686889648438,14.319686889648438,0.007036535069346428,0.0,0.0,12.56711483001709,3.174154043197632
train,conditioning_real_adv,25638,1,0.0010597705841064453,0.0010597705841064453,0.0010597705841064453,0.0010597705841064453,0.0010597705841064453,1.0,0.0,0.0,0.0,0.0,0.0,0.0,0.0,15.141780853271484,15.141780853271484,0.0010597894433885813,0.0,0.0,4.5916056632995605,2.0897841453552246
train,conditioning_real_adv,25642,1,0.0,0.0,0.0,0.0,0.0,0.0,0.0,0.0,0.0,0.0,0.0,0.0,0.0,29.730295181274414,29.730295181274414,1.17506768204656e-11,0.0,0.0,4.762167453765869,2.089787244796753
train,conditioning_real_adv,25643,1,0.00024694204330444336,0.00024694204330444336,0.00024694204330444336,0.00024694204330444336,0.00024694204330444336,1.0,0.0,0.0,0.0,0.0,0.0,0.0,0.0,16.909740447998047,16.909740447998047,0.0002469279570505023,0.0,0.0,5.283613204956055,2.358572006225586
train,conditioning_real_adv,26137,1,-1.0,-1.0,-1.0,-1.0,-1.0,0.0,0.0,0.0,0.0,0.0,1.0,1.0,0.0,28.368906021118164,28.368906021118164,3.636261070028013e-09,0.0,1.5,4.930624961853027,2.268714427947998
train,conditioning_real_adv,26362,1,0.002047419548034668,0.002047419548034668,0.002047419548034668,0.002047419548034668,0.002047419548034668,1.0,0.0,0.0,0.0,0.0,0.0,0.0,0.0,17.066883087158203,17.066883087158203,0.0020474446937441826,0.0,0.0,4.406971454620361,1.9781992435455322
train,conditioning_real_adv,26537,1,0.0001289844512939453,0.0001289844512939453,0.0001289844512939453,0.0001289844512939453,0.0001289844512939453,1.0,0.0,0.0,0.0,0.0,0.0,0.0,0.0,23.055524826049805,23.055524826049805,0.000128979780129157,0.0,0.0,5.965054512023926,2.504932403564453
train,conditioning_real_adv,26863,1,-0.9279358386993408,-0.9279358386993408,-0.9279358386993408,-0.9279358386993408,-0.9279358386993408,0.0,0.0,0.0,0.0,0.0,0.0,0.0,0.0,8.11414909362793,8.11414909362793,0.008765390142798424,0.0,0.936701238155365,5.279016494750977,2.361372470855713
train,conditioning_real_adv,27158,1,0.1875925064086914,0.1875925064086914,0.1875925064086914,0.1875925064086914,0.1875925064086914,1.0,0.0,0.0,0.0,0.0,0.0,0.0,0.0,6.473682403564453,6.473682403564453,0.1875925213098526,0.0,0.0,5.027698040008545,2.1533594131469727
train,conditioning_real_adv,27159,1,-0.11606163531541824,-0.11606163531541824,-0.11606163531541824,-0.11606163531541824,-0.11606163531541824,0.0,0.0,0.0,0.0,0.0,0.0,0.0,0.0,14.351563453674316,14.351563453674316,0.0069962842389941216,0.0,0.12305790930986404,6.052394390106201,2.5481648445129395
train,conditioning_real_adv,27206,1,0.0008689761161804199,0.0008689761161804199,0.0008689761161804199,0.0008689761161804199,0.0008689761161804199,1.0,0.0,0.0,0.0,0.0,0.0,0.0,0.0,20.004270553588867,20.004270553588867,0.000869003648404032,0.0,0.0,4.852850914001465,2.1257386207580566
train,conditioning_real_adv,27408,1,0.0001575946807861328,0.0001575946807861328,0.0001575946807861328,0.0001575946807861328,0.0001575946807861328,1.0,0.0,0.0,0.0,0.0,0.0,0.0,0.0,23.506244659423828,23.506244659423828,0.0001576211507199332,0.0,0.0,4.653406143188477,2.1116862297058105
train,conditioning_real_adv,27487,1,0.005811929702758789,0.005811929702758789,0.005811929702758789,0.005811929702758789,0.005811929702758789,1.0,0.0,0.0,0.0,0.0,0.0,0.0,0.0,11.919144630432129,11.919144630432129,0.005811935756355524,0.0,0.0,4.579539775848389,2.1250510215759277
train,conditioning_real_adv,27562,1,8.940696716308594e-07,8.940696716308594e-07,8.940696716308594e-07,8.940696716308594e-07,8.940696716308594e-07,1.0,0.0,0.0,0.0,0.0,0.0,0.0,0.0,20.334428787231445,20.334428787231445,9.024226983456174e-07,0.0,0.0,4.43042516708374,2.0774731636047363
train,conditioning_real_adv,27893,1,0.0007632970809936523,0.0007632970809936523,0.0007632970809936523,0.0007632970809936523,0.0007632970809936523,1.0,0.0,0.0,0.0,0.0,0.0,0.0,0.0,20.353185653686523,20.353185653686523,0.0007633257773704827,0.0,0.0,4.250227451324463,1.974549412727356
train,conditioning_real_adv,27926,1,2.396106719970703e-05,2.396106719970703e-05,2.396106719970703e-05,2.396106719970703e-05,2.396106719970703e-05,1.0,0.0,0.0,0.0,0.0,0.0,0.0,0.0,27.062593460083008,27.062593460083008,2.398245851509273e-05,0.0,0.0,5.28239631652832,2.3574769496917725
train,conditioning_real_adv,28453,1,0.011188864707946777,0.011188864707946777,0.011188864707946777,0.011188864707946777,0.011188864707946777,1.0,0.0,0.0,0.0,0.0,0.0,0.0,0.0,13.891020774841309,13.891020774841309,0.011188878677785397,0.0,0.0,5.074793338775635,2.3127574920654297
train,conditioning_real_adv,28578,1,0.0008493661880493164,0.0008493661880493164,0.0008493661880493164,0.0008493661880493164,0.0008493661880493164,1.0,0.0,0.0,0.0,0.0,0.0,0.0,0.0,20.133968353271484,20.133968353271484,0.0008493806817568839,0.0,0.0,4.870326519012451,2.181368827819824
train,conditioning_real_adv,28987,1,0.0015189051628112793,0.0015189051628112793,0.0015189051628112793,0.0015189051628112793,0.0015189051628112793,1.0,0.0,0.0,0.0,0.0,0.0,0.0,0.0,13.316441535949707,13.316441535949707,0.0015189116820693016,0.0,0.0,5.2804179191589355,2.3577873706817627
train,conditioning_real_adv,29012,1,3.5762786865234375e-07,3.5762786865234375e-07,3.5762786865234375e-07,3.5762786865234375e-07,3.5762786865234375e-07,1.0,0.0,0.0,0.0,0.0,0.0,0.0,0.0,30.65172576904297,30.65172576904297,3.352114674726181e-07,0.0,0.0,5.152924537658691,2.2748615741729736
train,conditioning_real_adv,29162,1,0.9684562087059021,0.9684562087059021,0.9684562087059021,0.9684562087059021,0.9684562087059021,1.0,1.0,1.0,0.0,0.0,0.0,0.0,0.0,5.785045623779297,5.785045623779297,0.5268434286117554,0.9333333373069763,0.0,4.690659523010254,2.1214706897735596
train,conditioning_real_adv,29186,1,-1.0,-1.0,-1.0,-1.0,-1.0,0.0,0.0,0.0,0.0,0.0,1.0,1.0,0.0,28.11238670349121,28.11238670349121,6.005923864904616e-07,0.0,1.5,7.32090950012207,2.847179889678955
train,conditioning_real_adv,29252,1,0.03926718235015869,0.03926718235015869,0.03926718235015869,0.03926718235015869,0.03926718235015869,1.0,0.0,0.0,0.0,0.0,0.0,0.0,0.0,12.389726638793945,12.389726638793945,0.039267174899578094,0.0,0.0,4.278256893157959,2.0125207901000977
train,conditioning_real_adv,29358,1,-0.9999982118606567,-0.9999982118606567,-0.9999982118606567,-0.9999982118606567,-0.9999982118606567,0.0,0.0,0.0,0.0,0.0,1.0,0.0,0.0,29.290536880493164,29.290536880493164,1.816331064219412e-06,0.0,1.0,5.286374568939209,2.359276056289673
train,conditioning_real_adv,29368,1,-0.5,-0.5,-0.5,-0.5,-0.5,0.0,0.0,0.0,0.0,0.0,0.0,1.0,0.0,32.43685531616211,32.43685531616211,8.809819193600354e-13,0.0,0.5,4.862761974334717,2.1552650928497314
train,conditioning_real_adv,29528,1,0.02444511651992798,0.02444511651992798,0.02444511651992798,0.02444511651992798,0.02444511651992798,1.0,0.0,0.0,0.0,0.0,0.0,0.0,0.0,11.899935722351074,11.899935722351074,0.024445101618766785,0.0,0.0,5.275415897369385,2.3566911220550537
train,conditioning_real_adv,30012,1,8.749961853027344e-05,8.749961853027344e-05,8.749961853027344e-05,8.749961853027344e-05,8.749961853027344e-05,1.0,0.0,0.0,0.0,0.0,0.0,0.0,0.0,22.72768783569336,22.72768783569336,8.752415305934846e-05,0.0,0.0,5.281297206878662,2.359975814819336
train,conditioning_real_adv,30598,1,0.0,0.0,0.0,0.0,0.0,0.0,0.0,0.0,0.0,0.0,0.0,0.0,0.0,12.7869873046875,12.7869873046875,5.605016884652203e-12,0.0,0.0,4.876735687255859,2.1307859420776367
train,conditioning_real_adv,30613,1,-0.4999999403953552,-0.4999999403953552,-0.4999999403953552,-0.4999999403953552,-0.4999999403953552,0.0,0.0,0.0,0.0,0.0,0.0,1.0,0.0,32.27974319458008,32.27974319458008,7.574785598762901e-08,0.0,0.5,4.651184558868408,2.0972440242767334
train,conditioning_real_adv,30816,1,-0.4999992847442627,-0.4999992847442627,-0.4999992847442627,-0.4999992847442627,-0.4999992847442627,0.0,0.0,0.0,0.0,0.0,0.0,1.0,0.0,26.309097290039062,26.309097290039062,7.019617100922915e-07,0.0,0.5,4.584406852722168,2.076796293258667
train,conditioning_real_adv,30908,1,-0.5,-0.5,-0.5,-0.5,-0.5,0.0,0.0,0.0,0.0,0.0,0.0,1.0,0.0,32.48426055908203,32.48426055908203,1.1257920322967768e-13,0.0,0.5,4.391280651092529,1.9726558923721313
train,conditioning_real_adv,30942,1,0.015993833541870117,0.015993833541870117,0.015993833541870117,0.015993833541870117,0.015993833541870117,1.0,0.0,0.0,0.0,0.0,0.0,0.0,0.0,14.172733306884766,14.172733306884766,0.015993844717741013,0.0,0.0,5.276490688323975,2.3574657440185547
train,conditioning_real_adv,31229,1,1.1920928955078125e-07,1.1920928955078125e-07,1.1920928955078125e-07,1.1920928955078125e-07,1.1920928955078125e-07,1.0,0.0,0.0,0.0,0.0,0.0,0.0,0.0,30.236886978149414,30.236886978149414,1.1793565590778599e-07,0.0,0.0,5.652921199798584,2.3913686275482178
train,conditioning_real_adv,31234,1,-0.0030740639194846153,-0.0030740639194846153,-0.0030740639194846153,-0.0030740639194846153,-0.0030740639194846153,0.0,0.0,0.0,0.0,0.0,0.0,0.0,0.0,40.23581314086914,40.23581314086914,1.9948053875396e-08,0.0,0.0030740639194846153,4.613642692565918,2.0772836208343506
train,conditioning_real_adv,31261,1,4.231929779052734e-06,4.231929779052734e-06,4.231929779052734e-06,4.231929779052734e-06,4.231929779052734e-06,1.0,0.0,0.0,0.0,0.0,0.0,0.0,0.0,25.450504302978516,25.450504302978516,4.2434767237864435e-06,0.0,0.0,3.9705076217651367,1.9241888523101807
train,conditioning_real_adv,31407,1,-1.0,-1.0,-1.0,-1.0,-1.0,0.0,0.0,0.0,0.0,0.0,1.0,1.0,0.0,42.10523986816406,42.10523986816406,5.005094672050348e-10,0.0,1.5,4.851156711578369,2.1799135208129883
train,conditioning_real_adv,31577,1,5.364418029785156e-07,5.364418029785156e-07,5.364418029785156e-07,5.364418029785156e-07,5.364418029785156e-07,1.0,0.0,0.0,0.0,0.0,0.0,0.0,0.0,27.959104537963867,27.959104537963867,5.521565071830992e-07,0.0,0.0,5.516546249389648,2.3573203086853027
train,conditioning_real_adv,31845,1,0.0,0.0,0.0,0.0,0.0,0.0,0.0,0.0,0.0,0.0,0.0,0.0,0.0,29.734272003173828,29.734272003173828,2.6501679073476225e-08,0.0,0.0,5.042656421661377,2.2074899673461914
train,conditioning_real_adv,31879,1,-0.7267103791236877,-0.7267103791236877,-0.7267103791236877,-0.7267103791236877,-0.7267103791236877,0.0,0.0,0.0,0.0,0.0,0.0,1.0,1.0,28.084470748901367,28.084470748901367,6.83607197515812e-07,0.0,0.7267110347747803,0.8446221351623535,0.8645036816596985
train,conditioning_real_adv,31933,1,-1.0,-1.0,-1.0,-1.0,-1.0,0.0,0.0,0.0,0.0,0.0,1.0,1.0,0.0,31.93721580505371,31.93721580505371,1.831468843249695e-08,0.0,1.5,5.279554843902588,2.363267421722412
train,conditioning_real_adv,32065,1,1.1920928955078125e-07,1.1920928955078125e-07,1.1920928955078125e-07,1.1920928955078125e-07,1.1920928955078125e-07,1.0,0.0,0.0,0.0,0.0,0.0,0.0,0.0,30.722501754760742,30.722501754760742,9.277859902567798e-08,0.0,0.0,4.77922248840332,2.1795156002044678
train,conditioning_real_adv,32286,1,-1.0,-1.0,-1.0,-1.0,-1.0,0.0,0.0,0.0,0.0,0.0,1.0,1.0,0.0,28.613710403442383,28.613710403442383,1.522010961707565e-09,0.0,1.5,5.277994155883789,2.355320453643799
train,conditioning_real_adv,32347,1,0.0,0.0,0.0,0.0,0.0,0.0,0.0,0.0,0.0,0.0,0.0,0.0,0.0,21.414905548095703,21.414905548095703,1.4317130245028106e-14,0.0,0.0,4.94995641708374,2.2064526081085205
train,conditioning_real_adv,32412,1,0.002440035343170166,0.002440035343170166,0.002440035343170166,0.002440035343170166,0.002440035343170166,1.0,0.0,0.0,0.0,0.0,0.0,0.0,0.0,17.201587677001953,17.201587677001953,0.002440033480525017,0.0,0.0,4.832279682159424,2.1898951530456543
train,conditioning_real_adv,33006,1,-1.0,-1.0,-1.0,-1.0,-1.0,0.0,0.0,0.0,0.0,0.0,1.0,1.0,0.0,39.16145706176758,39.16145706176758,1.4028470607385657e-09,0.0,1.5,4.620070934295654,2.1099507808685303
train,conditioning_real_adv,33075,1,0.0,0.0,0.0,0.0,0.0,0.0,0.0,0.0,0.0,0.0,0.0,0.0,0.0,31.345489501953125,31.345489501953125,2.3734406440212297e-08,0.0,0.0,5.175719738006592,2.3602728843688965
train,conditioning_real_adv,33288,1,-1.0,-1.0,-1.0,-1.0,-1.0,0.0,0.0,0.0,0.0,0.0,1.0,1.0,0.0,31.852813720703125,31.852813720703125,2.200824155806913e-06,0.0,1.5,5.015099048614502,2.2062673568725586
train,conditioning_real_adv,33331,1,-1.0,-1.0,-1.0,-1.0,-1.0,0.0,0.0,0.0,0.0,0.0,1.0,1.0,0.0,44.43906021118164,44.43906021118164,1.0956372614723264e-10,0.0,1.5,5.28001594543457,2.3579907417297363
train,conditioning_real_adv,33506,1,6.377696990966797e-06,6.377696990966797e-06,6.377696990966797e-06,6.377696990966797e-06,6.377696990966797e-06,1.0,0.0,0.0,0.0,0.0,0.0,0.0,0.0,28.8000545501709,28.8000545501709,6.404204214049969e-06,0.0,0.0,4.723410606384277,2.123859405517578
train,conditioning_real_adv,34167,1,0.0,0.0,0.0,0.0,0.0,0.0,0.0,0.0,0.0,0.0,0.0,0.0,0.0,29.739051818847656,29.739051818847656,1.1418999079637615e-08,0.0,0.0,4.6141252517700195,2.131821632385254
train,conditioning_real_adv,34196,1,-0.4999620318412781,-0.4999620318412781,-0.4999620318412781,-0.4999620318412781,-0.4999620318412781,0.0,0.0,0.0,0.0,0.0,0.0,1.0,0.0,9.637641906738281,9.637641906738281,3.794427902903408e-05,0.0,0.5,5.349393844604492,2.3691976070404053
train,conditioning_real_adv,34378,1,-1.0,-1.0,-1.0,-1.0,-1.0,0.0,0.0,0.0,0.0,0.0,1.0,1.0,0.0,37.24831008911133,37.24831008911133,4.4884314043258655e-09,0.0,1.5,3.5205297470092773,1.7682509422302246
train,conditioning_real_adv,34575,1,0.22923225164413452,0.22923225164413452,0.22923225164413452,0.22923225164413452,0.22923225164413452,1.0,0.0,0.0,0.0,0.0,0.0,0.0,0.0,4.709366798400879,4.709366798400879,0.22923225164413452,0.0,0.0,4.895991325378418,2.1562039852142334
train,conditioning_real_adv,34699,1,0.011968135833740234,0.011968135833740234,0.011968135833740234,0.011968135833740234,0.011968135833740234,1.0,0.0,0.0,0.0,0.0,0.0,0.0,0.0,14.802358627319336,14.802358627319336,0.011968109756708145,0.0,0.0,4.5262250900268555,2.0484139919281006
train,conditioning_real_adv,34902,1,-0.4999998211860657,-0.4999998211860657,-0.4999998211860657,-0.4999998211860657,-0.4999998211860657,0.0,0.0,0.0,0.0,0.0,0.0,1.0,0.0,30.75506019592285,30.75506019592285,1.8418366209971282e-07,0.0,0.5,4.568554878234863,2.094531536102295
train,conditioning_real_adv,35009,1,-1.0,-1.0,-1.0,-1.0,-1.0,0.0,0.0,0.0,0.0,0.0,1.0,1.0,0.0,32.44610595703125,32.44610595703125,5.282823067886966e-10,0.0,1.5,5.280120849609375,2.356233596801758
train,conditioning_real_adv,35408,1,0.000929415225982666,0.000929415225982666,0.000929415225982666,0.000929415225982666,0.000929415225982666,1.0,0.0,0.0,0.0,0.0,0.0,0.0,0.0,19.9542293548584,19.9542293548584,0.0009294190676882863,0.0,0.0,5.273326396942139,2.2887635231018066
train,conditioning_real_adv,35428,1,1.704692840576172e-05,1.704692840576172e-05,1.704692840576172e-05,1.704692840576172e-05,1.704692840576172e-05,1.0,0.0,0.0,0.0,0.0,0.0,0.0,0.0,27.743494033813477,27.743494033813477,1.7063377526937984e-05,0.0,0.0,4.639420032501221,2.125927448272705
train,conditioning_real_adv,35585,1,0.025292396545410156,0.025292396545410156,0.025292396545410156,0.025292396545410156,0.025292396545410156,1.0,0.0,0.0,0.0,0.0,0.0,0.0,0.0,7.573043346405029,7.573043346405029,0.025292426347732544,0.0,0.0,4.542978286743164,2.0527851581573486
train,conditioning_real_adv,35667,1,-0.5,-0.5,-0.5,-0.5,-0.5,0.0,0.0,0.0,0.0,0.0,0.0,1.0,0.0,37.796485900878906,37.796485900878906,4.935159836350067e-09,0.0,0.5,4.807112693786621,2.100034713745117
train,conditioning_real_adv,35672,1,0.0,0.0,0.0,0.0,0.0,0.0,0.0,0.0,0.0,0.0,0.0,0.0,0.0,28.081769943237305,28.081769943237305,4.3465007797376803e-14,0.0,0.0,4.555511474609375,2.020158052444458
train,conditioning_real_adv,35863,1,0.001475989818572998,0.001475989818572998,0.001475989818572998,0.001475989818572998,0.001475989818572998,1.0,0.0,0.0,0.0,0.0,0.0,0.0,0.0,16.779428482055664,16.779428482055664,0.0014760192716494203,0.0,0.0,4.765896797180176,2.149930477142334
train,conditioning_real_adv,35877,1,0.00010675191879272461,0.00010675191879272461,0.00010675191879272461,0.00010675191879272461,0.00010675191879272461,1.0,0.0,0.0,0.0,0.0,0.0,0.0,0.0,19.11259651184082,19.11259651184082,0.00010675896919565275,0.0,0.0,5.034469127655029,2.1599605083465576
train,conditioning_real_adv,35950,1,0.0,0.0,0.0,0.0,0.0,0.0,0.0,0.0,0.0,0.0,0.0,0.0,0.0,33.1723747253418,33.1723747253418,1.0466454092306066e-13,0.0,0.0,5.277949333190918,2.3573131561279297
train,conditioning_real_adv,35959,1,0.0,0.0,0.0,0.0,0.0,0.0,0.0,0.0,0.0,0.0,0.0,0.0,0.0,29.14911460876465,29.14911460876465,2.8085290169899135e-12,0.0,0.0,4.536077976226807,2.080496072769165
train,conditioning_real_adv,36127,1,7.170438766479492e-05,7.170438766479492e-05,7.170438766479492e-05,7.170438766479492e-05,7.170438766479492e-05,1.0,0.0,0.0,0.0,0.0,0.0,0.0,0.0,21.757715225219727,21.757715225219727,7.173414633143693e-05,0.0,0.0,4.792675971984863,2.147610902786255
train,conditioning_real_adv,36210,1,0.00014412403106689453,0.00014412403106689453,0.00014412403106689453,0.00014412403106689453,0.00014412403106689453,1.0,0.0,0.0,0.0,0.0,0.0,0.0,0.0,21.58669090270996,21.58669090270996,0.00014412471500691026,0.0,0.0,5.285649299621582,2.360858201980591
train,conditioning_real_adv,36687,1,5.2809715270996094e-05,5.2809715270996094e-05,5.2809715270996094e-05,5.2809715270996094e-05,5.2809715270996094e-05,1.0,0.0,0.0,0.0,0.0,0.0,0.0,0.0,17.48019027709961,17.48019027709961,5.282461643218994e-05,0.0,0.0,4.778104782104492,2.1213490962982178
train,conditioning_real_adv,36739,1,3.4749507904052734e-05,3.4749507904052734e-05,3.4749507904052734e-05,3.4749507904052734e-05,3.4749507904052734e-05,1.0,0.0,0.0,0.0,0.0,0.0,0.0,0.0,26.29424476623535,26.29424476623535,3.475094854366034e-05,0.0,0.0,4.474504470825195,2.058548927307129
train,conditioning_real_adv,36792,1,-1.0,-1.0,-1.0,-1.0,-1.0,0.0,0.0,0.0,0.0,0.0,1.0,1.0,1.0,16.171993255615234,16.171993255615234,0.0001552030589664355,0.0,1.5,0.8699142336845398,0.8935020565986633
train,conditioning_real_adv,37189,1,0.00021725893020629883,0.00021725893020629883,0.00021725893020629883,0.00021725893020629883,0.00021725893020629883,1.0,0.0,0.0,0.0,0.0,0.0,0.0,0.0,18.084840774536133,18.084840774536133,0.00021728013234678656,0.0,0.0,6.088033199310303,2.5272693634033203
train,conditioning_real_adv,37192,1,-1.0,-1.0,-1.0,-1.0,-1.0,0.0,0.0,0.0,0.0,0.0,1.0,1.0,0.0,33.40752029418945,33.40752029418945,1.1022962098650169e-06,0.0,1.5,5.285122871398926,2.359941244125366
train,conditioning_real_adv,37234,1,0.5909565091133118,0.5909565091133118,0.5909565091133118,0.5909565091133118,0.5909565091133118,1.0,1.0,1.0,0.0,0.0,0.0,0.0,0.0,5.257286071777344,5.257286071777344,0.5909565091133118,0.0,0.0,5.4031758308410645,2.3081977367401123
train,conditioning_real_adv,37297,1,0.0002503395080566406,0.0002503395080566406,0.0002503395080566406,0.0002503395080566406,0.0002503395080566406,1.0,0.0,0.0,0.0,0.0,0.0,0.0,0.0,19.956968307495117,19.956968307495117,0.00025032940902747214,0.0,0.0,4.7727155685424805,2.0735437870025635
train,conditioning_real_adv,37340,1,2.384185791015625e-07,2.384185791015625e-07,2.384185791015625e-07,2.384185791015625e-07,2.384185791015625e-07,1.0,0.0,0.0,0.0,0.0,0.0,0.0,0.0,35.84467315673828,35.84467315673828,2.213905077042e-07,0.0,0.0,4.663208961486816,2.078362464904785
train,conditioning_real_adv,37608,1,-1.0,-1.0,-1.0,-1.0,-1.0,0.0,0.0,0.0,0.0,0.0,1.0,1.0,0.0,29.13372230529785,29.13372230529785,1.1435322910813284e-08,0.0,1.5,4.641916751861572,2.0707852840423584
train,conditioning_real_adv,37725,1,0.001947939395904541,0.001947939395904541,0.001947939395904541,0.001947939395904541,0.001947939395904541,1.0,0.0,0.0,0.0,0.0,0.0,0.0,0.0,13.395944595336914,13.395944595336914,0.0019479102920740843,0.0,0.0,5.23179817199707,2.2655012607574463
train,conditioning_real_adv,37745,1,0.24032598733901978,0.24032598733901978,0.24032598733901978,0.24032598733901978,0.24032598733901978,1.0,0.0,0.0,0.0,0.0,0.0,0.0,0.0,8.299777030944824,8.299777030944824,0.24032598733901978,0.0,0.0,4.701204299926758,2.1233015060424805
train,conditioning_real_adv,37990,1,1.6987323760986328e-05,1.6987323760986328e-05,1.6987323760986328e-05,1.6987323760986328e-05,1.6987323760986328e-05,1.0,0.0,0.0,0.0,0.0,0.0,0.0,0.0,27.09502601623535,27.09502601623535,1.696023900876753e-05,0.0,0.0,4.250763893127441,1.9543378353118896
train,conditioning_real_adv,38232,1,-0.4999830722808838,-0.4999830722808838,-0.4999830722808838,-0.4999830722808838,-0.4999830722808838,0.0,0.0,0.0,0.0,0.0,0.0,1.0,0.0,21.645536422729492,21.645536422729492,1.691007310000714e-05,0.0,0.5,5.269798278808594,2.3499975204467773
train,conditioning_real_adv,38474,1,0.04473876953125,0.04473876953125,0.04473876953125,0.04473876953125,0.04473876953125,1.0,0.0,0.0,0.0,0.0,0.0,0.0,1.0,12.122278213500977,12.122278213500977,0.044738780707120895,0.0,0.0,0.8958760499954224,0.8910302519798279
train,conditioning_real_adv,38510,1,5.960464477539063e-08,5.960464477539063e-08,5.960464477539063e-08,5.960464477539063e-08,5.960464477539063e-08,1.0,0.0,0.0,0.0,0.0,0.0,0.0,1.0,31.526460647583008,31.526460647583008,5.587053664157793e-08,0.0,0.0,1.858032464981079,0.8882865309715271
train,conditioning_real_adv,38653,1,-0.4999999403953552,-0.4999999403953552,-0.4999999403953552,-0.4999999403953552,-0.4999999403953552,0.0,0.0,0.0,0.0,0.0,0.0,1.0,0.0,32.34071731567383,32.34071731567383,8.373922355531249e-08,0.0,0.5,4.504093170166016,2.0135228633880615
train,conditioning_real_adv,38684,1,-1.0,-1.0,-1.0,-1.0,-1.0,0.0,0.0,0.0,0.0,0.0,1.0,1.0,0.0,30.727153778076172,30.727153778076172,1.6917162781737716e-07,0.0,1.5,4.395258903503418,2.05267333984375
train,conditioning_real_adv,38966,1,-1.0,-1.0,-1.0,-1.0,-1.0,0.0,0.0,0.0,0.0,0.0,1.0,1.0,0.0,31.305252075195312,31.305252075195312,3.301466051652824e-07,0.0,1.5,5.277857780456543,2.3578808307647705
train,conditioning_real_adv,39078,1,-0.9439516663551331,-0.9439516663551331,-0.9439516663551331,-0.9439516663551331,-0.9439516663551331,0.0,0.0,0.0,0.0,0.0,0.0,0.0,0.0,18.330730438232422,18.330730438232422,1.3524743280868279e-06,0.0,0.9439530372619629,4.492684364318848,2.00598406791687
train,conditioning_real_adv,39091,1,9.059906005859375e-06,9.059906005859375e-06,9.059906005859375e-06,9.059906005859375e-06,9.059906005859375e-06,1.0,0.0,0.0,0.0,0.0,0.0,0.0,0.0,22.15032958984375,22.15032958984375,9.038539246830624e-06,0.0,0.0,4.84342622756958,2.130427360534668
train,conditioning_real_adv,39111,1,0.0,0.0,0.0,0.0,0.0,0.0,0.0,0.0,0.0,0.0,0.0,0.0,0.0,22.98580551147461,22.98580551147461,9.144002727581608e-15,0.0,0.0,5.279880523681641,2.359469413757324
train,conditioning_real_adv,39446,1,-1.0,-1.0,-1.0,-1.0,-1.0,0.0,0.0,0.0,0.0,0.0,1.0,1.0,0.0,37.19172668457031,37.19172668457031,3.683320037861648e-10,0.0,1.5,5.981576919555664,2.494295120239258
train,conditioning_real_adv,39463,1,7.492303848266602e-05,7.492303848266602e-05,7.492303848266602e-05,7.492303848266602e-05,7.492303848266602e-05,1.0,0.0,0.0,0.0,0.0,0.0,0.0,0.0,24.861736297607422,24.861736297607422,7.494630699511617e-05,0.0,0.0,4.656094551086426,2.1293179988861084
train,conditioning_real_adv,39530,1,0.0012854933738708496,0.0012854933738708496,0.0012854933738708496,0.0012854933738708496,0.0012854933738708496,1.0,0.0,0.0,0.0,0.0,0.0,0.0,0.0,18.489370346069336,18.489370346069336,0.0012855009408667684,0.0,0.0,9.41600227355957,3.0304572582244873
train,conditioning_real_adv,39582,1,-1.0,-1.0,-1.0,-1.0,-1.0,0.0,0.0,0.0,0.0,0.0,1.0,1.0,0.0,34.84049606323242,34.84049606323242,4.690834179421621e-11,0.0,1.5,4.467134475708008,2.0831706523895264
train,conditioning_real_adv,39682,1,-0.5006704926490784,-0.5006704926490784,-0.5006704926490784,-0.5006704926490784,-0.5006704926490784,0.0,0.0,0.0,0.0,0.0,0.0,1.0,0.0,6.143599510192871,6.143599510192871,0.008947866037487984,0.0,0.50961834192276,4.757564067840576,2.1163125038146973
train,conditioning_real_adv,39736,1,-1.0,-1.0,-1.0,-1.0,-1.0,0.0,0.0,0.0,0.0,0.0,1.0,1.0,0.0,21.987384796142578,21.987384796142578,1.8993237063114066e-06,0.0,1.5,4.789766788482666,2.0988025665283203
train,conditioning_real_adv,39985,1,0.05562782287597656,0.05562782287597656,0.05562782287597656,0.05562782287597656,0.05562782287597656,1.0,0.0,0.0,0.0,0.0,0.0,0.0,0.0,10.557670593261719,10.557670593261719,0.05562782660126686,0.0,0.0,4.494208335876465,2.015286684036255
val,conditioning_real_adv,4,1,0.048970162868499756,0.048970162868499756,0.048970162868499756,0.048970162868499756,0.048970162868499756,1.0,0.0,0.0,0.0,0.0,0.0,0.0,0.0,10.005537986755371,10.005537986755371,0.04897017404437065,0.0,0.0,5.277561664581299,2.361117124557495
val,conditioning_real_adv,74,1,-1.0,-1.0,-1.0,-1.0,-1.0,0.0,0.0,0.0,0.0,0.0,1.0,1.0,0.0,32.61279296875,32.61279296875,5.0668982898294246e-12,0.0,1.5,4.989065170288086,2.2324109077453613
val,conditioning_real_adv,99,1,0.0,0.0,0.0,0.0,0.0,0.0,0.0,0.0,0.0,0.0,0.0,0.0,0.0,30.555883407592773,30.555883407592773,2.7679865066687626e-09,0.0,0.0,4.837534427642822,2.1732115745544434
val,conditioning_real_adv,815,1,-1.0,-1.0,-1.0,-1.0,-1.0,0.0,0.0,0.0,0.0,0.0,1.0,1.0,0.0,34.38385009765625,34.38385009765625,2.0651655940895353e-09,0.0,1.5,4.888031482696533,2.195596694946289
val,conditioning_real_adv,865,1,0.0019907355308532715,0.0019907355308532715,0.0019907355308532715,0.0019907355308532715,0.0019907355308532715,1.0,0.0,0.0,0.0,0.0,0.0,0.0,1.0,14.798152923583984,14.798152923583984,0.0019907623063772917,0.0,0.0,0.9240414500236511,0.8832095861434937
val,conditioning_real_adv,920,1,7.414817810058594e-05,7.414817810058594e-05,7.414817810058594e-05,7.414817810058594e-05,7.414817810058594e-05,1.0,0.0,0.0,0.0,0.0,0.0,0.0,0.0,18.687084197998047,18.687084197998047,7.417250890284777e-05,0.0,0.0,4.576043605804443,2.053306818008423
val,conditioning_real_adv,1062,1,-1.0,-1.0,-1.0,-1.0,-1.0,0.0,0.0,0.0,0.0,0.0,1.0,1.0,0.0,36.781986236572266,36.781986236572266,1.0159005192633686e-08,0.0,1.5,4.6324052810668945,2.076843500137329
val,conditioning_real_adv,1417,1,0.0,0.0,0.0,0.0,0.0,0.0,0.0,0.0,0.0,0.0,0.0,0.0,0.0,22.88804054260254,22.88804054260254,6.959214021023952e-13,0.0,0.0,4.640866756439209,2.059321641921997
val,conditioning_real_adv,1493,1,-1.0,-1.0,-1.0,-1.0,-1.0,0.0,0.0,0.0,0.0,0.0,1.0,1.0,0.0,37.56495666503906,37.56495666503906,1.5947131115634505e-10,0.0,1.5,5.27910041809082,2.355976104736328
val,conditioning_real_adv,1749,1,7.015466690063477e-05,7.015466690063477e-05,7.015466690063477e-05,7.015466690063477e-05,7.015466690063477e-05,1.0,0.0,0.0,0.0,0.0,0.0,0.0,0.0,22.350818634033203,22.350818634033203,7.016098243184388e-05,0.0,0.0,5.27681303024292,2.3647778034210205
val,conditioning_real_adv,2067,1,-0.4999999403953552,-0.4999999403953552,-0.4999999403953552,-0.4999999403953552,-0.4999999403953552,0.0,0.0,0.0,0.0,0.0,0.0,1.0,0.0,31.17816162109375,31.17816162109375,8.033512699512357e-08,0.0,0.5,4.32409143447876,2.013479471206665
val,conditioning_real_adv,2160,1,0.0057871341705322266,0.0057871341705322266,0.0057871341705322266,0.0057871341705322266,0.0057871341705322266,1.0,0.0,0.0,0.0,0.0,0.0,0.0,0.0,15.83546257019043,15.83546257019043,0.0057871523313224316,0.0,0.0,4.94047737121582,2.196364641189575
val,conditioning_real_adv,2384,1,0.00023114681243896484,0.00023114681243896484,0.00023114681243896484,0.00023114681243896484,0.00023114681243896484,1.0,0.0,0.0,0.0,0.0,0.0,0.0,0.0,22.744600296020508,22.744600296020508,0.00023112958297133446,0.0,0.0,5.4083123207092285,2.3174567222595215
val,conditioning_real_adv,2532,1,-1.0,-1.0,-1.0,-1.0,-1.0,0.0,0.0,0.0,0.0,0.0,1.0,1.0,0.0,36.76569366455078,36.76569366455078,1.5376865059035794e-10,0.0,1.5,7.627841472625732,2.9044113159179688
val,conditioning_real_adv,2550,1,0.0002490878105163574,0.0002490878105163574,0.0002490878105163574,0.0002490878105163574,0.0002490878105163574,1.0,0.0,0.0,0.0,0.0,0.0,0.0,0.0,21.817611694335938,21.817611694335938,0.0002490998012945056,0.0,0.0,4.176886081695557,1.9217910766601562
val,conditioning_real_adv,2580,1,0.2038019895553589,0.2038019895553589,0.2038019895553589,0.2038019895553589,0.2038019895553589,1.0,0.0,0.0,0.0,0.0,0.0,0.0,0.0,8.68324089050293,8.68324089050293,0.20380200445652008,0.0,0.0,4.961275577545166,2.2171733379364014
val,conditioning_real_adv,2653,1,0.0002403855323791504,0.0002403855323791504,0.0002403855323791504,0.0002403855323791504,0.0002403855323791504,1.0,0.0,0.0,0.0,0.0,0.0,0.0,0.0,22.321321487426758,22.321321487426758,0.00024040225252974778,0.0,0.0,5.2811079025268555,2.3573062419891357
val,conditioning_real_adv,2964,1,-0.5,-0.5,-0.5,-0.5,-0.5,0.0,0.0,0.0,0.0,0.0,0.0,1.0,0.0,39.15195846557617,39.15195846557617,8.406679241623749e-10,0.0,0.5,4.685243606567383,2.071244239807129
val,conditioning_real_adv,2994,1,0.009851038455963135,0.009851038455963135,0.009851038455963135,0.009851038455963135,0.009851038455963135,1.0,0.0,0.0,0.0,0.0,0.0,0.0,0.0,10.316494941711426,10.316494941711426,0.009851017035543919,0.0,0.0,4.794155597686768,2.1146013736724854
val,conditioning_real_adv,3065,1,1.9848346710205078e-05,1.9848346710205078e-05,1.9848346710205078e-05,1.9848346710205078e-05,1.9848346710205078e-05,1.0,0.0,0.0,0.0,0.0,0.0,0.0,0.0,22.927074432373047,22.927074432373047,1.9820558009087108e-05,0.0,0.0,5.277219295501709,2.359576463699341
val,conditioning_real_adv,3267,1,-1.0,-1.0,-1.0,-1.0,-1.0,0.0,0.0,0.0,0.0,0.0,1.0,1.0,0.0,32.560543060302734,32.560543060302734,7.543382452013248e-08,0.0,1.5,4.545802593231201,2.03236985206604
val,conditioning_real_adv,3804,1,0.0,0.0,0.0,0.0,0.0,0.0,0.0,0.0,0.0,0.0,0.0,0.0,0.0,37.48722457885742,37.48722457885742,0.0,0.0,0.0,4.549152851104736,2.0772414207458496
val,conditioning_real_adv,4000,1,-0.4999998211860657,-0.4999998211860657,-0.4999998211860657,-0.4999998211860657,-0.4999998211860657,0.0,0.0,0.0,0.0,0.0,0.0,1.0,0.0,30.79085922241211,30.79085922241211,1.7815241903917922e-07,0.0,0.5,4.737094402313232,2.139101028442383
val,conditioning_real_adv,4003,1,0.004230618476867676,0.004230618476867676,0.004230618476867676,0.004230618476867676,0.004230618476867676,1.0,0.0,0.0,0.0,0.0,0.0,0.0,0.0,10.512535095214844,10.512535095214844,0.004230604972690344,0.0,0.0,4.060170650482178,1.8930060863494873
val,conditioning_real_adv,4075,1,0.00041794776916503906,0.00041794776916503906,0.00041794776916503906,0.00041794776916503906,0.00041794776916503906,1.0,0.0,0.0,0.0,0.0,0.0,0.0,0.0,21.530208587646484,21.530208587646484,0.00041796479490585625,0.0,0.0,5.285835266113281,2.3596889972686768
val,conditioning_real_adv,4081,1,0.0,0.0,0.0,0.0,0.0,0.0,0.0,0.0,0.0,0.0,0.0,0.0,0.0,29.62562370300293,29.62562370300293,1.0687762307115545e-11,0.0,0.0,4.583387851715088,2.1003644466400146
val,conditioning_real_adv,4127,1,0.0062607526779174805,0.0062607526779174805,0.0062607526779174805,0.0062607526779174805,0.0062607526779174805,1.0,0.0,0.0,0.0,0.0,0.0,0.0,0.0,9.97252082824707,9.97252082824707,0.0062607512809336185,0.0,0.0,5.287938594818115,2.3588924407958984
val,conditioning_real_adv,4186,1,0.06890302896499634,0.06890302896499634,0.06890302896499634,0.06890302896499634,0.06890302896499634,1.0,0.0,0.0,0.0,0.0,0.0,0.0,0.0,4.058487892150879,4.058487892150879,0.06890302896499634,0.0,0.0,4.481127738952637,2.0610971450805664
val,conditioning_real_adv,4527,1,-1.0,-1.0,-1.0,-1.0,-1.0,0.0,0.0,0.0,0.0,1.0,1.0,1.0,0.0,44.1362419128418,44.1362419128418,1.9611669233032814e-10,0.0,1.5,4.745995998382568,2.163914918899536
val,conditioning_real_adv,4587,1,0.06409800052642822,0.06409800052642822,0.06409800052642822,0.06409800052642822,0.06409800052642822,1.0,0.0,0.0,0.0,0.0,0.0,0.0,1.0,11.361184120178223,11.361184120178223,0.06409800052642822,0.0,0.0,1.09792959690094,0.9186041951179504
val,conditioning_real_adv,4716,1,-1.0,-1.0,-1.0,-1.0,-1.0,0.0,0.0,0.0,0.0,0.0,1.0,1.0,0.0,39.58824157714844,39.58824157714844,2.5420427915423538e-11,0.0,1.5,4.539372444152832,2.066866159439087
val,conditioning_real_adv,4832,1,-1.0,-1.0,-1.0,-1.0,-1.0,0.0,0.0,0.0,0.0,0.0,1.0,1.0,0.0,30.96114158630371,30.96114158630371,3.8174588490313965e-10,0.0,1.5,4.19482421875,1.9362603425979614
val,conditioning_real_adv,4849,1,0.015180408954620361,0.015180408954620361,0.015180408954620361,0.015180408954620361,0.015180408954620361,1.0,0.0,0.0,0.0,0.0,0.0,0.0,0.0,14.336018562316895,14.336018562316895,0.015180433169007301,0.0,0.0,5.281611442565918,2.3576810359954834
val,conditioning_real_adv,5182,1,0.002174854278564453,0.002174854278564453,0.002174854278564453,0.002174854278564453,0.002174854278564453,1.0,0.0,0.0,0.0,0.0,0.0,0.0,0.0,12.961965560913086,12.961965560913086,0.0021748316939920187,0.0,0.0,6.4418625831604,2.7058920860290527
val,conditioning_real_adv,5259,1,-1.0,-1.0,-1.0,-1.0,-1.0,0.0,0.0,0.0,0.0,0.0,1.0,1.0,0.0,30.902633666992188,30.902633666992188,2.2058347326492367e-07,0.0,1.5,4.633360385894775,2.102707624435425
val,conditioning_real_adv,5272,1,-1.0,-1.0,-1.0,-1.0,-1.0,0.0,0.0,0.0,0.0,0.0,1.0,1.0,0.0,42.176414489746094,42.176414489746094,4.523411159529367e-11,0.0,1.5,4.372986316680908,2.000875234603882
val,conditioning_real_adv,5290,1,-1.0,-1.0,-1.0,-1.0,-1.0,0.0,0.0,0.0,0.0,0.0,1.0,1.0,0.0,22.23062515258789,22.23062515258789,1.605230863788165e-05,0.0,1.5,4.512583255767822,2.061563730239868
val,conditioning_real_adv,5398,1,8.940696716308594e-07,8.940696716308594e-07,8.940696716308594e-07,8.940696716308594e-07,8.940696716308594e-07,1.0,0.0,0.0,0.0,0.0,0.0,0.0,1.0,23.894969940185547,23.894969940185547,9.076687774722814e-07,0.0,0.0,2.5646278858184814,1.1346452236175537
val,conditioning_real_adv,5470,1,0.01601332426071167,0.01601332426071167,0.01601332426071167,0.01601332426071167,0.01601332426071167,1.0,0.0,0.0,0.0,0.0,0.0,0.0,0.0,10.980743408203125,10.980743408203125,0.016013339161872864,0.0,0.0,5.078895092010498,2.3253543376922607
val,conditioning_real_adv,5886,1,0.0009487271308898926,0.0009487271308898926,0.0009487271308898926,0.0009487271308898926,0.0009487271308898926,1.0,0.0,0.0,0.0,0.0,0.0,0.0,0.0,16.160078048706055,16.160078048706055,0.0009487015777267516,0.0,0.0,4.639771461486816,2.0423495769500732
val,conditioning_real_adv,5977,1,1.7881393432617188e-07,1.7881393432617188e-07,1.7881393432617188e-07,1.7881393432617188e-07,1.7881393432617188e-07,1.0,0.0,0.0,0.0,0.0,0.0,0.0,0.0,31.465232849121094,31.465232849121094,1.8528619705193705e-07,0.0,0.0,5.282103538513184,2.3570497035980225
val,conditioning_real_adv,5998,1,1.7881393432617188e-07,1.7881393432617188e-07,1.7881393432617188e-07,1.7881393432617188e-07,1.7881393432617188e-07,1.0,0.0,0.0,0.0,0.0,0.0,0.0,0.0,25.703611373901367,25.703611373901367,1.6377931899569376e-07,0.0,0.0,4.651345252990723,2.112046718597412
val,conditioning_real_adv,6005,1,-0.4999989867210388,-0.4999989867210388,-0.4999989867210388,-0.4999989867210388,-0.4999989867210388,0.0,0.0,0.0,0.0,0.0,0.0,1.0,0.0,18.890893936157227,18.890893936157227,1.040175220623496e-06,0.0,0.5,4.517054557800293,2.0763421058654785
val,conditioning_real_adv,6112,1,0.0003114938735961914,0.0003114938735961914,0.0003114938735961914,0.0003114938735961914,0.0003114938735961914,1.0,0.0,0.0,0.0,0.0,0.0,0.0,0.0,20.786026000976562,20.786026000976562,0.00031150036375038326,0.0,0.0,5.282561302185059,2.3575632572174072
val,conditioning_real_adv,6214,1,0.03622633218765259,0.03622633218765259,0.03622633218765259,0.03622633218765259,0.03622633218765259,1.0,0.0,0.0,0.0,0.0,0.0,0.0,0.0,6.721950531005859,6.721950531005859,0.036226313561201096,0.0,0.0,4.493454456329346,2.092113733291626
val,conditioning_real_adv,6472,1,2.980232238769531e-07,2.980232238769531e-07,2.980232238769531e-07,2.980232238769531e-07,2.980232238769531e-07,1.0,0.0,0.0,0.0,0.0,0.0,0.0,0.0,29.807432174682617,29.807432174682617,2.7927234214075725e-07,0.0,0.0,4.829390048980713,2.1843903064727783
val,conditioning_real_adv,6593,1,2.5033950805664062e-06,2.5033950805664062e-06,2.5033950805664062e-06,2.5033950805664062e-06,2.5033950805664062e-06,1.0,0.0,0.0,0.0,0.0,0.0,0.0,0.0,29.89188575744629,29.89188575744629,2.513198296583141e-06,0.0,0.0,4.555298328399658,2.0963218212127686
val,conditioning_real_adv,6599,1,-0.49999988079071045,-0.49999988079071045,-0.49999988079071045,-0.49999988079071045,-0.49999988079071045,0.0,0.0,0.0,0.0,0.0,0.0,1.0,0.0,31.930389404296875,31.930389404296875,1.0060530541977641e-07,0.0,0.5,4.727323055267334,2.140584945678711
val,conditioning_real_adv,6613,1,-1.0,-1.0,-1.0,-1.0,-1.0,0.0,0.0,0.0,0.0,1.0,1.0,1.0,0.0,37.51552963256836,37.51552963256836,4.825455590662386e-10,0.0,1.5,5.281130313873291,2.357510566711426
val,conditioning_real_adv,6651,1,-1.0,-1.0,-1.0,-1.0,-1.0,0.0,0.0,0.0,0.0,0.0,1.0,1.0,1.0,27.176000595092773,27.176000595092773,5.5039009794199956e-08,0.0,1.5,0.8307254314422607,0.8318250179290771
val,conditioning_real_adv,7147,1,-1.0,-1.0,-1.0,-1.0,-1.0,0.0,0.0,0.0,0.0,0.0,1.0,1.0,0.0,27.955354690551758,27.955354690551758,1.6522220391834708e-07,0.0,1.5,5.919139862060547,2.452080011367798
val,conditioning_real_adv,7559,1,-0.01271202601492405,-0.01271202601492405,-0.01271202601492405,-0.01271202601492405,-0.01271202601492405,0.0,0.0,0.0,0.0,0.0,0.0,0.0,0.0,29.4220027923584,29.4220027923584,2.8732586088153766e-08,0.0,0.01271202601492405,5.953934192657471,2.5125956535339355
val,conditioning_real_adv,7605,1,-1.0,-1.0,-1.0,-1.0,-1.0,0.0,0.0,0.0,0.0,0.0,1.0,1.0,0.0,32.19341278076172,32.19341278076172,2.085067229984361e-09,0.0,1.5,4.773306846618652,2.0948173999786377
val,conditioning_real_adv,7676,1,-1.0,-1.0,-1.0,-1.0,-1.0,0.0,0.0,0.0,0.0,0.0,1.0,1.0,0.0,35.313209533691406,35.313209533691406,9.24136378532836e-10,0.0,1.5,4.681514263153076,2.1722288131713867
val,conditioning_real_adv,7681,1,-1.0,-1.0,-1.0,-1.0,-1.0,0.0,0.0,0.0,0.0,0.0,1.0,1.0,0.0,39.053958892822266,39.053958892822266,2.0892659824411908e-10,0.0,1.5,4.774192810058594,2.134629964828491
val,conditioning_real_adv,7844,1,-1.0,-1.0,-1.0,-1.0,-1.0,0.0,0.0,0.0,0.0,0.0,1.0,1.0,0.0,21.008920669555664,21.008920669555664,7.676127466993421e-08,0.0,1.5,4.549006938934326,2.100468635559082
val,conditioning_real_adv,8119,1,0.018012821674346924,0.018012821674346924,0.018012821674346924,0.018012821674346924,0.018012821674346924,1.0,0.0,0.0,0.0,0.0,0.0,0.0,0.0,9.729469299316406,9.729469299316406,0.01801281049847603,0.0,0.0,5.281862735748291,2.3582394123077393
val,conditioning_real_adv,8155,1,6.318092346191406e-06,6.318092346191406e-06,6.318092346191406e-06,6.318092346191406e-06,6.318092346191406e-06,1.0,0.0,0.0,0.0,0.0,0.0,0.0,0.0,27.39860725402832,27.39860725402832,6.2934063862485345e-06,0.0,0.0,4.685297012329102,2.1148881912231445
val,conditioning_real_adv,8179,1,3.4570693969726562e-06,3.4570693969726562e-06,3.4570693969726562e-06,3.4570693969726562e-06,3.4570693969726562e-06,1.0,0.0,0.0,0.0,0.0,0.0,0.0,0.0,26.304611206054688,26.304611206054688,3.473111974017229e-06,0.0,0.0,5.024199485778809,2.1976187229156494
val,conditioning_real_adv,8534,1,-0.5000649690628052,-0.5000649690628052,-0.5000649690628052,-0.5000649690628052,-0.5000649690628052,0.0,0.0,0.0,0.0,0.0,0.0,1.0,0.0,32.6907958984375,32.6907958984375,1.5051327295623196e-08,0.0,0.5000649690628052,4.86185884475708,2.1293959617614746
val,conditioning_real_adv,8553,1,0.0,0.0,0.0,0.0,0.0,0.0,0.0,0.0,0.0,0.0,0.0,0.0,0.0,29.533700942993164,29.533700942993164,4.403103923134033e-11,0.0,0.0,4.800046920776367,2.1547417640686035
val,conditioning_real_adv,8673,1,-1.0,-1.0,-1.0,-1.0,-1.0,0.0,0.0,0.0,0.0,0.0,1.0,0.0,0.0,28.375179290771484,28.375179290771484,8.735779877255823e-10,0.0,1.0,6.1517109870910645,2.546229362487793
val,conditioning_real_adv,8836,1,0.008546233177185059,0.008546233177185059,0.008546233177185059,0.008546233177185059,0.008546233177185059,1.0,0.0,0.0,0.0,0.0,0.0,0.0,0.0,15.300288200378418,15.300288200378418,0.008546262979507446,0.0,0.0,4.658776760101318,2.0872979164123535
val,conditioning_real_adv,9127,1,-0.5,-0.5,-0.5,-0.5,-0.5,0.0,0.0,0.0,0.0,0.0,0.0,1.0,0.0,36.62105178833008,36.62105178833008,2.4257601483057556e-10,0.0,0.5,4.615651607513428,2.0571577548980713
val,conditioning_real_adv,9158,1,-1.0,-1.0,-1.0,-1.0,-1.0,0.0,0.0,0.0,0.0,0.0,1.0,1.0,0.0,29.477720260620117,29.477720260620117,2.9189919370509188e-09,0.0,1.5,5.282701015472412,2.3576877117156982
val,conditioning_real_adv,9338,1,-1.0,-1.0,-1.0,-1.0,-1.0,0.0,0.0,0.0,0.0,0.0,1.0,1.0,0.0,38.760597229003906,38.760597229003906,4.7471682834698825e-11,0.0,1.5,4.785575866699219,2.1541531085968018
val,conditioning_real_adv,9591,1,0.06437236070632935,0.06437236070632935,0.06437236070632935,0.06437236070632935,0.06437236070632935,1.0,0.0,0.0,0.0,0.0,0.0,0.0,0.0,6.857005596160889,6.857005596160889,0.06437234580516815,0.0,0.0,4.693647384643555,2.0649619102478027
val,conditioning_real_adv,9631,1,0.00039196014404296875,0.00039196014404296875,0.00039196014404296875,0.00039196014404296875,0.00039196014404296875,1.0,0.0,0.0,0.0,0.0,0.0,0.0,0.0,14.998958587646484,14.998958587646484,0.0003919446317013353,0.0,0.0,5.28753662109375,2.361053466796875
val,conditioning_real_adv,9800,1,2.384185791015625e-07,2.384185791015625e-07,2.384185791015625e-07,2.384185791015625e-07,2.384185791015625e-07,1.0,0.0,0.0,0.0,0.0,0.0,0.0,0.0,14.493345260620117,14.493345260620117,2.451413081416831e-07,0.0,0.0,4.582853317260742,2.0628604888916016
val,conditioning_real_adv,10054,1,-1.0,-1.0,-1.0,-1.0,-1.0,0.0,0.0,0.0,0.0,0.0,1.0,1.0,0.0,35.345481872558594,35.345481872558594,1.0707681486268883e-12,0.0,1.5,4.313361167907715,2.0162346363067627
val,conditioning_real_adv,10334,1,-1.0,-1.0,-1.0,-1.0,-1.0,0.0,0.0,0.0,0.0,0.0,1.0,1.0,0.0,39.244903564453125,39.244903564453125,5.921474421910489e-11,0.0,1.5,4.610098838806152,2.119460105895996
val,conditioning_real_adv,10368,1,-1.0,-1.0,-1.0,-1.0,-1.0,0.0,0.0,0.0,0.0,0.0,1.0,1.0,0.0,30.204803466796875,30.204803466796875,4.764707227877807e-06,0.0,1.5,4.506509780883789,2.026158094406128
val,conditioning_real_adv,10490,1,-0.5,-0.5,-0.5,-0.5,-0.5,0.0,0.0,0.0,0.0,0.0,0.0,1.0,0.0,27.867706298828125,27.867706298828125,2.4443711499344545e-09,0.0,0.5,5.280539512634277,2.3603997230529785
val,conditioning_real_adv,10613,1,0.4306749701499939,0.4306749701499939,0.4306749701499939,0.4306749701499939,0.4306749701499939,1.0,1.0,0.0,0.0,0.0,0.0,0.0,0.0,6.35567569732666,6.35567569732666,0.4306749701499939,0.0,0.0,4.734734535217285,2.060870409011841
val,conditioning_real_adv,10857,1,-1.0,-1.0,-1.0,-1.0,-1.0,0.0,0.0,0.0,0.0,0.0,1.0,1.0,0.0,35.36639404296875,35.36639404296875,7.192079830992126e-12,0.0,1.5,4.707686424255371,2.1008872985839844
val,conditioning_real_adv,11103,1,-1.0,-1.0,-1.0,-1.0,-1.0,0.0,0.0,0.0,0.0,0.0,1.0,1.0,0.0,19.00895881652832,19.00895881652832,2.4886451228667283e-06,0.0,1.5,4.718554973602295,2.1074295043945312
val,conditioning_real_adv,11172,1,-0.8267298340797424,-0.8267298340797424,-0.8267298340797424,-0.8267298340797424,-0.8267298340797424,0.0,0.0,0.0,0.0,0.0,0.0,1.0,0.0,29.80316162109375,29.80316162109375,2.7903041655008565e-07,0.0,0.8267301321029663,4.550403594970703,2.0610904693603516
val,conditioning_real_adv,11456,1,1.823902130126953e-05,1.823902130126953e-05,1.823902130126953e-05,1.823902130126953e-05,1.823902130126953e-05,1.0,0.0,0.0,0.0,0.0,0.0,0.0,0.0,23.692668914794922,23.692668914794922,1.824569517339114e-05,0.0,0.0,4.801524639129639,2.1607518196105957
val,conditioning_real_adv,11817,1,4.410743713378906e-06,4.410743713378906e-06,4.410743713378906e-06,4.410743713378906e-06,4.410743713378906e-06,1.0,0.0,0.0,0.0,0.0,0.0,0.0,0.0,28.791278839111328,28.791278839111328,4.397437805891968e-06,0.0,0.0,5.2758049964904785,2.357286214828491
val,conditioning_real_adv,12050,1,0.003092050552368164,0.003092050552368164,0.003092050552368164,0.003092050552368164,0.003092050552368164,1.0,0.0,0.0,0.0,0.0,0.0,0.0,0.0,17.551549911499023,17.551549911499023,0.0030920221470296383,0.0,0.0,6.0508341789245605,2.5197513103485107
val,conditioning_real_adv,12122,1,2.9861927032470703e-05,2.9861927032470703e-05,2.9861927032470703e-05,2.9861927032470703e-05,2.9861927032470703e-05,1.0,0.0,0.0,0.0,0.0,0.0,0.0,0.0,8.01736831665039,8.01736831665039,2.984553611895535e-05,0.0,0.0,5.282297134399414,2.3565096855163574
val,conditioning_real_adv,12237,1,0.0001512765884399414,0.0001512765884399414,0.0001512765884399414,0.0001512765884399414,0.0001512765884399414,1.0,0.0,0.0,0.0,0.0,0.0,0.0,0.0,23.32309913635254,23.32309913635254,0.0001512517046649009,0.0,0.0,4.666419506072998,2.1149258613586426
val,conditioning_real_adv,12320,1,0.2503032684326172,0.2503032684326172,0.2503032684326172,0.2503032684326172,0.2503032684326172,1.0,0.0,0.0,0.0,0.0,0.0,0.0,0.0,3.6836295127868652,3.6836295127868652,0.2503032386302948,0.0,0.0,4.739913463592529,2.0941786766052246
val,conditioning_real_adv,12354,1,-0.5,-0.5,-0.5,-0.5,-0.5,0.0,0.0,0.0,0.0,0.0,0.0,1.0,0.0,33.395511627197266,33.395511627197266,3.5400404829744048e-09,0.0,0.5,4.91744327545166,2.1748321056365967
val,conditioning_real_adv,12411,1,-0.49999988079071045,-0.49999988079071045,-0.49999988079071045,-0.49999988079071045,-0.49999988079071045,0.0,0.0,0.0,0.0,0.0,0.0,1.0,0.0,30.867450714111328,30.867450714111328,9.352559970920993e-08,0.0,0.5,5.029487609863281,2.2848544120788574
val,conditioning_real_adv,12476,1,5.960464477539063e-08,5.960464477539063e-08,5.960464477539063e-08,5.960464477539063e-08,5.960464477539063e-08,1.0,0.0,0.0,0.0,0.0,0.0,0.0,0.0,30.619544982910156,30.619544982910156,4.712870804723934e-08,0.0,0.0,4.8071441650390625,2.129422426223755
val,conditioning_real_adv,12521,1,-1.0,-1.0,-1.0,-1.0,-1.0,0.0,0.0,0.0,0.0,0.0,1.0,1.0,0.0,43.652992248535156,43.652992248535156,1.4273067450165655e-10,0.0,1.5,4.4195990562438965,2.0287606716156006
val,conditioning_real_adv,12603,1,6.711483001708984e-05,6.711483001708984e-05,6.711483001708984e-05,6.711483001708984e-05,6.711483001708984e-05,1.0,0.0,0.0,0.0,0.0,0.0,0.0,0.0,25.212085723876953,25.212085723876953,6.709100125590339e-05,0.0,0.0,4.556435585021973,2.055622100830078
val,conditioning_real_adv,12752,1,-1.0,-1.0,-1.0,-1.0,-1.0,0.0,0.0,0.0,0.0,0.0,1.0,1.0,0.0,29.65518569946289,29.65518569946289,2.247073460637239e-08,0.0,1.5,5.278833389282227,2.3536622524261475
val,conditioning_real_adv,13064,1,-1.0,-1.0,-1.0,-1.0,-1.0,0.0,0.0,0.0,0.0,0.0,1.0,1.0,0.0,28.25421905517578,28.25421905517578,2.7374175814998125e-08,0.0,1.5,4.281163692474365,1.9726685285568237
val,conditioning_real_adv,13317,1,-0.49999988079071045,-0.49999988079071045,-0.49999988079071045,-0.49999988079071045,-0.49999988079071045,0.0,0.0,0.0,0.0,0.0,0.0,1.0,0.0,25.194183349609375,25.194183349609375,1.2912859403968469e-07,0.0,0.5,4.2950215339660645,1.9739758968353271
val,conditioning_real_adv,13330,1,0.001431286334991455,0.001431286334991455,0.001431286334991455,0.001431286334991455,0.001431286334991455,1.0,0.0,0.0,0.0,0.0,0.0,0.0,1.0,16.72057342529297,16.72057342529297,0.0014312785351648927,0.0,0.0,0.8661219477653503,0.8437334895133972
val,conditioning_real_adv,13400,1,0.43835753202438354,0.43835753202438354,0.43835753202438354,0.43835753202438354,0.43835753202438354,1.0,1.0,0.0,0.0,0.0,0.0,0.0,0.0,6.49566125869751,6.49566125869751,0.43835753202438354,0.0,0.0,4.927160739898682,2.1984481811523438
val,conditioning_real_adv,13800,1,-1.0,-1.0,-1.0,-1.0,-1.0,0.0,0.0,0.0,0.0,0.0,0.0,1.0,0.0,31.632232666015625,31.632232666015625,8.347335045399973e-10,0.0,1.4299232959747314,4.629796504974365,2.1062285900115967
val,conditioning_real_adv,14103,1,-0.043560463935136795,-0.043560463935136795,-0.043560463935136795,-0.043560463935136795,-0.043560463935136795,0.0,0.0,0.0,0.0,0.0,0.0,0.0,0.0,18.53111457824707,18.53111457824707,0.001814627437852323,0.0,0.04537506774067879,4.552468299865723,2.0375962257385254
val,conditioning_real_adv,14315,1,0.0,0.0,0.0,0.0,0.0,0.0,0.0,0.0,0.0,0.0,0.0,0.0,0.0,32.102569580078125,32.102569580078125,2.7920912110124263e-11,0.0,0.0,4.923436164855957,2.1872925758361816
val,conditioning_real_adv,14337,1,-0.5,-0.5,-0.5,-0.5,-0.5,0.0,0.0,0.0,0.0,0.0,0.0,1.0,0.0,35.460426330566406,35.460426330566406,2.022877154672642e-08,0.0,0.5,5.268181324005127,2.356130361557007
val,conditioning_real_adv,14448,1,1.3768672943115234e-05,1.3768672943115234e-05,1.3768672943115234e-05,1.3768672943115234e-05,1.3768672943115234e-05,1.0,0.0,0.0,0.0,0.0,0.0,0.0,0.0,24.745811462402344,24.745811462402344,1.3761531590716913e-05,0.0,0.0,4.670093536376953,2.0679914951324463
val,conditioning_real_adv,14472,1,0.0,0.0,0.0,0.0,0.0,0.0,0.0,0.0,0.0,0.0,0.0,0.0,0.0,23.896379470825195,23.896379470825195,2.2543170672198465e-13,0.0,0.0,5.16070556640625,2.277747869491577
val,conditioning_real_adv,14529,1,-1.0,-1.0,-1.0,-1.0,-1.0,0.0,0.0,0.0,0.0,0.0,1.0,1.0,0.0,36.91184616088867,36.91184616088867,1.0357778523761851e-10,0.0,1.5,4.579989433288574,2.056713581085205
val,conditioning_real_adv,14620,1,-0.08698050677776337,-0.08698050677776337,-0.08698050677776337,-0.08698050677776337,-0.08698050677776337,0.0,0.0,0.0,0.0,0.0,0.0,0.0,0.0,12.771078109741211,12.771078109741211,0.024588987231254578,0.0,0.11156950891017914,4.777276039123535,2.1180741786956787
val,conditioning_real_adv,15433,1,0.1027558445930481,0.1027558445930481,0.1027558445930481,0.1027558445930481,0.1027558445930481,1.0,0.0,0.0,0.0,0.0,0.0,0.0,0.0,10.333944320678711,10.333944320678711,0.10275585949420929,0.0,0.0,8.540757179260254,3.0229666233062744
val,conditioning_real_adv,15637,1,-1.0,-1.0,-1.0,-1.0,-1.0,0.0,0.0,0.0,0.0,0.0,1.0,1.0,0.0,25.85113525390625,25.85113525390625,1.5430890343282044e-08,0.0,1.5,5.705349922180176,2.3928029537200928
val,conditioning_real_adv,15690,1,0.00011360645294189453,0.00011360645294189453,0.00011360645294189453,0.00011360645294189453,0.00011360645294189453,1.0,0.0,0.0,0.0,0.0,0.0,0.0,0.0,21.263643264770508,21.263643264770508,0.0001135833517764695,0.0,0.0,4.7889084815979,2.116144895553589
val,conditioning_real_adv,15737,1,-1.0,-1.0,-1.0,-1.0,-1.0,0.0,0.0,0.0,0.0,0.0,1.0,1.0,0.0,31.13996124267578,31.13996124267578,3.9498195825160565e-09,0.0,1.5,5.279820442199707,2.364755630493164
val,conditioning_real_adv,15866,1,0.00019437074661254883,0.00019437074661254883,0.00019437074661254883,0.00019437074661254883,0.00019437074661254883,1.0,0.0,0.0,0.0,0.0,0.0,0.0,1.0,18.698694229125977,18.698694229125977,0.00019438650633674115,0.0,0.0,0.975840151309967,0.8742056488990784
val,conditioning_real_adv,15927,1,2.7418136596679688e-06,2.7418136596679688e-06,2.7418136596679688e-06,2.7418136596679688e-06,2.7418136596679688e-06,1.0,0.0,0.0,0.0,0.0,0.0,0.0,0.0,12.065903663635254,12.065903663635254,2.7275893899059156e-06,0.0,0.0,5.808385372161865,2.4186220169067383
val,conditioning_real_adv,15984,1,0.0011251568794250488,0.0011251568794250488,0.0011251568794250488,0.0011251568794250488,0.0011251568794250488,1.0,0.0,0.0,0.0,0.0,0.0,0.0,0.0,19.566082000732422,19.566082000732422,0.0011251785326749086,0.0,0.0,4.3929619789123535,1.987270712852478
val,conditioning_real_adv,16417,1,-1.0,-1.0,-1.0,-1.0,-1.0,0.0,0.0,0.0,0.0,0.0,1.0,1.0,0.0,41.62749481201172,41.62749481201172,1.7885842806819596e-10,0.0,1.5,6.187865257263184,2.5843570232391357
val,conditioning_real_adv,16429,1,-0.4999999403953552,-0.4999999403953552,-0.4999999403953552,-0.4999999403953552,-0.4999999403953552,0.0,0.0,0.0,0.0,0.0,0.0,1.0,0.0,28.55510139465332,28.55510139465332,3.498514544730824e-08,0.0,0.5,4.75633430480957,2.1502859592437744
val,conditioning_real_adv,16445,1,-1.0,-1.0,-1.0,-1.0,-1.0,0.0,0.0,0.0,0.0,0.0,0.0,1.0,0.0,17.383726119995117,17.383726119995117,1.0282110451953486e-06,0.0,1.158656358718872,4.848413944244385,2.13203501701355
val,conditioning_real_adv,16968,1,-0.14230811595916748,-0.14230811595916748,-0.14230811595916748,-0.14230811595916748,-0.14230811595916748,0.0,0.0,0.0,0.0,0.0,0.0,0.0,0.0,13.402219772338867,13.402219772338867,0.0016396467108279467,0.0,0.1439477801322937,4.714994430541992,2.1037442684173584
val,conditioning_real_adv,16988,1,0.0,0.0,0.0,0.0,0.0,0.0,0.0,0.0,0.0,0.0,0.0,0.0,0.0,28.240697860717773,28.240697860717773,0.0,0.0,0.0,5.2761006355285645,2.3570125102996826
val,conditioning_real_adv,17034,1,-1.0,-1.0,-1.0,-1.0,-1.0,0.0,0.0,0.0,0.0,0.0,1.0,1.0,0.0,37.00563049316406,37.00563049316406,1.6712422556963702e-09,0.0,1.5,5.4906792640686035,2.359624147415161
val,conditioning_real_adv,17043,1,-1.0,-1.0,-1.0,-1.0,-1.0,0.0,0.0,0.0,0.0,0.0,1.0,1.0,0.0,29.549129486083984,29.549129486083984,1.0651341614265064e-10,0.0,1.5,6.022674560546875,2.4817657470703125
val,conditioning_real_adv,17048,1,0.0,0.0,0.0,0.0,0.0,0.0,0.0,0.0,0.0,0.0,0.0,0.0,0.0,30.211090087890625,30.211090087890625,1.9129773320969434e-08,0.0,0.0,4.894364356994629,2.172084331512451
val,conditioning_real_adv,17071,1,-1.0,-1.0,-1.0,-1.0,-1.0,0.0,0.0,0.0,0.0,0.0,1.0,1.0,0.0,31.612037658691406,31.612037658691406,2.2094426288532532e-10,0.0,1.5,5.335653781890869,2.277290105819702
val,conditioning_real_adv,17762,1,0.0,0.0,0.0,0.0,0.0,0.0,0.0,0.0,0.0,0.0,0.0,0.0,1.0,26.56089210510254,26.56089210510254,3.7578840039742545e-10,0.0,0.0,0.8882668018341064,0.8485829830169678
val,conditioning_real_adv,18036,1,-0.5,-0.5,-0.5,-0.5,-0.5,0.0,0.0,0.0,0.0,0.0,0.0,1.0,0.0,33.51554870605469,33.51554870605469,9.165087092033453e-12,0.0,0.5,4.553443431854248,2.052793264389038
val,conditioning_real_adv,18063,1,0.0005311965942382812,0.0005311965942382812,0.0005311965942382812,0.0005311965942382812,0.0005311965942382812,1.0,0.0,0.0,0.0,0.0,0.0,0.0,0.0,21.079439163208008,21.079439163208008,0.0005311720888130367,0.0,0.0,4.784510612487793,2.158510446548462
val,conditioning_real_adv,18407,1,-0.5,-0.5,-0.5,-0.5,-0.5,0.0,0.0,0.0,0.0,0.0,0.0,1.0,0.0,42.521583557128906,42.521583557128906,9.654665305072752e-13,0.0,0.5,5.279387950897217,2.356534004211426
val,conditioning_real_adv,18470,1,-0.001612881780602038,-0.001612881780602038,-0.001612881780602038,-0.001612881780602038,-0.001612881780602038,0.0,0.0,0.0,0.0,0.0,0.0,0.0,0.0,28.943988800048828,28.943988800048828,3.979140128507197e-09,0.0,0.001612881780602038,4.55509614944458,2.100891351699829
val,conditioning_real_adv,18851,1,-1.0,-1.0,-1.0,-1.0,-1.0,0.0,0.0,0.0,0.0,0.0,1.0,1.0,1.0,42.58018112182617,42.58018112182617,4.422738911213919e-11,0.0,1.5,0.8714877963066101,0.8461986184120178
val,conditioning_real_adv,18866,1,0.004923820495605469,0.004923820495605469,0.004923820495605469,0.004923820495605469,0.004923820495605469,1.0,0.0,0.0,0.0,0.0,0.0,0.0,0.0,16.617443084716797,16.617443084716797,0.004923796746879816,0.0,0.0,4.661641597747803,2.119924306869507
val,conditioning_real_adv,19027,1,-1.0,-1.0,-1.0,-1.0,-1.0,0.0,0.0,0.0,0.0,0.0,1.0,1.0,0.0,43.45923614501953,43.45923614501953,4.3618750972251874e-11,0.0,1.5,4.993454456329346,2.176398515701294
val,conditioning_real_adv,19076,1,0.7689586281776428,0.7689586281776428,0.7689586281776428,0.7689586281776428,0.7689586281776428,1.0,1.0,1.0,0.0,0.0,0.0,0.0,0.0,3.5950818061828613,3.5950818061828613,0.7689586281776428,0.0,0.0,4.498996734619141,2.061950922012329
val,conditioning_real_adv,19730,1,4.690885543823242e-05,4.690885543823242e-05,4.690885543823242e-05,4.690885543823242e-05,4.690885543823242e-05,1.0,0.0,0.0,0.0,0.0,0.0,0.0,0.0,25.833858489990234,25.833858489990234,4.690647256211378e-05,0.0,0.0,7.683969974517822,2.9134626388549805
val,conditioning_real_adv,19755,1,-0.9999997615814209,-0.9999997615814209,-0.9999997615814209,-0.9999997615814209,-0.9999997615814209,0.0,0.0,0.0,0.0,0.0,1.0,0.0,0.0,34.05851364135742,34.05851364135742,2.113430781491843e-07,0.0,1.0,4.649048328399658,2.0786945819854736
val,conditioning_real_adv,19877,1,-0.49999111890792847,-0.49999111890792847,-0.49999111890792847,-0.49999111890792847,-0.49999111890792847,0.0,0.0,0.0,0.0,0.0,0.0,1.0,0.0,18.305150985717773,18.305150985717773,8.86265388544416e-06,0.0,0.5,5.282400131225586,2.358328342437744
val,conditioning_real_adv,20325,1,-0.6773385405540466,-0.6773385405540466,-0.6773385405540466,-0.6773385405540466,-0.6773385405540466,0.0,0.0,0.0,0.0,0.0,0.0,0.0,0.0,25.06071662902832,25.06071662902832,1.7623564417590387e-05,0.0,0.6773561835289001,5.609699726104736,2.362565517425537
val,conditioning_real_adv,20335,1,-1.0,-1.0,-1.0,-1.0,-1.0,0.0,0.0,0.0,0.0,0.0,1.0,1.0,1.0,31.099281311035156,31.099281311035156,4.727205848986671e-10,0.0,1.5,1.9020249843597412,0.8321769833564758
val,conditioning_real_adv,20410,1,-1.0,-1.0,-1.0,-1.0,-1.0,0.0,0.0,0.0,0.0,0.0,1.0,1.0,0.0,38.57463073730469,38.57463073730469,1.0797855665156675e-11,0.0,1.5,4.370400905609131,2.0602190494537354
val,conditioning_real_adv,20451,1,0.0005710721015930176,0.0005710721015930176,0.0005710721015930176,0.0005710721015930176,0.0005710721015930176,1.0,0.0,0.0,0.0,0.0,0.0,0.0,0.0,20.934297561645508,20.934297561645508,0.000571083219256252,0.0,0.0,4.50722599029541,2.091047525405884
val,conditioning_real_adv,20722,1,0.0,0.0,0.0,0.0,0.0,0.0,0.0,0.0,0.0,0.0,0.0,0.0,0.0,26.621244430541992,26.621244430541992,5.596080396526369e-16,0.0,0.0,4.891767978668213,2.1459975242614746
val,conditioning_real_adv,20777,1,0.012437522411346436,0.012437522411346436,0.012437522411346436,0.012437522411346436,0.012437522411346436,1.0,0.0,0.0,0.0,0.0,0.0,0.0,0.0,10.424514770507812,10.424514770507812,0.012437550351023674,0.0,0.0,4.781982421875,2.11561918258667
val,conditioning_real_adv,20975,1,2.980232238769531e-07,2.980232238769531e-07,2.980232238769531e-07,2.980232238769531e-07,2.980232238769531e-07,1.0,0.0,0.0,0.0,0.0,0.0,0.0,0.0,26.31899070739746,26.31899070739746,3.007600071214256e-07,0.0,0.0,6.004751205444336,2.508606433868408
val,conditioning_real_adv,21254,1,5.960464477539063e-08,5.960464477539063e-08,5.960464477539063e-08,5.960464477539063e-08,5.960464477539063e-08,1.0,0.0,0.0,0.0,0.0,0.0,0.0,0.0,30.272727966308594,30.272727966308594,4.46138876952773e-08,0.0,0.0,5.271262168884277,2.365863800048828
val,conditioning_real_adv,21312,1,6.794929504394531e-05,6.794929504394531e-05,6.794929504394531e-05,6.794929504394531e-05,6.794929504394531e-05,1.0,0.0,0.0,0.0,0.0,0.0,0.0,0.0,24.85759162902832,24.85759162902832,6.793404463678598e-05,0.0,0.0,4.206084251403809,1.9951106309890747
val,conditioning_real_adv,21361,1,-1.0,-1.0,-1.0,-1.0,-1.0,0.0,0.0,0.0,0.0,0.0,1.0,1.0,0.0,37.08742141723633,37.08742141723633,9.471461809296144e-11,0.0,1.5,4.353648662567139,2.0215342044830322
val,conditioning_real_adv,21639,1,2.4616718292236328e-05,2.4616718292236328e-05,2.4616718292236328e-05,2.4616718292236328e-05,2.4616718292236328e-05,1.0,0.0,0.0,0.0,0.0,0.0,0.0,0.0,26.409738540649414,26.409738540649414,2.46319395955652e-05,0.0,0.0,10.713235855102539,3.089555025100708
val,conditioning_real_adv,21793,1,0.0,0.0,0.0,0.0,0.0,0.0,0.0,0.0,0.0,0.0,0.0,0.0,0.0,29.37730598449707,29.37730598449707,6.6642425085305934e-12,0.0,0.0,4.199470043182373,1.971458911895752
val,conditioning_real_adv,21807,1,0.025442004203796387,0.025442004203796387,0.025442004203796387,0.025442004203796387,0.025442004203796387,1.0,0.0,0.0,0.0,0.0,0.0,0.0,0.0,7.107100009918213,7.107100009918213,0.025442015379667282,0.0,0.0,4.510157108306885,2.074972629547119
val,conditioning_real_adv,21832,1,-0.5,-0.5,-0.5,-0.5,-0.5,0.0,0.0,0.0,0.0,0.0,0.0,1.0,0.0,32.728965759277344,32.728965759277344,4.689567401072736e-09,0.0,0.5,4.414054870605469,2.0308501720428467
val,conditioning_real_adv,21915,1,0.0004436969757080078,0.0004436969757080078,0.0004436969757080078,0.0004436969757080078,0.0004436969757080078,1.0,0.0,0.0,0.0,0.0,0.0,0.0,0.0,21.435775756835938,21.435775756835938,0.0004437225579749793,0.0,0.0,4.4200639724731445,2.085020065307617
val,conditioning_real_adv,21972,1,-1.0,-1.0,-1.0,-1.0,-1.0,0.0,0.0,0.0,0.0,0.0,1.0,1.0,0.0,32.75833511352539,32.75833511352539,8.108227422809478e-10,0.0,1.5,5.282049179077148,2.358854055404663
val,conditioning_real_adv,22014,1,0.0,0.0,0.0,0.0,0.0,0.0,0.0,0.0,0.0,0.0,0.0,0.0,0.0,27.789936065673828,27.789936065673828,3.510840181536511e-15,0.0,0.0,4.545581817626953,2.078531503677368
val,conditioning_real_adv,22433,1,2.8014183044433594e-06,2.8014183044433594e-06,2.8014183044433594e-06,2.8014183044433594e-06,2.8014183044433594e-06,1.0,0.0,0.0,0.0,0.0,0.0,0.0,0.0,22.229711532592773,22.229711532592773,2.829038066920475e-06,0.0,0.0,4.78439474105835,2.146657705307007
val,conditioning_real_adv,22956,1,0.0,0.0,0.0,0.0,0.0,0.0,0.0,0.0,0.0,0.0,0.0,0.0,0.0,34.978824615478516,34.978824615478516,9.540544354535996e-09,0.0,0.0,4.706462860107422,2.127049207687378
val,conditioning_real_adv,23083,1,-0.5,-0.5,-0.5,-0.5,-0.5,0.0,0.0,0.0,0.0,0.0,0.0,1.0,0.0,28.894672393798828,28.894672393798828,1.1894279339230707e-08,0.0,0.5,4.721530914306641,2.138829469680786
val,conditioning_real_adv,23186,1,0.013731956481933594,0.013731956481933594,0.013731956481933594,0.013731956481933594,0.013731956481933594,1.0,0.0,0.0,0.0,0.0,0.0,0.0,0.0,14.207991600036621,14.207991600036621,0.013731948100030422,0.0,0.0,4.499364852905273,2.1018645763397217
val,conditioning_real_adv,23406,1,4.708766937255859e-06,4.708766937255859e-06,4.708766937255859e-06,4.708766937255859e-06,4.708766937255859e-06,1.0,0.0,0.0,0.0,0.0,0.0,0.0,0.0,26.026954650878906,26.026954650878906,4.706906111096032e-06,0.0,0.0,4.599360942840576,2.0548057556152344
val,conditioning_real_adv,23420,1,0.00014591217041015625,0.00014591217041015625,0.00014591217041015625,0.00014591217041015625,0.00014591217041015625,1.0,0.0,0.0,0.0,0.0,0.0,0.0,1.0,23.356369018554688,23.356369018554688,0.00014593545347452164,0.0,0.0,0.8703417181968689,0.8505753874778748
val,conditioning_real_adv,23465,1,-1.0,-1.0,-1.0,-1.0,-1.0,0.0,0.0,0.0,0.0,0.0,1.0,1.0,0.0,24.798585891723633,24.798585891723633,3.29128653220323e-08,0.0,1.5,5.281139373779297,2.357421875
val,conditioning_real_adv,23498,1,-1.0,-1.0,-1.0,-1.0,-1.0,0.0,0.0,0.0,0.0,0.0,1.0,1.0,0.0,28.327606201171875,28.327606201171875,5.050725349065033e-07,0.0,1.5,4.878726959228516,2.1848304271698
val,conditioning_real_adv,23540,1,-0.5,-0.5,-0.5,-0.5,-0.5,0.0,0.0,0.0,0.0,0.0,0.0,1.0,0.0,39.216304779052734,39.216304779052734,6.970041210863087e-11,0.0,0.5,4.904750823974609,2.178823471069336
val,conditioning_real_adv,24257,1,2.4437904357910156e-06,2.4437904357910156e-06,2.4437904357910156e-06,2.4437904357910156e-06,2.4437904357910156e-06,1.0,0.0,0.0,0.0,0.0,0.0,0.0,1.0,24.86327362060547,24.86327362060547,2.4735643364692805e-06,0.0,0.0,1.8357839584350586,0.8523262739181519
val,conditioning_real_adv,24383,1,0.0,0.0,0.0,0.0,0.0,0.0,0.0,0.0,0.0,0.0,0.0,0.0,0.0,22.867116928100586,22.867116928100586,1.9178765242600093e-08,0.0,0.0,4.799576282501221,2.0994935035705566
val,conditioning_real_adv,24815,1,-1.0,-1.0,-1.0,-1.0,-1.0,0.0,0.0,0.0,0.0,0.0,1.0,1.0,0.0,40.630653381347656,40.630653381347656,2.8703391660028776e-12,0.0,1.5,4.778687000274658,2.1203858852386475
val,conditioning_real_adv,25224,1,-0.4999999403953552,-0.4999999403953552,-0.4999999403953552,-0.4999999403953552,-0.4999999403953552,0.0,0.0,0.0,0.0,0.0,0.0,1.0,0.0,30.120832443237305,30.120832443237305,6.884512515625829e-08,0.0,0.5,4.657472133636475,2.103464126586914
val,conditioning_real_adv,25247,1,1.1324882507324219e-06,1.1324882507324219e-06,1.1324882507324219e-06,1.1324882507324219e-06,1.1324882507324219e-06,1.0,0.0,0.0,0.0,0.0,0.0,0.0,0.0,11.219355583190918,11.219355583190918,1.1200077096873429e-06,0.0,0.0,4.683654308319092,2.095324754714966
val,conditioning_real_adv,25429,1,0.0,0.0,0.0,0.0,0.0,0.0,0.0,0.0,0.0,0.0,0.0,0.0,0.0,29.200851440429688,29.200851440429688,1.4420545486892866e-11,0.0,0.0,5.283755779266357,2.359067440032959
val,conditioning_real_adv,25470,1,0.0003141164779663086,0.0003141164779663086,0.0003141164779663086,0.0003141164779663086,0.0003141164779663086,1.0,0.0,0.0,0.0,0.0,0.0,0.0,0.0,20.0977783203125,20.0977783203125,0.0003141378692816943,0.0,0.0,5.272584438323975,2.3545565605163574
val,conditioning_real_adv,25638,1,-1.0,-1.0,-1.0,-1.0,-1.0,0.0,0.0,0.0,0.0,0.0,1.0,1.0,0.0,19.29656410217285,19.29656410217285,0.0,0.0,1.5,4.812833786010742,2.117611885070801
val,conditioning_real_adv,25642,1,-1.0,-1.0,-1.0,-1.0,-1.0,0.0,0.0,0.0,0.0,0.0,1.0,1.0,0.0,32.74245834350586,32.74245834350586,3.305144005705252e-11,0.0,1.5,4.604718208312988,2.0717546939849854
val,conditioning_real_adv,25643,1,-1.0,-1.0,-1.0,-1.0,-1.0,0.0,0.0,0.0,0.0,0.0,1.0,1.0,0.0,35.86084747314453,35.86084747314453,1.1016376255668092e-08,0.0,1.5,4.335903644561768,2.0332388877868652
val,conditioning_real_adv,26137,1,0.007810235023498535,0.007810235023498535,0.007810235023498535,0.007810235023498535,0.007810235023498535,1.0,0.0,0.0,0.0,0.0,0.0,0.0,0.0,9.750372886657715,9.750372886657715,0.00781025318428874,0.0,0.0,5.281951904296875,2.3580100536346436
val,conditioning_real_adv,26362,1,6.592273712158203e-05,6.592273712158203e-05,6.592273712158203e-05,6.592273712158203e-05,6.592273712158203e-05,1.0,0.0,0.0,0.0,0.0,0.0,0.0,0.0,8.509750366210938,8.509750366210938,6.594536534976214e-05,0.0,0.0,5.289935111999512,2.363302707672119
val,conditioning_real_adv,26537,1,0.00035136938095092773,0.00035136938095092773,0.00035136938095092773,0.00035136938095092773,0.00035136938095092773,1.0,0.0,0.0,0.0,0.0,0.0,0.0,0.0,19.16655158996582,19.16655158996582,0.00035134123754687607,0.0,0.0,4.5523881912231445,2.0367889404296875
val,conditioning_real_adv,26863,1,-0.4999998211860657,-0.4999998211860657,-0.4999998211860657,-0.4999998211860657,-0.4999998211860657,0.0,0.0,0.0,0.0,0.0,0.0,1.0,0.0,30.08901023864746,30.08901023864746,2.0650806220601226e-07,0.0,0.5,5.288207530975342,2.3603930473327637
val,conditioning_real_adv,27158,1,0.0,0.0,0.0,0.0,0.0,0.0,0.0,0.0,0.0,0.0,0.0,0.0,0.0,32.041015625,32.041015625,8.344827051587345e-09,0.0,0.0,5.421684741973877,2.361846685409546
val,conditioning_real_adv,27159,1,0.0,0.0,0.0,0.0,0.0,0.0,0.0,0.0,0.0,0.0,0.0,0.0,0.0,29.778629302978516,29.778629302978516,2.5050470866486846e-14,0.0,0.0,4.089030742645264,1.9210338592529297
val,conditioning_real_adv,27206,1,0.0,0.0,0.0,0.0,0.0,0.0,0.0,0.0,0.0,0.0,0.0,0.0,0.0,27.66897201538086,27.66897201538086,2.172463750370725e-15,0.0,0.0,5.11960506439209,2.2335026264190674
val,conditioning_real_adv,27408,1,4.172325134277344e-07,4.172325134277344e-07,4.172325134277344e-07,4.172325134277344e-07,4.172325134277344e-07,1.0,0.0,0.0,0.0,0.0,0.0,0.0,0.0,30.967395782470703,30.967395782470703,4.4512893282444566e-07,0.0,0.0,4.6448588371276855,2.1290998458862305
val,conditioning_real_adv,27487,1,0.36511772871017456,0.36511772871017456,0.36511772871017456,0.36511772871017456,0.36511772871017456,1.0,1.0,0.0,1.0,0.0,0.0,0.0,0.0,3.6644535064697266,3.6644535064697266,0.0651177391409874,0.0,0.0,5.863345623016357,2.488201856613159
val,conditioning_real_adv,27562,1,-1.0,-1.0,-1.0,-1.0,-1.0,0.0,0.0,0.0,0.0,0.0,1.0,1.0,1.0,37.083309173583984,37.083309173583984,6.460545431963283e-10,0.0,1.5,0.9101831316947937,0.8437098264694214
val,conditioning_real_adv,27893,1,4.827976226806641e-06,4.827976226806641e-06,4.827976226806641e-06,4.827976226806641e-06,4.827976226806641e-06,1.0,0.0,0.0,0.0,0.0,0.0,0.0,0.0,29.11198616027832,29.11198616027832,4.832037120650057e-06,0.0,0.0,4.765658378601074,2.158723831176758
val,conditioning_real_adv,27926,1,0.07231652736663818,0.07231652736663818,0.07231652736663818,0.07231652736663818,0.07231652736663818,1.0,0.0,0.0,0.0,0.0,0.0,0.0,0.0,11.103276252746582,11.103276252746582,0.07231651246547699,0.0,0.0,5.278773784637451,2.355452060699463
val,conditioning_real_adv,28453,1,-1.0,-1.0,-1.0,-1.0,-1.0,0.0,0.0,0.0,0.0,0.0,1.0,1.0,0.0,19.73420524597168,19.73420524597168,2.3567819880554453e-05,0.0,1.5,4.832536697387695,2.1552977561950684
val,conditioning_real_adv,28578,1,-1.0,-1.0,-1.0,-1.0,-1.0,0.0,0.0,0.0,0.0,0.0,1.0,1.0,0.0,22.37145233154297,22.37145233154297,3.4828977391043736e-07,0.0,1.5,4.700764179229736,2.1277806758880615
val,conditioning_real_adv,28987,1,-1.0,-1.0,-1.0,-1.0,-1.0,0.0,0.0,0.0,0.0,0.0,1.0,1.0,0.0,38.04285430908203,38.04285430908203,2.8402395019222482e-11,0.0,1.5,4.665040016174316,2.1160809993743896
val,conditioning_real_adv,29012,1,0.01489245891571045,0.01489245891571045,0.01489245891571045,0.01489245891571045,0.01489245891571045,1.0,0.0,0.0,0.0,0.0,0.0,0.0,0.0,11.93089771270752,11.93089771270752,0.014892474748194218,0.0,0.0,5.257510185241699,2.3506813049316406
val,conditioning_real_adv,29162,1,0.004321753978729248,0.004321753978729248,0.004321753978729248,0.004321753978729248,0.004321753978729248,1.0,0.0,0.0,0.0,0.0,0.0,0.0,0.0,13.579387664794922,13.579387664794922,0.004321741871535778,0.0,0.0,4.745693206787109,2.139953851699829
val,conditioning_real_adv,29186,1,5.960464477539063e-08,5.960464477539063e-08,5.960464477539063e-08,5.960464477539063e-08,5.960464477539063e-08,1.0,0.0,0.0,0.0,0.0,0.0,0.0,0.0,30.127662658691406,30.127662658691406,6.83169645299131e-08,0.0,0.0,4.2980265617370605,1.9759474992752075
val,conditioning_real_adv,29252,1,4.112720489501953e-06,4.112720489501953e-06,4.112720489501953e-06,4.112720489501953e-06,4.112720489501953e-06,1.0,0.0,0.0,0.0,0.0,0.0,0.0,0.0,23.43229866027832,23.43229866027832,4.102963430341333e-06,0.0,0.0,4.541254997253418,2.023925304412842
val,conditioning_real_adv,29358,1,0.5649945139884949,0.5649945139884949,0.5649945139884949,0.5649945139884949,0.5649945139884949,1.0,1.0,1.0,0.0,0.0,0.0,0.0,0.0,4.59102201461792,4.59102201461792,0.5649945139884949,0.0,0.0,5.278319358825684,2.3570613861083984
val,conditioning_real_adv,29368,1,-1.0,-1.0,-1.0,-1.0,-1.0,0.0,0.0,0.0,0.0,0.0,1.0,1.0,1.0,40.76142883300781,40.76142883300781,6.239463156212932e-13,0.0,1.5,0.954284131526947,0.902775764465332
val,conditioning_real_adv,29528,1,0.000501096248626709,0.000501096248626709,0.000501096248626709,0.000501096248626709,0.000501096248626709,1.0,0.0,0.0,0.0,0.0,0.0,0.0,0.0,21.038410186767578,21.038410186767578,0.0005010773311369121,0.0,0.0,4.735284328460693,2.113442897796631
val,conditioning_real_adv,30012,1,0.021313607692718506,0.021313607692718506,0.021313607692718506,0.021313607692718506,0.021313607692718506,1.0,0.0,0.0,0.0,0.0,0.0,0.0,0.0,11.641950607299805,11.641950607299805,0.021313589066267014,0.0,0.0,4.538289546966553,2.0375001430511475
val,conditioning_real_adv,30598,1,3.0934810638427734e-05,3.0934810638427734e-05,3.0934810638427734e-05,3.0934810638427734e-05,3.0934810638427734e-05,1.0,0.0,0.0,0.0,0.0,0.0,0.0,0.0,22.285253524780273,22.285253524780273,3.0943578167352825e-05,0.0,0.0,4.682009220123291,2.1462841033935547
val,conditioning_real_adv,30613,1,0.0,0.0,0.0,0.0,0.0,0.0,0.0,0.0,0.0,0.0,0.0,0.0,0.0,24.417158126831055,24.417158126831055,0.0,0.0,0.0,5.01934814453125,2.2040793895721436
val,conditioning_real_adv,30816,1,1.138448715209961e-05,1.138448715209961e-05,1.138448715209961e-05,1.138448715209961e-05,1.138448715209961e-05,1.0,0.0,0.0,0.0,0.0,0.0,0.0,0.0,28.350238800048828,28.350238800048828,1.1413681022531819e-05,0.0,0.0,4.89040470123291,2.134737968444824
val,conditioning_real_adv,30908,1,3.5762786865234375e-07,3.5762786865234375e-07,3.5762786865234375e-07,3.5762786865234375e-07,3.5762786865234375e-07,1.0,0.0,0.0,0.0,0.0,0.0,0.0,0.0,23.37479019165039,23.37479019165039,3.623704571964481e-07,0.0,0.0,5.12359094619751,2.2312357425689697
val,conditioning_real_adv,30942,1,-0.5,-0.5,-0.5,-0.5,-0.5,0.0,0.0,0.0,0.0,0.0,0.0,1.0,0.0,31.400733947753906,31.400733947753906,1.2213690345555528e-12,0.0,0.5,5.284430027008057,2.3581974506378174
val,conditioning_real_adv,31229,1,-0.5,-0.5,-0.5,-0.5,-0.5,0.0,0.0,0.0,0.0,0.0,0.0,1.0,0.0,35.54348373413086,35.54348373413086,2.9692345587459257e-13,0.0,0.5,4.447299480438232,1.9888107776641846
val,conditioning_real_adv,31234,1,-1.0,-1.0,-1.0,-1.0,-1.0,0.0,0.0,0.0,0.0,0.0,1.0,1.0,0.0,36.26642608642578,36.26642608642578,2.445811782270102e-12,0.0,1.5,4.70300817489624,2.1376352310180664
val,conditioning_real_adv,31261,1,1.1920928955078125e-07,1.1920928955078125e-07,1.1920928955078125e-07,1.1920928955078125e-07,1.1920928955078125e-07,1.0,0.0,0.0,0.0,0.0,0.0,0.0,0.0,28.172061920166016,28.172061920166016,1.0123509497361738e-07,0.0,0.0,4.5973615646362305,2.060222625732422
val,conditioning_real_adv,31407,1,0.33696818351745605,0.33696818351745605,0.33696818351745605,0.33696818351745605,0.33696818351745605,1.0,1.0,0.0,0.0,0.0,0.0,0.0,0.0,7.3452277183532715,7.3452277183532715,0.33696821331977844,0.0,0.0,5.282763481140137,2.358276128768921
val,conditioning_real_adv,31577,1,5.364418029785156e-07,5.364418029785156e-07,5.364418029785156e-07,5.364418029785156e-07,5.364418029785156e-07,1.0,0.0,0.0,0.0,0.0,0.0,0.0,0.0,29.085817337036133,29.085817337036133,5.384220003179507e-07,0.0,0.0,4.704488754272461,2.1387672424316406
val,conditioning_real_adv,31845,1,-0.49996572732925415,-0.49996572732925415,-0.49996572732925415,-0.49996572732925415,-0.49996572732925415,0.0,0.0,0.0,0.0,0.0,0.0,1.0,0.0,20.07779884338379,20.07779884338379,3.428027775953524e-05,0.0,0.5,4.527406692504883,2.112257719039917
val,conditioning_real_adv,31879,1,-1.0,-1.0,-1.0,-1.0,-1.0,0.0,0.0,0.0,0.0,0.0,0.0,1.0,0.0,36.93228530883789,36.93228530883789,2.6128771368760795e-10,0.0,1.2151169776916504,4.408771991729736,2.0177369117736816
val,conditioning_real_adv,31933,1,-1.0,-1.0,-1.0,-1.0,-1.0,0.0,0.0,0.0,0.0,0.0,1.0,1.0,0.0,12.07846450805664,12.07846450805664,0.0023361914791166782,0.0,1.5,5.287639617919922,2.35976243019104
val,conditioning_real_adv,32065,1,0.0,0.0,0.0,0.0,0.0,0.0,0.0,0.0,0.0,0.0,0.0,0.0,0.0,33.372840881347656,33.372840881347656,8.36837803913637e-12,0.0,0.0,4.994873046875,2.1927692890167236
val,conditioning_real_adv,32286,1,0.216355562210083,0.216355562210083,0.216355562210083,0.216355562210083,0.216355562210083,1.0,0.0,0.0,0.0,0.0,0.0,0.0,0.0,6.390659809112549,6.390659809112549,0.2163555771112442,0.0,0.0,5.703439712524414,2.4237210750579834
val,conditioning_real_adv,32347,1,-1.0,-1.0,-1.0,-1.0,-1.0,0.0,0.0,0.0,0.0,0.0,0.0,1.0,0.0,19.085588455200195,19.085588455200195,0.0,0.0,1.162971019744873,4.82728385925293,2.1768927574157715
val,conditioning_real_adv,32412,1,-1.0,-1.0,-1.0,-1.0,-1.0,0.0,0.0,0.0,0.0,0.0,1.0,1.0,0.0,44.501651763916016,44.501651763916016,6.451073399429963e-14,0.0,1.5,4.735852241516113,2.0925958156585693
val,conditioning_real_adv,33006,1,-1.0,-1.0,-1.0,-1.0,-1.0,0.0,0.0,0.0,0.0,0.0,1.0,1.0,0.0,22.300296783447266,22.300296783447266,6.738855518051423e-07,0.0,1.5,4.51573371887207,2.0401394367218018
val,conditioning_real_adv,33075,1,-1.0,-1.0,-1.0,-1.0,-1.0,0.0,0.0,0.0,0.0,0.0,1.0,1.0,0.0,40.191558837890625,40.191558837890625,2.3551574024338606e-09,0.0,1.5,4.681289196014404,2.0920255184173584
val,conditioning_real_adv,33288,1,-1.0,-1.0,-1.0,-1.0,-1.0,0.0,0.0,0.0,0.0,0.0,1.0,1.0,0.0,31.912614822387695,31.912614822387695,2.344700533285504e-06,0.0,1.5,4.268075942993164,1.944534420967102
val,conditioning_real_adv,33331,1,-1.0,-1.0,-1.0,-1.0,-1.0,0.0,0.0,0.0,0.0,0.0,1.0,1.0,0.0,8.06952953338623,8.06952953338623,0.0028830659575760365,0.0,1.5,5.279360294342041,2.357419490814209
val,conditioning_real_adv,33506,1,-0.5,-0.5,-0.5,-0.5,-0.5,0.0,0.0,0.0,0.0,0.0,0.0,1.0,0.0,31.186336517333984,31.186336517333984,5.468411945486196e-09,0.0,0.5,5.825549125671387,2.4551851749420166
val,conditioning_real_adv,34167,1,-0.5,-0.5,-0.5,-0.5,-0.5,0.0,0.0,0.0,0.0,0.0,0.0,1.0,0.0,24.825557708740234,24.825557708740234,5.5963438744255356e-11,0.0,0.5,4.438400745391846,2.0473854541778564
val,conditioning_real_adv,34196,1,-0.5,-0.5,-0.5,-0.5,-0.5,0.0,0.0,0.0,0.0,0.0,0.0,1.0,0.0,40.9508171081543,40.9508171081543,1.1822613721346187e-10,0.0,0.5,4.886713981628418,2.111257553100586
val,conditioning_real_adv,34378,1,0.2912865877151489,0.2912865877151489,0.2912865877151489,0.2912865877151489,0.2912865877151489,1.0,0.0,0.0,0.0,0.0,0.0,0.0,0.0,7.313967227935791,7.313967227935791,0.2912865877151489,0.0,0.0,4.598149299621582,2.037808656692505
val,conditioning_real_adv,34575,1,-1.0,-1.0,-1.0,-1.0,-1.0,0.0,0.0,0.0,0.0,0.0,1.0,1.0,1.0,30.919198989868164,30.919198989868164,2.2280642042460386e-07,0.0,1.5,0.9634601473808289,0.9478541016578674
val,conditioning_real_adv,34699,1,1.0132789611816406e-06,1.0132789611816406e-06,1.0132789611816406e-06,1.0132789611816406e-06,1.0132789611816406e-06,1.0,0.0,0.0,0.0,0.0,0.0,0.0,0.0,22.263214111328125,22.263214111328125,1.0001803047998692e-06,0.0,0.0,4.677720546722412,2.0623817443847656
val,conditioning_real_adv,34902,1,0.0,0.0,0.0,0.0,0.0,0.0,0.0,0.0,0.0,0.0,0.0,0.0,0.0,27.682537078857422,27.682537078857422,3.8408780991046765e-15,0.0,0.0,5.008522033691406,2.1907527446746826
val,conditioning_real_adv,35009,1,-0.5,-0.5,-0.5,-0.5,-0.5,0.0,0.0,0.0,0.0,0.0,0.0,1.0,0.0,31.262285232543945,31.262285232543945,1.1048049586293018e-08,0.0,0.5,5.278793811798096,2.3562169075012207
val,conditioning_real_adv,35408,1,-1.0,-1.0,-1.0,-1.0,-1.0,0.0,0.0,0.0,0.0,0.0,1.0,1.0,0.0,36.926185607910156,36.926185607910156,2.10110839837796e-09,0.0,1.5,6.7126641273498535,2.777176856994629
val,conditioning_real_adv,35428,1,1.043081283569336e-05,1.043081283569336e-05,1.043081283569336e-05,1.043081283569336e-05,1.043081283569336e-05,1.0,0.0,0.0,0.0,0.0,0.0,0.0,0.0,28.64472198486328,28.64472198486328,1.0407984518678859e-05,0.0,0.0,4.888401508331299,2.1677582263946533
val,conditioning_real_adv,35585,1,-0.49999964237213135,-0.49999964237213135,-0.49999964237213135,-0.49999964237213135,-0.49999964237213135,0.0,0.0,0.0,0.0,0.0,0.0,1.0,0.0,29.211259841918945,29.211259841918945,3.282879674770811e-07,0.0,0.5,4.875625133514404,2.1894371509552
val,conditioning_real_adv,35667,1,0.021391451358795166,0.021391451358795166,0.021391451358795166,0.021391451358795166,0.021391451358795166,1.0,0.0,0.0,0.0,0.0,0.0,0.0,0.0,13.643704414367676,13.643704414367676,0.021391453221440315,0.0,0.0,4.703669548034668,2.0658657550811768
val,conditioning_real_adv,35672,1,-1.0,-1.0,-1.0,-1.0,-1.0,0.0,0.0,0.0,0.0,1.0,1.0,0.0,0.0,33.44310760498047,33.44310760498047,7.278927460774298e-10,0.0,1.0,5.186950206756592,2.3536391258239746
val,conditioning_real_adv,35863,1,0.0,0.0,0.0,0.0,0.0,0.0,0.0,0.0,0.0,0.0,0.0,0.0,0.0,26.633808135986328,26.633808135986328,5.589350190364842e-14,0.0,0.0,5.156647205352783,2.3293066024780273
val,conditioning_real_adv,35877,1,-1.0,-1.0,-1.0,-1.0,-1.0,0.0,0.0,0.0,0.0,0.0,1.0,1.0,1.0,32.29320526123047,32.29320526123047,1.6295951255074215e-08,0.0,1.5,1.0855096578598022,0.9201056957244873
val,conditioning_real_adv,35950,1,-0.5,-0.5,-0.5,-0.5,-0.5,0.0,0.0,0.0,0.0,0.0,0.0,1.0,0.0,32.35929870605469,32.35929870605469,1.0071644906961552e-11,0.0,0.5,5.280170440673828,2.3592121601104736
val,conditioning_real_adv,35959,1,0.001284480094909668,0.001284480094909668,0.001284480094909668,0.001284480094909668,0.001284480094909668,1.0,0.0,0.0,0.0,0.0,0.0,0.0,0.0,14.992975234985352,14.992975234985352,0.0012844970915466547,0.0,0.0,5.021467685699463,2.329327344894409
val,conditioning_real_adv,36127,1,0.007865846157073975,0.007865846157073975,0.007865846157073975,0.007865846157073975,0.007865846157073975,1.0,0.0,0.0,0.0,0.0,0.0,0.0,0.0,12.477832794189453,12.477832794189453,0.007865866646170616,0.0,0.0,4.819434642791748,2.1243112087249756
val,conditioning_real_adv,36210,1,0.0002034306526184082,0.0002034306526184082,0.0002034306526184082,0.0002034306526184082,0.0002034306526184082,1.0,0.0,0.0,0.0,0.0,0.0,0.0,0.0,17.48584747314453,17.48584747314453,0.00020343114738352597,0.0,0.0,4.77379846572876,2.1158018112182617
val,conditioning_real_adv,36687,1,-1.0,-1.0,-1.0,-1.0,-1.0,0.0,0.0,0.0,0.0,0.0,1.0,1.0,1.0,22.837421417236328,22.837421417236328,2.547461372159887e-05,0.0,1.5,0.9920839667320251,0.8885443806648254
val,conditioning_real_adv,36739,1,0.00031763315200805664,0.00031763315200805664,0.00031763315200805664,0.00031763315200805664,0.00031763315200805664,1.0,0.0,0.0,0.0,0.0,0.0,0.0,0.0,22.095857620239258,22.095857620239258,0.00031764263985678554,0.0,0.0,4.536013126373291,2.0789875984191895
val,conditioning_real_adv,36792,1,5.960464477539063e-08,5.960464477539063e-08,5.960464477539063e-08,5.960464477539063e-08,5.960464477539063e-08,1.0,0.0,0.0,0.0,0.0,0.0,0.0,1.0,15.15731430053711,15.15731430053711,5.209517794924068e-08,0.0,0.0,0.8552412986755371,0.8671103119850159
val,conditioning_real_adv,37189,1,1.341104507446289e-05,1.341104507446289e-05,1.341104507446289e-05,1.341104507446289e-05,1.341104507446289e-05,1.0,0.0,0.0,0.0,0.0,0.0,0.0,0.0,5.462024688720703,5.462024688720703,1.342557243333431e-05,0.0,0.0,4.539617538452148,2.082118511199951
val,conditioning_real_adv,37192,1,-1.0,-1.0,-1.0,-1.0,-1.0,0.0,0.0,0.0,0.0,0.0,1.0,1.0,0.0,33.197750091552734,33.197750091552734,1.4994645525234773e-09,0.0,1.5,5.278897762298584,2.36422061920166
val,conditioning_real_adv,37234,1,-0.855097234249115,-0.855097234249115,-0.855097234249115,-0.855097234249115,-0.855097234249115,0.0,0.0,0.0,0.0,0.0,0.0,1.0,0.0,23.61612892150879,23.61612892150879,3.4852569115173537e-06,0.0,0.855100691318512,4.430000305175781,2.043722629547119
val,conditioning_real_adv,37297,1,0.10416412353515625,0.10416412353515625,0.10416412353515625,0.10416412353515625,0.10416412353515625,1.0,0.0,0.0,0.0,0.0,0.0,0.0,0.0,10.165956497192383,10.165956497192383,0.10416413098573685,0.0,0.0,4.607397079467773,2.068995475769043
val,conditioning_real_adv,37340,1,-1.0,-1.0,-1.0,-1.0,-1.0,0.0,0.0,0.0,0.0,0.0,1.0,1.0,0.0,29.108901977539062,29.108901977539062,8.520052574567671e-08,0.0,1.5,4.583647727966309,2.1070570945739746
val,conditioning_real_adv,37608,1,-0.5,-0.5,-0.5,-0.5,-0.5,0.0,0.0,0.0,0.0,0.0,0.0,1.0,0.0,33.37073516845703,33.37073516845703,2.187731940050952e-10,0.0,0.5,4.5897040367126465,2.077526807785034
val,conditioning_real_adv,37725,1,4.863739013671875e-05,4.863739013671875e-05,4.863739013671875e-05,4.863739013671875e-05,4.863739013671875e-05,1.0,0.0,0.0,0.0,0.0,0.0,0.0,0.0,25.779258728027344,25.779258728027344,4.864595757680945e-05,0.0,0.0,5.279792785644531,2.3561673164367676
val,conditioning_real_adv,37745,1,-1.0,-1.0,-1.0,-1.0,-1.0,0.0,0.0,0.0,0.0,0.0,1.0,1.0,0.0,20.702058792114258,20.702058792114258,6.570969162567053e-06,0.0,1.5,4.89714241027832,2.158414125442505
val,conditioning_real_adv,37990,1,-1.0,-1.0,-1.0,-1.0,-1.0,0.0,0.0,0.0,0.0,0.0,1.0,0.0,0.0,32.28151321411133,32.28151321411133,5.685815374079084e-09,0.0,1.0,4.705020904541016,2.0824363231658936
val,conditioning_real_adv,38232,1,1.233816146850586e-05,1.233816146850586e-05,1.233816146850586e-05,1.233816146850586e-05,1.233816146850586e-05,1.0,0.0,0.0,0.0,0.0,0.0,0.0,0.0,23.47873878479004,23.47873878479004,1.2362060260784347e-05,0.0,0.0,5.27644681930542,2.3546061515808105
val,conditioning_real_adv,38474,1,-0.4999999403953552,-0.4999999403953552,-0.4999999403953552,-0.4999999403953552,-0.4999999403953552,0.0,0.0,0.0,0.0,0.0,0.0,1.0,0.0,31.43712615966797,31.43712615966797,7.361592935239969e-08,0.0,0.5,4.704283714294434,2.1462912559509277
val,conditioning_real_adv,38510,1,0.002670109272003174,0.002670109272003174,0.002670109272003174,0.002670109272003174,0.002670109272003174,1.0,0.0,0.0,0.0,0.0,0.0,0.0,0.0,12.380938529968262,12.380938529968262,0.002670136047527194,0.0,0.0,4.797144889831543,2.174184560775757
val,conditioning_real_adv,38653,1,-0.5700928568840027,-0.5700928568840027,-0.5700928568840027,-0.5700928568840027,-0.5700928568840027,0.0,0.0,0.0,0.0,0.0,0.0,0.0,1.0,11.887080192565918,11.887080192565918,1.8286069462192245e-05,0.0,0.5701111555099487,0.8503029942512512,0.8809293508529663
val,conditioning_real_adv,38684,1,-0.4999998211860657,-0.4999998211860657,-0.4999998211860657,-0.4999998211860657,-0.4999998211860657,0.0,0.0,0.0,0.0,0.0,0.0,1.0,0.0,31.09121322631836,31.09121322631836,1.5075426063049235e-07,0.0,0.5,4.668761730194092,2.0792384147644043
val,conditioning_real_adv,38966,1,-1.0,-1.0,-1.0,-1.0,-1.0,0.0,0.0,0.0,0.0,0.0,1.0,1.0,0.0,40.445804595947266,40.445804595947266,1.4692799521530756e-14,0.0,1.5,4.783705234527588,2.197791337966919
val,conditioning_real_adv,39078,1,-0.6230781078338623,-0.6230781078338623,-0.6230781078338623,-0.6230781078338623,-0.6230781078338623,0.0,0.0,0.0,0.0,0.0,0.0,1.0,1.0,32.00155258178711,32.00155258178711,1.213023814727876e-08,0.0,0.6230781078338623,0.9641806483268738,0.8919945955276489
val,conditioning_real_adv,39091,1,-1.0,-1.0,-1.0,-1.0,-1.0,0.0,0.0,0.0,0.0,0.0,1.0,1.0,0.0,33.33217239379883,33.33217239379883,4.5564158002164845e-10,0.0,1.5,4.691349983215332,2.1050055027008057
val,conditioning_real_adv,39111,1,1.239776611328125e-05,1.239776611328125e-05,1.239776611328125e-05,1.239776611328125e-05,1.239776611328125e-05,1.0,0.0,0.0,0.0,0.0,0.0,0.0,0.0,25.818023681640625,25.818023681640625,1.2409356713760644e-05,0.0,0.0,5.281544208526611,2.3575870990753174
val,conditioning_real_adv,39446,1,1.6689300537109375e-06,1.6689300537109375e-06,1.6689300537109375e-06,1.6689300537109375e-06,1.6689300537109375e-06,1.0,0.0,0.0,0.0,0.0,0.0,0.0,0.0,24.977684020996094,24.977684020996094,1.645134716454777e-06,0.0,0.0,4.619522571563721,2.0903778076171875
val,conditioning_real_adv,39463,1,0.0003509521484375,0.0003509521484375,0.0003509521484375,0.0003509521484375,0.0003509521484375,1.0,0.0,0.0,0.0,0.0,0.0,0.0,1.0,21.58375358581543,21.58375358581543,0.0003509425441734493,0.0,0.0,1.8615021705627441,0.8433786034584045
val,conditioning_real_adv,39530,1,0.0,0.0,0.0,0.0,0.0,0.0,0.0,0.0,0.0,0.0,0.0,0.0,0.0,29.478988647460938,29.478988647460938,3.112516841485835e-11,0.0,0.0,5.379733085632324,2.3299007415771484
val,conditioning_real_adv,39582,1,-1.0,-1.0,-1.0,-1.0,-1.0,0.0,0.0,0.0,0.0,0.0,1.0,1.0,0.0,32.977325439453125,32.977325439453125,6.951101472196797e-09,0.0,1.5,6.019847869873047,2.5328330993652344
val,conditioning_real_adv,39682,1,-0.6623372435569763,-0.6623372435569763,-0.6623372435569763,-0.6623372435569763,-0.6623372435569763,0.0,0.0,0.0,0.0,0.0,0.0,1.0,0.0,28.631664276123047,28.631664276123047,3.6141639014886096e-08,0.0,0.6623373031616211,5.6533637046813965,2.42410945892334
val,conditioning_real_adv,39736,1,-1.0,-1.0,-1.0,-1.0,-1.0,0.0,0.0,0.0,0.0,0.0,1.0,1.0,0.0,28.250911712646484,28.250911712646484,4.301931727512809e-11,0.0,1.5,4.5648417472839355,2.0293400287628174
val,conditioning_real_adv,39985,1,8.940696716308594e-07,8.940696716308594e-07,8.940696716308594e-07,8.940696716308594e-07,8.940696716308594e-07,1.0,0.0,0.0,0.0,0.0,0.0,0.0,0.0,28.762657165527344,28.762657165527344,9.219246521752211e-07,0.0,0.0,4.611636638641357,2.0991623401641846
