split,policy,pool_idx,n_samples,reward_mean,reward_max,reward_p50,reward_p90,reward_p95,positive_rate,high_reward_rate,near_miss_rate,collision_rate,init_invalid_rate,goal_offlane_rate,controlled_parking_rate,small_vehicle_rate,ego_adv_min_dist_mean,ego_adv_min_dist_min,r_approach_mean,r_ttc_mean,constraint_mean,adv_length_mean,adv_width_mean
train,base,4,8,0.128888837993145,0.35708510875701904,0.0894327163696289,0.2483487248420715,0.3027169167995452,1.0,0.125,0.125,0.125,0.0,0.125,0.0,0.25,6.2622877061367035,2.8157541751861572,0.1826144850347191,0.09166666865348816,0.125,4.382847398519516,1.930690459907055
train,base,74,8,-0.3665604367852211,0.04971843957901001,2.384185791015625e-05,0.024256783723831173,0.036987611651420574,0.625,0.0,0.0,0.0,0.375,0.0,0.0,0.0,6.660789519548416,3.5709331035614014,0.03547620209099023,0.0,0.0,4.784895956516266,2.1615654826164246
train,base,99,8,-0.24247639626264572,0.039289116859436035,0.001830965280532837,0.021007990837097163,0.030148553848266587,0.75,0.0,0.0,0.0,0.125,0.125,0.0,0.0,15.240818560123444,7.770945072174072,0.0075299914434197035,0.0,0.125,4.823899984359741,2.1601710617542267
train,base,815,8,-0.24545405805110931,0.029176056385040283,4.982948303222656e-05,0.013190793991088863,0.021183425188064563,0.5,0.0,0.0,0.0,0.0,0.25,0.0,0.0,21.14453136920929,13.005234718322754,0.004545950280038923,0.0,0.25,5.580579936504364,2.3167297542095184
train,base,865,8,0.15429488569498062,0.4752468466758728,0.08406448364257812,0.3528015375137329,0.4140241920948028,1.0,0.25,0.0,0.125,0.0,0.0,0.0,0.0,4.518170118331909,3.5340240001678467,0.08640437899157405,0.03333333134651184,0.0,6.653832018375397,2.401124030351639
train,base,920,8,0.05581957846879959,0.1688820719718933,0.03346532583236694,0.11948128342628478,0.14418167769908902,1.0,0.0,0.0,0.0,0.0,0.0,0.0,0.0,6.46641144156456,3.316683530807495,0.05581957288086414,0.0,0.0,4.9412612318992615,2.2313206493854523
train,base,1062,8,-0.055068522691726685,0.3817177414894104,0.02712613344192505,0.1545183658599853,0.2681180536746977,0.875,0.125,0.0,0.0,0.125,0.0,0.0,0.0,5.3496226370334625,3.0278871059417725,0.08101854973938316,0.0,0.0,4.916735231876373,2.1858769953250885
train,base,1417,8,-0.3138238415122032,0.031495511531829834,-0.04291677474975586,0.01957985162734985,0.025537681579589834,0.5,0.0,0.25,0.0,0.25,0.0,0.125,0.0,6.897352516651154,2.249784469604492,0.026348292944021523,0.22500000149011612,0.17621103674173355,4.860915780067444,2.152526170015335
train,base,1493,8,0.22761587798595428,0.9847955703735352,0.00023245811462402344,0.8533325731754302,0.9190640717744827,0.875,0.25,0.25,0.0,0.0,0.0,0.0,0.125,13.139779180288315,3.5614750385284424,0.1417972376769552,0.20416667312383652,0.0,4.334773123264313,2.007107101380825
train,base,1749,8,-0.2671630084514618,0.817900538444519,0.0022974908351898193,0.26627351045608505,0.5420870244503018,0.625,0.125,0.125,0.0,0.375,0.0,0.0,0.0,14.567180633544922,8.409700393676758,0.016788319858985545,0.10000000149011612,0.0,5.413207530975342,2.2878917157649994
train,base,2067,8,0.06097456905990839,0.6008176207542419,0.0006757676601409912,0.18218570947647084,0.3915016651153561,0.875,0.125,0.125,0.0,0.0,0.0,0.0,0.625,19.77800488471985,17.770648956298828,0.0011583750019781291,0.07500000298023224,0.01503052469342947,2.7031796723604202,1.3342367187142372
train,base,2160,8,0.004164732992649078,0.015649139881134033,0.00045040249824523926,0.015465515851974487,0.01555732786655426,1.0,0.0,0.0,0.0,0.0,0.0,0.0,0.0,15.742197155952454,8.133627891540527,0.004164728735759127,0.0,0.0,5.466197848320007,2.3609353601932526
train,base,2384,8,-0.3529343158006668,0.17651212215423584,2.9802322387695312e-08,0.052954262495040864,0.11473319232463827,0.5,0.0,0.0,0.0,0.0,0.375,0.125,0.0,26.335716485977173,9.080318450927734,0.02206670855171841,0.0,0.4375,5.069028973579407,2.2348918318748474
train,base,2532,8,-0.18786921119317412,0.9404434561729431,0.0051202476024627686,0.6493887305259703,0.7949160933494566,0.625,0.25,0.25,0.0,0.25,0.125,0.0,0.0,11.200342923402786,3.5073444843292236,0.1724112199190131,0.09166666865348816,0.13054071879014373,5.567333102226257,2.384958028793335
train,base,2550,8,-0.23408178240060806,0.06306320428848267,0.005080819129943848,0.04816979765892029,0.055616500973701466,0.625,0.0,0.0,0.0,0.25,0.0,0.0,0.0,8.008029222488403,3.7130095958709717,0.0348248874275674,0.0,0.0,4.666503727436066,2.1059314608573914
train,base,2580,8,0.4412984251976013,1.0,0.4238957166671753,0.9523910999298095,0.9761955499649048,0.875,0.5,0.625,0.125,0.0,0.0,0.0,0.0,6.906867235898972,3.8055808544158936,0.4169375700876117,0.2666666656732559,0.08551806211471558,5.067879021167755,2.2238281965255737
train,base,2653,8,-0.6397331971675158,0.04511070251464844,-1.0,0.0171490728855133,0.03112988770008085,0.25,0.0,0.0,0.0,0.625,0.0,0.0,0.0,6.310432367026806,0.7235655188560486,0.052475569398666266,0.0,0.023161204531788826,4.789978206157684,2.1389947533607483
train,base,2964,8,-0.0549531951546669,0.29712510108947754,0.00028190016746520996,0.10190217494964594,0.19951363801956162,0.875,0.0,0.0,0.0,0.0,0.0,0.0,0.125,16.334190785884857,7.719738483428955,0.03978097298522698,0.0,0.09473417699337006,4.30055794864893,1.9882128164172173
train,base,2994,8,0.3104390315711498,0.7119879722595215,0.37167075276374817,0.7093522727489472,0.7106701225042343,0.875,0.5,0.5,0.0,0.0,0.0,0.0,0.125,9.626668632030487,4.189628601074219,0.3577107900005103,0.0,0.04727175459265709,4.4438324347138405,2.0169974341988564
train,base,3065,8,-0.2527563273906708,0.8613953590393066,-0.4985065460205078,0.4580685377120971,0.6597319483757016,0.375,0.125,0.375,0.25,0.0,0.375,0.25,0.0,5.376670598983765,4.429566860198975,0.20008294644444646,0.2916666641831398,0.7043127343058586,4.74691766500473,2.15041583776474
train,base,3267,8,-0.2499999776482582,1.7881393432617188e-07,0.0,5.364418029785153e-08,1.1622905731201162e-07,0.125,0.0,0.0,0.0,0.25,0.0,0.0,0.0,28.07622718811035,25.01918601989746,8.246699114195281e-07,0.0,0.12308663874864578,4.689020037651062,2.132741928100586
train,base,3804,8,0.2564254328608513,0.9689108729362488,0.21098613739013672,0.5224051177501677,0.745657995343208,0.875,0.5,0.25,0.125,0.0,0.0,0.0,0.0,12.360491275787354,4.833521366119385,0.1675697538203381,0.3083333373069763,0.11813442409038544,5.971117675304413,2.25897815823555
train,base,4000,8,-0.5420997217297554,0.6574971675872803,-1.0,0.20059422850608813,0.4290456980466839,0.375,0.125,0.125,0.0,0.625,0.0,0.0,0.375,8.908199727535248,6.878856182098389,0.0798773566057207,0.07500000298023224,0.0,3.3111562952399254,1.6813874319195747
train,base,4003,8,-0.249996617436409,8.285045623779297e-06,6.556510925292969e-07,5.990266799926757e-06,7.137656211853026e-06,0.75,0.0,0.0,0.0,0.0,0.25,0.0,0.0,28.309584140777588,24.22607421875,3.3772397358688977e-06,0.0,0.25,4.909243583679199,2.1699704825878143
train,base,4075,8,0.0015347152948379517,0.006089150905609131,0.00016224384307861328,0.005651849508285523,0.005870500206947326,0.875,0.0,0.0,0.0,0.0,0.0,0.0,0.0,23.5876784324646,16.190156936645508,0.0015347126743932016,0.0,0.0,5.003517985343933,2.2671147882938385
train,base,4081,8,-0.2526038510259241,1.1324882507324219e-06,0.0,4.649162292480467e-07,7.987022399902339e-07,0.375,0.0,0.0,0.0,0.0,0.25,0.0,0.0,32.34527611732483,28.398557662963867,1.7327689735013557e-07,0.0,0.2526040223892778,4.779860079288483,2.1664867848157883
train,base,4127,8,-0.40031833946704865,0.5805063247680664,-0.5801579058170319,0.43823583722114556,0.5093710809946059,0.25,0.25,0.25,0.0,0.375,0.25,0.0,0.0,9.865440726280212,3.507132053375244,0.26165532254527163,0.0,0.3748724162578583,4.7055418491363525,2.135169133543968
train,base,4186,8,-0.13619866222143173,0.32694947719573975,5.960464477539063e-08,0.31204710006713865,0.3194982886314392,0.5,0.25,0.0,0.0,0.125,0.25,0.0,0.0,20.394172608852386,7.444026470184326,0.1138013394257657,0.0,0.25,4.7217249274253845,2.1391721367836
train,base,4527,8,-0.14506319537758827,0.10707801580429077,0.00023132562637329102,0.03382696509361265,0.07045249044895166,0.625,0.0,0.0,0.0,0.125,0.0,0.0,0.0,15.14679753780365,10.230427742004395,0.017526487178379214,0.0,0.03758968040347099,5.040105760097504,2.213972181081772
train,base,4587,8,-0.5182730089873075,0.05024033784866333,-0.6006157323718071,0.018435496091842644,0.03433791697025297,0.375,0.0,0.0,0.0,0.5,0.0,0.0,0.0,13.414086401462555,5.885145664215088,0.00793357792949223,0.0,0.02515445463359356,4.767641544342041,2.1565365493297577
train,base,4716,8,0.048994556069374084,0.09857046604156494,0.03535470366477966,0.09293394684791564,0.09575220644474029,1.0,0.0,0.0,0.0,0.0,0.0,0.0,0.0,5.410290241241455,3.000892400741577,0.04899454605765641,0.0,0.0,4.9246304631233215,2.177242338657379
train,base,4832,8,-0.48398852348327637,0.11570870876312256,-0.49996352195739746,0.043285197019577004,0.07949695289134974,0.5,0.0,0.25,0.0,0.375,0.25,0.0,0.0,6.121671915054321,2.0786495208740234,0.016011475882123705,0.25,0.26500860694795847,4.822378695011139,2.1288305819034576
train,base,4849,8,-0.11700137704610825,0.0492820143699646,0.002357691526412964,0.018132102489471426,0.033707058429717995,0.875,0.0,0.125,0.0,0.125,0.0,0.0,0.0,7.18720418214798,1.2026691436767578,0.007998614142707083,0.125,0.0,4.600221514701843,2.1009209752082825
train,base,5182,8,-0.5025366097688675,0.0042266845703125,-0.523300975561142,0.0014690279960632318,0.002847856283187864,0.375,0.0,0.125,0.0,0.0,0.625,0.0,0.0,10.828846246004105,2.926978826522827,0.1091712325038543,0.07500000298023224,0.625,5.023356378078461,2.2321271300315857
train,base,5259,8,-0.27967174677178264,0.25059425830841064,0.001133054494857788,0.08349157534539696,0.1670429168269037,0.625,0.0,0.0,0.0,0.0,0.25,0.0,0.0,6.323600798845291,2.6428422927856445,0.03374869750700782,0.0,0.31342044801021984,4.884481072425842,2.1669870913028717
train,base,5272,8,-0.3413313999772072,0.0006440281867980957,0.00013655424118041992,0.0005392611026763916,0.0005916446447372435,0.625,0.0,0.0,0.0,0.125,0.25,0.0,0.0,21.367945075035095,8.018534660339355,0.033674693225975716,0.0,0.25,4.783205509185791,2.144310414791107
train,base,5290,8,-0.0691441697999835,0.20785847306251526,2.8908252716064453e-06,0.07156619727611538,0.13971233516931525,0.625,0.0,0.125,0.0,0.0,0.0,0.0,0.125,14.776069819927216,7.907918453216553,0.015059348141989393,0.0833333283662796,0.16254530381411314,4.437727652490139,2.01634418964386
train,base,5398,8,-0.04202786087989807,0.4299818277359009,0.0017212331295013428,0.28770829439163204,0.35884506106376635,0.875,0.125,0.0,0.0,0.125,0.0,0.0,0.5,13.175148963928223,5.448551177978516,0.08297261438335113,0.0,0.0,3.8672846779227257,1.6594724133610725
train,base,5470,8,-0.27181884087622166,0.0,0.0,0.0,0.0,0.0,0.0,0.0,0.0,0.25,0.0,0.0,0.0,28.204148292541504,23.08834457397461,0.0,0.0,0.021818840876221657,5.680634260177612,2.335431069135666
train,base,5886,8,-0.5402948632836342,0.7828818559646606,-1.0,0.25192915797233567,0.5174055069684979,0.25,0.125,0.125,0.0,0.625,0.0,0.0,0.0,7.146343559026718,3.555497407913208,0.038455550762591884,0.09166666865348816,0.016295798122882843,4.836607992649078,2.144726037979126
train,base,5977,8,0.06281594187021255,0.2783079147338867,0.003995805978775024,0.22888434529304502,0.2535961300134658,0.875,0.0,0.0,0.0,0.0,0.0,0.0,0.125,14.698497831821442,7.905593395233154,0.04757945452616551,0.016666673123836517,0.0,4.376678191125393,2.008055731654167
train,base,5998,8,-0.002451755106449127,0.8026530742645264,0.03827095031738281,0.785137277841568,0.7938951760530472,0.75,0.25,0.25,0.0,0.125,0.25,0.0,0.125,8.775021195411682,3.1815903186798096,0.2729084001620663,0.0,0.26869405061006546,4.39957582205534,2.0369105339050293
train,base,6005,8,-0.3745642527937889,0.026096820831298828,-0.249769389629364,0.0081295371055603,0.01711317896842955,0.5,0.0,0.125,0.125,0.25,0.25,0.125,0.0,7.197574943304062,3.712604522705078,0.09781167673842717,0.11666666716337204,0.375,4.731195151805878,2.147314429283142
train,base,6112,8,-0.20172972232103348,3.993511199951172e-05,3.8743019104003906e-07,3.1548738479614255e-05,3.574192523956298e-05,0.625,0.0,0.25,0.0,0.0,0.25,0.0,0.0,26.629821062088013,23.278594970703125,4.6209706564770414e-05,0.15416666865348816,0.35592201352119446,4.807276427745819,2.1680849194526672
train,base,6214,8,-0.14909995533525944,0.21773463487625122,0.00022679567337036133,0.09966729432344434,0.1587009645998477,0.75,0.0,0.0,0.0,0.125,0.0,0.125,0.0,5.801401913166046,3.0010769367218018,0.04727271385534948,0.0,0.06250339912025993,4.54640394449234,2.0778438299894333
train,base,6472,8,-0.19509843736886978,0.9552451372146606,-0.3218221366405487,0.5774285376071929,0.7663368374109265,0.375,0.25,0.5,0.0,0.0,0.375,0.0,0.0,17.677923321723938,4.634622573852539,0.24401928547010665,0.24583334475755692,0.5779668092727661,4.824599087238312,2.158102363348007
train,base,6593,8,0.16512688249349594,0.940885603427887,0.011980235576629639,0.809711080789566,0.8752983421087264,0.75,0.375,0.375,0.0,0.0,0.125,0.0,0.0,12.055259823799133,3.4881391525268555,0.26980629683784874,0.09166666865348816,0.125,4.84518301486969,2.1555956304073334
train,base,6599,8,-0.32095853984355927,0.20847481489181519,0.0256178081035614,0.14733206033706664,0.17790343761444088,0.625,0.0,0.0,0.0,0.375,0.0,0.0,0.0,11.727034449577332,8.442244529724121,0.0717325075820554,0.0,0.0688733458518982,4.664117753505707,2.085888922214508
train,base,6613,8,-0.15106148272752762,0.629748523235321,0.0010425448417663574,0.6036520063877105,0.6167002648115157,0.625,0.375,0.625,0.0,0.25,0.125,0.0,0.125,12.17868983745575,4.937723636627197,0.36075035770834596,0.0,0.18202866986393929,4.322420179843903,1.9667749255895615
train,base,6651,8,0.0713062733411789,0.22625970840454102,0.03150695562362671,0.17512611150741575,0.20069290995597835,0.875,0.0,0.0,0.0,0.0,0.0,0.0,0.0,6.096751481294632,3.7330963611602783,0.07130626740464215,0.0,0.0,4.958241045475006,2.202176660299301
train,base,7147,8,-0.12961585819721222,0.8414050936698914,-0.0433005690574646,0.771988034248352,0.8066965639591217,0.5,0.375,0.375,0.0,0.375,0.125,0.0,0.0,7.63041216135025,4.168367385864258,0.16455470949586015,0.2916666641831398,0.125,5.138221204280853,2.2390671372413635
train,base,7559,8,-0.7499726265668869,0.00021833181381225586,-1.0,6.595849990844723e-05,0.00014214515686035146,0.25,0.0,0.0,0.0,0.75,0.0,0.0,0.0,18.843894958496094,12.990165710449219,0.0005074561984823589,0.05416666716337204,0.0,4.6642438769340515,2.1174671351909637
train,base,7605,8,-0.29983749240636826,0.46750181913375854,-0.23599815368652344,0.335915070772171,0.40170844495296465,0.5,0.125,0.375,0.125,0.0,0.625,0.125,0.0,10.254583775997162,3.1641745567321777,0.294012309223598,0.22083333134651184,0.6875,4.9194692969322205,2.1994177401065826
train,base,7676,8,0.1432703286409378,0.4036291837692261,0.114452064037323,0.253248655796051,0.32843891978263845,1.0,0.125,0.0,0.0,0.0,0.0,0.0,0.0,4.255423277616501,3.545762777328491,0.14327033096924424,0.0,0.0,4.6422030329704285,2.12871091067791
train,base,7681,8,-0.3939248025417328,0.7056360244750977,-0.759468674659729,0.6750227987766266,0.6903294116258621,0.375,0.25,0.25,0.0,0.0,0.5,0.375,0.375,19.783469200134277,4.251432418823242,0.1045641201428722,0.07916666567325592,0.690556488931179,5.0072439685463905,1.7243592962622643
train,base,7844,8,0.06576357781887054,0.11963111162185669,0.06198909878730774,0.11204269528388977,0.11583690345287323,1.0,0.0,0.0,0.0,0.0,0.0,0.0,0.0,5.518506467342377,3.371516227722168,0.06576357939047739,0.0,0.0,4.608915746212006,2.078496754169464
train,base,8119,8,0.08049730956554413,0.5858781337738037,0.008469909429550171,0.18795142769813528,0.38691478073596924,1.0,0.125,0.125,0.0,0.0,0.0,0.0,0.0,7.842771589756012,5.149891376495361,0.012804302095901221,0.07083334028720856,0.0,4.940072059631348,2.185822993516922
train,base,8155,8,-0.49862825125455856,0.010344505310058594,-0.499983012676239,0.0034803211688995343,0.00691241323947906,0.5,0.0,0.0,0.0,0.0,0.5,0.0,0.125,24.16138482093811,15.121805191040039,0.0013717470181593416,0.0,0.5,4.455501161515713,2.044289007782936
train,base,8179,8,-0.1882646232843399,0.014364898204803467,0.0,0.004338425397872922,0.009351661801338187,0.25,0.0,0.0,0.0,0.0,0.25,0.0,0.0,22.994660258293152,6.164285659790039,0.061735382065017747,0.0,0.25,4.847419083118439,2.170418679714203
train,base,8534,8,-0.26957473158836365,0.8328747749328613,0.00025206804275512695,0.25635769963264454,0.5446162372827525,0.625,0.125,0.125,0.0,0.25,0.125,0.0,0.0,20.620006263256073,5.0689311027526855,0.07877094714038435,0.07083334028720856,0.125,4.9868523478508,2.2006106674671173
train,base,8553,8,-0.6329316422343254,0.9175098538398743,-1.0,0.28857886195182786,0.6030443578958506,0.25,0.125,0.25,0.0,0.75,0.0,0.0,0.125,15.032618582248688,5.984537124633789,0.10698686475677732,0.22500000149011612,0.0,4.202711023390293,1.9468784853816032
train,base,8673,8,-0.2330128252506256,0.08802086114883423,0.0005250871181488037,0.04676812291145324,0.06739449203014371,0.75,0.0,0.0,0.0,0.25,0.0,0.0,0.5,4.982218757271767,1.142698884010315,0.020227575174430967,0.0,0.0,2.7586158215999603,1.45558100938797
train,base,8836,8,-0.18227899819612503,0.7477147579193115,0.04513058066368103,0.49183832406997674,0.619776540994644,0.625,0.375,0.125,0.0,0.375,0.0,0.0,0.375,6.458636164665222,3.4220213890075684,0.1310699584428221,0.08750000596046448,0.0,3.4304251968860626,1.6934675723314285
train,base,9127,8,-0.11520077288150787,0.8543293476104736,0.0002703070640563965,0.4118024885654448,0.633065918087959,0.75,0.125,0.25,0.0,0.0,0.25,0.0,0.0,18.13623183965683,4.626906871795654,0.16636893682310916,0.1458333432674408,0.33049140125513077,4.861204206943512,2.164234459400177
train,base,9158,8,0.11855810880661011,0.3325146436691284,0.07288926839828491,0.2718599677085876,0.302187305688858,1.0,0.125,0.0,0.0,0.0,0.0,0.0,0.125,12.715154528617859,7.39361047744751,0.11855810502038366,0.0,0.0,4.659786455333233,2.1015242114663124
train,base,9338,8,-0.04604905843734741,0.5844923257827759,0.006017893552780151,0.19066275954246512,0.38757754266262023,0.875,0.125,0.125,0.0,0.0,0.125,0.0,0.0,18.680332601070404,5.317514896392822,0.078950948816356,0.0,0.125,4.86965274810791,2.19474521279335
train,base,9591,8,-0.1240905374288559,0.006402730941772461,2.5272369384765625e-05,0.002426254749298095,0.004414492845535275,0.625,0.0,0.0,0.0,0.125,0.0,0.0,0.0,17.11354947090149,10.754707336425781,0.0009094812678207402,0.0,0.0,5.074300646781921,2.227258861064911
train,base,9631,8,-0.6355161610990763,1.0,-1.0,0.24110040217637996,0.6205502010881895,0.125,0.125,0.25,0.125,0.625,0.125,0.0,0.125,14.35689115524292,6.745579719543457,0.04693964519078886,0.21249999850988388,0.135517792776227,4.469031699001789,2.04503957927227
train,base,9800,8,-0.12499994784593582,1.1920928955078125e-07,5.960464477539063e-08,1.1920928955078125e-07,1.1920928955078125e-07,0.625,0.0,0.0,0.0,0.125,0.0,0.0,0.125,28.476720571517944,24.460344314575195,6.364720415421785e-07,0.0,0.0,4.26558693498373,1.9710790738463402
train,base,10054,8,-0.021784532815217972,0.07617032527923584,0.005621224641799927,0.07089396119117737,0.0735321432352066,0.875,0.0,0.0,0.0,0.0,0.0,0.0,0.0,13.468157887458801,7.892478942871094,0.026045451348181814,0.0,0.04782998189330101,5.169835031032562,2.25635889172554
train,base,10334,8,0.04890657588839531,0.14024066925048828,0.029898494482040405,0.11601702570915222,0.12812884747982023,1.0,0.0,0.0,0.0,0.0,0.0,0.0,0.0,14.388659954071045,9.232270240783691,0.05006185638580973,0.0,0.001155282836407423,4.694323480129242,2.106594994664192
train,base,10368,8,-0.25014688819646835,0.01514291763305664,0.0,0.004900151491165158,0.010021534562110893,0.375,0.0,0.125,0.0,0.0,0.375,0.0,0.0,14.282328367233276,4.59765625,0.09209574418125524,0.09583333134651184,0.375,4.5711794793605804,2.0588291585445404
train,base,10490,8,-0.37015047669410706,0.01810842752456665,0.0008663833141326904,0.01752985119819641,0.01781913936138153,0.625,0.0,0.25,0.0,0.25,0.125,0.0,0.0,13.142611026763916,4.313192844390869,0.16034391351355026,0.0,0.125,5.208519399166107,2.2953470647335052
train,base,10613,8,0.20609289407730103,1.0,0.012462705373764038,0.6975532412528991,0.8487766206264493,1.0,0.25,0.25,0.125,0.0,0.0,0.0,0.0,10.042017936706543,5.318117141723633,0.15414526154927444,0.11666666716337204,0.0,4.643762409687042,2.1023895740509033
train,base,10857,8,-0.12473553419113159,0.0011813044548034668,5.942583084106445e-05,0.0006510853767395018,0.000916194915771484,0.75,0.0,0.0,0.0,0.0,0.125,0.0,0.0,25.045825958251953,19.419660568237305,0.00026446784738612394,0.0,0.125,5.051598370075226,2.2443166077136993
train,base,11103,8,0.22634312510490417,0.990141749382019,0.17908960580825806,0.9592405080795288,0.9746911287307739,0.875,0.5,0.375,0.0,0.125,0.0,0.0,0.25,13.664424121379852,4.264636993408203,0.15769383699785067,0.3333333283662796,0.0,3.826790750026703,1.8192551732063293
train,base,11172,8,0.04859954118728638,0.7494829893112183,0.13342326879501343,0.7001284718513489,0.7248057305812835,0.75,0.375,0.25,0.0,0.125,0.0,0.0,0.125,14.958145320415497,6.294792175292969,0.15248681917711338,0.16249999403953552,0.08447745225498693,4.3670086190104485,1.992359884083271
train,base,11456,8,-0.45958345383405685,0.9606085419654846,-1.0,0.5055184364318847,0.7330634891986844,0.375,0.25,0.125,0.0,0.625,0.0,0.0,0.0,5.897385954856873,3.893648624420166,0.1373531767167151,0.11666666716337204,0.0,4.720103085041046,2.1039994060993195
train,base,11817,8,0.11456079035997391,0.3782539367675781,0.059414178133010864,0.29102476239204406,0.334639349579811,1.0,0.125,0.0,0.0,0.0,0.0,0.0,0.0,11.219033420085907,6.89678430557251,0.1145607951330021,0.0,0.0,4.717378377914429,2.1251716017723083
train,base,12050,8,-0.37464989721775055,0.002387821674346924,2.4437904357910156e-05,0.0008463561534881587,0.0016170889139175402,0.625,0.0,0.125,0.0,0.375,0.0,0.0,0.0,15.553533792495728,3.410512924194336,0.039815313786107254,0.10000000149011612,0.0,4.861489355564117,2.1517803370952606
train,base,12122,8,-0.12024800549261272,0.05970650911331177,0.0,0.017911994457244864,0.03880925178527829,0.25,0.0,0.0,0.0,0.125,0.0,0.0,0.0,18.903873324394226,9.897825241088867,0.007463318259188769,0.0,0.0027113265823572874,6.1939475536346436,2.4937089383602142
train,base,12237,8,-0.39898314885795116,0.001294553279876709,-0.10386478155851364,0.0005758285522460935,0.0009351909160614008,0.5,0.0,0.0,0.0,0.25,0.0,0.0,0.0,23.7533860206604,17.204998016357422,0.0006744396266071817,0.0,0.26351830177009106,5.169423043727875,2.2469295263290405
train,base,12320,8,0.0011009648442268372,0.5923222303390503,0.05696141719818115,0.30775743126869193,0.45003983080387094,0.875,0.125,0.25,0.0,0.0,0.125,0.0,0.0,10.927811324596405,4.034889221191406,0.20733256940729916,0.0,0.20623160153627396,4.957980096340179,2.1879383623600006
train,base,12354,8,-0.49485096031276044,0.00980675220489502,-0.48479859804501757,0.0036298751831054673,0.006718313694000239,0.375,0.0,0.0,0.0,0.375,0.125,0.0,0.0,12.808709740638733,8.864282608032227,0.01389470778102897,0.0,0.14995973253098782,4.896950781345367,2.18534579873085
train,base,12411,8,-0.053612686693668365,0.5630130171775818,0.13287821412086487,0.5017768442630768,0.5323949307203293,0.75,0.25,0.125,0.0,0.25,0.0,0.0,0.0,6.644815623760223,3.040631055831909,0.09194168713293038,0.11666666716337204,0.0,5.013824880123138,2.214159667491913
train,base,12476,8,-0.052634790539741516,0.8424854278564453,0.0006479322910308838,0.2727877259254454,0.557636576890945,0.75,0.125,0.125,0.0,0.0,0.125,0.125,0.0,13.055745780467987,5.169937610626221,0.058272975858244536,0.1041666641831398,0.27185286581516266,4.660304367542267,2.120092451572418
train,base,12521,8,-1.0,-1.0,-1.0,-1.0,-1.0,0.0,0.0,0.25,0.0,1.0,0.0,0.0,0.0,5.160841703414917,2.984380006790161,0.14724157471209764,0.22083333134651184,0.0,4.898955821990967,2.1990361362695694
train,base,12603,8,0.0760381305590272,0.3954668641090393,0.015555620193481445,0.21658263802528377,0.3060247510671614,0.875,0.125,0.0,0.0,0.0,0.0,0.0,0.125,6.378440171480179,3.51435923576355,0.07625946599000599,0.004166662693023682,0.003928571008145809,4.35293935239315,1.9667600095272064
train,base,12752,8,-0.2957150936126709,0.32828736305236816,0.011938661336898804,0.22825745344161985,0.27827240824699395,0.625,0.125,0.0,0.0,0.375,0.0,0.0,0.0,4.026897720992565,0.4685818552970886,0.09585632196618121,0.0,0.0,5.029667615890503,2.228451281785965
train,base,13064,8,-0.2917992379516363,0.045453548431396484,-0.08579694479703903,0.0252755582332611,0.03536455333232878,0.5,0.0,0.0,0.0,0.0,0.25,0.0,0.125,15.994956135749817,11.22121810913086,0.007819809656594956,0.0,0.2996190469712019,4.321573048830032,2.020500347018242
train,base,13317,8,0.028567686676979065,0.04401320219039917,0.029080331325531006,0.040030717849731445,0.04202196002006531,1.0,0.0,0.0,0.0,0.0,0.0,0.0,0.0,8.419037282466888,6.470038890838623,0.02856768644414842,0.0,0.0,4.84470933675766,2.1754665970802307
train,base,13330,8,-0.12227948755025864,0.06501245498657227,0.050132960081100464,0.06371694803237915,0.06436470150947571,0.75,0.0,0.125,0.125,0.0,0.125,0.0,0.125,5.969878107309341,2.466573715209961,0.061473381239920855,0.07916666567325592,0.28084760904312134,4.332689486443996,2.0057422518730164
train,base,13400,8,-0.14356908947229385,0.3673122525215149,0.020234614610671997,0.2722265064716339,0.31976937949657436,0.75,0.125,0.0,0.0,0.25,0.0,0.0,0.0,11.45025822520256,3.6828653812408447,0.13016316227731295,0.04583333432674408,0.0,5.016423881053925,2.221856117248535
train,base,13800,8,-0.749974898993969,0.00020080804824829102,-1.0,6.024241447448727e-05,0.00013052523136138907,0.125,0.0,0.0,0.0,0.75,0.0,0.0,0.0,14.345331609249115,7.134801387786865,0.051376707025743235,0.0,0.0,4.639462828636169,2.140275478363037
train,base,14103,8,-0.2433012048713863,0.08523106575012207,-0.012939004227519035,0.033164578676223744,0.05919782221317287,0.375,0.0,0.125,0.0,0.0,0.25,0.375,0.125,14.025836646556854,3.9659690856933594,0.10394582453857573,0.11666666716337204,0.44073475105687976,4.1514135003089905,1.9623803198337555
train,base,14315,8,-0.021145813167095184,0.9251836538314819,0.004030048847198486,0.8766705691814423,0.9009271115064621,0.75,0.25,0.375,0.0,0.125,0.125,0.0,0.0,6.858464896678925,4.02998161315918,0.14190449491798063,0.3166666701436043,0.125,5.058821320533752,2.2336781322956085
train,base,14337,8,0.0792926624417305,1.0,0.00016897916793823242,0.3434409558773039,0.6717204779386515,0.75,0.125,0.125,0.125,0.0,0.0,0.0,0.0,15.692058682441711,5.247918128967285,0.08212599350969439,0.12083332985639572,0.0537194088101387,4.947777152061462,2.205285459756851
train,base,14448,8,-0.38250675052404404,0.9399322867393494,-0.4999995529651642,0.28198769688606246,0.6109599918127055,0.5,0.125,0.125,0.125,0.5,0.0,0.0,0.0,15.245891332626343,4.470175743103027,0.08881829350865189,0.12083332985639572,0.05540444329380989,4.880515813827515,2.1694592237472534
train,base,14472,8,-0.09195728600025177,0.7369334101676941,0.0011932551860809326,0.5826345264911651,0.6597839683294295,0.75,0.25,0.25,0.0,0.125,0.125,0.0,0.0,11.256505936384201,3.9305694103240967,0.1580795382786846,0.0,0.125,4.9115477204322815,2.1933449804782867
train,base,14529,8,0.08619502931833267,0.8762638568878174,0.012237101793289185,0.540336775779724,0.7083003163337704,0.875,0.25,0.125,0.0,0.0,0.0,0.0,0.0,8.877092599868774,7.1212568283081055,0.05168140761816176,0.1458333283662796,0.0805484727025032,4.657691597938538,2.098413109779358
train,base,14620,8,0.20276079326868057,1.0,0.27560514211654663,0.8220230042934418,0.9110115021467208,0.75,0.5,0.625,0.125,0.125,0.125,0.0,0.0,10.22583121061325,5.609216213226318,0.27977175798969256,0.28333332389593124,0.125,5.172496259212494,2.271634340286255
train,base,15433,8,0.28139979392290115,0.750778079032898,0.13852035999298096,0.7355104565620423,0.7431442677974701,0.875,0.375,0.5,0.0,0.0,0.125,0.0,0.0,7.338964015245438,3.317673683166504,0.4063997964250774,0.0,0.125,5.052376627922058,2.240373581647873
train,base,15637,8,-0.4447576105594635,0.005940675735473633,-0.2858336865901947,0.0037281334400176996,0.004834404587745665,0.25,0.0,0.0,0.0,0.25,0.0,0.0,0.0,20.467626571655273,10.569955825805664,0.012641114471935711,0.0,0.2073979303240776,4.559605956077576,2.064924106001854
train,base,15690,8,-0.17615977674722672,0.1244884729385376,0.09007126092910767,0.11172019839286804,0.1181043356657028,0.75,0.0,0.0,0.0,0.25,0.0,0.0,0.0,3.9956962764263153,3.3658883571624756,0.0926310233771801,0.0,0.0,4.608268141746521,2.093427523970604
train,base,15737,8,-0.27526864036917686,0.08326971530914307,4.470348358154297e-07,0.02911472916603087,0.056192222237586936,0.5,0.0,0.0,0.0,0.0,0.25,0.0,0.0,8.10322117805481,3.969867706298828,0.013348412178886205,0.0,0.288617055863142,4.991031348705292,2.2254762053489685
train,base,15866,8,-0.37499789148569107,1.6629695892333984e-05,2.9802322387695312e-08,5.072355270385739e-06,1.0851025581359854e-05,0.5,0.0,0.0,0.0,0.375,0.0,0.0,0.0,27.55799150466919,22.44700813293457,3.446586039279609e-05,0.0,0.0,5.105960786342621,2.261468082666397
train,base,15927,8,-0.2791178971529007,0.766995906829834,5.662441253662109e-07,0.23013406991958604,0.4985649883747097,0.625,0.125,0.125,0.0,0.375,0.0,0.0,0.0,14.156801283359528,3.6171469688415527,0.09595564431557424,0.0,0.0,4.677067458629608,2.1128011345863342
train,base,15984,8,-0.6157870292663574,0.6567422151565552,-0.9998812675476074,0.16663482785224903,0.4116885215044018,0.125,0.125,0.25,0.0,0.25,0.625,0.0,0.0,25.554660320281982,4.702380657196045,0.1528585005926099,0.11249999701976776,0.692483089864254,4.774882555007935,2.142260894179344
train,base,16417,8,-0.07762591540813446,0.7196823954582214,0.07008606195449829,0.47474659085273735,0.5972144931554793,0.75,0.25,0.125,0.0,0.25,0.0,0.0,0.125,5.33010259270668,3.5098519325256348,0.18290593102574348,0.0,0.0,4.293656751513481,1.988728553056717
train,base,16429,8,-0.172092592343688,1.0,-0.07966750115156174,0.8471819162368774,0.9235909581184386,0.5,0.25,0.25,0.125,0.25,0.125,0.0,0.0,20.049396604299545,3.5082857608795166,0.16495636539014402,0.24166665971279144,0.2655419949442148,4.52734762430191,2.0619043856859207
train,base,16445,8,0.1510283425450325,0.5358871221542358,0.03409576416015625,0.41174267530441283,0.47381489872932425,0.875,0.25,0.125,0.0,0.0,0.0,0.0,0.0,12.503590941429138,7.077607154846191,0.10026600008510855,0.05833332985639572,0.0,4.913519620895386,2.1795912981033325
train,base,16968,8,0.12142040580511093,0.8023693561553955,0.021246105432510376,0.2837620675563811,0.5430657118558879,1.0,0.125,0.125,0.0,0.0,0.0,0.0,0.0,7.958988845348358,6.545290946960449,0.04025070363422856,0.09583333134651184,0.0,4.996943771839142,2.1958656907081604
train,base,16988,8,-0.002768594305962324,0.008973300457000732,0.001530975103378296,0.005881315469741821,0.007427307963371274,0.75,0.0,0.0,0.0,0.0,0.0,0.0,0.0,13.378780961036682,10.490806579589844,0.002562345683840117,0.0,0.005330930929630995,5.128317058086395,2.3040100634098053
train,base,17034,8,0.054834283888339996,0.2090185284614563,0.040989816188812256,0.09755769968032835,0.15328811407089224,1.0,0.0,0.0,0.0,0.0,0.0,0.0,0.0,5.937132090330124,3.6678924560546875,0.054834276204928756,0.0,0.0,4.919269621372223,2.1825593411922455
train,base,17043,8,-0.09782383590936661,0.4745327830314636,0.0002231597900390625,0.4273687779903412,0.45095078051090237,0.625,0.25,0.125,0.125,0.0,0.125,0.25,0.0,12.434197723865509,4.514130115509033,0.14551156367451767,0.14166666567325592,0.3125,4.7929399609565735,2.1782693564891815
train,base,17048,8,0.16116716712713242,0.5988681316375732,0.05552530288696289,0.5034973740577697,0.5511827528476715,1.0,0.25,0.125,0.0,0.0,0.0,0.0,0.0,6.577975302934647,3.447117567062378,0.1611671658756677,0.0,0.0,5.088007152080536,2.2490073144435883
train,base,17071,8,-0.376447975562769,0.4231053590774536,-0.29886114597320557,0.13524371385574335,0.2791745364665983,0.5,0.125,0.0,0.0,0.25,0.25,0.0,0.125,5.426208004355431,1.864486575126648,0.1237852163388311,0.0,0.3474375213700114,4.543385773897171,2.0214690417051315
train,base,17762,8,-0.383613745943876,5.8531761169433594e-05,-0.282818031613715,1.8978118896484363e-05,3.875494003295895e-05,0.375,0.0,0.0,0.125,0.125,0.125,0.0,0.125,6.274256557226181,3.2310001850128174,0.045978636853905464,0.0,0.3925917030137498,4.618312239646912,2.0306165665388107
train,base,18036,8,-0.24990440160036087,0.0007451176643371582,4.76837158203125e-07,0.0002352178096771239,0.0004901677370071408,0.75,0.0,0.0,0.0,0.25,0.0,0.0,0.0,25.141688585281372,11.441673278808594,0.007814961305880441,0.0,0.0,5.089464783668518,2.242859899997711
train,base,18063,8,-0.22685991402249783,0.12331563234329224,0.008043080568313599,0.05036753416061399,0.08684158325195307,0.625,0.0,0.0,0.0,0.125,0.125,0.0,0.0,18.698523998260498,9.922646522521973,0.023514046484204687,0.0,0.1251405420480296,4.863319635391235,2.145805776119232
train,base,18407,8,-0.3797865860396996,0.0,-0.019146344158798456,0.0,0.0,0.0,0.0,0.0,0.0,0.375,0.0,0.0,0.0,25.850117683410645,15.75987434387207,0.0,0.0,0.02045456285122782,4.752916157245636,2.1313382387161255
train,base,18470,8,-0.10812080651521683,0.5172165036201477,0.016181886196136475,0.2794124543666839,0.39831447899341565,0.75,0.125,0.125,0.0,0.0,0.25,0.0,0.0,15.503128230571747,5.862213611602783,0.1004306161612476,0.0416666641831398,0.25,4.8248268365859985,2.1530396938323975
train,base,18851,8,-0.1717783659696579,0.46666663885116577,0.013090580701828003,0.193332153558731,0.3299993962049482,0.75,0.125,0.25,0.125,0.125,0.125,0.0,0.0,7.880747765302658,2.696561574935913,0.019888314896888915,0.24583332985639572,0.1875,4.796665847301483,2.1498995423316956
train,base,18866,8,-0.39635696820914745,1.329183578491211e-05,-0.08543466776609421,4.112720489501951e-06,8.702278137207024e-06,0.5,0.0,0.0,0.0,0.375,0.0,0.0,0.0,21.04184091091156,8.065932273864746,0.05855295724067311,0.0,0.021358704194426537,4.624699532985687,2.090689867734909
train,base,19027,8,0.28197064250707626,0.7933016419410706,0.0008201301097869873,0.7654005944728851,0.7793511182069778,1.0,0.375,0.375,0.0,0.0,0.0,0.0,0.0,3.3725787103176117,2.6989753246307373,0.2819706415472112,0.0,0.0,4.762828886508942,2.157208204269409
train,base,19076,8,-0.6183418408036232,3.93986701965332e-05,-0.9733889698982239,1.1819601058959953e-05,2.560913562774656e-05,0.125,0.0,0.0,0.0,0.0,0.5,0.25,0.0,24.69872295856476,11.789530754089355,0.006658161998297579,0.0,0.7134280800819397,4.823494970798492,2.181382566690445
train,base,19730,8,-1.0,-1.0,-1.0,-1.0,-1.0,0.0,0.0,0.0,0.0,1.0,0.0,0.0,0.0,6.601097136735916,3.627291440963745,0.05101998778991401,0.0,0.0,4.914064884185791,2.194084197282791
train,base,19755,8,-0.05199975520372391,1.0,-0.18357431888580322,0.9461475908756256,0.9730737954378128,0.5,0.375,0.5,0.125,0.0,0.375,0.125,0.0,15.395132899284363,4.34480619430542,0.16679116975054065,0.42499999701976776,0.5593795049935579,5.624997973442078,2.356711521744728
train,base,19877,8,0.0035887211561203003,0.4283435344696045,0.0369114875793457,0.3751790165901184,0.4017612755298614,0.875,0.25,0.125,0.0,0.125,0.125,0.0,0.25,5.4487422704696655,2.5763936042785645,0.12858872511424124,0.125,0.125,3.7252583280205727,1.8043795228004456
train,base,20325,8,-0.029674753546714783,0.687064528465271,8.690357208251953e-05,0.25751781463623036,0.4722911715507504,0.875,0.125,0.25,0.0,0.125,0.0,0.0,0.125,14.751487076282501,3.761490821838379,0.1895539519769045,0.08750000596046448,0.0,4.335045665502548,1.9642927795648575
train,base,20335,8,-0.32525815814733505,0.3831740617752075,0.00020971894264221191,0.12344302535057061,0.2533085435628889,0.625,0.125,0.0,0.0,0.375,0.0,0.0,0.0,12.782803535461426,6.897005081176758,0.06903956152382307,0.0,0.0,5.465105175971985,2.2127017080783844
train,base,20410,8,-0.545897550880909,0.5849447846412659,-0.8137776553630829,0.18093249201774586,0.3829386383295056,0.25,0.125,0.375,0.0,0.125,0.625,0.0,0.375,15.046636402606964,4.088476181030273,0.26261735326047453,0.17499999701976776,0.625,3.3341191858053207,1.6112139001488686
train,base,20451,8,0.08627504110336304,0.1486729383468628,0.08907115459442139,0.1337241232395172,0.14119853079319,1.0,0.0,0.0,0.0,0.0,0.0,0.0,0.0,5.906857073307037,3.645887613296509,0.08627503761090338,0.0,0.0,5.0267059206962585,2.226615011692047
train,base,20722,8,-0.0027764886617660522,0.3213447332382202,0.07739108800888062,0.31836644411087034,0.3198555886745453,0.875,0.25,0.0,0.0,0.125,0.0,0.0,0.125,7.334547191858292,3.9457905292510986,0.1261677307560376,0.0,0.0,4.6963580921292305,2.1417140811681747
train,base,20777,8,-0.36177776753902435,0.0,-0.010965615510940552,0.0,0.0,0.0,0.0,0.125,0.0,0.0,0.375,0.0,0.125,22.894691050052643,4.574291706085205,0.08398477892261733,0.11666666716337204,0.4841421991586685,4.640593804419041,2.1015217676758766
train,base,20975,8,-0.43721526116132736,0.0014908313751220703,-0.2499288022518158,0.0007534980773925779,0.0011221647262573235,0.5,0.0,0.0,0.0,0.25,0.125,0.125,0.0,24.156248331069946,18.187414169311523,0.0005661794572121198,0.0,0.1875,5.10027676820755,2.232745736837387
train,base,21254,8,-0.11142174154520035,0.10093998908996582,0.0003923475742340088,0.03416709899902342,0.06755354404449457,0.875,0.0,0.0,0.0,0.0,0.125,0.0,0.0,20.322470664978027,10.373645782470703,0.013578268830917712,0.0,0.125,5.163874983787537,2.3227627277374268
train,base,21312,8,-0.3612130805850029,1.0,-0.44568753242492676,0.30000233650207503,0.650001168251037,0.375,0.125,0.125,0.125,0.0,0.375,0.0,0.125,21.82210099697113,5.01219367980957,0.07910582698423241,0.12083332985639572,0.4876907244324684,4.552696391940117,2.053373895585537
train,base,21361,8,-0.0013903602957725525,0.005696296691894531,0.0002950429916381836,0.0032772660255432125,0.00448678135871887,0.875,0.0,0.125,0.0,0.0,0.125,0.0,0.0,8.588028699159622,3.7286269664764404,0.08566374094243656,0.11666666716337204,0.125,4.961936056613922,2.1911277770996094
train,base,21639,8,-0.1469936491921544,0.5467512607574463,4.0024518966674805e-05,0.20364878177642814,0.37520002126693697,0.625,0.125,0.125,0.0,0.0,0.25,0.0,0.0,14.202572524547577,5.365255832672119,0.04270637307276104,0.06666666269302368,0.25444984901696444,5.037774503231049,2.2317938208580017
train,base,21793,8,-0.1214655265212059,0.0268133282661438,1.1414289474487305e-05,0.008816504478454584,0.01781491637229918,0.5,0.0,0.125,0.0,0.125,0.125,0.0,0.125,15.012725174427032,3.5293450355529785,0.0035344762373393374,0.125,0.125,4.278132051229477,1.9701896607875824
train,base,21807,8,-0.12468095868825912,0.0007476806640625,0.00020492076873779297,0.000660938024520874,0.0007043093442916869,0.875,0.0,0.0,0.0,0.125,0.125,0.0,0.25,21.600386142730713,17.186914443969727,0.0007808869950167718,0.0,0.125,3.9629869908094406,1.8210760727524757
train,base,21832,8,-0.7594002252444625,-0.02861541509628296,-1.0,-0.041195095330476765,-0.03490525521337987,0.0,0.0,0.25,0.0,0.75,0.125,0.0,0.375,6.941621720790863,1.5275444984436035,0.10126658892841078,0.2541666626930237,0.13110361155122519,3.3566914051771164,1.6674684062600136
train,base,21915,8,-0.04801233485341072,0.5515905022621155,0.07340385019779205,0.4926523625850677,0.5221214324235915,0.75,0.375,0.125,0.0,0.0,0.25,0.0,0.125,13.928840637207031,5.58580207824707,0.20237335309704463,0.0,0.2503856899566017,4.800107143819332,2.134139508008957
train,base,21972,8,-0.16809417307376862,0.47774940729141235,0.0020723938941955566,0.46999146938323977,0.47387043833732606,0.625,0.375,0.375,0.25,0.125,0.375,0.0,0.0,7.093790739774704,2.924875497817993,0.1419983096479882,0.32499999552965164,0.5491474196314812,5.115733981132507,2.2520170509815216
train,base,22014,8,0.023212328553199768,0.1604229211807251,0.0005496442317962646,0.0639670670032501,0.11219499409198753,1.0,0.0,0.0,0.0,0.0,0.0,0.0,0.0,15.619469404220581,9.05860424041748,0.023212342320564794,0.0,0.0,5.071705400943756,2.2161648869514465
train,base,22433,8,0.09747964702546597,0.959191620349884,3.567337989807129e-05,0.5531838715076446,0.756187745928764,0.625,0.25,0.375,0.0,0.0,0.125,0.0,0.25,18.46881377696991,6.912511825561523,0.06006750868762367,0.2541666701436043,0.1659608744084835,3.7517792135477066,1.7885811254382133
train,base,22956,8,0.10837805271148682,0.5387488603591919,0.056917935609817505,0.2562407255172729,0.3974947929382322,1.0,0.125,0.125,0.0,0.0,0.0,0.0,0.0,5.459150075912476,4.030507564544678,0.10837805923074484,0.0,0.0,4.575026631355286,2.084734156727791
train,base,23083,8,0.01672540418803692,0.66706383228302,0.0026488900184631348,0.4311557292938232,0.5491097807884214,0.75,0.25,0.125,0.0,0.125,0.0,0.0,0.0,12.75356674194336,4.610129356384277,0.1789536418764328,0.0,0.015339205041527748,4.624174892902374,2.1022934168577194
train,base,23186,8,-0.2553407223895192,1.0,-0.20280006527900696,0.43294446468353254,0.7164722323417659,0.5,0.125,0.25,0.125,0.0,0.375,0.125,0.125,7.090848743915558,2.4743199348449707,0.1335593263811461,0.12083332985639572,0.5497743981541134,4.384924538433552,2.027938559651375
train,base,23406,8,0.007253497838973999,0.043379783630371094,0.0023502707481384277,0.01692382097244262,0.030151802301406842,0.75,0.0,0.0,0.0,0.0,0.0,0.0,0.0,14.61452466249466,6.333165645599365,0.007253484487591901,0.0,0.0,4.8004560470581055,2.168229043483734
train,base,23420,8,0.270508237183094,0.9015424847602844,0.2800554633140564,0.8893081843852997,0.895425334572792,0.875,0.375,0.375,0.0,0.125,0.0,0.0,0.0,12.897033095359802,6.42888879776001,0.13342353280522623,0.34166666865348816,0.0,5.113388121128082,2.2484856843948364
train,base,23465,8,0.0010991171002388,0.008539795875549316,2.1636486053466797e-05,0.002662241458892821,0.005601018667221065,0.75,0.0,0.0,0.0,0.0,0.0,0.0,0.0,17.807663202285767,10.4183988571167,0.0010991206914262766,0.0,0.0,5.329055905342102,2.303666204214096
train,base,23498,8,-0.559856466948986,0.6893861889839172,-0.8924500346183777,0.3426512420177459,0.5160187155008313,0.25,0.125,0.375,0.125,0.25,0.5,0.0,0.0,5.79100838303566,2.9360344409942627,0.12415297631338262,0.25,0.6533194174990058,4.713495850563049,2.129315733909607
train,base,23540,8,0.28878146409988403,0.9886587858200073,0.3171713352203369,0.98527911901474,0.9869689524173737,0.75,0.5,0.625,0.0,0.125,0.125,0.0,0.125,10.937964767217636,3.5709145069122314,0.31386778483647504,0.5,0.12511368285049684,4.134105011820793,1.9420327246189117
train,base,24257,8,-0.4636596813797951,0.2855151295661926,-0.49775102734565735,0.08569246530532831,0.18560379743576033,0.25,0.0,0.125,0.0,0.125,0.5,0.125,0.0,19.876568764448166,3.403798818588257,0.0988403163854572,0.0,0.5625,4.791119635105133,2.16666541993618
train,base,24383,8,-0.2922411966137588,0.36313581466674805,-0.09639886021614075,0.11458393931388848,0.2388598769903181,0.5,0.125,0.125,0.0,0.0,0.5,0.0,0.125,10.07448035478592,5.271966934204102,0.18029867598670535,0.06666666269302368,0.5003139483742416,4.504985339939594,2.090009443461895
train,base,24815,8,-0.07610517740249634,0.15830808877944946,0.012185096740722656,0.14587293267250062,0.15209051072597501,0.75,0.0,0.0,0.0,0.0,0.125,0.0,0.0,12.10827898979187,8.556241989135742,0.048894825535738984,0.0,0.125,4.711199045181274,2.1199164539575577
train,base,25224,8,0.09590768069028854,1.0,0.08105894923210144,0.8995216071605682,0.949760803580284,0.75,0.375,0.625,0.125,0.25,0.0,0.0,0.0,6.2700105011463165,0.11987030506134033,0.050236120659974404,0.5666666626930237,0.0,5.617507994174957,2.2890123277902603
train,base,25247,8,0.3971477635204792,0.9653160572052002,0.6612483263015747,0.9034616708755493,0.9343888640403747,0.75,0.75,0.625,0.125,0.0,0.125,0.0,0.0,7.207119643688202,3.9094107151031494,0.4664635031949729,0.15833333879709244,0.14997449834481813,4.9078933000564575,2.1725422888994217
train,base,25429,8,-0.479790061712265,0.03041970729827881,-0.4535621702671051,0.026470643281936643,0.028445175290107726,0.5,0.0,0.0,0.0,0.375,0.125,0.0,0.0,6.566387414932251,2.0059151649475098,0.032845145324245095,0.0,0.1325555220246315,4.739380896091461,2.1344959437847137
train,base,25470,8,0.009831503033638,0.055986225605010986,0.00309830904006958,0.02442717552185058,0.04020670056343076,1.0,0.0,0.0,0.0,0.0,0.0,0.0,0.0,17.704108238220215,11.650070190429688,0.009831501523876796,0.0,0.0,5.762994766235352,2.296177014708519
train,base,25638,8,-0.09921705612214282,0.5475558042526245,7.361173629760742e-06,0.16620290875434865,0.35687935650348634,0.5,0.125,0.125,0.0,0.0,0.125,0.125,0.0,15.57361090183258,9.349441528320312,0.02452434658812841,0.06666666269302368,0.18837628402980044,4.688362956047058,2.1333528757095337
train,base,25642,8,0.017569981515407562,0.1402316689491272,9.179115295410156e-06,0.04226105213165281,0.09124636054038994,0.875,0.0,0.0,0.0,0.0,0.0,0.0,0.0,16.18262267112732,9.626731872558594,0.01756998661875242,0.0,0.0,4.636409342288971,2.099920779466629
train,base,25643,8,0.07554928958415985,0.5934789776802063,0.0010360181331634521,0.1822642922401427,0.38787163496017424,1.0,0.125,0.125,0.0,0.0,0.0,0.0,0.0,17.190718412399292,4.992419242858887,0.07554928848446707,0.0,0.0,5.036378741264343,2.2461119890213013
train,base,26137,8,0.19853077828884125,0.8328849673271179,0.2357436716556549,0.7149630844593048,0.7739240258932113,0.875,0.5,0.375,0.0,0.125,0.0,0.0,0.125,13.754595458507538,4.621770858764648,0.30728351447874047,0.0625,0.07730960589833558,4.657043591141701,2.1125301718711853
train,base,26362,8,0.008527785539627075,0.048274993896484375,0.0013992786407470703,0.023010146617889398,0.03564257025718687,1.0,0.0,0.0,0.0,0.0,0.0,0.0,0.0,15.170348644256592,11.952535629272461,0.008527789292401167,0.0,0.0,4.7885822057724,2.1401891708374023
train,base,26537,8,-0.1108226478099823,0.09486186504364014,4.83393669128418e-05,0.035205876827239975,0.06503387093544002,0.75,0.0,0.0,0.0,0.0,0.125,0.0,0.0,21.92765212059021,10.511331558227539,0.014177351743888345,0.0,0.125,4.664254009723663,2.1331905126571655
train,base,26863,8,-0.07404624670743942,0.7929428219795227,0.24107426404953003,0.6169469714164734,0.7049448966979979,0.625,0.375,0.375,0.0,0.25,0.125,0.0,0.0,10.73724839091301,3.3144876956939697,0.23998642560036387,0.32500000298023224,0.3856831192970276,4.972877681255341,2.218350827693939
train,base,27158,8,-0.20234528183937073,0.37442559003829956,3.764033317565918e-05,0.11564542651176446,0.24503550827503184,0.75,0.125,0.0,0.0,0.25,0.0,0.0,0.0,17.54923903942108,13.574806213378906,0.002827614081144958,0.04583333432674408,0.0,5.458111584186554,2.37426295876503
train,base,27159,8,-0.35452903993427753,0.8720142245292664,-0.5030350163578987,0.46626616120338427,0.6691401928663251,0.375,0.125,0.375,0.125,0.5,0.25,0.0,0.0,3.8726091980934143,1.6241953372955322,0.15567229478619993,0.34583333134651184,0.269859969150275,5.552141487598419,2.388352185487747
train,base,27206,8,-0.5042214142158628,0.011610865592956543,-0.4932689554989338,0.0035161793231964092,0.0075635224580764705,0.25,0.0,0.25,0.0,0.375,0.25,0.125,0.0,13.726923942565918,5.531342506408691,0.07724748646256785,0.19166666269302368,0.3734111236408353,5.451664566993713,2.263752669095993
train,base,27408,8,-0.5886124819517136,0.28506195545196533,-0.9985078275203705,0.08765627741813654,0.18635911643505082,0.25,0.0,0.125,0.125,0.375,0.5,0.125,0.0,12.720885843038559,3.5146167278289795,0.10788772490576112,0.12916666269302368,0.5625,5.042841851711273,2.230322450399399
train,base,27487,8,0.007432699203491211,0.04359006881713867,0.0008512139320373535,0.018441212177276605,0.031015640497207623,1.0,0.0,0.0,0.0,0.0,0.0,0.0,0.0,16.57521641254425,10.630999565124512,0.007432713879097719,0.0,0.0,4.651920020580292,2.1412462890148163
train,base,27562,8,0.09107502549886703,0.6881794333457947,0.00013637542724609375,0.23437448740005482,0.4612769603729244,1.0,0.125,0.125,0.0,0.0,0.0,0.0,0.0,17.805725038051605,4.214529514312744,0.09107502929916578,0.0,0.0,4.999406278133392,2.2061352133750916
train,base,27893,8,-0.37763948272913694,0.0005884766578674316,-0.17189664766192436,0.0002313673496246337,0.0004099220037460324,0.375,0.0,0.0,0.0,0.0,0.25,0.0,0.0,23.122578620910645,15.419939041137695,0.0022255150229111287,0.0,0.3798650009557605,4.865749478340149,2.1812214851379395
train,base,27926,8,-0.2934824955300428,0.12769544124603271,-0.05315472953952849,0.06791261434555051,0.09780402779579159,0.5,0.0,0.0,0.0,0.0,0.25,0.125,0.0,14.08372974395752,9.11831283569336,0.03244443587460921,0.0,0.32592693535843864,4.764254808425903,2.1265369057655334
train,base,28453,8,0.006742873694747686,0.5780091285705566,0.024561524391174316,0.5150426089763641,0.5465258687734603,0.625,0.25,0.125,0.0,0.0,0.125,0.125,0.0,11.104514837265015,5.370787620544434,0.2057926707493607,0.0,0.1990497992374003,4.9627872705459595,2.2312782406806946
train,base,28578,8,-0.05126224458217621,0.2962381839752197,0.007930457592010498,0.27113680839538573,0.2836874961853027,0.875,0.0,0.0,0.0,0.0,0.125,0.125,0.0,17.62732094526291,7.7305521965026855,0.07376620751110963,0.0,0.1875,4.803458571434021,2.1724261045455933
train,base,28987,8,0.325314087793231,0.9580653309822083,0.5814561545848846,0.9390090703964233,0.9485372006893158,0.625,0.625,0.625,0.0,0.0,0.0,0.0,0.0,12.410151302814484,5.349085330963135,0.20640349674067693,0.5333333387970924,0.23736519739031792,5.283212900161743,2.3580178022384644
train,base,29012,8,-0.09320485591888428,0.0007739663124084473,5.742907524108887e-05,0.0006414532661437988,0.0007077097892761229,0.875,0.0,0.0,0.0,0.0,0.0,0.0,0.0,24.896846771240234,20.32636260986328,0.00021309892280640952,0.0,0.0934179499745369,4.981094837188721,2.233195722103119
train,base,29162,8,-0.010690324008464813,1.0,0.0007880330085754395,0.3033041059970854,0.6516520529985422,0.75,0.125,0.25,0.125,0.0,0.25,0.0,0.0,8.150937736034393,4.576436519622803,0.07609634374966845,0.22083333134651184,0.25,4.904559850692749,2.1865049451589584
train,base,29186,8,0.2207958847284317,0.9269119501113892,0.16192755103111267,0.8177564978599549,0.872334223985672,0.75,0.5,0.5,0.0,0.0,0.25,0.0,0.125,12.412998765707016,3.572342872619629,0.40930019390933126,0.20416667312383652,0.25,4.545200370252132,2.0542606562376022
train,base,29252,8,-0.23528163135051727,0.6411551833152771,-0.16196978092193604,0.1953754127025603,0.41826529800891843,0.5,0.125,0.25,0.0,0.0,0.25,0.0,0.0,14.412218689918518,4.839237213134766,0.17034038368183246,0.07083333283662796,0.4595496505498886,4.9227288365364075,2.1727055460214615
train,base,29358,8,0.047365739941596985,0.6274726390838623,0.08427637815475464,0.46287558078765867,0.5451741099357603,0.875,0.25,0.125,0.0,0.0,0.0,0.0,0.5,9.54292893409729,4.928918838500977,0.16419579167359188,0.0,0.11683005839586258,2.9373218417167664,1.4934005662798882
train,base,29368,8,-0.07107870280742645,0.08646690845489502,0.061330437660217285,0.078219473361969,0.082343190908432,0.875,0.0,0.0,0.0,0.125,0.0,0.0,0.0,5.235093861818314,3.7628660202026367,0.06055050576105714,0.0,0.0,4.964040160179138,2.1900900155305862
train,base,29528,8,0.08426682651042938,0.19820356369018555,0.0939645767211914,0.14771108627319335,0.17295732498168942,1.0,0.0,0.0,0.0,0.0,0.0,0.0,0.0,7.079450845718384,3.5192489624023438,0.08426682265962882,0.0,0.0,5.026057779788971,2.2705996930599213
train,base,30012,8,0.11726686358451843,0.9326895475387573,0.000573962926864624,0.2818231821060179,0.6072563648223872,0.875,0.125,0.125,0.0,0.0,0.0,0.0,0.25,16.211079478263855,5.221207618713379,0.0751978355639493,0.1041666641831398,0.0,3.9965427964925766,1.8863214403390884
train,base,30598,8,0.018910259008407593,0.07092475891113281,5.957484245300293e-05,0.05081594586372375,0.06087035238742827,1.0,0.0,0.0,0.0,0.0,0.0,0.0,0.25,21.10101580619812,11.145140647888184,0.01891024872955427,0.0,0.0,3.840901233255863,1.8275918290019035
train,base,30613,8,0.42722631990909576,0.922030508518219,0.5265139937400818,0.7479462087154388,0.8349883586168287,0.875,0.75,0.75,0.0,0.0,0.125,0.0,0.0,6.7377877831459045,4.553351402282715,0.43042564392089844,0.2666666731238365,0.1538518127053976,4.915885090827942,2.1906239986419678
train,base,30816,8,-0.38010063022375107,0.7415626049041748,-0.42366188764572144,0.2679354429244994,0.5047490239143368,0.375,0.125,0.125,0.0,0.25,0.125,0.0,0.0,20.813054978847504,7.740804195404053,0.04673028473536215,0.07916666567325592,0.23262881487607956,5.021379351615906,2.2318567633628845
train,base,30908,8,0.0005830675363540649,0.0032872557640075684,0.00023618340492248535,0.0012713134288787837,0.0022792845964431747,1.0,0.0,0.0,0.0,0.0,0.0,0.0,0.0,19.503183364868164,14.555313110351562,0.0005830641093780287,0.0,0.0,5.14793735742569,2.251525968313217
train,base,30942,8,-0.2835802659392357,0.23471683263778687,0.03922882676124573,0.23457839488983154,0.23464761376380922,0.625,0.0,0.0,0.0,0.25,0.125,0.0,0.0,6.927578032016754,4.048377513885498,0.11999674024991691,0.0,0.125,5.355218887329102,2.2685771882534027
train,base,31229,8,0.10242611914873123,0.5215213298797607,0.0006344020366668701,0.3340237975120544,0.42777256369590744,1.0,0.125,0.125,0.0,0.0,0.0,0.0,0.125,14.375037789344788,5.49993896484375,0.10242612246156568,0.0,0.0,4.542015373706818,2.0144031792879105
train,base,31234,8,-0.41825050860643387,0.04694443941116333,-0.20932045578956604,0.030402463674545285,0.0386734515428543,0.5,0.0,0.0,0.0,0.375,0.0,0.125,0.25,8.964590191841125,4.103504657745361,0.037334406515583396,0.0,0.0625,3.944638155400753,1.8209527805447578
train,base,31261,8,-0.47473108023405075,0.1070699691772461,-0.4982493221759796,0.0747310698032379,0.09090051949024198,0.5,0.0,0.0,0.0,0.5,0.0,0.0,0.0,6.1447413712739944,0.8492802381515503,0.04361885038088076,0.0,0.22699015587568283,4.853153169155121,2.1544083952903748
train,base,31407,8,0.2838389277458191,0.7661309838294983,0.2473686933517456,0.5981999039649963,0.6821654438972472,1.0,0.25,0.25,0.0,0.0,0.0,0.0,0.25,8.927182585000992,3.622889280319214,0.28383892882652617,0.0,0.0,3.922409638762474,1.8659987300634384
train,base,31577,8,-0.40567750483751297,0.5311164259910583,-0.4913059175014496,0.28279861807823176,0.40695752203464486,0.5,0.125,0.125,0.0,0.5,0.0,0.0,0.0,5.370998352766037,3.8138768672943115,0.10795420710928738,0.0,0.0,4.806776642799377,2.1436004042625427
train,base,31845,8,-0.1139058768749237,0.05169844627380371,0.0017561912536621094,0.03192892670631408,0.041813686490058885,0.875,0.0,0.0,0.0,0.125,0.0,0.0,0.125,12.950560927391052,9.63286304473877,0.011615487141076741,0.0,0.0,4.436642363667488,2.0142497941851616
train,base,31879,8,-0.16309114824980497,0.9367702007293701,-0.010534540750086308,0.6027416110038757,0.7697559058666227,0.375,0.25,0.5,0.0,0.25,0.0,0.0,0.25,11.391710042953491,5.793604373931885,0.1797988279722631,0.38750001043081284,0.25286285861511715,4.082681640982628,1.9234768748283386
train,base,31933,8,-0.620496079325676,0.014789998531341553,-1.0,0.01273120641708374,0.013760602474212645,0.375,0.0,0.125,0.0,0.5,0.25,0.125,0.0,6.237053036689758,2.5945961475372314,0.009562021819874644,0.125,0.3128342237905599,5.088700652122498,2.25882750749588
train,base,32065,8,-0.0009516924619674683,0.7538978457450867,5.030632019042969e-05,0.3836237251758574,0.5687607854604718,0.5,0.125,0.125,0.0,0.125,0.0,0.0,0.0,13.833094835281372,7.354686737060547,0.03979370612194309,0.09166666865348816,0.0,4.802540600299835,2.1704873740673065
train,base,32286,8,-0.1398143172264099,1.0,-0.05815175175666809,0.30004176497459395,0.6500208824872965,0.375,0.125,0.375,0.125,0.0,0.5,0.0,0.125,15.157384067773819,2.4471065998077393,0.2865584666614135,0.2958333268761635,0.5257850799243897,4.3854028433561325,1.9719657599925995
train,base,32347,8,4.187226295471191e-06,2.4616718292236328e-05,4.172325134277344e-07,1.0722875595092769e-05,1.766979694366454e-05,0.875,0.0,0.0,0.0,0.0,0.0,0.0,0.0,26.21521544456482,16.280364990234375,4.194168845839119e-06,0.0,0.0,4.908815264701843,2.1965173184871674
train,base,32412,8,0.028400562703609467,0.08908045291900635,0.003568977117538452,0.07297456860542297,0.08102751076221465,1.0,0.0,0.0,0.0,0.0,0.0,0.0,0.0,14.64005446434021,9.515837669372559,0.028400561912349076,0.0,0.0,4.589538633823395,2.0865496397018433
train,base,33006,8,-0.4799915924668312,0.053833723068237305,-0.4705424904823303,0.027220296859741207,0.04052700996398924,0.5,0.0,0.0,0.0,0.25,0.375,0.0,0.0,6.078526541590691,0.930632472038269,0.02000840540594595,0.0,0.375,5.0835320353508,2.2542697191238403
train,base,33075,8,-0.7499732002615929,0.0001342296600341797,-0.9999874830245972,4.9448013305664044e-05,9.18388366699218e-05,0.25,0.0,0.125,0.0,0.5,0.5,0.125,0.0,15.959649324417114,3.509021759033203,0.09718488461317065,0.0,0.5625,5.431291460990906,2.3358817994594574
train,base,33288,8,-0.03152067959308624,0.08104115724563599,0.004812508821487427,0.04684615731239318,0.06394365727901456,0.875,0.0,0.0,0.0,0.0,0.0,0.0,0.0,9.36727750301361,7.790919303894043,0.017830189972789512,0.0,0.04935086518526077,4.774431884288788,2.143349289894104
train,base,33331,8,-0.08130364120006561,0.8397667407989502,0.002597033977508545,0.6848708391189575,0.7623187899589537,0.625,0.25,0.25,0.0,0.25,0.0,0.0,0.0,19.387883186340332,10.527706146240234,0.019106754082329758,0.19999999552965164,0.04496518522500992,4.876531720161438,2.1974719166755676
train,base,33506,8,-0.2980012595653534,0.06379508972167969,-0.05422693490982056,0.019738215208053578,0.041766652464866605,0.5,0.0,0.125,0.0,0.125,0.125,0.0,0.0,17.42420369386673,6.253900051116943,0.13299970939939953,0.10000000149011612,0.30169110000133514,4.682315528392792,2.122792437672615
train,base,34167,8,0.1257471814751625,1.0,0.00031694769859313965,0.30315736532211285,0.651578682661056,1.0,0.125,0.125,0.125,0.0,0.0,0.0,0.625,17.2681685090065,5.8306450843811035,0.0658916652466548,0.11666666716337204,0.0,2.2609821930527687,1.3102288395166397
train,base,34196,8,-0.13164402544498444,0.48477351665496826,0.0031755566596984863,0.45976985692977906,0.47227168679237364,0.75,0.25,0.125,0.0,0.125,0.125,0.0,0.25,7.713124573230743,2.1114625930786133,0.11835596480420874,0.125,0.125,4.447193056344986,1.9512578547000885
train,base,34378,8,0.06985700875520706,0.4260514974594116,0.12905040383338928,0.31555773019790645,0.370804613828659,0.875,0.125,0.0,0.0,0.0,0.125,0.0,0.375,13.834970951080322,6.595958709716797,0.14903143299306976,0.04583333432674408,0.125,3.2305021956562996,1.6409795135259628
train,base,34575,8,-0.7070645168423653,0.0,-1.0,0.0,0.0,0.0,0.0,0.0,0.0,0.0,0.625,0.25,0.0,26.343422889709473,21.151172637939453,1.6330421797430243e-05,0.0,0.8320645168423653,4.764172732830048,2.1388334929943085
train,base,34699,8,-0.2955443188548088,1.0,-0.499963641166687,0.7448842227458953,0.8724421113729475,0.5,0.25,0.375,0.125,0.25,0.375,0.0,0.0,19.582246601581573,5.1753830909729,0.11105509900268573,0.2541666701436043,0.375,4.766816556453705,2.1654230654239655
train,base,34902,8,-0.6247857585549355,0.0010279417037963867,-1.0,0.0005745768547058104,0.0008012592792510983,0.375,0.0,0.0,0.0,0.625,0.0,0.0,0.0,14.017227053642273,10.037769317626953,0.005490978219313547,0.0,0.0005129416822455823,4.703429996967316,2.1317196786403656
train,base,35009,8,-0.24995870888233185,3.3795833587646484e-05,2.9802322387695312e-08,1.0305643081665033e-05,2.2050738334655744e-05,0.5,0.0,0.0,0.0,0.0,0.125,0.25,0.875,13.368589162826538,6.813383102416992,4.1294372113809263e-05,0.0,0.25,1.4265091493725777,1.0499958246946335
train,base,35408,8,0.08203800860792398,0.7255890369415283,0.0006063282489776611,0.2222468256950377,0.4739179313182827,0.875,0.125,0.125,0.0,0.0,0.0,0.0,0.0,21.498072504997253,9.076811790466309,0.023259270586436287,0.0833333283662796,0.00982400681823492,4.865603387355804,2.175587922334671
train,base,35428,8,-0.2501830011315178,0.0016846060752868652,0.0,0.0005053818225860592,0.0010949939489364614,0.125,0.0,0.0,0.0,0.0,0.25,0.125,0.125,24.38021159172058,18.768644332885742,0.00021685140559320047,0.0,0.31289357689092867,4.368307068943977,1.9763042330741882
train,base,35585,8,0.005835771560668945,0.024697721004486084,0.0011314153671264648,0.017361813783645628,0.02102976739406585,1.0,0.0,0.0,0.0,0.0,0.0,0.0,0.0,15.196884870529175,8.761200904846191,0.0058357765556138474,0.0,0.0,4.794641435146332,2.162014663219452
train,base,35667,8,-0.0029804855585098267,0.758847713470459,0.004483819007873535,0.7504115223884582,0.7546296179294586,0.75,0.25,0.25,0.0,0.125,0.0,0.0,0.0,9.676774770021439,3.7026236057281494,0.2744977537513478,0.0,0.09489479873445816,4.918363332748413,2.220072016119957
train,base,35672,8,0.036698922514915466,1.0,0.00014016032218933105,0.3031728863716124,0.6515864431858057,0.625,0.125,0.125,0.125,0.0,0.0,0.0,0.125,15.637430310249329,5.909578323364258,0.07212409237683529,0.11666666716337204,0.0965147465467453,4.705725483596325,2.088484011590481
train,base,35863,8,0.3537232279777527,0.9386203289031982,0.23388752341270447,0.8222130000591278,0.880416664481163,1.0,0.5,0.375,0.0,0.0,0.0,0.0,0.0,12.994878470897675,6.92576265335083,0.09740493171352682,0.32500000298023224,0.0,4.993672072887421,2.1799152493476868
train,base,35877,8,-0.1167178526520729,0.018472492694854736,0.00827983021736145,0.015073466300964355,0.016772979497909544,0.75,0.0,0.0,0.0,0.125,0.0,0.0,0.0,8.710969030857086,6.262423992156982,0.00920759468844845,0.0,0.0,4.6089026927948,2.09102264046669
train,base,35950,8,-0.2275667511858046,0.10982286930084229,-0.01356191374361515,0.09769863486289977,0.10376075208187102,0.5,0.0,0.125,0.0,0.25,0.0,0.0,0.0,6.172824382781982,2.9203102588653564,0.12246972322463989,0.10000000149011612,0.016379535431042314,4.98799741268158,2.2012460231781006
train,base,35959,8,-1.0,-1.0,-1.0,-1.0,-1.0,0.0,0.0,0.0,0.0,1.0,0.0,0.0,0.0,14.683096289634705,12.616487503051758,0.0024980490852613,0.0,0.0,4.616198837757111,2.118701994419098
train,base,36127,8,-0.7081752195954323,0.0030874013900756836,-0.971609890460968,0.0011242806911468501,0.002105841040611266,0.25,0.0,0.125,0.0,0.375,0.125,0.0,0.0,13.657110780477524,1.7575194835662842,0.0067942218678638255,0.125,0.3396965116262436,5.429333567619324,2.250567525625229
train,base,36210,8,-0.19050677120685577,0.418387234210968,0.0013966858386993408,0.1494733273983001,0.2839302808046339,0.75,0.125,0.0,0.0,0.0,0.25,0.0,0.0,16.33172571659088,11.726879119873047,0.011025475081623881,0.05000000447034836,0.25,4.813308775424957,2.1992638558149338
train,base,36687,8,0.21570753306150436,0.9851524233818054,0.06994044780731201,0.9234300076961517,0.9542912155389786,0.75,0.375,0.375,0.0,0.0,0.125,0.125,0.0,17.28759264945984,3.4775421619415283,0.30555336945391753,0.18333332985639572,0.18917339271865785,4.810269236564636,2.180635452270508
train,base,36739,8,0.04742041230201721,0.12557941675186157,0.04030519723892212,0.09385510087013244,0.10971725881099699,1.0,0.0,0.0,0.0,0.0,0.0,0.0,0.0,7.714180827140808,4.204164505004883,0.04742040498240385,0.0,0.0,4.536293983459473,2.072429597377777
train,base,36792,8,-0.5812263209372759,0.016747474670410156,-0.7515082359313965,0.005411016941070553,0.011079245805740347,0.25,0.0,0.125,0.0,0.5,0.125,0.0,0.25,11.426554322242737,5.101977825164795,0.09532337186828954,0.11666666716337204,0.33036369271576405,3.8643192797899246,1.8583220392465591
train,base,37189,8,-0.41101209819316864,0.7001168727874756,-0.49830347299575806,0.21340504884719835,0.45676096081733664,0.5,0.125,0.125,0.0,0.5,0.0,0.0,0.0,6.866907477378845,1.0676007270812988,0.02125369053101167,0.10000000149011612,0.013134181499481201,4.931824207305908,2.181796818971634
train,base,37192,8,0.03617710620164871,0.2881237268447876,0.00011119246482849121,0.0870171964168548,0.18757046163082108,1.0,0.0,0.0,0.0,0.0,0.0,0.0,0.0,22.601804196834564,7.809028148651123,0.036177107703288414,0.0,0.0,5.278688967227936,2.360942989587784
train,base,37234,8,-0.07883129641413689,0.9266734719276428,0.00015541911125183105,0.5904389321804046,0.7585562020540235,0.625,0.25,0.125,0.0,0.0,0.25,0.0,0.0,18.1557879447937,5.517344951629639,0.1187901812761285,0.14999999105930328,0.28437623009085655,5.032852351665497,2.230746805667877
train,base,37297,8,0.020265765488147736,0.15792864561080933,0.00031185150146484375,0.04932018518447873,0.10362441539764396,0.875,0.0,0.0,0.0,0.0,0.0,0.0,0.0,16.711674213409424,7.752237319946289,0.020265767484146546,0.0,0.0,4.958341121673584,2.19489985704422
train,base,37340,8,0.18425746355205774,0.9135643243789673,0.00021654367446899414,0.8540096402168273,0.8837869822978973,0.5,0.375,0.375,0.0,0.0,0.125,0.0,0.0,15.901586323976517,3.0366218090057373,0.29952374572114043,0.10833332687616348,0.13695341255515814,4.7763553857803345,2.130668818950653
train,base,37608,8,-0.21998788695782423,0.2926812171936035,1.6391277313232422e-06,0.0879132211208343,0.19029721915721878,0.5,0.0,0.125,0.125,0.0,0.25,0.0,0.125,22.489482045173645,3.462784767150879,0.09812522134520285,0.12083332985639572,0.3821434183046222,4.329624854028225,1.9925941452383995
train,base,37725,8,-0.11228577047586441,0.9311702847480774,1.806020736694336e-05,0.7343244075775146,0.8327473461627959,0.5,0.375,0.375,0.0,0.125,0.375,0.0,0.25,12.62606006860733,5.34968376159668,0.2233713871920986,0.24583333730697632,0.40676884027197957,3.995097793638706,1.8687191233038902
train,base,37745,8,-0.05316426604986191,0.5600366592407227,0.0001634061336517334,0.17658875584602346,0.3683127075433728,0.75,0.125,0.125,0.0,0.125,0.0,0.0,0.0,21.256200671195984,11.603802680969238,0.010201499981063851,0.06666666269302368,0.0,4.827236235141754,2.152843654155731
train,base,37990,8,-0.11143667995929718,0.876477062702179,0.04289829730987549,0.7617865204811096,0.8191317915916442,0.625,0.375,0.25,0.0,0.375,0.0,0.0,0.0,6.003550469875336,3.273674964904785,0.09207436709402828,0.19583334028720856,3.1726538063381327e-10,4.783968269824982,2.1169558465480804
train,base,38232,8,-0.6119877770543098,0.6848193407058716,-1.0,0.2058438420295714,0.44533159136772116,0.25,0.125,0.125,0.0,0.5,0.25,0.125,0.125,9.99692451953888,5.687557220458984,0.026354884168540593,0.13333333283662796,0.3125,4.224278502166271,1.9756181463599205
train,base,38474,8,-0.21340740472078323,0.28635913133621216,8.422136306762695e-05,0.08824699521064754,0.18730306327342972,0.75,0.0,0.125,0.0,0.25,0.0,0.0,0.0,12.729530096054077,5.60075044631958,0.13872275647980814,0.0,0.0,4.685015082359314,2.1396477669477463
train,base,38510,8,0.17446542531251907,1.0,0.21089959144592285,0.9646529793739319,0.9823264896869659,0.75,0.375,0.375,0.125,0.25,0.0,0.0,0.125,6.619450390338898,3.68375825881958,0.1465729857882252,0.3499999940395355,0.0,4.543224737048149,2.0157342180609703
train,base,38653,8,-0.5929513052105904,0.8535113334655762,-1.0,0.385213941335678,0.6193626374006268,0.25,0.125,0.375,0.0,0.5,0.625,0.25,0.0,16.018355131149292,8.9721040725708,0.06734001469662942,0.2749999985098839,0.8505177348852158,4.969045102596283,2.199392259120941
train,base,38684,8,-0.09555873274803162,0.08572739362716675,0.013150811195373535,0.08080893158912658,0.08326816260814666,0.875,0.0,0.0,0.0,0.125,0.0,0.0,0.125,8.072645485401154,5.70522403717041,0.03614597166366451,0.0,0.0,4.162927329540253,1.9375324994325638
train,base,38966,8,-0.05391053110361099,0.9317797422409058,0.0011384785175323486,0.2917195737361906,0.6117496579885477,0.75,0.125,0.125,0.0,0.125,0.0,0.0,0.0,6.590219169855118,1.201686143875122,0.08700291772902347,0.1041666641831398,0.058551087975502014,4.844066798686981,2.1608320772647858
train,base,39078,8,-0.19467222783714533,0.06513869762420654,0.013070434331893921,0.042659378051757804,0.05389903783798216,0.625,0.0,0.125,0.0,0.125,0.0,0.0,0.0,9.422990560531616,4.721524715423584,0.019762554735962112,0.125,0.08943478111177683,4.9191203117370605,2.1744385808706284
train,base,39091,8,-0.5668768957257271,0.22642207145690918,-0.8812024295330048,0.06830033659934993,0.14736120402812947,0.375,0.0,0.25,0.0,0.375,0.25,0.0,0.0,11.363178551197052,5.278853893280029,0.1400775507513572,0.19583333283662796,0.25,4.787992775440216,2.131952226161957
train,base,39111,8,0.06970363110303879,0.4031033515930176,0.021345913410186768,0.1647266507148742,0.28391500115394575,1.0,0.125,0.0,0.0,0.0,0.0,0.0,0.0,7.0857768058776855,4.762339115142822,0.06970363084225273,0.0,0.0,5.387860298156738,2.393627166748047
train,base,39446,8,-0.08821384096518159,0.3001527786254883,0.00030356645584106445,0.09067297577857966,0.19541287720203382,0.75,0.125,0.0,0.0,0.125,0.0,0.0,0.125,22.708646059036255,20.03351402282715,0.0003866534284497902,0.03750000149011612,0.0010646232403814793,4.6183652356266975,2.0944764837622643
train,base,39463,8,-0.3245189003646374,0.01063460111618042,-0.17913709580898285,0.003607153892517088,0.00712087750434875,0.25,0.0,0.0,0.0,0.0,0.125,0.125,0.0,23.07669496536255,15.065901756286621,0.0035243205109848257,0.0,0.39054321870207787,4.730685353279114,2.1437456607818604
train,base,39530,8,-0.25364988297224045,0.9800629019737244,-0.49718764424324036,0.9729018151760102,0.9764823585748672,0.5,0.25,0.375,0.0,0.5,0.0,0.0,0.25,6.509925007820129,4.0775017738342285,0.1788269364333246,0.3125,0.0,3.7048128694295883,1.790438488125801
train,base,39582,8,-0.21517548710107803,0.1467251181602478,1.4007091522216797e-06,0.1054880678653717,0.12610659301280971,0.75,0.0,0.0,0.0,0.0,0.25,0.0,0.125,19.258881092071533,9.521041870117188,0.03482451189129776,0.0,0.25,4.021502889692783,1.9167833849787712
train,base,39682,8,-0.5238029807806015,0.05204594135284424,-0.6394249200820923,0.036282229423522945,0.04416408538818358,0.375,0.0,0.25,0.25,0.125,0.625,0.125,0.0,7.8760199546813965,2.3371353149414062,0.10820265676011331,0.24166665971279144,0.8693882301449776,4.7810821533203125,2.1520229876041412
train,base,39736,8,-0.5518435090780258,0.03537476062774658,-0.7301861047744751,0.017786908149719234,0.026580834388732898,0.375,0.0,0.0,0.125,0.375,0.0,0.375,0.0,7.233242579868862,2.9585957527160645,0.06534218189293028,0.0,0.30993830023362534,5.059075832366943,2.2289488166570663
train,base,39985,8,-0.09325801581144333,0.11227697134017944,2.8342008590698242e-05,0.07350530624389648,0.09289113879203793,0.875,0.0,0.0,0.0,0.0,0.125,0.0,0.0,12.077747762203217,5.924342632293701,0.03174197847209825,0.0,0.125,4.697099268436432,2.1280833035707474
val,base,4,8,-0.09243559837341309,0.08139306306838989,0.01136791706085205,0.06949380040168762,0.07544343173503874,0.875,0.0,0.0,0.0,0.0,0.125,0.0,0.0,13.291176080703735,8.281115531921387,0.03256440441327868,0.0,0.125,4.785672962665558,2.1434325575828552
val,base,74,8,0.03840939700603485,0.1590433120727539,0.0008677542209625244,0.14882912635803222,0.15393621921539305,0.875,0.0,0.0,0.0,0.0,0.0,0.0,0.0,14.683714389801025,7.807016372680664,0.03840939194379395,0.0,0.0,4.730058193206787,2.1532919108867645
val,base,99,8,-0.26962608844041824,0.6587131023406982,4.410743713378906e-06,0.2791283965110778,0.4689207494258878,0.5,0.125,0.25,0.0,0.125,0.25,0.0,0.0,20.12957465648651,10.052986145019531,0.028341903637103545,0.16249999403953552,0.3263964205980301,4.797753036022186,2.156621992588043
val,base,815,8,-0.2977187316864729,0.4320400357246399,-0.044307611882686615,0.18366356492042535,0.30785180032253245,0.5,0.125,0.125,0.0,0.125,0.125,0.0,0.25,6.331052660942078,3.7758541107177734,0.14792643053806387,0.10833333432674408,0.2507461290806532,3.877845950424671,1.846615456044674
val,base,865,8,-0.3171184789389372,0.36570000648498535,-0.08306147903203964,0.10994244217872613,0.23782122433185557,0.5,0.125,0.0,0.0,0.0,0.25,0.125,0.375,14.554061353206635,7.0974345207214355,0.07884016273237004,0.0,0.4516040962189436,3.3604088723659515,1.676575854420662
val,base,920,8,-0.40914323180913925,0.6840145587921143,-0.49714112281799316,0.21855630874633777,0.4512854337692257,0.5,0.125,0.125,0.0,0.5,0.0,0.0,0.0,7.257949262857437,3.7243382930755615,0.027111501316539943,0.0833333283662796,0.0,4.794600546360016,2.1630848944187164
val,base,1062,8,-0.3240514937788248,2.1278858184814453e-05,-0.07863999158143997,1.2975931167602537e-05,1.712739467620849e-05,0.25,0.0,0.0,0.0,0.125,0.125,0.125,0.0,21.48822581768036,11.33835506439209,0.00825306576933096,0.0,0.20939735905267298,4.73771208524704,2.1269037276506424
val,base,1417,8,0.1300484612584114,0.47180163860321045,0.04489836096763611,0.3238206982612609,0.39781116843223563,1.0,0.125,0.0,0.0,0.0,0.0,0.0,0.0,5.458715438842773,3.8536365032196045,0.13004845910472795,0.0,0.0,4.746041715145111,2.140883892774582
val,base,1493,8,0.0005082860589027405,0.004056334495544434,3.2782554626464844e-07,0.0012209475040435784,0.002638640999794004,1.0,0.0,0.0,0.0,0.0,0.0,0.0,0.0,27.60289716720581,17.006298065185547,0.0005082940028118266,0.0,0.0,4.827263653278351,2.185770869255066
val,base,1749,8,0.09852776676416397,0.9766638875007629,0.014611095190048218,0.3120796680450438,0.644371777772903,0.875,0.125,0.25,0.0,0.0,0.125,0.0,0.25,7.132793068885803,3.612917423248291,0.138934536385932,0.12083332985639572,0.125,3.937144622206688,1.8571387827396393
val,base,2067,8,0.013262636959552765,0.5320417284965515,0.119486004114151,0.4757063686847687,0.5038740485906601,0.75,0.375,0.25,0.0,0.125,0.0,0.0,0.25,9.370941538363695,0.3924805223941803,0.20965873225015308,0.125,0.1963658630847931,3.80269405990839,1.8301311507821083
val,base,2160,8,0.025750339031219482,0.09858018159866333,0.00891721248626709,0.07255893349647521,0.08556955754756926,1.0,0.0,0.0,0.0,0.0,0.0,0.0,0.0,13.297508239746094,9.50224781036377,0.025750337954377756,0.0,0.0,4.860777974128723,2.1641849130392075
val,base,2384,8,-0.3430558772524819,1.0,-0.483572197612375,0.4548057794570921,0.7274028897285457,0.25,0.125,0.25,0.125,0.125,0.25,0.125,0.375,22.662956655025482,3.7525596618652344,0.1718292111227604,0.15416666120290756,0.5582251729210839,3.5552349016070366,1.7236179634928703
val,base,2532,8,-0.07811946514993906,0.22588753700256348,0.00010654330253601074,0.07159324288368221,0.14874038994312275,0.625,0.0,0.125,0.0,0.0,0.125,0.0,0.5,12.3661527633667,4.821993827819824,0.10988380579676527,0.0,0.188003265298903,2.91168025881052,1.5285937562584877
val,base,2550,8,-0.14680685102939606,0.47189974784851074,0.05361089110374451,0.2311022222042083,0.3515009850263594,0.75,0.125,0.0,0.0,0.25,0.0,0.0,0.0,5.6558950543403625,2.620159864425659,0.09016804164275527,0.0416666641831398,0.0,4.719529032707214,2.1294493973255157
val,base,2580,8,0.26264607161283493,0.7249767780303955,0.162155419588089,0.6494483888149262,0.6872125834226608,1.0,0.375,0.25,0.0,0.0,0.0,0.0,0.0,4.830217868089676,3.4396629333496094,0.26264607533812523,0.0,0.0,4.7672553062438965,2.1438648402690887
val,base,2653,8,-0.10154194384813309,0.17835700511932373,0.00016313791275024414,0.05856571197509763,0.1184613585472106,0.5,0.0,0.0,0.0,0.125,0.0,0.0,0.0,14.69093930721283,8.858298301696777,0.02368500390007704,0.0,0.0,4.943434059619904,2.211651921272278
val,base,2964,8,-0.499912329018116,5.984306335449219e-05,-0.4996897876262665,2.658963203430175e-05,4.321634769439694e-05,0.5,0.0,0.125,0.0,0.25,0.375,0.0,0.0,15.956586182117462,3.9211134910583496,0.1208193425570272,0.0,0.375,4.785792410373688,2.140705704689026
val,base,2994,8,-0.08233079314231873,1.0,-0.18209156394004822,1.0,1.0,0.5,0.5,1.0,0.25,0.5,0.0,0.0,0.0,4.760098785161972,3.9557745456695557,0.6475844979286194,0.4583333283662796,0.022506342547785607,4.852965295314789,2.161755293607712
val,base,3065,8,-0.068893201649189,0.7413557767868042,0.0338892936706543,0.5777497291564941,0.6595527529716491,0.75,0.25,0.25,0.0,0.0,0.25,0.0,0.0,13.346177816390991,5.938932418823242,0.1388283989581396,0.07083334028720856,0.25,4.753056466579437,2.11837375164032
val,base,3267,8,-0.3483966737985611,0.8406043648719788,-0.31388890743255615,0.2521813511848448,0.5463928580284114,0.25,0.125,0.125,0.0,0.375,0.125,0.0,0.0,18.86072736978531,6.7920613288879395,0.09387163792855868,0.13750000298023224,0.2339392676949501,4.7204649448394775,2.1369334161281586
val,base,3804,8,-0.8860373198986053,-0.13051587343215942,-0.9969157874584198,-0.7187187969684603,-0.4246173352003102,0.0,0.0,0.0,0.0,0.125,0.875,0.0,0.125,16.198176085948944,7.284163951873779,0.041204893347299286,0.0,0.9272312894463539,3.9428841024637222,1.8748722448945045
val,base,4000,8,0.15914319455623627,0.9473437666893005,0.1853293478488922,0.6180525183677672,0.7826981425285336,0.875,0.5,0.25,0.0,0.125,0.0,0.0,0.0,8.121216058731079,5.146607398986816,0.3082460213918239,0.10833333432674408,0.0,4.66576486825943,2.0999028980731964
val,base,4003,8,0.00725836306810379,0.03395026922225952,0.002943754196166992,0.016510283946990962,0.025230276584625233,1.0,0.0,0.0,0.0,0.0,0.0,0.0,0.0,15.196016192436218,10.721151351928711,0.007258359421030036,0.0,0.0,4.796879470348358,2.149310141801834
val,base,4075,8,-0.20412327349185944,0.33250677585601807,0.006192952394485474,0.10773060321807855,0.22011868953704816,0.75,0.125,0.0,0.0,0.25,0.0,0.0,0.0,13.241664946079254,7.391238689422607,0.04593601333726838,0.0,0.0,4.691670358181,2.115735113620758
val,base,4081,8,-0.472808969207108,0.8138276934623718,-0.7499988973140717,0.24414834976196276,0.528988021612167,0.25,0.125,0.125,0.0,0.0,0.5,0.125,0.0,28.097771883010864,3.6139163970947266,0.09591113817598168,0.02499999850988388,0.5745379896834493,4.621411025524139,2.117633208632469
val,base,4127,8,-0.015371037647128105,0.08317595720291138,0.00027304887771606445,0.027674645185470567,0.05542530119419094,0.875,0.0,0.0,0.0,0.0,0.0,0.0,0.0,14.886314749717712,7.333162307739258,0.011162518744669114,0.0,0.026533549651503563,4.785500764846802,2.1730218827724457
val,base,4186,8,-0.6064188946038485,0.3281214237213135,-0.9839605689048767,0.11105992197990412,0.21959067285060865,0.25,0.125,0.0,0.0,0.0,0.625,0.375,0.125,20.27181077003479,7.433387756347656,0.04744105583496822,0.0,0.8411981258541346,4.202613800764084,1.9731675311923027
val,base,4527,8,-0.2120661810040474,0.0002243518829345703,1.8775463104248047e-05,0.0001378178596496582,0.0001810848712921142,0.75,0.0,0.0,0.0,0.0,0.125,0.0,0.125,14.779037475585938,9.877888679504395,0.02663713017340097,0.0,0.23870331048965454,4.086580887436867,1.9316619336605072
val,base,4587,8,-0.1319001391530037,0.8412901163101196,2.3543834686279297e-05,0.4393261015415191,0.6403081089258191,0.625,0.125,0.25,0.0,0.125,0.25,0.0,0.125,12.874850392341614,6.702804088592529,0.10621926725116149,0.17916666716337204,0.25,4.207810789346695,1.936999924480915
val,base,4716,8,-0.0819098949432373,0.693601667881012,2.0265579223632812e-06,0.2082688808441161,0.45093527436256375,0.625,0.125,0.25,0.0,0.0,0.125,0.0,0.0,22.088091373443604,4.365976333618164,0.15836765434933953,0.05416666716337204,0.2634037360548973,4.769691586494446,2.1269600987434387
val,base,4832,8,0.026139830239117146,0.894427478313446,2.9802322387695312e-08,0.7766913056373596,0.8355593919754027,0.5,0.25,0.375,0.0,0.125,0.125,0.0,0.0,18.332414627075195,4.048813343048096,0.2502536220066227,0.09583333134651184,0.2072323514148593,4.655792653560638,2.097473159432411
val,base,4849,8,-0.025397002696990967,0.23961693048477173,0.0714481770992279,0.23225369453430175,0.23593531250953673,0.875,0.0,0.0,0.0,0.125,0.0,0.0,0.25,5.6288833022117615,3.441401958465576,0.09770990782271838,0.0208333358168602,0.0,4.020645156502724,1.8956476971507072
val,base,5182,8,-0.46017588675022125,0.21741843223571777,-0.48953777551651,0.097121787071228,0.15727010965347282,0.5,0.0,0.125,0.0,0.5,0.0,0.0,0.0,5.90685847401619,3.482668161392212,0.1294551311293617,0.0,0.0,5.444778800010681,2.3198282122612
val,base,5259,8,0.09717685729265213,0.44245535135269165,0.05066302418708801,0.20240955352783196,0.32243245244026164,1.0,0.125,0.0,0.0,0.0,0.0,0.0,0.25,4.4671966433525085,3.522691249847412,0.0623303217580542,0.0416666641831398,0.0,3.787471629679203,1.8126679062843323
val,base,5272,8,0.03446580469608307,0.0732833743095398,0.031723588705062866,0.06865655779838561,0.0709699660539627,1.0,0.0,0.0,0.0,0.0,0.0,0.0,0.375,6.533905446529388,4.132937908172607,0.03446580149466172,0.0,0.0,3.171325795352459,1.623090349137783
val,base,5290,8,-0.5380726382136345,0.6959655284881592,-0.9962414503097534,0.22354233264923085,0.45975393056869474,0.25,0.125,0.25,0.0,0.5,0.5,0.0,0.25,6.3962225914001465,2.1737418174743652,0.04229230515193194,0.19999999552965164,0.5,4.232540801167488,1.92472355812788
val,base,5398,8,-0.25173911498859525,0.012378871440887451,2.1278858184814453e-05,0.00595603585243225,0.009167453646659846,0.625,0.0,0.0,0.0,0.125,0.0,0.0,0.0,16.639710307121277,3.216524124145508,0.0026513351429202636,0.0,0.12939019547775388,5.2775644063949585,2.3553114533424377
val,base,5470,8,-0.12060491740703583,0.03118222951889038,5.793571472167969e-05,0.011779123544692988,0.02148067653179167,0.75,0.0,0.0,0.0,0.125,0.0,0.0,0.0,16.89694881439209,11.805456161499023,0.004395083816457479,0.0,0.0,4.896174430847168,2.170746475458145
val,base,5886,8,9.544193744659424e-06,6.449222564697266e-05,9.834766387939453e-07,2.4312734603881824e-05,4.4402480125427215e-05,0.875,0.0,0.0,0.0,0.0,0.0,0.0,0.0,28.15303897857666,24.61497688293457,9.537213287891255e-06,0.0,0.0,4.833307862281799,2.205722898244858
val,base,5977,8,-0.3744414448738098,0.00389862060546875,8.344650268554688e-07,0.0013868808746337884,0.002642750740051268,0.5,0.0,0.0,0.0,0.375,0.0,0.0,0.0,17.847254753112793,12.948704719543457,0.0014933079544814174,0.0,0.0,4.927311360836029,2.2147465646266937
val,base,5998,8,-0.03735986351966858,0.6995288133621216,6.318092346191406e-06,0.21052079200744617,0.45502480268478357,0.625,0.125,0.125,0.0,0.125,0.0,0.0,0.125,16.394777297973633,4.3098859786987305,0.08764425907330299,0.0,0.0,4.502416148781776,2.018300123512745
val,base,6005,8,-0.3325778618454933,1.6093254089355469e-06,2.9802322387695312e-08,5.245208740234372e-07,1.0669231414794913e-06,0.5,0.0,0.0,0.0,0.0,0.375,0.125,0.0,24.648911952972412,15.388935089111328,0.001249309447682707,0.0416666641831398,0.4375,4.775969505310059,2.172367751598358
val,base,6112,8,0.0029683709144592285,0.021926522254943848,0.0001036524772644043,0.007498496770858761,0.014712509512901296,1.0,0.0,0.0,0.0,0.0,0.0,0.0,0.125,23.90921199321747,13.094992637634277,0.0029683668643141203,0.0,0.0,4.544324293732643,2.046132452785969
val,base,6214,8,-0.2912089452147484,0.5039618015289307,4.827976226806641e-06,0.16308609247207634,0.33352394700050325,0.5,0.125,0.125,0.0,0.0,0.25,0.0,0.125,16.290678024291992,5.968290328979492,0.08333037294232781,0.0,0.3745393306016922,4.415892496705055,1.9815541878342628
val,base,6472,8,-0.7497479096055031,0.002016723155975342,-1.0,0.0006050169467926022,0.001310870051383971,0.125,0.0,0.0,0.0,0.75,0.0,0.0,0.0,16.859996557235718,9.760272979736328,0.0041354884995154495,0.0,0.06624361872673035,4.788992285728455,2.160542845726013
val,base,6593,8,-0.4637538939714432,0.2622309923171997,-0.5,0.0980857968330383,0.1801583945751189,0.25,0.0,0.25,0.0,0.5,0.0,0.0,0.125,7.910036027431488,4.342327117919922,0.10228176477081352,0.17083332687616348,0.01702217571437359,4.382995717227459,2.006267584860325
val,base,6599,8,-0.32214799523353577,0.6902660131454468,-0.48610949516296387,0.6704854786396026,0.6803757458925247,0.5,0.25,0.625,0.0,0.375,0.125,0.0,0.0,10.66443008184433,4.397273540496826,0.2822146788847135,0.2083333358168602,0.125,4.695346176624298,2.111342638731003
val,base,6613,8,-0.24979981780052185,0.000555574893951416,8.532404899597168e-05,0.0004633665084838867,0.0005094707012176513,0.75,0.0,0.0,0.0,0.125,0.125,0.0,0.0,24.35641074180603,20.591054916381836,0.00020025428361236663,0.0,0.24787376821041107,4.643519461154938,2.098068743944168
val,base,6651,8,-0.6133648529648781,0.29088926315307617,-0.9850773513317108,0.04466060101985925,0.16777493208646754,0.125,0.0,0.125,0.125,0.375,0.5,0.0,0.0,10.790111631155014,2.9676010608673096,0.19881918700411916,0.12083332985639572,0.6527835875749588,4.64018177986145,2.088601380586624
val,base,7147,8,0.010080769658088684,0.04012066125869751,0.005343019962310791,0.027890366315841672,0.034005513787269584,0.875,0.0,0.0,0.0,0.0,0.0,0.0,0.125,15.348750591278076,8.877419471740723,0.010080771170253633,0.0,0.0,4.460240721702576,2.0254370123147964
val,base,7559,8,-0.09782551974058151,0.3471658229827881,0.0003609657287597656,0.3385231852531433,0.3428445041179657,0.75,0.25,0.0,0.0,0.125,0.0,0.125,0.125,17.494035065174103,7.263040542602539,0.09831042594252537,0.0,0.18167563527822495,4.841268107295036,2.1621586605906487
val,base,7605,8,-0.4267280399799347,0.043499767780303955,-0.24445682764053345,0.018706643581390375,0.03110320568084715,0.5,0.0,0.125,0.0,0.125,0.25,0.375,0.5,14.316999435424805,5.641510009765625,0.07328617772141506,0.0,0.5177866891026497,3.1056006029248238,1.4742951169610023
val,base,7676,8,-0.03537420183420181,0.7110973596572876,0.0006994009017944336,0.21501557826995837,0.4630564689636227,0.875,0.125,0.125,0.0,0.125,0.125,0.0,0.125,17.99867594242096,4.19856071472168,0.13700660799221964,0.0,0.125,4.377316817641258,1.9951209500432014
val,base,7681,8,-0.13966134190559387,0.983040452003479,-0.47477462887763977,0.9610101163387299,0.9720252841711045,0.5,0.375,0.5,0.0,0.0,0.5,0.25,0.0,13.617953419685364,3.284646511077881,0.3538035137159319,0.34583333879709244,0.700878337184804,4.685679018497467,2.1306571662425995
val,base,7844,8,-0.20135390758514404,0.38473260402679443,0.0002453029155731201,0.11751554012298578,0.25112407207488996,0.625,0.125,0.0,0.0,0.125,0.25,0.0,0.0,14.990141332149506,5.88331937789917,0.010199476790636777,0.0416666641831398,0.25,4.556789517402649,2.0879790484905243
val,base,8119,8,-0.03347444534301758,0.46936309337615967,0.035199493169784546,0.21885923743247981,0.3441111654043196,0.875,0.125,0.0,0.0,0.0,0.125,0.0,0.0,14.50695276260376,10.15101146697998,0.033487149521533865,0.05833332985639572,0.125,6.101634502410889,2.3076209723949432
val,base,8155,8,0.009463638067245483,0.024673938751220703,0.006833970546722412,0.019606149196624754,0.022140043973922725,1.0,0.0,0.0,0.0,0.0,0.0,0.0,0.0,14.358948469161987,12.344888687133789,0.009463644826809059,0.0,0.0,5.971742749214172,2.2924483865499496
val,base,8179,8,-0.8688325136899948,0.049339890480041504,-1.0,-0.6851980328559877,-0.3179290711879736,0.125,0.0,0.125,0.0,0.875,0.0,0.0,0.125,7.213334858417511,4.355151176452637,0.11551452410640195,0.10000000149011612,0.0,4.252240367233753,1.9717695266008377
val,base,8534,8,-0.23988348245620728,0.8872866630554199,-0.4874272644519806,0.829230010509491,0.8582583367824554,0.5,0.375,0.5,0.0,0.5,0.0,0.0,0.25,4.498626351356506,3.042905330657959,0.2534814686514437,0.2708333283662796,0.0,3.8569093197584152,1.7895685881376266
val,base,8553,8,-0.3817311907187104,0.0334133505821228,-0.0438123382627964,0.010267418622970575,0.021840384602546677,0.5,0.0,0.0,0.0,0.375,0.0,0.0,0.25,18.876958966255188,9.156800270080566,0.004329279904325745,0.0,0.010953978635370731,4.034173354506493,1.8914176896214485
val,base,8673,8,-0.11375356465578079,0.9717572927474976,0.0007017254829406738,0.3303828835487364,0.6510700881481166,0.75,0.125,0.125,0.0,0.125,0.125,0.0,0.5,6.263655185699463,4.707274436950684,0.11104641799647652,0.11666666716337204,0.125,2.9976068884134293,1.5155564844608307
val,base,8836,8,-0.36907629668712616,1.0,-0.6154066920280457,0.49016164541244495,0.7450808227062222,0.375,0.125,0.625,0.125,0.375,0.0,0.0,0.0,9.454096019268036,4.371706485748291,0.3248640109086409,0.5333333238959312,0.2814998906105757,4.918039083480835,2.1964022368192673
val,base,9127,8,-0.6276813000440598,0.9785305261611938,-1.0,0.2935612022876738,0.6360458642244333,0.25,0.125,0.125,0.0,0.375,0.375,0.0,0.0,24.866467028856277,2.698700189590454,0.10487476698884812,0.10833333432674408,0.375,4.778062045574188,2.1513868272304535
val,base,9158,8,-0.06798226188402623,0.9717556238174438,-0.005411095451563597,0.8075344502925872,0.8896450370550154,0.5,0.25,0.25,0.0,0.0,0.25,0.0,0.0,6.082299709320068,2.4045262336730957,0.1152654695322326,0.12083332985639572,0.28563361417036504,4.757550895214081,2.134025663137436
val,base,9338,8,-0.4084378406405449,0.7192768454551697,-0.49362364411354065,0.21611037254333484,0.46769360899925194,0.25,0.125,0.125,0.0,0.25,0.25,0.0,0.0,12.963306546211243,4.1182451248168945,0.09389205136915131,0.03750000149011612,0.25,4.910659432411194,2.209323465824127
val,base,9591,8,0.2188076600432396,0.5092114210128784,0.17576605081558228,0.427489298582077,0.46835035979747763,1.0,0.25,0.125,0.0,0.0,0.0,0.0,0.0,5.616016685962677,4.177253723144531,0.21880765745299868,0.0,0.0,4.796541631221771,2.1388008892536163
val,base,9631,8,-0.3424541503190994,0.09129321575164795,0.01302880048751831,0.05391752719879149,0.0726053714752197,0.625,0.0,0.0,0.0,0.25,0.125,0.0,0.0,6.025616407394409,3.218848705291748,0.04921665374422446,0.0,0.125,4.6699113845825195,2.123965233564377
val,base,9800,8,-0.36220938339829445,0.48920339345932007,-0.23750479519367218,0.14704865813255302,0.3181260257959363,0.5,0.125,0.125,0.0,0.25,0.25,0.0,0.0,6.812525689601898,3.3647477626800537,0.0722319233932609,0.125,0.31638844264671206,4.652385711669922,2.1163051277399063
val,base,10054,8,-0.07581000030040741,0.21798324584960938,0.022804617881774902,0.11329309940338132,0.16563817262649527,0.875,0.0,0.125,0.125,0.125,0.0,0.0,0.0,7.328441858291626,4.659556865692139,0.021942098195722792,0.12083332985639572,0.09358542412519455,4.61496239900589,2.0920579880476
val,base,10334,8,-0.4986845403909683,0.005591690540313721,-0.4999999701976776,0.005084836483001709,0.005338263511657715,0.5,0.0,0.0,0.0,0.375,0.125,0.0,0.125,26.643544912338257,16.36171531677246,0.0013188375424723064,0.0,0.125,5.193190552294254,2.1081376895308495
val,base,10368,8,-0.2732776701450348,1.0,-0.9700224995613098,1.0,1.0,0.375,0.375,0.5,0.25,0.25,0.375,0.0,0.0,9.620496898889542,3.4772422313690186,0.308408449171111,0.44999999552965164,0.375682866841089,4.9286065101623535,2.172543555498123
val,base,10490,8,-0.16486788541078568,0.6258094310760498,0.0002490580081939697,0.22461279034614554,0.4252111107110974,0.75,0.125,0.125,0.0,0.125,0.125,0.0,0.125,13.439702689647675,5.252395153045654,0.032791277648811956,0.08750000596046448,0.14203741028904915,4.350660748779774,2.0044106990098953
val,base,10613,8,-0.2490461841225624,0.004654109477996826,5.841255187988281e-06,0.0027852833271026604,0.0037196964025497424,0.625,0.0,0.0,0.0,0.125,0.0,0.0,0.125,14.635783314704895,8.678420066833496,0.0009964311647507888,0.0,0.12499506771564484,4.554955504834652,2.069224424660206
val,base,10857,8,0.08984106034040451,0.8541575074195862,0.0004918277263641357,0.8409119188785553,0.8475347131490707,0.75,0.25,0.5,0.0,0.0,0.125,0.0,0.75,10.342382311820984,4.559103012084961,0.2415924103402176,0.1874999925494194,0.29118993133306503,2.003585308790207,1.2170872315764427
val,base,11103,8,-0.18139363080263138,0.31619328260421753,0.022167176008224487,0.20434868335723874,0.26027098298072804,0.625,0.125,0.25,0.0,0.125,0.25,0.0,0.125,5.039076864719391,2.9252240657806396,0.12043258221819997,0.24583332985639572,0.25889255851507187,4.522962644696236,2.023670606315136
val,base,11172,8,-0.204839788377285,0.5994338393211365,0.04054585099220276,0.5694616079330445,0.5844477236270904,0.625,0.25,0.25,0.0,0.25,0.25,0.0,0.125,5.802091091871262,3.4166743755340576,0.17518326414574403,0.0,0.25,4.210921823978424,1.9438164234161377
val,base,11456,8,-0.33843594416975975,0.4333333373069763,-0.2460079789161682,0.3625264972448349,0.39792991727590554,0.5,0.25,0.25,0.125,0.375,0.125,0.125,0.0,6.600488752126694,0.8365190029144287,0.04772698114175,0.24166666716337204,0.2527991503011435,4.853696823120117,2.2028722167015076
val,base,11817,8,0.26407068967819214,0.7355788350105286,0.14096730947494507,0.6825909316539764,0.7090848833322525,1.0,0.25,0.25,0.0,0.0,0.0,0.0,0.0,4.950610250234604,3.730318546295166,0.11351322871632874,0.1666666716337204,0.0,5.6421889662742615,2.3937720358371735
val,base,12050,8,-0.3654460571706295,0.8694661259651184,-0.5382067412137985,0.4096483588218688,0.6395572423934933,0.375,0.125,0.125,0.0,0.5,0.0,0.0,0.0,6.996816724538803,3.0660111904144287,0.08912191817580606,0.10000000149011612,0.017987798899412155,4.860049068927765,2.1740245521068573
val,base,12122,8,0.013019949197769165,0.06289047002792358,0.0003699064254760742,0.042834770679473874,0.052862620353698715,1.0,0.0,0.0,0.0,0.0,0.0,0.0,0.0,15.684097051620483,4.434476852416992,0.013019940281690179,0.0,0.0,5.096462547779083,2.2497825920581818
val,base,12237,8,-0.2449539229273796,0.02269744873046875,0.00010409951210021973,0.015493595600128172,0.019095522165298456,0.75,0.0,0.0,0.0,0.0,0.25,0.0,0.125,21.458699822425842,13.525068283081055,0.0050460729932382264,0.0,0.25,4.278320141136646,1.9860263019800186
val,base,12320,8,0.06391853839159012,0.11417001485824585,0.0687282383441925,0.10004114508628845,0.10710557997226713,1.0,0.0,0.0,0.0,0.0,0.0,0.0,0.0,4.123420864343643,3.3680052757263184,0.06391853536479175,0.0,0.0,4.86521577835083,2.1904819011688232
val,base,12354,8,0.1606791466474533,1.0,0.0276944637298584,0.732324981689453,0.8661624908447263,0.875,0.375,0.375,0.125,0.0,0.125,0.0,0.125,8.780825853347778,4.8770222663879395,0.22912247330832258,0.12083332985639572,0.128569160355255,4.410191737115383,2.0072916448116302
val,base,12411,8,0.2538256123661995,0.9060916900634766,0.2397758960723877,0.869432556629181,0.8877621233463288,0.875,0.375,0.5,0.0,0.125,0.0,0.0,0.5,9.888470649719238,5.209582805633545,0.24403409914168606,0.38333332538604736,0.0,2.9895244240760803,1.550432175397873
val,base,12476,8,-0.3969822898507118,0.7332608699798584,-0.46400728821754456,0.22954256534576403,0.48140171766281087,0.5,0.125,0.125,0.0,0.375,0.0,0.0,0.0,16.20455765724182,7.226362228393555,0.04775051425210028,0.07500000298023224,0.11603197455406189,4.703377902507782,2.1057158708572388
val,base,12521,8,-0.477536216378212,0.09061014652252197,-0.48242369294166565,0.04269165992736815,0.06665090322494503,0.5,0.0,0.125,0.0,0.125,0.375,0.0,0.125,7.537328287959099,0.6034430265426636,0.02246378573909169,0.125,0.375,4.444830410182476,2.0153058543801308
val,base,12603,8,-0.12405066192150116,0.0044789910316467285,6.300210952758789e-05,0.0033402800559997553,0.0039096355438232415,0.875,0.0,0.0,0.0,0.125,0.0,0.0,0.0,22.96406364440918,16.80773162841797,0.0009765130157362023,0.0,0.0,4.8199350237846375,2.1698092222213745
val,base,12752,8,-0.38557177782058716,0.30125880241394043,-0.3359328806400299,0.2740010440349579,0.28762992322444914,0.5,0.125,0.125,0.0,0.375,0.25,0.0,0.0,5.361915337853134,0.11566104739904404,0.06655766278436204,0.11250000447034836,0.33629412949085236,4.977020084857941,2.2109820395708084
val,base,13064,8,-0.2934798076748848,0.531378984451294,0.0006507933139801025,0.2383144497871398,0.3848467171192167,0.625,0.125,0.25,0.0,0.25,0.25,0.25,0.125,14.20779001712799,5.239988803863525,0.1556704265379949,0.0,0.375,4.3976230919361115,1.9547835662961006
val,base,13317,8,-0.36540815234184265,1.0,-0.4962412714958191,0.3267467319965361,0.6633733659982677,0.5,0.125,0.125,0.125,0.25,0.5,0.0,0.0,15.819829046726227,5.556649684906006,0.1003984243586018,0.12083332985639572,0.5,4.707330942153931,2.113470584154129
val,base,13330,8,0.0035750865936279297,0.02539050579071045,0.0005726814270019531,0.008245420455932613,0.016817963123321518,1.0,0.0,0.0,0.0,0.0,0.0,0.0,0.25,20.888933897018433,13.29532241821289,0.0035750966799241723,0.0,0.0,3.9274019673466682,1.8701084703207016
val,base,13400,8,-0.06895563751459122,0.5486000180244446,0.1025470495223999,0.42869523763656614,0.4886476278305053,0.75,0.375,0.125,0.0,0.25,0.0,0.0,0.0,9.61460429430008,5.601670742034912,0.1815104209454148,0.0,0.0,4.92860347032547,2.2268215715885162
val,base,13800,8,-0.5805967152118683,0.04145705699920654,-0.8431875109672546,0.01246548891067504,0.026961272954940774,0.375,0.0,0.125,0.0,0.0,0.625,0.375,0.0,16.88106369972229,5.667580604553223,0.11951899713244529,0.02916666865348816,0.8125,4.691906809806824,2.109473615884781
val,base,14103,8,-0.33249436132609844,0.05573287606239319,-0.09220380336046219,0.04058393537998199,0.04815840572118758,0.5,0.0,0.0,0.0,0.0,0.375,0.0,0.0,14.541466772556305,4.886502742767334,0.09360998998587888,0.0,0.42610435001552105,4.777329206466675,2.1454270780086517
val,base,14315,8,-0.4007551372051239,0.060700297355651855,-0.136285662651062,0.021132093667984,0.0409161955118179,0.5,0.0,0.125,0.0,0.125,0.375,0.125,0.0,15.657810747623444,4.029697895050049,0.09924569796188676,0.0,0.4375,5.718468368053436,2.3331429064273834
val,base,14337,8,-0.0778939500451088,0.5931656956672668,0.012925416231155396,0.24117520451545707,0.4171704500913617,0.75,0.125,0.0,0.125,0.125,0.0,0.125,0.125,6.537719339132309,3.673997163772583,0.07210605929140002,0.0,0.07665231358259916,5.181392572820187,2.0888345539569855
val,base,14448,8,0.10700132697820663,0.6797980666160583,0.03785887360572815,0.5930517137050628,0.6364248901605606,0.875,0.375,0.375,0.0,0.125,0.0,0.0,0.0,5.071768641471863,3.728560447692871,0.18932198095717467,0.0625,0.0,4.789370357990265,2.1165618002414703
val,base,14472,8,-0.5117941200733185,0.7041521072387695,-1.0,0.3406225085258483,0.5223873078823087,0.375,0.125,0.125,0.0,0.625,0.0,0.0,0.0,4.168881207704544,3.604215145111084,0.12764959937725706,0.0,0.0,5.146141886711121,2.2807623744010925
val,base,14529,8,-0.05026979744434357,0.24197810888290405,0.07328209280967712,0.13562812805175778,0.18880311846733086,0.875,0.0,0.0,0.0,0.0,0.0,0.0,0.0,7.531881600618362,3.945850133895874,0.07471635821275413,0.0,0.12498615682125092,5.108007967472076,2.2862702310085297
val,base,14620,8,0.06309359520673752,0.3887229561805725,0.013483107089996338,0.1482136130332946,0.2684682846069334,0.875,0.125,0.0,0.0,0.0,0.0,0.0,0.0,7.215092837810516,4.473643779754639,0.018856435714694933,0.04583333432674408,0.0,6.588674545288086,2.6002600491046906
val,base,15433,8,0.3600383847951889,1.0,0.21161046624183655,0.9782374858856201,0.98911874294281,0.875,0.375,0.5,0.375,0.0,0.25,0.0,0.0,6.631766527891159,3.8118488788604736,0.42658423991088057,0.3124999925494194,0.25,5.891716718673706,2.460371285676956
val,base,15637,8,0.20620682835578918,0.991814136505127,0.00952407717704773,0.6645657420158385,0.8281899392604826,1.0,0.25,0.25,0.0,0.0,0.0,0.0,0.0,13.571127712726593,3.755302906036377,0.11707262343298908,0.18333332985639572,0.0,4.795923709869385,2.1665357649326324
val,base,15690,8,-0.624999962747097,0.0,-0.9999998509883881,0.0,0.0,0.0,0.0,0.0,0.0,0.125,0.5,0.0,0.0,25.69239640235901,23.056825637817383,3.738626679705144e-08,0.0,0.5,4.967239141464233,2.1921041309833527
val,base,15737,8,-0.1608235090970993,0.9046449065208435,1.2129545211791992e-05,0.598060119152069,0.7513525128364561,0.625,0.25,0.25,0.125,0.0,0.25,0.0,0.25,13.962165236473083,3.4366726875305176,0.087291093124783,0.21666666120290756,0.4081116393208504,3.848868891596794,1.844674989581108
val,base,15866,8,0.1439807265996933,0.7504787445068359,0.01794564723968506,0.4421327352523803,0.5963057398796079,1.0,0.25,0.125,0.0,0.0,0.0,0.0,0.125,13.69897210597992,3.797666072845459,0.14398072793346728,0.0,0.0,4.352169997990131,2.0450063049793243
val,base,15927,8,0.06569156050682068,0.8610407114028931,0.04381757974624634,0.5785531878471374,0.7197969496250151,0.875,0.25,0.125,0.0,0.125,0.0,0.0,0.0,6.0476918667554855,1.860226035118103,0.12121190948528238,0.10000000149011612,0.0,5.03179407119751,2.2004875540733337
val,base,15984,8,0.1360510140657425,0.3371654748916626,0.0890691876411438,0.3329888105392456,0.3350771427154541,1.0,0.25,0.0,0.0,0.0,0.0,0.0,0.0,11.593016147613525,7.0087361335754395,0.1360510103404522,0.0,0.0,4.5994051694869995,2.0959284901618958
val,base,16417,8,0.06859683245420456,0.9921346306800842,0.18679800629615784,0.7372393190860748,0.8646869748830793,0.75,0.5,0.25,0.0,0.0,0.25,0.125,0.125,12.913131773471832,3.6500935554504395,0.26683480919919234,0.16249999403953552,0.3125,4.18148335814476,1.9611709490418434
val,base,16429,8,0.07892521470785141,0.8717183470726013,0.033411115407943726,0.8505684971809387,0.86114342212677,0.75,0.375,0.375,0.0,0.25,0.0,0.0,0.125,7.036571145057678,3.91910982131958,0.0381374639691785,0.3166666626930237,0.0,4.570303753018379,2.0261351242661476
val,base,16445,8,0.07897544652223587,0.706122636795044,0.010340839624404907,0.6794328987598419,0.6927777677774429,0.75,0.375,0.5,0.0,0.0,0.125,0.0,0.0,15.451153099536896,4.246747016906738,0.3347112063227278,0.0,0.25573576241731644,4.907938241958618,2.182453691959381
val,base,16968,8,-0.6122883930802345,0.00047576427459716797,-0.8020626902580261,0.0001427292823791503,0.0003092467784881589,0.125,0.0,0.125,0.0,0.5,0.125,0.0,0.0,5.111148342490196,1.9929245710372925,0.18044967836976866,0.0,0.2398990523070097,4.642851173877716,2.0886381566524506
val,base,16988,8,-0.2827676385641098,0.6433317065238953,0.000724494457244873,0.2567557275295257,0.4500437170267102,0.625,0.125,0.125,0.0,0.375,0.0,0.0,0.0,5.347539901733398,3.307681083679199,0.12040222940231615,0.0,0.0,5.946285426616669,2.507952183485031
val,base,17034,8,0.2761188894510269,0.7545566558837891,0.14263883233070374,0.7268861293792724,0.7407213926315307,1.0,0.25,0.25,0.0,0.0,0.0,0.0,0.0,6.3338325917720795,3.5593044757843018,0.12050456274300814,0.17499999701976776,0.0,4.845311403274536,2.1751754134893417
val,base,17043,8,-0.10805994272232056,0.11577773094177246,2.631545066833496e-05,0.03523116111755369,0.07550444602966302,0.875,0.0,0.0,0.0,0.0,0.125,0.0,0.0,14.054761528968811,4.903217792510986,0.016940050614591584,0.0,0.125,5.133254766464233,2.2469632625579834
val,base,17048,8,-0.12392572313547134,1.0,0.0003072023391723633,0.3023874044418333,0.6511937022209162,0.625,0.125,0.125,0.125,0.125,0.125,0.0,0.0,13.579613447189331,5.465903282165527,0.07203483632036656,0.12083332985639572,0.125,5.010601878166199,2.2245994806289673
val,base,17071,8,0.09752483665943146,0.27377116680145264,0.03186807036399841,0.26716057658195497,0.2704658716917038,1.0,0.0,0.0,0.0,0.0,0.0,0.0,0.375,7.534523248672485,3.4995861053466797,0.09752484026830643,0.0,0.0,3.374176934361458,1.6767405420541763
val,base,17762,8,0.25683025270700455,0.7634444832801819,0.08941060304641724,0.7183644711971283,0.740904477238655,1.0,0.25,0.25,0.0,0.0,0.0,0.0,0.125,5.134981662034988,3.35624623298645,0.25683025486796396,0.0,0.0,4.118160247802734,1.9228112250566483
val,base,18036,8,0.014917537569999695,0.9189605712890625,0.018704116344451904,0.3707856833934783,0.64487312734127,0.875,0.125,0.25,0.0,0.125,0.0,0.0,0.0,6.090120002627373,1.428745150566101,0.07407300688453233,0.23333333432674408,0.0,4.9942463636398315,2.221912771463394
val,base,18063,8,-0.36922574043273926,0.026089370250701904,0.002679973840713501,0.015008425712585446,0.02054889798164367,0.625,0.0,0.0,0.0,0.375,0.0,0.0,0.0,7.48840606212616,5.428967475891113,0.015278505437890999,0.0,0.0,4.77872759103775,2.153525620698929
val,base,18407,8,0.2673659697175026,0.7323354482650757,0.002213776111602783,0.7240015208721161,0.7281684845685958,1.0,0.375,0.25,0.125,0.0,0.0,0.0,0.0,7.364299058914185,3.362335205078125,0.14977474758779863,0.0833333283662796,0.0,4.656735181808472,2.0669219493865967
val,base,18470,8,-0.4477149862796068,0.1948121190071106,-0.3986049145460129,0.08520134091377256,0.1400067299604415,0.25,0.0,0.25,0.125,0.125,0.5,0.0,0.125,6.560664564371109,3.5828359127044678,0.1734723999961716,0.2291666641831398,0.6181995589286089,4.486013665795326,1.9922230392694473
val,base,18851,8,-0.3413088545203209,1.0,-0.4798441231250763,0.392259246110916,0.6961296230554577,0.5,0.125,0.25,0.125,0.25,0.25,0.0,0.5,6.047066897153854,1.6271297931671143,0.11975436806096695,0.24583332985639572,0.27197629772126675,2.94866556674242,1.5377097874879837
val,base,18866,8,-0.6189841330051422,0.02444756031036377,-1.0,0.017160677909851072,0.020804119110107416,0.375,0.0,0.5,0.0,0.625,0.0,0.0,0.0,5.917710661888123,4.239621162414551,0.38532940903678536,0.0,0.0,4.7934985756874084,2.1715925335884094
val,base,19027,8,-0.1100644962862134,0.8785091042518616,-0.19604866579174995,0.8673289000988007,0.8729190021753311,0.375,0.25,0.5,0.0,0.125,0.375,0.0,0.0,15.12841671705246,7.9785542488098145,0.06683060328987267,0.3791666626930237,0.5016561495140195,5.246971547603607,2.272905170917511
val,base,19076,8,0.19258717447519302,0.68454509973526,0.1520155370235443,0.5885378539562225,0.6365414768457412,0.875,0.25,0.375,0.0,0.0,0.125,0.0,0.375,9.965475976467133,4.334819793701172,0.27906480568344705,0.07083334028720856,0.12654465029481798,3.303765945136547,1.6445514187216759
val,base,19730,8,-0.24554456025362015,0.02601093053817749,0.0001208186149597168,0.014112293720245358,0.02006161212921142,0.75,0.0,0.0,0.0,0.25,0.0,0.0,0.375,20.493581771850586,13.24576473236084,0.005256589754612406,0.0,0.0,3.326082244515419,1.643032968044281
val,base,19755,8,-0.0911339595913887,0.11586475372314453,0.018264800310134888,0.08503239750862121,0.10044857561588286,0.875,0.0,0.125,0.0,0.125,0.0,0.0,0.0,7.0892749428749084,3.5087876319885254,0.03386603707986069,0.125,0.0,4.6437753438949585,2.092972829937935
val,base,19877,8,-0.8663298040628433,2.4437904357910156e-06,-0.999723345041275,-0.6524714767932893,-0.3262345165014272,0.125,0.0,0.0,0.0,0.125,0.875,0.0,0.0,15.81469476222992,8.065009117126465,0.008787575055109187,0.0,0.875,4.976038992404938,2.204176977276802
val,base,20325,8,-0.8749998360872269,8.344650268554688e-07,-1.0,-0.699999499320984,-0.34999933242797904,0.125,0.0,0.0,0.0,0.625,0.25,0.0,0.0,23.963843822479248,8.677297592163086,0.025960858551561782,0.0,0.25,4.869009375572205,2.1820346415042877
val,base,20335,8,-0.09739473648369312,0.48431068658828735,3.2782554626464844e-07,0.1453102707862853,0.3148104786872861,0.625,0.125,0.125,0.0,0.0,0.25,0.0,0.5,20.782960414886475,5.133232593536377,0.1775622215678352,0.0,0.27495695091784,2.8210503607988358,1.5038828700780869
val,base,20410,8,-0.28235417883843184,0.0,-0.035534460097551346,0.0,0.0,0.0,0.0,0.0,0.0,0.0,0.25,0.0,0.0,25.850002765655518,13.65538215637207,0.0026638113329842134,0.0,0.28501798491925,4.975989758968353,2.230008691549301
val,base,20451,8,-0.17350242286920547,0.28015363216400146,0.03783032298088074,0.16844713687896726,0.2243003845214843,0.75,0.0,0.25,0.125,0.25,0.125,0.0,0.0,10.39208996295929,6.772600173950195,0.13455048762261868,0.21666666120290756,0.125,5.246222734451294,2.2701951563358307
val,base,20722,8,0.005125189811224118,0.017746806144714355,0.002286980510689318,0.014430558681488036,0.016088682413101192,1.0,0.0,0.0,0.0,0.0,0.0,0.0,0.125,19.282074809074402,14.027284622192383,0.005157562960079076,0.0,3.2377760362578556e-05,4.45447114855051,2.0342217832803726
val,base,20777,8,-0.2344632321037352,0.1512826681137085,0.011157602071762085,0.08689545877277849,0.11908906344324346,0.625,0.0,0.0,0.0,0.25,0.0,0.0,0.125,9.745850145816803,6.775546550750732,0.07470057508908212,0.0,0.04288257905864157,4.433435909450054,2.017291784286499
val,base,20975,8,-0.24981823563575745,0.0011730790138244629,4.279613494873047e-05,0.0004323244094848631,0.0008027017116546626,0.75,0.0,0.0,0.0,0.25,0.0,0.0,0.125,24.282257795333862,19.493385314941406,0.0002925961771573782,0.0,0.0,4.3492321744561195,1.992419570684433
val,base,21254,8,-0.3631877526640892,0.08206510543823242,0.001515895128250122,0.029386830329895006,0.055725967884063685,0.625,0.0,0.0,0.0,0.375,0.0,0.0,0.0,6.535072147846222,4.142991542816162,0.03325691074132919,0.0,0.0,4.715872824192047,2.1232582479715347
val,base,21312,8,-0.4998008832335472,0.0,-0.49920833110809326,0.0,0.0,0.0,0.0,0.0,0.0,0.125,0.5,0.0,0.0,26.57832932472229,18.893301010131836,0.00022636104896541179,0.0,0.5,4.7068623304367065,2.149069219827652
val,base,21361,8,-0.1493891403079033,0.45357680320739746,0.003973901271820068,0.3391946792602539,0.3963857412338256,0.75,0.125,0.25,0.125,0.25,0.125,0.0,0.0,13.089187383651733,4.255527019500732,0.23883109651587375,0.2291666641831398,0.13346974551677704,5.806861698627472,2.3223762810230255
val,base,21639,8,0.09667368978261948,0.5694569945335388,0.003458678722381592,0.3001460909843444,0.43480154275894145,1.0,0.125,0.125,0.0,0.0,0.0,0.0,0.375,12.938142836093903,5.429786205291748,0.09667368740701932,0.0,0.0,3.4400573074817657,1.6766182482242584
val,base,21793,8,-0.2141847312450409,0.030408143997192383,0.0005627870559692383,0.02158538699150085,0.02599676549434661,0.625,0.0,0.0,0.0,0.0,0.25,0.0,0.25,11.095410466194153,6.6282572746276855,0.07138313842006028,0.0,0.28556787222623825,3.8991580680012703,1.8562056496739388
val,base,21807,8,-0.3257268965244293,1.0132789611816406e-05,0.0,3.03983688354492e-06,6.586313247680659e-06,0.125,0.0,0.0,0.0,0.0,0.25,0.0,0.125,21.115284383296967,7.452866077423096,0.047192577146022645,0.0,0.3729194700717926,4.224917732179165,1.9711118638515472
val,base,21832,8,-0.46718834340572357,0.32097530364990234,-0.5490825176239014,0.12367063760757441,0.22232297062873824,0.375,0.125,0.25,0.0,0.375,0.375,0.0,0.0,5.389449656009674,3.3462131023406982,0.11082841374445707,0.2291666641831398,0.3785393516882323,4.6805561780929565,2.124721586704254
val,base,21915,8,-1.0,-1.0,-1.0,-1.0,-1.0,0.0,0.0,0.0,0.0,1.0,0.0,0.0,0.125,6.782114863395691,4.428126811981201,0.052741800900548697,0.0,0.0,4.128614045679569,1.9371368661522865
val,base,21972,8,-0.003429551492445171,1.0,0.0016585886478424072,0.9765153586864471,0.9882576793432235,0.625,0.25,0.25,0.125,0.25,0.0,0.25,0.25,12.07676014304161,3.0691564083099365,0.1853805054414579,0.11249999701976776,0.19303368485998362,5.414640821516514,2.1180728375911713
val,base,22014,8,-0.6249895393848419,7.641315460205078e-05,-1.0,2.7889013290405262e-05,5.215108394622799e-05,0.375,0.0,0.125,0.0,0.625,0.0,0.0,0.0,8.234267890453339,6.383118152618408,0.032627562310519664,0.1041666641831398,0.0,4.750359416007996,2.157547205686569
val,base,22433,8,-0.12498924136161804,7.134675979614258e-05,0.0,3.17096710205078e-05,5.152821540832517e-05,0.25,0.0,0.0,0.0,0.0,0.125,0.0,0.0,29.199710607528687,21.023395538330078,1.076070657046734e-05,0.0,0.125,6.526193559169769,2.465660899877548
val,base,22956,8,0.20705921202898026,0.8701037168502808,0.43005579710006714,0.6822254180908203,0.7761645674705504,0.75,0.625,0.625,0.0,0.125,0.125,0.0,0.0,4.934226095676422,1.3244428634643555,0.3220619612839073,0.29999999701976776,0.125,4.744023084640503,2.126363903284073
val,base,23083,8,-0.015263548644725233,0.8793603181838989,4.538893699645996e-05,0.8152763664722442,0.8473183423280716,0.625,0.25,0.375,0.0,0.125,0.125,0.25,0.625,12.129487216472626,2.890186071395874,0.2226987639022866,0.1041666641831398,0.25084996834630147,2.520146608352661,1.3157515674829483
val,base,23186,8,0.24804407358169556,1.0,0.09516257047653198,0.9447171926498413,0.9723585963249206,0.875,0.375,0.375,0.125,0.125,0.0,0.0,0.0,6.014724373817444,4.601009368896484,0.13423825753852725,0.3541666641831398,0.0,4.687556684017181,2.1190221309661865
val,base,23406,8,-0.49037700705230236,0.00016862154006958008,-0.47502800077199936,5.058646202087399e-05,0.00010960400104522696,0.125,0.0,0.0,0.0,0.125,0.375,0.125,0.0,19.046677589416504,8.22387409210205,0.04020111887894023,0.0,0.46807519905269146,5.01308274269104,2.24945729970932
val,base,23420,8,0.05250035971403122,0.10861164331436157,0.048248887062072754,0.10629162192344666,0.10745163261890411,1.0,0.0,0.0,0.0,0.0,0.0,0.0,0.0,6.576203435659409,3.408402442932129,0.052500363628496416,0.0,0.0,4.841053009033203,2.1478125005960464
val,base,23465,8,-0.03277752920985222,0.026260673999786377,4.8667192459106445e-05,0.01114050149917602,0.01870058774948119,0.875,0.0,0.0,0.0,0.0,0.0,0.0,0.25,23.399331092834473,13.226140975952148,0.003910336883528487,0.0,0.036687854677438736,4.059382364153862,1.935004785656929
val,base,23498,8,-0.3479624018073082,0.13923227787017822,-0.1807941496372223,0.06501187086105345,0.1021220743656158,0.5,0.0,0.125,0.0,0.0,0.25,0.0,0.0,17.091734170913696,9.643362045288086,0.038191240703527043,0.07916666567325592,0.46422384679317474,5.088972568511963,2.2408571541309357
val,base,23540,8,0.041294217109680176,0.49933135509490967,0.0,0.2939197778701782,0.39662556648254377,0.375,0.125,0.125,0.0,0.0,0.125,0.0,0.0,21.439308166503906,6.005349159240723,0.0943254757475935,0.07500000298023224,0.125,4.812689483165741,2.141385316848755
val,base,24257,8,-0.2516542077064514,0.9316592812538147,-0.40234193205833435,0.8544215321540832,0.8930404067039489,0.375,0.25,0.625,0.0,0.25,0.5,0.0,0.125,8.332684934139252,3.8700952529907227,0.37999216815296677,0.5291666686534882,0.5,4.446476012468338,1.98566485196352
val,base,24383,8,-0.12495674192905426,0.0003451704978942871,0.0,0.00010409355163574213,0.00022463202476501447,0.375,0.0,0.0,0.0,0.0,0.125,0.0,0.0,29.310511350631714,12.737857818603516,4.325409449195857e-05,0.0,0.125,5.4957393407821655,2.252522975206375
val,base,24815,8,-0.04170271381735802,0.08879280090332031,4.76837158203125e-07,0.05127003788948058,0.07003141939640042,0.875,0.0,0.0,0.0,0.0,0.0,0.0,0.25,23.793504118919373,10.656929969787598,0.015798286150918273,0.0,0.05750099942088127,3.836841270327568,1.8200602158904076
val,base,25224,8,0.04998098313808441,0.7665963768959045,0.004891246557235718,0.6291007816791534,0.6978485792875289,0.875,0.25,0.25,0.0,0.0,0.125,0.125,0.25,4.9350069761276245,2.48378324508667,0.1865018569858421,0.0,0.1875,3.8806022629141808,1.8793784603476524
val,base,25247,8,0.2151181921362877,0.6920981407165527,0.12125319242477417,0.5083227396011352,0.6002104401588438,0.75,0.375,0.125,0.0,0.0,0.0,0.0,0.0,12.810598075389862,6.561539649963379,0.12352737352019472,0.10000000149011612,0.0,4.78758579492569,2.1392738819122314
val,base,25429,8,-0.1765583548694849,0.961166262626648,-0.10262007266283035,0.28978023529052716,0.6254732489585871,0.5,0.125,0.125,0.125,0.0,0.25,0.0,0.0,6.691020041704178,3.3492257595062256,0.13750068340868893,0.1041666641831398,0.3383301440626383,4.711435675621033,2.1402522921562195
val,base,25470,8,-0.6172366058453918,0.0,-0.947978138923645,0.0,0.0,0.0,0.0,0.0,0.0,0.0,0.5,0.25,0.0,31.631165742874146,20.469308853149414,5.923256408893853e-05,0.0,0.7422958379611373,4.893663167953491,2.1749110519886017
val,base,25638,8,-0.49291449785232544,0.056684017181396484,-0.5,0.017005205154418935,0.03684461116790769,0.125,0.0,0.0,0.0,0.5,0.125,0.125,0.0,7.2229123413562775,3.6915175914764404,0.007085504941642284,0.0,0.28597301307308953,4.795433461666107,2.156963050365448
val,base,25642,8,-0.25197599921375513,0.03572407364845276,2.4437904357910156e-06,0.010954377055168146,0.023339225351810437,0.625,0.0,0.0,0.0,0.0,0.25,0.0,0.0,8.630139648914337,5.572996139526367,0.01362424777946103,0.016666673123836517,0.28081117663532495,4.51595801115036,2.0377111732959747
val,base,25643,8,-0.3703407347202301,0.9059324860572815,-0.4821813404560089,0.3133756995201109,0.6096540927886958,0.5,0.125,0.125,0.0,0.5,0.125,0.0,0.0,7.99919056892395,4.3134613037109375,0.1009278516867198,0.10000000149011612,0.125,4.717657566070557,2.1266399919986725
val,base,26137,8,-0.04796506464481354,0.019792139530181885,0.004905045032501221,0.012709033489227292,0.016250586509704585,0.875,0.0,0.0,0.0,0.0,0.0,0.0,0.0,8.927784025669098,6.818850517272949,0.006255897472215111,0.0,0.05422096699476242,5.282299995422363,2.3585884273052216
val,base,26362,8,0.014266528189182281,0.08827215433120728,1.0192394256591797e-05,0.043074440956115706,0.06567329764366146,0.875,0.0,0.0,0.0,0.0,0.0,0.0,0.0,21.0121990442276,10.669833183288574,0.014266537154441934,0.0,0.0,5.064814984798431,2.239639103412628
val,base,26537,8,0.05436439346522093,0.36698246002197266,0.0012317001819610596,0.21536679863929745,0.291174629330635,0.875,0.125,0.0,0.0,0.0,0.0,0.0,0.0,13.071587562561035,8.310530662536621,0.042196306440018816,0.02916666865348816,0.011914101429283619,4.912900030612946,2.1946842670440674
val,base,26863,8,-0.24858903884887695,0.8600162863731384,0.028971940279006958,0.29418295025825486,0.5770996183156962,0.625,0.125,0.125,0.0,0.375,0.125,0.0,0.0,6.1371631026268005,1.4590249061584473,0.11056725378148258,0.08750000596046448,0.125,4.71343195438385,2.127495378255844
val,base,27158,8,-0.2488083317875862,0.009519755840301514,3.5762786865234375e-07,0.0028643965721130353,0.00619207620620727,0.625,0.0,0.0,0.0,0.125,0.125,0.125,0.0,16.03542023897171,6.363688945770264,0.09758827723916841,0.0,0.1875,4.869204223155975,2.1728184521198273
val,base,27159,8,0.10064122080802917,0.4734618663787842,0.031033337116241455,0.24816440343856805,0.36081313490867595,1.0,0.125,0.0,0.0,0.0,0.0,0.0,0.25,11.846754789352417,6.044483184814453,0.10064121684433758,0.0,0.0,3.7689637914299965,1.8111496791243553
val,base,27206,8,0.21260010451078415,0.5452749729156494,0.13205227255821228,0.5055124223232269,0.5253936976194381,1.0,0.375,0.125,0.0,0.0,0.0,0.0,0.125,7.193347752094269,4.50805139541626,0.2126000998832751,0.0,0.0,4.440807953476906,2.0379284247756004
val,base,27408,8,-0.7839861735701561,0.01689368486404419,-1.0,-0.19708004593849188,-0.09009318053722398,0.125,0.0,0.25,0.0,0.75,0.125,0.0,0.125,4.710020363330841,2.4660332202911377,0.11641947040334344,0.125,0.12632895167917013,4.371442660689354,2.0227513164281845
val,base,27487,8,0.1388553106226027,0.6204421520233154,0.027673035860061646,0.4555627942085266,0.5380024731159209,0.875,0.25,0.125,0.0,0.0,0.0,0.0,0.5,5.7511767745018005,3.6129705905914307,0.08345778931493442,0.07083334028720856,0.006645602639764547,3.239190123975277,1.6349716782569885
val,base,27562,8,-0.13346978276968002,0.19152677059173584,0.01834028959274292,0.14596656560897825,0.16874666810035702,0.75,0.0,0.0,0.0,0.125,0.0,0.125,0.0,6.697326749563217,3.932731866836548,0.05403792496508686,0.0,0.0625,4.935195982456207,2.208903416991234
val,base,27893,8,0.021360255777835846,0.16996288299560547,0.00013265013694763184,0.05126094222068783,0.11061191260814657,0.75,0.0,0.0,0.0,0.0,0.0,0.0,0.0,18.41243553161621,14.577081680297852,0.0006093305387097495,0.0208333358168602,0.0,5.193110346794128,2.2568488717079163
val,base,27926,8,0.043311089277267456,0.7128612399101257,0.29524946212768555,0.5715434193611144,0.64220232963562,0.75,0.5,0.25,0.0,0.25,0.0,0.0,0.0,9.207907140254974,4.181252479553223,0.2987759877280496,0.0,0.0,4.6340983510017395,2.118108808994293
val,base,28453,8,-0.489507295191288,0.01877593994140625,-0.47454550862312317,0.0057310402393341035,0.012253490090370169,0.375,0.0,0.0,0.0,0.0,0.5,0.0,0.25,19.174888730049133,11.85092830657959,0.01049271355757253,0.0,0.5,3.8075027465820312,1.8249646499752998
val,base,28578,8,0.010683481115847826,0.12923312187194824,9.953975677490234e-06,0.04045422077178953,0.08484367132186882,0.875,0.0,0.0,0.0,0.0,0.0,0.0,0.0,17.103611946105957,9.719356536865234,0.016467049463174344,0.0,0.005783568602055311,4.833105802536011,2.177060216665268
val,base,28987,8,0.29436567425727844,0.7598330974578857,0.1804269254207611,0.6631392955780029,0.7114861965179443,1.0,0.5,0.375,0.0,0.0,0.0,0.0,0.0,8.433981150388718,3.6656320095062256,0.29436567470111186,0.0,0.0,4.866166651248932,2.1570590436458588
val,base,29012,8,-0.6093178912997246,0.11953866481781006,-1.0,0.03987959027290342,0.0797091275453567,0.375,0.0,0.125,0.0,0.625,0.0,0.0,0.0,9.109668731689453,4.438473224639893,0.04272114272316685,0.1041666641831398,0.0,4.607310593128204,2.1042721569538116
val,base,29162,8,0.043150946497917175,0.17270773649215698,0.004788517951965332,0.1544562339782715,0.16358198523521422,1.0,0.0,0.0,0.0,0.0,0.0,0.0,0.25,13.06891143321991,8.944883346557617,0.043150956935720686,0.0,0.0,3.8610332012176514,1.8539639711380005
val,base,29186,8,-0.37596894055604935,0.6480943560600281,-0.4976544678211212,0.35952725410461417,0.5038108050823209,0.5,0.125,0.5,0.0,0.5,0.0,0.0,0.25,4.371031880378723,0.6975171566009521,0.130322459328454,0.375,0.005208922550082207,4.048028014600277,1.9076541066169739
val,base,29252,8,-0.3538002488203347,0.14447015523910522,-0.010796742513775826,0.044468325376510597,0.09446924030780784,0.5,0.0,0.0,0.0,0.25,0.125,0.0,0.25,17.381874680519104,9.552061080932617,0.023980356850813678,0.0,0.12770040752366185,3.8355669751763344,1.8292462825775146
val,base,29358,8,0.05033770948648453,0.38413316011428833,0.1796586811542511,0.332795912027359,0.3584645360708236,0.875,0.25,0.0,0.0,0.0,0.125,0.0,0.0,7.1727986335754395,3.7168641090393066,0.17533771357903483,0.0,0.125,4.861864924430847,2.177100270986557
val,base,29368,8,-0.6813710331916809,0.4666239023208618,-1.0,0.19767265319824212,0.3321482777595518,0.25,0.125,0.125,0.0,0.75,0.0,0.0,0.125,6.632783800363541,3.702636957168579,0.09666467946954072,0.125,0.0,4.339436963200569,2.0147181376814842
val,base,29528,8,-0.31435575522482395,0.0,-0.04094637185335159,0.0,0.0,0.0,0.0,0.0,0.0,0.0,0.25,0.25,0.0,27.342329740524292,21.74747085571289,5.54007862180602e-05,0.00833333283662796,0.3852413762360811,4.872173309326172,2.15209236741066
val,base,30012,8,0.07398790121078491,0.3907352685928345,0.005843043327331543,0.22723327875137325,0.30898427367210374,1.0,0.125,0.0,0.0,0.0,0.0,0.0,0.0,14.078060686588287,6.8234477043151855,0.07398790274237399,0.0,0.0,4.768099308013916,2.1358323097229004
val,base,30598,8,0.17012537270784378,1.0,0.0029741227626800537,0.8808470308780669,0.9404235154390335,0.75,0.25,0.375,0.125,0.0,0.125,0.0,0.25,16.240464448928833,7.257423400878906,0.09680113680642877,0.3125,0.21067062206566334,4.715715274214745,2.058703012764454
val,base,30613,8,-0.5,0.0,-0.5,0.0,0.0,0.0,0.0,0.0,0.0,0.5,0.125,0.0,0.125,9.116788417100906,3.2710745334625244,0.0,0.0,0.125,4.310247950255871,1.9794671535491943
val,base,30816,8,-0.06464361399412155,0.0028268098831176758,6.332993507385254e-05,0.0020099937915802,0.0024184018373489373,0.75,0.0,0.0,0.0,0.0,0.0,0.0,0.0,16.730193734169006,8.678665161132812,0.0006372867758895992,0.0,0.06528089940547943,4.981559753417969,2.2258535772562027
val,base,30908,8,0.0017096102237701416,0.007220923900604248,3.7610530853271484e-05,0.006468361616134643,0.006844642758369445,1.0,0.0,0.0,0.0,0.0,0.0,0.0,0.0,23.881834864616394,15.84705638885498,0.0017096069425406313,0.0,0.0,5.031136095523834,2.227262318134308
val,base,30942,8,-0.6227175523526967,0.027267396450042725,-0.9999786913394928,0.008180218935012813,0.01772380769252776,0.125,0.0,0.0,0.0,0.0,0.625,0.0,0.0,28.06404733657837,13.148836135864258,0.003416796407948568,0.0,0.6261343513615429,4.565463602542877,2.072503849864006
val,base,31229,8,0.02553023397922516,0.09925341606140137,0.0004388391971588135,0.09666553139686584,0.0979594737291336,1.0,0.0,0.0,0.0,0.0,0.0,0.0,0.0,13.190106868743896,8.304630279541016,0.025530226774321818,0.0,0.0,4.865167617797852,2.173457592725754
val,base,31234,8,0.00023952126502990723,0.000681459903717041,0.00016924738883972168,0.0005395174026489257,0.0006104886531829832,0.625,0.0,0.0,0.0,0.0,0.0,0.0,0.125,16.69748067855835,10.659208297729492,0.0002395221832765564,0.0,0.0,4.176624573767185,1.9548757001757622
val,base,31261,8,-0.4077354595065117,0.8544952273368835,-1.0,0.8497109472751617,0.8521030873060227,0.375,0.25,0.25,0.0,0.625,0.25,0.0,0.0,4.5179143846035,2.918699026107788,0.13871683613251662,0.1666666641831398,0.25,4.6867480874061584,2.114908128976822
val,base,31407,8,0.0913686752319336,0.5372018814086914,0.015918493270874023,0.21788065433502188,0.37754126787185643,0.875,0.125,0.125,0.0,0.0,0.0,0.0,0.0,12.498216092586517,5.6055378913879395,0.09136867706316454,0.0,0.0,6.7385886907577515,2.3904983699321747
val,base,31577,8,0.25783420354127884,1.0,0.17395520210266113,0.9672426164150238,0.9836213082075119,0.875,0.375,0.375,0.125,0.125,0.0,0.0,0.125,5.117764919996262,2.8411784172058105,0.2688256863038987,0.22499999403953552,0.00036722279037348926,4.396433271467686,2.027799405157566
val,base,31845,8,0.2521640285849571,0.8571272492408752,0.00011205673217773438,0.8101853787899017,0.8336563140153884,1.0,0.375,0.25,0.125,0.0,0.0,0.0,0.25,17.950112998485565,5.464362621307373,0.18672526385881838,0.11666666716337204,0.02262955531477928,3.974567010998726,1.898756593465805
val,base,31879,8,0.40221007168293,1.0,0.35322803258895874,0.95042205452919,0.975211027264595,1.0,0.5,0.375,0.5,0.0,0.0,0.0,0.0,6.525264710187912,3.4287493228912354,0.13222203362693108,0.34166666865348816,0.0625,5.486395716667175,2.3532031923532486
val,base,31933,8,-0.40574297308921814,0.5706755518913269,-0.40877678990364075,0.17180615067481986,0.37124085128307316,0.375,0.125,0.125,0.125,0.375,0.25,0.0,0.0,4.976792633533478,2.356689453125,0.1470569332695959,0.0,0.42779991030693054,5.160731077194214,2.2621700763702393
val,base,32065,8,0.32605335116386414,1.0,0.3797898590564728,1.0,1.0,0.875,0.5,0.5,0.375,0.125,0.0,0.0,0.0,6.114829704165459,1.2419074773788452,0.14138500147964805,0.38333332538604736,0.017039552563801408,4.774012327194214,2.1569648683071136
val,base,32286,8,-0.05327095091342926,0.5639200210571289,0.0,0.17597209811210623,0.36994605958461735,0.375,0.125,0.125,0.0,0.125,0.125,0.0,0.125,15.602638363838196,5.968852996826172,0.060827147812223654,0.0208333358168602,0.125,4.2973723486065865,1.9893111065030098
val,base,32347,8,-0.46828722953796387,0.24242717027664185,-0.49633553624153137,0.07418934106826779,0.1583082556724547,0.25,0.0,0.0,0.0,0.25,0.125,0.0,0.0,13.851394951343536,6.052975177764893,0.007818963885369673,0.02499999850988388,0.2497803494334221,4.882054567337036,2.179527223110199
val,base,32412,8,-0.41105926781892776,0.07517904043197632,-0.1821492612361908,0.022931224107742298,0.049055132269859275,0.5,0.0,0.0,0.0,0.25,0.125,0.0,0.125,14.92028820514679,9.681143760681152,0.013741920973643573,0.0,0.17054268717765808,4.255145817995071,1.945003166794777
val,base,33006,8,-0.04223430156707764,0.5016434788703918,0.0019473433494567871,0.25275564789772026,0.3771995633840559,0.75,0.125,0.125,0.0,0.0,0.125,0.125,0.0,14.386809468269348,8.510441780090332,0.046805963593216184,0.04583333432674408,0.1875,4.785404920578003,2.1436948478221893
val,base,33075,8,-0.13101954758167267,0.6965146660804749,0.0,0.4671153485774993,0.5818150073289869,0.375,0.25,0.375,0.0,0.125,0.25,0.0,0.0,11.853543519973755,4.338006973266602,0.2507798654644824,0.09583333134651184,0.2510677231475711,4.947480022907257,2.2026455253362656
val,base,33288,8,-0.18907668441534042,0.5528222918510437,0.0007561743259429932,0.22295242547988883,0.3878873586654661,0.625,0.125,0.375,0.0,0.25,0.125,0.0,0.0,5.0151093900203705,1.4056870937347412,0.13219556189255854,0.21666666865348816,0.2130163013935089,4.945334851741791,2.181538701057434
val,base,33331,8,-0.7442601844668388,0.010753214359283447,-0.9983738362789154,-0.2633632898330689,-0.12630503773689292,0.125,0.0,0.25,0.0,0.125,0.5,0.5,0.0,7.1345833241939545,3.800480604171753,0.0856814897492768,0.125,0.8913467153906822,5.147671699523926,2.25834584236145
val,base,33506,8,-0.40422119200229645,0.7203745245933533,-0.4985492527484894,0.23723070621490466,0.47880261540412866,0.5,0.125,0.125,0.0,0.375,0.125,0.0,0.0,12.276921331882477,3.86976957321167,0.16970133987615554,0.0,0.125,5.073346734046936,2.2417283058166504
val,base,34167,8,-0.7448851242661476,0.04074370861053467,-1.0,0.01234582066535949,0.02654476463794706,0.25,0.0,0.375,0.0,0.75,0.0,0.0,0.125,6.954778075218201,4.958548545837402,0.1968134331073088,0.21666666865348816,0.0,4.260727323591709,1.970307171344757
val,base,34196,8,-0.23999948799610138,0.07956051826477051,7.450580596923828e-07,0.024130928516387925,0.051845723390579176,0.75,0.0,0.0,0.0,0.25,0.0,0.0,0.125,18.364325404167175,8.125368118286133,0.024611633606488326,0.0,0.0022134019527584314,4.245421014726162,1.9716432988643646
val,base,34378,8,0.11900770664215088,0.3136024475097656,0.09234637022018433,0.21873854398727416,0.2661704957485198,1.0,0.125,0.0,0.0,0.0,0.0,0.0,0.125,4.850303798913956,3.6945488452911377,0.1190077057108283,0.0,0.0,4.730122819542885,2.1244539245963097
val,base,34575,8,-0.28724927455186844,0.11538147926330566,0.003831148147583008,0.07264134883880614,0.09401141405105587,0.5,0.0,0.0,0.0,0.25,0.0,0.125,0.125,14.59601104259491,8.778264045715332,0.027103729947360003,0.0,0.0625,4.3380321860313416,2.0144541040062904
val,base,34699,8,-0.16988147795200348,0.8196005821228027,0.031815677881240845,0.6967425882816314,0.7581715852022171,0.625,0.25,0.5,0.0,0.375,0.0,0.0,0.0,10.557495951652527,3.4768357276916504,0.19239056910737418,0.3750000149011612,0.0,4.9632837772369385,2.222440868616104
val,base,34902,8,0.11935241520404816,0.5097536444664001,0.03356155753135681,0.2787758111953735,0.3942647278308867,1.0,0.125,0.125,0.0,0.0,0.0,0.0,0.0,7.2047184109687805,5.4985833168029785,0.10347231262130663,0.016666673123836517,0.0,4.9473501443862915,2.1881652772426605
val,base,35009,8,0.415528679266572,1.0,0.3721747398376465,0.9896383643150329,0.9948191821575165,0.875,0.5,0.5,0.125,0.0,0.0,0.0,0.5,5.486721366643906,3.5782968997955322,0.3130539427511394,0.29999998956918716,0.03416319936513901,2.9052350148558617,1.5281484946608543
val,base,35408,8,-0.3685363680124283,0.9095718860626221,-0.4909155070781708,0.32643938064575184,0.6180056333541866,0.5,0.125,0.375,0.0,0.5,0.0,0.0,0.0,5.692637592554092,3.4276270866394043,0.14871391269844025,0.3541666567325592,0.0,5.146587431430817,2.2648082077503204
val,base,35428,8,0.002530813217163086,0.012639164924621582,0.0008704662322998047,0.0069476127624511705,0.009793388843536373,1.0,0.0,0.0,0.0,0.0,0.0,0.0,0.0,16.33469533920288,9.733319282531738,0.002530808480081248,0.0,0.0,4.894488096237183,2.162862092256546
val,base,35585,8,0.08059020526707172,0.9096943736076355,4.0411949157714844e-05,0.6378182411193847,0.7737563073635099,0.75,0.25,0.25,0.0,0.0,0.0,0.0,0.0,12.513753235340118,5.0802903175354,0.11550984053123159,0.14999999850988388,0.11776753328740597,4.791472554206848,2.1615221202373505
val,base,35667,8,-0.02368604764342308,0.3937363922595978,0.011734336614608765,0.30667467415332794,0.3502055332064628,0.875,0.125,0.0,0.0,0.0,0.0,0.0,0.125,11.394669711589813,5.939516067504883,0.09353766270214692,0.0,0.1172237076680176,4.373527869582176,2.017859064042568
val,base,35672,8,-0.24782270193099976,0.017173707485198975,7.62939453125e-06,0.005292344093322751,0.011233025789260855,0.625,0.0,0.0,0.0,0.125,0.125,0.125,0.375,15.749663352966309,6.048382759094238,0.0632697596983176,0.0,0.1875,3.459721863269806,1.703043669462204
val,base,35863,8,0.08501536399126053,0.1666628122329712,0.08155974745750427,0.16626765131950377,0.16646523177623748,1.0,0.0,0.0,0.0,0.0,0.0,0.0,0.0,4.285467654466629,3.2448484897613525,0.08501535607501864,0.0,0.0,4.993952929973602,2.240926146507263
val,base,35877,8,-0.9486763253808022,-0.7980304956436157,-0.9943922460079193,-0.8149815678596497,-0.8065060317516327,0.0,0.0,0.0,0.0,0.125,0.875,0.0,0.125,17.255566239356995,9.06328296661377,0.02654537290936787,0.02499999850988388,0.8765177433378994,4.178737103939056,1.928313948214054
val,base,35950,8,-0.6891509965062141,0.46666663885116577,-1.0,0.15408776402473442,0.3103772014379499,0.25,0.125,0.125,0.125,0.75,0.0,0.0,0.125,7.900873243808746,5.076373100280762,0.013301935279741883,0.17916665971279144,0.0625,4.169200964272022,1.9470889270305634
val,base,35959,8,0.020781243103556335,0.1149325966835022,0.0009475648403167725,0.06852232217788695,0.09172745943069455,0.875,0.0,0.0,0.0,0.0,0.0,0.0,0.0,15.873072385787964,10.061076164245605,0.021365302554613663,0.0,0.0005840641679242253,4.963623523712158,2.2270717918872833
val,base,36127,8,-0.12142012506956235,0.017597734928131104,0.00019162893295288086,0.015688604116439818,0.01664316952228546,0.75,0.0,0.0,0.0,0.125,0.0,0.0,0.0,15.090323209762573,9.7161226272583,0.004759866269843371,0.0,0.0005869963788427413,4.826788663864136,2.145885646343231
val,base,36210,8,-0.19743658602237701,0.025177717208862305,1.5795230865478516e-06,0.007559031248092647,0.016368374228477464,0.625,0.0,0.0,0.0,0.0,0.125,0.0,0.25,24.26582407951355,13.30363655090332,0.0032070690427283832,0.0,0.2006436586380005,3.935248911380768,1.867977574467659
val,base,36687,8,-0.04100166633725166,0.9233785271644592,0.021863102912902832,0.659806740283966,0.7915926337242125,0.625,0.25,0.375,0.0,0.0,0.25,0.0,0.5,14.654357552528381,4.183231353759766,0.1834687855886159,0.30416665971279144,0.3973798843799159,2.9455830454826355,1.5479003861546516
val,base,36739,8,-0.5914994776248932,5.7220458984375e-06,-0.866000771522522,1.716613769531249e-06,3.719329833984372e-06,0.125,0.0,0.0,0.0,0.0,0.5,0.0,0.0,25.749581336975098,16.53938102722168,7.33465336075382e-07,0.0,0.5915002077817917,4.9286381006240845,2.1993481516838074
val,base,36792,8,0.006956830620765686,1.0,5.695223808288574e-05,0.3066852331161497,0.6533426165580745,0.625,0.125,0.25,0.125,0.0,0.25,0.0,0.0,11.85805207490921,3.5796971321105957,0.2282474975912796,0.12083332985639572,0.25,4.807263612747192,2.1508598923683167
val,base,37189,8,-0.020806903783523012,0.01071929931640625,5.960464477539063e-08,0.0032181262969970684,0.006968712806701654,0.75,0.0,0.0,0.0,0.0,0.0,0.0,0.0,27.891441345214844,15.042228698730469,0.0013408109305488303,0.0,0.02214771771832602,4.644640803337097,2.0947752594947815
val,base,37192,8,-0.18342080828733742,0.5735681653022766,-0.007620607502758503,0.17551666498184193,0.374542415142059,0.5,0.125,0.25,0.0,0.25,0.25,0.0,0.375,13.044050335884094,3.596851348876953,0.16845681024777515,0.10833333432674408,0.25192371872253716,3.4636695981025696,1.7159057408571243
val,base,37234,8,-0.12367646396160126,1.0,0.0012947320938110352,0.9966361463069916,0.9983180731534957,0.625,0.25,0.625,0.125,0.375,0.0,0.0,0.375,11.80347129702568,2.4377543926239014,0.2225017839082284,0.5125000029802322,0.0,3.343845449388027,1.6644642278552055
val,base,37297,8,-0.6213559955358505,0.0,-0.9854239821434021,0.0,0.0,0.0,0.0,0.0,0.0,0.0,0.625,0.25,0.0,23.492443680763245,13.070969581604004,0.0039454424070423065,0.0,0.75,4.918193459510803,2.1856469064950943
val,base,37340,8,-0.15676704049110413,0.9655451774597168,0.00755763053894043,0.7529722213745117,0.8592586994171141,0.625,0.25,0.375,0.0,0.375,0.0,0.0,0.125,10.167792320251465,4.608412265777588,0.21578705900901696,0.2708333283662796,0.01856062561273575,4.2107695415616035,1.966325044631958
val,base,37608,8,-0.122221440076828,0.0068604350090026855,0.001872241497039795,0.006362718343734741,0.006611576676368713,0.875,0.0,0.0,0.0,0.125,0.0,0.0,0.0,15.716024041175842,13.80367374420166,0.0027925153844989836,0.0,0.0,5.185491144657135,2.2427735030651093
val,base,37725,8,0.12082386016845703,0.24983102083206177,0.10342106223106384,0.2357628583908081,0.24279693961143492,1.0,0.0,0.0,0.0,0.0,0.0,0.0,0.0,6.423281013965607,4.381439208984375,0.12082386312584958,0.0,0.0,4.971593618392944,2.210183262825012
val,base,37745,8,0.10324940457940102,0.6354930996894836,0.11295166611671448,0.6124169290065765,0.62395501434803,0.75,0.375,0.375,0.125,0.0,0.25,0.0,0.25,6.868790626525879,4.61606502532959,0.2759117986424826,0.04583333432674408,0.25193523394409567,4.039046503603458,1.9023795872926712
val,base,37990,8,0.055180370807647705,0.8824020624160767,-0.07730349898338318,0.8094100296497345,0.8459060460329055,0.5,0.375,0.75,0.0,0.0,0.5,0.0,0.5,10.121193706989288,3.2628190517425537,0.44134462233864724,0.36250000447034836,0.5556916641071439,2.8407918736338615,1.488294780254364
val,base,38232,8,-0.4992605894804001,0.0051841139793396,-0.5,0.0019214391708374016,0.003552776575088498,0.375,0.0,0.125,0.0,0.5,0.0,0.0,0.0,12.879142761230469,7.909734725952148,0.05132813320690369,0.1458333358168602,0.0,4.6760252714157104,2.1287881433963776
val,base,38474,8,-0.17131018824875355,0.7014560103416443,5.960464477539063e-08,0.2107389211654662,0.4560974657535549,0.5,0.125,0.125,0.0,0.125,0.125,0.0,0.0,16.864574253559113,7.748275279998779,0.02600279364683289,0.07916666567325592,0.139426754321903,4.724872946739197,2.140539199113846
val,base,38510,8,-0.12766871973872185,0.9821470379829407,0.00014087557792663574,0.42343110442161547,0.7027890712022777,0.5,0.125,0.125,0.0,0.0,0.25,0.0,0.125,13.350616455078125,2.9473142623901367,0.14075374431097012,0.11249999701976776,0.28850701078772545,4.301148511469364,2.014106974005699
val,base,38653,8,0.06751536577939987,0.786331295967102,3.933906555175781e-06,0.7633398652076722,0.7748355805873871,0.875,0.25,0.25,0.125,0.0,0.125,0.125,0.375,21.47608718276024,3.7654120922088623,0.16796623654771814,0.12083332985639572,0.1875,3.4169646352529526,1.666869543492794
val,base,38684,8,-0.6049081832170486,0.9384507536888123,-1.0,0.4371338725090026,0.6877923130989071,0.25,0.125,0.125,0.0,0.75,0.0,0.0,0.125,6.019672870635986,2.5556013584136963,0.12349071190692484,0.1250000074505806,0.0,4.322680041193962,1.9735209494829178
val,base,38966,8,0.0022379066795110703,0.2469702959060669,3.9637088775634766e-06,0.07411207556724544,0.16054118573665604,0.875,0.0,0.0,0.0,0.0,0.0,0.0,0.125,24.01267921924591,8.229660987854004,0.030877013107865503,0.0,0.028639094904065132,4.293889217078686,1.981192834675312
val,base,39078,8,-0.7435882240533829,0.027247846126556396,-1.0,0.025006806850433348,0.026127326488494872,0.25,0.0,0.375,0.0,0.75,0.125,0.0,0.25,4.447387233376503,0.7392517328262329,0.12805422488600016,0.23333333432674408,0.125,3.8625460118055344,1.8523291423916817
val,base,39091,8,-0.9924516752362251,-0.944013237953186,-0.9999711513519287,-0.9804731011390686,-0.9622431695461273,0.0,0.0,0.0,0.0,0.0,1.0,0.125,0.0,23.12078583240509,11.650046348571777,0.007548321611300479,0.0,1.0625,4.8334097266197205,2.1791902780532837
val,base,39111,8,-0.1232311949133873,0.008433341979980469,0.0003763735294342041,0.004080772399902343,0.006257057189941403,0.75,0.0,0.0,0.0,0.0,0.125,0.0,0.0,14.264054000377655,5.125688076019287,0.0017688036270305189,0.0,0.125,4.7254831194877625,2.1534453630447388
val,base,39446,8,-0.4301017299294472,0.48424214124679565,-0.4999951720237732,0.19767700433731072,0.340959572792053,0.5,0.125,0.0,0.0,0.5,0.0,0.0,0.0,14.918796122074127,5.819498538970947,0.07046618031265695,0.0,0.0,4.801362037658691,2.1307834684848785
val,base,39463,8,-0.15281930193305016,0.10572564601898193,0.00033152103424072266,0.06470614075660705,0.08521589338779446,0.75,0.0,0.0,0.0,0.125,0.0,0.0,0.125,7.897084020078182,0.6957632899284363,0.01942104985434412,0.0,0.047240350395441055,4.290427431464195,1.9798812568187714
val,base,39530,8,-0.04372378921834752,0.9749722480773926,-0.0016239180695265532,0.8599896848201751,0.9174809664487837,0.5,0.25,0.25,0.125,0.125,0.125,0.0,0.25,16.951061874628067,3.4050042629241943,0.14930047936662305,0.2708333283662796,0.2890026096138172,3.742197133600712,1.8074869215488434
val,base,39582,8,-0.5325475856661797,0.7354893088340759,-0.9999949336051941,0.2235306620597838,0.4795099854469295,0.375,0.125,0.25,0.0,0.375,0.5,0.0,0.0,14.464036136865616,3.954681634902954,0.18047570799451762,0.1041666641831398,0.5,5.138123273849487,2.2793478667736053
val,base,39682,8,-0.2609800174832344,0.8469026684761047,-0.15752989053726196,0.3044941842555998,0.575698426365852,0.375,0.125,0.25,0.0,0.125,0.125,0.0,0.0,15.398644804954529,4.363759994506836,0.10270889075778693,0.1458333283662796,0.33656202256679535,4.820754885673523,2.1623592525720596
val,base,39736,8,-0.3554678642540239,0.0,-0.00041225901804864407,0.0,0.0,0.0,0.0,0.0,0.0,0.0,0.25,0.0,0.0,30.53202259540558,9.646830558776855,0.017378065968866523,0.0,0.3728459262638353,4.778219163417816,2.1209892332553864
val,base,39985,8,-0.16602792218327522,0.04589962959289551,0.00031557679176330566,0.0358923077583313,0.040895968675613396,0.625,0.0,0.0,0.0,0.125,0.0,0.0,0.0,13.797231793403625,6.875095367431641,0.011833069651761447,0.0,0.052860986441373825,6.011877536773682,2.360560357570648
